count,mean,ci_lower,ci_upper,ci_width,year,half_year,has_ai_policy,country_list
14,0.0,0.0,0.6664639134059314,0.6664639134059314,2021,H1,False,GA
4250,0.0338702399878355,0.0262439926708582,0.0436133431193571,0.0173693504484989,2021,H1,False,CH
6830,0.0367406988575961,0.030010571760998,0.0449102348224293,0.0148996630614312,2021,H1,False,AU
357,0.0723005602306807,0.0391119971542935,0.1298457555098809,0.0907337583555873,2021,H1,False,AE
19,0.0,0.0,0.7022507289576876,0.7022507289576876,2021,H1,False,AF
1856,0.023334073942568,0.0142070900640969,0.0380978543409104,0.0238907642768134,2021,H1,False,AT
1305,0.0380186499945182,0.0244520205947772,0.0586597982919015,0.0342077776971243,2021,H1,False,CZ
21,0.0414867860517061,0.0024665251569788,0.4310566386581393,0.4285901135011604,2021,H1,False,BH
37,0.0410332010410571,0.0057592120069058,0.2401657314917586,0.2344065194848528,2021,H1,False,CD
8400,0.0432106519099209,0.0369273133636595,0.0505070576450384,0.0135797442813789,2021,H1,False,CA
66,0.0,0.0,0.0663704592022344,0.0663704592022344,2021,H1,False,CR
18,0.0,0.0,0.323332760487429,0.323332760487429,2021,H1,False,CI
31,0.0,0.0,0.4095905065572584,0.4095905065572584,2021,H1,False,AZ
197,0.0808205352545162,0.0409716556959943,0.1532337071341682,0.1122620514381739,2021,H1,False,EE
211,0.0424054648174933,0.0145697894279442,0.1171017990443211,0.1025320096163768,2021,H1,False,BG
41,0.0566126281136256,0.005296550666979,0.4034522937784989,0.3981557431115199,2021,H1,False,AM
1035,0.0135549748997432,0.0059796055651851,0.0304335081222203,0.0244539025570351,2021,H1,False,CL
21,0.0,0.0,0.6540623521979789,0.6540623521979789,2021,H1,False,BI
28,0.0,0.0,0.484424461226678,0.484424461226678,2021,H1,False,BO
13,0.0,0.0,0.758856197762076,0.758856197762076,2021,H1,False,BB
16,0.0,0.0,0.572797167808139,0.572797167808139,2021,H1,False,BW
123,0.0,0.0,0.0619431862689328,0.0619431862689328,2021,H1,False,DZ
249,0.0360681388934559,0.0122188288429413,0.1016761069152951,0.0894572780723537,2021,H1,False,BD
144,0.0321061694004733,0.0063470734515642,0.1469464298153739,0.1405993563638096,2021,H1,False,ET
3024,0.0319781608733717,0.0238383725826271,0.0427755466478692,0.018937174065242,2021,H1,False,BR
51,0.0058694030428535,1.0755097628695993e-08,0.9996915538172432,0.9996915430621456,2021,H1,False,CU
18,0.055069797091683,0.00100903826189,0.7707814184727279,0.7697723802108378,2021,H1,False,BN
179,0.0860526052178848,0.0359594058531081,0.1920280764099465,0.1560686705568383,2021,H1,False,CY
16,0.1102510073186989,0.00127718106289,0.9231163785008968,0.9218391974380066,2021,H1,False,FJ
2652,0.0483266482641227,0.0373575637620178,0.0623080523921559,0.0249504886301381,2021,H1,False,BE
33,0.0408979138372694,0.0057303431364682,0.2398314340096439,0.2341010908731756,2021,H1,False,AL
32,0.0,0.0,0.2588912963810697,0.2588912963810697,2021,H1,False,BJ
14,0.0,0.0,0.5367217898843316,0.5367217898843316,2021,H1,False,CG
40,0.0481927453959747,0.0034135510309398,0.4280711141809414,0.4246575631500016,2021,H1,False,BA
77,0.0548517772051684,0.0090890414397442,0.2685760522831579,0.2594870108434136,2021,H1,False,BY
731,0.020549676722377,0.0096701484685475,0.0431362122854428,0.0334660638168953,2021,H1,False,AR
117,0.0,0.0,0.0792192962113979,0.0792192962113979,2021,H1,False,EC
444,0.0158792195754547,0.0052965960834046,0.0466150899238926,0.041318493840488,2021,H1,False,CO
70,0.0601292967996011,0.0053683156908797,0.4312796893473606,0.4259113736564809,2021,H1,False,CM
31,0.0,0.0,0.4772743820343259,0.4772743820343259,2021,H1,False,BF
10,0.0,0.0,0.8315522530682187,0.8315522530682187,2021,H1,False,GF
60,0.0,0.0,0.1821800404336621,0.1821800404336621,2021,H1,False,GE
24,0.0,0.0,0.6058690097025722,0.6058690097025722,2021,H1,False,GM
20,0.0064395296888722,2.8360902270860652e-19,0.9999999999999932,0.9999999999999932,2021,H1,False,GL
26,0.0,0.0,0.4583384446752963,0.4583384446752963,2021,H1,False,GT
10,0.0,0.0,0.8012810995387797,0.8012810995387797,2021,H1,False,HN
128,0.0847746185145884,0.030232994288905,0.2158145024283243,0.1855815081394193,2021,H1,False,GH
81,0.0,0.0,0.1347757224844937,0.1347757224844937,2021,H1,False,IQ
834,0.057676449417904,0.0362063605908551,0.0906802580988513,0.0544738975079961,2021,H1,False,EG
20,0.0,0.0,0.547953273492889,0.547953273492889,2021,H1,False,JM
27,0.0,0.0,0.4480552406484436,0.4480552406484436,2021,H1,False,KH
139,0.0141435265827079,0.0020112823111593,0.0926635612834086,0.0906522789722492,2021,H1,False,IS
13,0.2269904265381744,0.0334922036380465,0.7133294031979837,0.679837199559937,2021,H1,False,KN
14,0.1837366156325518,0.0161248012830386,0.7555939143850137,0.739469113101975,2021,H1,False,KP
358,0.0699200486294891,0.0363787035048796,0.1302079453820172,0.0938292418771376,2021,H1,False,ID
18,0.080220894783842,0.0110934059236395,0.4040904785782128,0.3929970726545733,2021,H1,False,KG
160,0.0443473488534566,0.0155603189742784,0.1199045291855751,0.1043442102112967,2021,H1,False,JO
13,0.0787205819632187,0.0041198525056054,0.6383228191182257,0.6342029666126203,2021,H1,False,LA
15,0.0,0.0,0.4239510925748111,0.4239510925748111,2021,H1,False,LY
25,0.0,0.0,0.2460158433136392,0.2460158433136392,2021,H1,False,MC
92,0.0,0.0,0.2025610496485566,0.2025610496485566,2021,H1,False,KW
175,0.0,0.0,0.1185610132740942,0.1185610132740942,2021,H1,False,LB
14,0.0,0.0,0.4999349039002413,0.4999349039002413,2021,H1,False,MG
25,0.0,0.0,0.4886381225004118,0.4886381225004118,2021,H1,False,ME
18,0.0,0.0,0.4406219863755059,0.4406219863755059,2021,H1,False,MM
48,0.0,0.0,0.1390390444823457,0.1390390444823457,2021,H1,False,MT
26,0.1343740698986447,0.0229759886245332,0.5061023862866242,0.4831263976620909,2021,H1,False,MD
325,0.012012172835794,0.0020751937576418,0.0663674466373233,0.0642922528796815,2021,H1,False,HR
21,0.0344156919521332,0.0003844585917123,0.7676070647512786,0.7672226061595663,2021,H1,False,ML
12,0.1111998609022114,0.0031374209447975,0.8325941620005942,0.8294567410557967,2021,H1,False,MQ
45,0.1372095479643189,0.0405108276641422,0.3746092094095516,0.3340983817454093,2021,H1,False,MK
53,0.0,0.0,0.134426187900959,0.134426187900959,2021,H1,False,MW
21,0.1004442741151822,0.0096480158748997,0.561367121530172,0.5517191056552723,2021,H1,False,MU
40,0.0772859304995722,0.0124512575237238,0.3575047628015544,0.3450535052778306,2021,H1,False,MN
10,0.0,0.0,0.6739014422832555,0.6739014422832555,2021,H1,False,NC
34,0.0,0.0,0.4073294681471235,0.4073294681471235,2021,H1,False,MZ
20,0.2916547223147256,0.0957325830244545,0.6155835950995354,0.5198510120750809,2021,H1,False,
104,0.0269817807568119,0.0041356694887788,0.1562340292163806,0.1520983597276017,2021,H1,False,LV
86,0.0314411564753294,0.0047160108115778,0.1819311566378325,0.1772151458262547,2021,H1,False,LK
199,0.0823049931417153,0.0379759267124389,0.1692742377253975,0.1312983110129586,2021,H1,False,KE
148,0.085544391590223,0.0375129234935656,0.1833592661955948,0.1458463427020291,2021,H1,False,LU
99,0.0490856007791524,0.0130880655495681,0.1673067162708661,0.154218650721298,2021,H1,False,KZ
1434,0.0506642551733302,0.036081251290226,0.0707089290284252,0.0346276777381991,2021,H1,False,FI
10,0.0,0.0,0.6551660594569984,0.6551660594569984,2021,H1,False,PF
40,0.0,0.0,0.3963962126997029,0.3963962126997029,2021,H1,False,PA
57,0.0,0.0,0.1297512349759204,0.1297512349759204,2021,H1,False,OM
153,0.0,0.0,0.1020859603755254,0.1020859603755254,2021,H1,False,PE
32,0.0,0.0,0.4161945609291815,0.4161945609291815,2021,H1,False,PS
198,0.0135815994470748,0.0019572368067403,0.0881474769164738,0.0861902401097335,2021,H1,False,MA
15,0.0,0.0,0.720641601232914,0.720641601232914,2021,H1,False,PY
209,0.0383705172505079,0.0115596305509541,0.119826913399524,0.1082672828485698,2021,H1,False,LT
95,0.0435175629547356,0.0054170950459923,0.2753926762762663,0.269975581230274,2021,H1,False,NP
21,0.1092005967125858,0.0248952246044738,0.3705176925493225,0.3456224679448486,2021,H1,False,RE
308,0.0943449800653699,0.0544639071039613,0.1585326085062352,0.1040687014022739,2021,H1,False,NG
27,0.0,0.0,0.4409315078864511,0.4409315078864511,2021,H1,False,RW
263,0.0522597507501005,0.0166491704868839,0.1522447704611238,0.1355955999742399,2021,H1,False,MO
709,0.033116205359936,0.0179579108490724,0.060284185489911,0.0423262746408385,2021,H1,False,HU
23,0.0932571521158382,0.0138176214357865,0.4301842001949725,0.416366578759186,2021,H1,False,SD
87,0.0388126744691688,0.0097280494636495,0.1423534849361707,0.1326254354725212,2021,H1,False,PR
180,0.059201097729998,0.020819142384648,0.1569981461696689,0.1361790037850209,2021,H1,False,PH
10,0.0,0.0,0.8392682270809094,0.8392682270809094,2021,H1,False,SL
12,0.0,0.0,0.6675643206221594,0.6675643206221594,2021,H1,False,SV
34,0.0,0.0,0.1545986548582086,0.1545986548582086,2021,H1,False,SN
30,0.0279378318891797,3.886972419517734e-06,0.9953164301347588,0.9953125431623394,2021,H1,False,TJ
27,0.0531541934525351,0.0074517994966283,0.2956584516811672,0.2882066521845389,2021,H1,False,SY
34,0.0597548870472957,0.0083360446704046,0.3245402970866715,0.3162042524162667,2021,H1,False,SS
265,0.0638321526986462,0.0290425513521022,0.1345219165340755,0.1054793651819732,2021,H1,False,QA
94,0.0,0.0,0.1365283967537204,0.1365283967537204,2021,H1,False,TZ
130,0.0,0.0,0.0842754407653315,0.0842754407653315,2021,H1,False,UG
289,0.0426513944169747,0.0171502156179309,0.1021308322844867,0.0849806166665557,2021,H1,False,SK
262,0.047490712705076,0.0208399780162596,0.1045829123287041,0.0837429343124444,2021,H1,False,RS
1194,0.0384134945055749,0.0249912010863788,0.0586112932582122,0.0336200921718333,2021,H1,False,GR
642,0.0341047281149163,0.0161235182600698,0.0706979413634325,0.0545744231033627,2021,H1,False,MY
804,0.0905961875592378,0.0619704674785046,0.130603791430087,0.0686333239515824,2021,H1,False,PK
521,0.0301164805633927,0.0145065066919507,0.0614759969470602,0.0469694902551095,2021,H1,False,RO
374,0.0309949977418321,0.0126038155022035,0.0742053557659776,0.0616015402637741,2021,H1,False,UA
305,0.0241430513153844,0.00745234401961,0.0753764084871551,0.067924064467545,2021,H1,False,SI
2365,0.0457639051159187,0.0345294176844332,0.0604248767794453,0.0258954590950121,2021,H1,False,DK
1280,0.0331189308963084,0.0196588205481776,0.0552753544651929,0.0356165339170152,2021,H1,False,IR
520,0.0261622243329921,0.012689946460538,0.0531671271015747,0.0404771806410367,2021,H1,False,TN
671,0.055916013986492,0.0325075442519318,0.094533740876909,0.0620261966249772,2021,H1,False,TH
1854,0.0409182883992136,0.0288685505185184,0.0576987626934423,0.0288302121749238,2021,H1,False,IL
15,0.0,0.0,0.6672496468215038,0.6672496468215038,2021,H1,False,XK
99,0.0,0.0,0.0560558737610668,0.0560558737610668,2021,H1,False,UY
33,0.0365662385894487,0.0006094348017486,0.7025796322559774,0.7019701974542287,2021,H1,False,UZ
44,0.0,0.0,0.3652910285123774,0.3652910285123774,2021,H1,False,YE
46,0.0167768508814898,4.340429873099834e-05,0.8702573937669359,0.8702139894682049,2021,H1,False,VE
1271,0.0338703859128659,0.0207145819520358,0.054912908503633,0.0341983265515972,2021,H1,False,IE
1227,0.0398680954422626,0.0244739720774351,0.0643068209771808,0.0398328488997457,2021,H1,False,SA
47,0.0,0.0,0.2051689510213414,0.2051689510213414,2021,H1,False,ZW
41,0.130867870581583,0.0294065564485805,0.4280224944290684,0.3986159379804878,2021,H1,False,ZM
2223,0.0325566630717481,0.0217881151669608,0.0483842049501563,0.0265960897831955,2021,H1,False,HK
1149,0.0280563764412677,0.0165666998743525,0.0471327020382231,0.0305660021638706,2021,H1,False,MX
932,0.0396584917635883,0.0237910352173155,0.0653997841698796,0.041608748952564,2021,H1,False,NZ
1617,0.026637365864558,0.0168729344434128,0.0418121872731227,0.0249392528297099,2021,H1,False,NO
395,0.04218205822822,0.0186986012705426,0.0923817364655958,0.0736831351950532,2021,H1,False,VN
1757,0.0355490944609329,0.0242340694496484,0.0518663512102028,0.0276322817605544,2021,H1,False,PT
1358,0.0278792027924394,0.0170642829487483,0.0452329316990135,0.0281686487502651,2021,H1,False,TR
1726,0.0341165666600735,0.0217829498054568,0.0530547892236659,0.031271839418209,2021,H1,False,SG
2125,0.0499516992527629,0.0365955053223829,0.0678392290874466,0.0312437237650636,2021,H1,False,TW
93,0.0,0.0,0.2179276096443726,0.2179276096443726,2021,H1,True,AM
27,0.0624627487660771,0.0088544103616934,0.331939390154529,0.3230849797928355,2021,H1,True,AF
71,0.0335556461288704,0.0030691167645197,0.2813963977204952,0.2783272809559755,2021,H1,True,AL
1063,0.0421792096937478,0.0252960029825804,0.0695269233479334,0.044230920365353,2021,H1,False,ZA
14,0.0,0.0,0.7228048036776574,0.7228048036776574,2021,H1,True,BB
66,0.0,0.0,0.1675544784656741,0.1675544784656741,2021,H1,True,AZ
2520,0.041822985861539,0.0314067140634073,0.0554959574381977,0.0240892433747903,2021,H1,False,PL
115,0.0803159715910841,0.0272913023143605,0.2137266354160155,0.1864353331016549,2021,H1,True,BA
15,0.0,0.0,0.6516862966394807,0.6516862966394807,2021,H1,True,BI
10,0.0,0.0,0.7386680125107742,0.7386680125107742,2021,H1,True,BM
103,0.0,0.0,0.0504775163543778,0.0504775163543778,2021,H1,True,BJ
50,0.0,0.0,0.1878128419541133,0.1878128419541133,2021,H1,True,BO
64,0.0,0.0,0.176360591470541,0.176360591470541,2021,H1,True,BN
87,0.0045275408311357,2.571697709487159e-15,0.9999999998756764,0.9999999998756738,2021,H1,True,BF
86,0.1358803041751903,0.0579448214496421,0.2867336487758731,0.228788827326231,2021,H1,True,BH
20,0.0,0.0,0.136625819764738,0.136625819764738,2021,H1,True,BT
14,0.07470567953451,0.0012621882014836,0.8376075734993521,0.8363453852978685,2021,H1,True,BS
75,0.0,0.0,0.1187992955095913,0.1187992955095913,2021,H1,True,BW
122,0.0433724723193004,0.0120198029767619,0.1445414682848226,0.1325216653080607,2021,H1,True,BY
332,0.0189348289712088,0.0050390269258714,0.0685115655166539,0.0634725385907825,2021,H1,True,BG
56,0.0458480167398574,0.0068651792050259,0.2503816656848633,0.2435164864798374,2021,H1,True,CG
1127,0.0472326865205047,0.0318283660731686,0.0695567821089367,0.0377284160357681,2021,H1,True,AR
4832,0.0465643548858303,0.03687038676743,0.0586518516960273,0.0217814649285972,2021,H1,False,IN
87,0.0600510309246017,0.0146278703193183,0.2156546716215134,0.2010268013021951,2021,H1,True,CD
77,0.0921385810022577,0.0302280308598341,0.2483737210973894,0.2181456902375552,2021,H1,True,CI
3357,0.0513397851848466,0.041241438201874,0.0637464013704127,0.0225049631685386,2021,H1,False,SE
207,0.0405378060221538,0.0119447999863817,0.1286628852985843,0.1167180853122025,2021,H1,True,CM
1026,0.0540516788292715,0.0352048001548223,0.0821293329213105,0.0469245327664882,2021,H1,True,AE
956,0.050062472881472,0.031104112326268,0.0796265484151631,0.0485224360888951,2021,H1,True,BD
3012,0.0278776827526152,0.0200993052240815,0.0385478543497372,0.0184485491256557,2021,H1,False,RU
5419,0.0534362542711967,0.0440655333297552,0.0646648991751339,0.0205993658453786,2021,H1,False,KR
11,0.0235623478151476,1.1233371492556054e-06,0.9980745798415028,0.9980734565043536,2021,H1,True,CV
126,0.0517878556852908,0.0158679228411136,0.1561200882173331,0.1402521653762194,2021,H1,True,CR
101,0.0531975727399155,0.0129812685887544,0.1935706445852658,0.1805893759965113,2021,H1,True,CU
1687,0.0297068386895485,0.0197786165927648,0.0443930022607718,0.0246143856680069,2021,H1,True,CL
474,0.0301725821391933,0.0124461884076083,0.0713223177990507,0.0588761293914423,2021,H1,True,CY
5525,0.0452200864201854,0.037659626328629,0.0542128616124552,0.0165532352838261,2021,H1,False,NL
32,0.0,0.0,0.3834185041848109,0.3834185041848109,2021,H1,True,DO
337,0.0502522073332488,0.0237980005070437,0.1030102420670853,0.0792122415600415,2021,H1,True,DZ
14,0.3157986559899622,0.0852950173325113,0.695548885978944,0.6102538686464327,2021,H1,True,FO
59,0.0975590552214803,0.0245190088558198,0.3173864560901235,0.2928674472343037,2021,H1,True,FJ
406,0.0530961458782062,0.0265602114968865,0.1033295738035298,0.0767693623066432,2021,H1,True,EE
366,0.0220660098388417,0.0074707206748952,0.0633554761648585,0.0558847554899633,2021,H1,True,EC
38,0.0,0.0,0.4014118265683318,0.4014118265683318,2021,H1,True,GA
22,0.0,0.0,0.4582067745757371,0.4582067745757371,2021,H1,True,GD
22,0.0,0.0,0.4837900157844109,0.4837900157844109,2021,H1,True,GL
17,0.0,0.0,0.6309853346251065,0.6309853346251065,2021,H1,True,GN
30,0.0863555761757449,0.0165273685054786,0.3470879876624485,0.3305606191569699,2021,H1,True,GF
32,0.0755487595494504,0.0129433190256764,0.3374460459687441,0.3245027269430677,2021,H1,True,GP
1055,0.0202824403797028,0.0102088071024161,0.0398956598366069,0.0296868527341908,2021,H1,True,CO
10,0.0,0.0,0.7966889150715973,0.7966889150715973,2021,H1,True,GW
56,0.059639512396248,0.0144870970513423,0.2148413170783842,0.2003542200270419,2021,H1,True,GM
63,0.0313538796246172,0.0020063002583268,0.3426137421188363,0.3406074418605094,2021,H1,True,GT
977,0.0477477667242313,0.0308025888934862,0.0733097512707964,0.0425071623773101,2021,H1,True,ET
35,0.0,0.0,0.1454813104263775,0.1454813104263775,2021,H1,True,HN
19,0.0,0.0,0.4308147358498827,0.4308147358498827,2021,H1,True,HT
119,0.0580796863996143,0.0137339446193879,0.2144759033130087,0.2007419586936207,2021,H1,True,GE
8177,0.0279246544216462,0.0229430755432776,0.0339502881651174,0.0110072126218397,2021,H1,False,FR
535,0.0570902594842747,0.0329614933512396,0.0971082973891133,0.0641468040378736,2021,H1,True,GH
2633,0.0534211762564752,0.0420625643794513,0.0676305265726935,0.0255679621932422,2021,H1,True,CZ
26,0.0,0.0,0.5226680442386884,0.5226680442386884,2021,H1,True,JM
238,0.04936604517244,0.0219998068842071,0.10704792436412,0.0850481174799129,2021,H1,True,IS
17,0.0,0.0,0.3617873846401442,0.3617873846401442,2021,H1,True,KN
24,0.0775965177780958,0.0113563532515372,0.3812222131765735,0.3698658599250363,2021,H1,True,KG
1014,0.0764572614252194,0.0531808598636728,0.1087512121594923,0.0555703522958195,2021,H1,True,ID
414,0.0338485416017517,0.0139605639823405,0.0797763575863453,0.0658157936040047,2021,H1,True,IQ
91,0.0960100144557913,0.0291203302057368,0.273295642644435,0.2441753124386981,2021,H1,True,KH
4904,0.0406527576330942,0.0328122507192379,0.0502693839038463,0.0174571331846083,2021,H1,True,BE
7078,0.0229401444059714,0.0182041662114172,0.0288719970909772,0.01066783087956,2021,H1,False,ES
24,0.0,0.0,0.2517863778998031,0.2517863778998031,2021,H1,True,LA
11,0.1168366179558522,0.0020252493111841,0.8960948497735758,0.8940696004623917,2021,H1,True,LR
46,0.0,0.0,0.0976078959388497,0.0976078959388497,2021,H1,True,LY
32,0.0,0.0,0.4332946449201967,0.4332946449201967,2021,H1,True,MD
33,0.05726242555228,0.0083976666430557,0.30345092976716,0.2950532631241042,2021,H1,True,LI
11,0.1153926171266646,0.0074281678212932,0.6945362148070489,0.6871080469857557,2021,H1,True,MS
20,0.0970057155080631,0.0138534394805042,0.4510024508647363,0.4371490113842321,2021,H1,True,MQ
26,0.0904856065476055,0.0129564971329431,0.4298842766186874,0.4169277794857443,2021,H1,True,MC
60,0.1041668420586232,0.0273453509359299,0.3247476414286697,0.2974022904927398,2021,H1,True,ME
32,0.0602142668170617,0.0086317434469266,0.3204192819389281,0.3117875384920015,2021,H1,True,MU
59,0.0323589998751255,0.0046616103025816,0.1927536237435997,0.1880920134410181,2021,H1,True,MG
56,0.0267438599462958,0.0009145912173149,0.452006608769482,0.451092017552167,2021,H1,True,MN
457,0.0388764295279003,0.0181792461764761,0.081188934492465,0.0630096883159888,2021,H1,True,JO
17,0.0,0.0,0.2954603340135412,0.2954603340135412,2021,H1,True,NE
64,0.035140792853498,0.0053918577948511,0.1965844037947643,0.1911925459999132,2021,H1,True,MK
40,0.0,0.0,0.1135167792276069,0.1135167792276069,2021,H1,True,
99,0.0,0.0,0.0707228995483684,0.0707228995483684,2021,H1,True,MZ
21,0.0,0.0,0.4791579278067161,0.4791579278067161,2021,H1,True,NI
729,0.0705131645934908,0.0469652197703841,0.1045723392448709,0.0576071194744867,2021,H1,True,HR
68,0.0391083945689461,0.0059730664427726,0.2160991736624706,0.210126107219698,2021,H1,True,ML
4163,0.0367464863024835,0.0290433996318488,0.0463950143338547,0.0173516147020059,2021,H1,True,AT
105,0.0947173026319568,0.0411493324826264,0.2032387773122959,0.1620894448296694,2021,H1,True,MT
32,0.0598502585905354,0.0019685007802874,0.6726347166668958,0.6706662158866084,2021,H1,True,NC
88,0.0676621600540384,0.0194490093031375,0.2098188332481047,0.1903698239449672,2021,H1,True,MM
220,0.0796666640429007,0.0378447743795033,0.1600190280360024,0.122174253656499,2021,H1,True,KW
216,0.0788394430331474,0.0409645991696203,0.1463872492709441,0.1054226501013238,2021,H1,True,LV
198,0.0471478772819578,0.0169872545243116,0.1240979919408421,0.1071107374165305,2021,H1,True,KZ
7809,0.0354008850614324,0.0293968599022407,0.0425773820119997,0.013180522109759,2021,H1,False,JP
170,0.0407057348878093,0.013278384648164,0.1180104196203471,0.104732034972183,2021,H1,True,MW
388,0.0418348041857118,0.0168552404860752,0.1000662764934366,0.0832110360073614,2021,H1,True,LB
19,0.1631356196357706,0.0256286389634306,0.5909567095858561,0.5653280706224254,2021,H1,True,PG
26,0.0734142824512866,0.0115228877594292,0.350021222001941,0.3384983342425117,2021,H1,True,PF
2857,0.0540452176743206,0.0419704840758191,0.0693423638905154,0.0273718798146962,2021,H1,True,EG
692,0.0461052758331556,0.0275045312929445,0.0762983932996115,0.0487938620066669,2021,H1,True,KE
582,0.0503803878390199,0.0275946677249507,0.090235005120364,0.0626403373954132,2021,H1,True,MO
248,0.0288373931593827,0.0078384622734356,0.1003990311276181,0.0925605688541825,2021,H1,True,LK
355,0.0370773881325388,0.0165000121989337,0.0811983761078555,0.0646983639089218,2021,H1,True,LU
116,0.0,0.0,0.1475387319495066,0.1475387319495066,2021,H1,True,PS
563,0.02156905177573,0.0080081088217727,0.0567796932258217,0.048771584404049,2021,H1,True,LT
262,0.0639455214887393,0.0315870053800421,0.125168382633844,0.0935813772538018,2021,H1,True,NP
37,0.0642200615194482,0.0130335631301947,0.2628861782212566,0.2498526150910619,2021,H1,True,PY
164,0.0739610207443936,0.0295626850231164,0.1731417928237041,0.1435791078005877,2021,H1,True,PR
51,0.1197795216047981,0.0417559527959583,0.2982220072050306,0.2564660544090722,2021,H1,True,RE
13,0.0,0.0,0.7287963539502442,0.7287963539502442,2021,H1,True,SC
220,0.0505676015648106,0.021132778884701,0.116136561134538,0.0950037822498369,2021,H1,True,OM
132,0.017611547102815,0.0027654446007306,0.1038575183023956,0.1010920737016649,2021,H1,True,PA
112,0.0374004398389768,0.009774051979169,0.1326523546799386,0.1228783027007695,2021,H1,True,SD
10,0.0,0.0,0.5839537376958184,0.5839537376958184,2021,H1,True,SV
23,0.0,0.0,0.4339265328894703,0.4339265328894703,2021,H1,True,SS
17,0.0,0.0,0.2434035741969836,0.2434035741969836,2021,H1,True,SZ
15,0.0,0.0,0.567268142256732,0.567268142256732,2021,H1,True,TD
107,0.0333609090983769,0.0064102866490462,0.1558468192818433,0.149436532632797,2021,H1,True,RW
58,0.0,0.0,0.1802351464096131,0.1802351464096131,2021,H1,True,SY
95,0.0,0.0,0.0824790162521905,0.0824790162521905,2021,H1,True,SN
26,0.1775997395808257,0.0390494152308471,0.5343720492401992,0.495322634009352,2021,H1,True,TG
37,0.0636398834269585,0.009219154568258,0.3317436080886172,0.3225244535203592,2021,H1,True,SL
23,0.0667527791704422,0.009485549918057,0.3482152513282132,0.338729701410156,2021,H1,True,TJ
952,0.0523202262611266,0.0324972214509932,0.0831953059036091,0.0506980844526158,2021,H1,True,NG
42,0.0848544032827673,0.0132572737248209,0.3902099956834009,0.3769527219585799,2021,H1,True,TT
1715,0.0456240725859664,0.0331281551429215,0.06252861767559,0.0294004625326685,2021,H1,True,HU
501,0.0329989617802974,0.0128897897914582,0.0818779392812964,0.0689881494898381,2021,H1,True,PH
623,0.0474288153455897,0.0259964537787366,0.0849889461457911,0.0589924923670545,2021,H1,True,QA
480,0.0185119670624272,0.0064767939148885,0.0517461080812996,0.0452693141664111,2021,H1,True,MA
2731,0.0498405347465004,0.0375580384072316,0.0658648561536522,0.0283068177464206,2021,H1,True,IE
393,0.0240532725357744,0.0094863479800791,0.0596418139526958,0.0501554659726167,2021,H1,True,UA
421,0.0078030101881598,0.0010197443055002,0.0571277361270479,0.0561079918215477,2021,H1,True,PE
732,0.055825693368223,0.0355417504990998,0.086645841592762,0.0511040910936622,2021,H1,True,SK
904,0.0577659933885782,0.0386946440947084,0.0854019379262356,0.0467072938315272,2021,H1,True,SI
8030,0.0255595861358114,0.0208509679535308,0.0312975286383892,0.0104465606848584,2021,H1,False,IT
350,0.0209101493001016,0.005048901568246,0.0824697004073478,0.0774207988391018,2021,H1,True,TZ
627,0.0498765850112689,0.0291715689789227,0.0840057164233123,0.0548341474443895,2021,H1,True,TN
707,0.0689216779057757,0.045310752519438,0.1035021265973409,0.0581913740779028,2021,H1,True,RS
441,0.0614563742998446,0.033351911615555,0.1105353744440128,0.0771834628284578,2021,H1,True,UG
3518,0.0427579781505698,0.0337265920823174,0.0540724742381959,0.0203458821558785,2021,H1,True,FI
2530,0.0435275666367204,0.0330776196864677,0.0570839793554375,0.0240063596689698,2021,H1,True,GR
2992,0.0582829978742839,0.0463987954277734,0.072978173006492,0.0265793775787185,2021,H1,True,IL
2205,0.0424301185012779,0.0314657885695885,0.0569901881984336,0.0255243996288451,2021,H1,True,MX
2380,0.0712753352987632,0.0562400783210165,0.0899470368117847,0.0337069584907682,2021,H1,True,PK
4075,0.0524615784294404,0.0426608734998071,0.0643624762238309,0.0217016027240237,2021,H1,True,HK
1944,0.0392797362568458,0.0275565154897169,0.0557046131536555,0.0281480976639385,2021,H1,True,NZ
5785,0.0399818968991745,0.0331925569666555,0.0480908783168242,0.0148983213501686,2021,H1,True,BR
90,0.0,0.0,0.1083091568688013,0.1083091568688013,2021,H1,True,VE
19,0.0599635352938139,0.006263121120301,0.392320082346234,0.3860569612259329,2021,H1,True,VI
1603,0.0315876623052893,0.0202288197364071,0.0490056762325705,0.0287768564961634,2021,H1,True,RO
56,0.0543403400877427,0.0096898759876933,0.2523165532870965,0.2426266772994032,2021,H1,True,UZ
31,0.0801984092278989,0.0132061619555342,0.3622686602437192,0.349062498288185,2021,H1,True,XK
1762,0.0683742124298975,0.0520657254064469,0.0893097101540923,0.0372439847476453,2021,H1,True,TH
2212,0.0621237819845011,0.0463278866727911,0.0828376096258,0.0365097229530089,2021,H1,True,MY
119,0.031017148218463,0.0052281786784645,0.163151616958463,0.1579234382799985,2021,H1,True,YE
181,0.0319553789861072,0.0096157108505599,0.1009075978066168,0.0912918869560568,2021,H1,True,UY
128,0.064570448135829,0.02354242455769,0.1650159108264011,0.141473486268711,2021,H1,True,ZW
142,0.0605500757200664,0.0209040203300516,0.1628792198692314,0.1419751995391798,2021,H1,True,ZM
3364,0.0534386431732307,0.0420440167393142,0.0677031499739407,0.0256591332346264,2021,H1,True,IR
944,0.0559644300247465,0.0358063987224719,0.0864533423614794,0.0506469436390074,2021,H1,True,VN
12314,0.0301987626032667,0.0258902377444103,0.0351983826589174,0.0093081449145071,2021,H1,False,DE
4710,0.0417355332113203,0.0339269103780247,0.0512460542757117,0.017319143897687,2021,H1,True,DK
2915,0.0410976084909519,0.0309369237960235,0.0544080288705725,0.0234711050745489,2021,H1,True,TR
3010,0.0423816264566061,0.0321836595145512,0.0556252759691087,0.0234416164545574,2021,H1,True,SG
3569,0.0412973347167429,0.0325058682645456,0.052337896060511,0.0198320277959654,2021,H1,True,PT
4158,0.0383693058600902,0.0302800851923399,0.0485114269737342,0.0182313417813943,2021,H1,True,NO
4280,0.0428136427025229,0.0336535237646851,0.0543268757362239,0.0206733519715387,2021,H1,True,SA
2686,0.0490465983995387,0.0369981958059457,0.0647547147052697,0.0277565188993239,2021,H1,True,ZA
3699,0.0325512390263971,0.0248992729451623,0.0424524038917423,0.01755313094658,2021,H1,True,RU
13978,0.0491631037429948,0.043613362272115,0.0553781510266977,0.0117647887545826,2021,H1,True,AU
4983,0.0609611365925593,0.0513301542293347,0.0722615174040572,0.0209313631747224,2021,H1,True,TW
8352,0.0377884081473701,0.0322050416442708,0.044295455031313,0.0120904133870422,2021,H1,True,CH
14,0.0,0.0,0.4936792523240633,0.4936792523240633,2021,H2,False,AL
11,0.1442504231639362,0.0005474776802312,0.9810865495442874,0.9805390718640562,2021,H2,False,AF
35,0.0741646482627449,0.0119000724014245,0.3476061677002007,0.3357060952987761,2021,H2,False,AM
10,0.0,0.0,0.8628287183603555,0.8628287183603555,2021,H2,False,BB
27,0.0,0.0,0.3005152107928864,0.3005152107928864,2021,H2,False,AZ
27,0.1471054373457743,0.0318304189133871,0.475023848309574,0.4431934293961869,2021,H2,False,BA
10,0.0,0.0,0.7519239601672582,0.7519239601672582,2021,H2,False,BI
21,0.0,0.0,0.5288180391247312,0.5288180391247312,2021,H2,False,BH
15,0.0,0.0,0.707889401612123,0.707889401612123,2021,H2,False,BN
17,0.0,0.0,0.5998769003062833,0.5998769003062833,2021,H2,False,BO
25,0.0,0.0,0.2463446020147351,0.2463446020147351,2021,H2,False,BJ
23,0.0456253953862113,0.0031384529756208,0.4206022297122306,0.4174637767366098,2021,H2,False,BF
133,0.0,0.0,0.1412358291884767,0.1412358291884767,2021,H2,False,BG
23,0.0,0.0,0.2790779437404748,0.2790779437404748,2021,H2,False,BW
327,0.0320578043319342,0.0113042256604144,0.0875396054641467,0.0762353798037323,2021,H2,False,AE
30842,0.0436440294152021,0.039857023357179,0.0477729536875221,0.0079159303303431,2021,H1,False,CN
35,0.0622423697416678,0.0098202889767942,0.3075762199160566,0.2977559309392623,2021,H2,False,BY
222,0.0442357864193837,0.017470896153262,0.1075167857300125,0.0900458895767505,2021,H2,False,BD
17,0.0,0.0,0.5818597008753719,0.5818597008753719,2021,H2,False,CG
25,0.1005082429900221,0.016399551724673,0.4281961751235332,0.4117966233988602,2021,H2,False,CD
26,0.0,0.0,0.4705201357445804,0.4705201357445804,2021,H2,False,CI
55,0.0,0.0,0.2049100877223935,0.2049100877223935,2021,H2,False,CM
539,0.028027131856293,0.013912151741111,0.0556546161751171,0.041742464434006,2021,H2,False,AR
33,0.0172569275465185,3.857372388642883e-07,0.9987505990882952,0.9987502133510564,2021,H2,False,CR
58,0.0,0.0,0.2897764913946113,0.2897764913946113,2021,H2,False,CU
10606,0.0807782810694357,0.0726066759361259,0.0897805351617016,0.0171738592255757,2021,H1,True,KR
14,0.0,0.0,0.6066096886075201,0.6066096886075201,2021,H2,False,DO
6683,0.0592674156045388,0.0511760154240053,0.0685457187587019,0.0173697033346965,2021,H1,True,PL
7876,0.0523137619171356,0.0444854833253198,0.0614310467154121,0.0169455633900923,2021,H1,True,IN
194,0.0379644999663834,0.0115124955297944,0.1179428470641414,0.1064303515343469,2021,H2,False,CY
84,0.0226904237630389,0.0034254148718925,0.1355656200419789,0.1321402051700863,2021,H2,False,DZ
92,0.0292263839745445,0.0046495022925499,0.16250478352963,0.15785528123708,2021,H2,False,EC
19,0.0,0.0,0.5061924174586628,0.5061924174586628,2021,H2,False,FJ
113,0.0,0.0,0.0760396643583522,0.0760396643583522,2021,H2,False,ET
330,0.0464533461098539,0.0220867766555175,0.0950877474719138,0.0730009708163962,2021,H2,False,CO
190,0.0530468992530311,0.0205782724052035,0.129947869233711,0.1093695968285074,2021,H2,False,EE
32,0.0,0.0,0.4339367339898614,0.4339367339898614,2021,H2,False,GA
12,0.0,0.0,0.7640827801412352,0.7640827801412352,2021,H2,False,GD
16,0.0,0.0,0.608745979590878,0.608745979590878,2021,H2,False,GL
11,0.0164704868393632,2.815857352070957e-11,0.9999998995910264,0.999999899562868,2021,H2,False,GP
10,0.185275302599831,0.0267741575796772,0.6527533874926423,0.6259792299129651,2021,H2,False,GF
21,0.0158964789105418,1.814126107986544e-06,0.9930953936422224,0.9930935795161144,2021,H2,False,GM
117,0.0,0.0,0.1219548396813036,0.1219548396813036,2021,H2,False,GH
18,0.1162848719941648,0.0159128726616192,0.5170939571339798,0.5011810844723605,2021,H2,False,GT
51,0.0535324090737649,0.0091709096731872,0.2568523409182995,0.2476814312451123,2021,H2,False,GE
106,0.0,0.0,0.2250261805813065,0.2250261805813065,2021,H2,False,IQ
253,0.0133949118009677,0.001240479033072,0.1292312004564003,0.1279907214233283,2021,H2,False,HR
247,0.0090750585475979,0.0004876370656426,0.146694363518965,0.1462067264533223,2021,H2,False,ID
17,0.073970561602311,0.0048556143933346,0.5666692583787318,0.5618136439853971,2021,H2,False,JM
893,0.020297209842167,0.0106824460416463,0.0382313486117144,0.027548902570068,2021,H2,False,CL
15,0.0,0.0,0.7811600336781162,0.7811600336781162,2021,H2,False,KG
2126,0.046726966810488,0.0352144005673424,0.0617623663765887,0.0265479658092463,2021,H2,False,BE
33,0.16132777485198,0.0436524598005454,0.4477163628584353,0.4040639030578899,2021,H2,False,KH
1039,0.0282310877416463,0.0162925496928263,0.0484865260997208,0.0321939764068944,2021,H2,False,CZ
108,0.0144651121847466,0.0020404509664271,0.0953194713552765,0.0932790203888493,2021,H2,False,IS
10,0.0593739051351447,5.530371921473153e-05,0.9863090310826768,0.986253727363462,2021,H2,False,LA
10,0.0,0.0,0.83353264843254,0.83353264843254,2021,H2,False,LY
74,0.0,0.0,0.0590365490459545,0.0590365490459545,2021,H2,False,KW
12,0.0,0.0,0.645394773950595,0.645394773950595,2021,H2,False,MD
22,0.0,0.0,0.4294220130042089,0.4294220130042089,2021,H2,False,MC
65,0.0,0.0,0.1242061773794755,0.1242061773794755,2021,H2,False,LV
15,0.195484280005576,0.0248989884030464,0.6980844649467509,0.6731854765437044,2021,H2,False,ME
32,0.0,0.0,0.2701237559839294,0.2701237559839294,2021,H2,False,MK
15,0.0235982860064132,7.294626422937312e-08,0.999875133769739,0.9998750608234748,2021,H2,False,MM
1432,0.0728969054091831,0.0548896370639766,0.0962103215610973,0.0413206844971206,2021,H2,False,EG
17,0.0942246193627324,0.0130488404664427,0.4500921385583228,0.4370432980918801,2021,H2,False,ML
55,0.0,0.0,0.2874734486152656,0.2874734486152656,2021,H2,False,MN
11,0.0421035964412886,9.651237280407796e-05,0.9524171121350552,0.9523205997622513,2021,H2,False,MU
65,0.060398498759845,0.0073903360263633,0.3569058977601769,0.3495155617338136,2021,H2,False,LK
19,0.0568569179323822,0.0032795538405978,0.5248302438039053,0.5215506899633074,2021,H2,False,MG
119,0.0326526778432899,0.0061337021465632,0.1558472248238592,0.149713522677296,2021,H2,False,JO
41,0.0106791845630095,4.887978455854537e-07,0.9958225662807606,0.9958220774829152,2021,H2,False,MT
14,0.0,0.0,0.6552410346157426,0.6552410346157426,2021,H2,False,
28,0.0,0.0,0.3054435461431581,0.3054435461431581,2021,H2,False,MZ
10,0.1583315536522097,0.0221984162208959,0.6091869866032859,0.5869885703823899,2021,H2,False,NE
559,0.0469910805865778,0.026901082738249,0.0808381135593295,0.0539370308210804,2021,H2,False,HU
52,0.1142177490727462,0.0340803697126832,0.3203051496937106,0.2862247799810274,2021,H2,False,MW
17,0.071942416153493,0.0080478051368161,0.4255134805334109,0.4174656753965947,2021,H2,False,NC
102,0.0505946187150897,0.012494105714146,0.1833137496727953,0.1708196439586493,2021,H2,False,KZ
129,0.0497898712872837,0.0177131659669024,0.1321400520272642,0.1144268860603617,2021,H2,False,MA
175,0.0318561996641973,0.0088096004632247,0.1085892722692139,0.0997796718059892,2021,H2,False,LT
115,0.0663455424887902,0.0254349216244396,0.1621127498431915,0.1366778282187518,2021,H2,False,LB
146,0.0393643519127376,0.0125781905198063,0.1164653998867568,0.1038872093669505,2021,H2,False,LU
36,0.0,0.0,0.2046330873560698,0.2046330873560698,2021,H2,False,PA
14,0.1194491776834452,0.0164135833518414,0.5244262759736945,0.508012692621853,2021,H2,False,PG
1624,0.0267019561999748,0.0171186740738851,0.0414239941514945,0.0243053200776093,2021,H2,False,AT
60,0.0365295648530021,1.328070353275314e-05,0.9908457934559292,0.9908325127523964,2021,H2,False,NP
13939,0.059221195653888,0.0533225187244604,0.0657270952422413,0.0124045765177809,2021,H1,True,CA
59,0.0391546429409866,0.0059129988758202,0.2182459850006798,0.2123329861248596,2021,H2,False,OM
12,0.0,0.0,0.8050815989534092,0.8050815989534092,2021,H2,False,PY
19,0.0708070178957139,0.0099425191974188,0.3663809922243567,0.356438473026938,2021,H2,False,PS
19,0.0663958723682413,0.0092883488639851,0.3504247946485873,0.3411364457846022,2021,H2,False,RE
194,0.0158125771737659,0.0024006683182777,0.0968769807142842,0.0944763123960064,2021,H2,False,KE
25,0.0,0.0,0.2113427955168416,0.2113427955168416,2021,H2,False,RW
160,0.0715335036832783,0.0298809930383295,0.1615770471052685,0.1316960540669389,2021,H2,False,PH
22,0.0,0.0,0.5283418008849282,0.5283418008849282,2021,H2,False,SD
237,0.0486412324699494,0.0181857604344774,0.1236754079115041,0.1054896474770266,2021,H2,False,NG
18,0.0,0.0,0.5858575100022585,0.5858575100022585,2021,H2,False,SN
107,0.0275460855097524,0.0041728130327121,0.160711840183661,0.1565390271509489,2021,H2,False,PR
11,0.0,0.0,0.6874367084871884,0.6874367084871884,2021,H2,False,SY
161,0.0364696774625453,0.0121066508123241,0.1046656907554178,0.0925590399430937,2021,H2,False,PE
25,0.0967483743664863,0.0152830270489865,0.4250285883060565,0.40974556125707,2021,H2,False,SS
22,0.0,0.0,0.1906965480881693,0.1906965480881693,2021,H2,False,TT
202,0.0267246945500009,0.0056953380097991,0.1163187445926863,0.1106234065828872,2021,H2,False,MO
1194,0.0309659390609011,0.0194621592266341,0.0489301102377194,0.0294679510110853,2021,H2,False,FI
99,0.0509189728762688,0.0141987784384144,0.1665583006474419,0.1523595222090275,2021,H2,False,TZ
197,0.0754485323429977,0.0367150213426376,0.1487355860979514,0.1120205647553137,2021,H2,False,SK
333,0.0302376949742813,0.0129799938452979,0.0688402486471127,0.0558602548018148,2021,H2,False,RO
218,0.0372815844390298,0.0130573144235757,0.1018112659775331,0.0887539515539574,2021,H2,False,QA
95,0.021469427456576,0.0026655543117948,0.1526236244025195,0.1499580700907247,2021,H2,False,UG
237,0.0225674571774969,0.0062881347901379,0.0776969454063281,0.0714088106161902,2021,H2,False,RS
288,0.0239456765702647,0.0081514610453924,0.068237246200885,0.0600857851554926,2021,H2,False,SI
161,0.0397041431085813,0.0139038386191645,0.1081303214155896,0.094226482796425,2021,H2,False,TN
864,0.0304079093347682,0.0170591966272467,0.0536319810733077,0.036572784446061,2021,H2,False,MX
2002,0.0506404403951209,0.0385990162092273,0.0661797476649299,0.0275807314557026,2021,H2,False,DK
975,0.021310428825544,0.0110565652472697,0.0406825367906438,0.029625971543374,2021,H2,False,GR
238,0.0215021271523305,0.0055929281481536,0.0790671372107539,0.0734742090626003,2021,H2,False,UA
2223,0.0319957400773493,0.0227528284616426,0.0448212007579226,0.02206837229628,2021,H2,False,BR
564,0.0646747826090213,0.0386479353530151,0.1062911032205092,0.0676431678674941,2021,H2,False,MY
849,0.0323556876072698,0.016630787253129,0.0620113456243914,0.0453805583712623,2021,H2,False,IE
677,0.0786801253063347,0.0522628940147226,0.1168047158736072,0.0645418218588846,2021,H2,False,PK
35,0.0,0.0,0.26730802764973,0.26730802764973,2021,H2,False,UZ
11,0.0,0.0,0.6800403410724413,0.6800403410724413,2021,H2,False,XK
41,0.0,0.0,0.3162974973782151,0.3162974973782151,2021,H2,False,VE
58,0.0,0.0,0.3274973935944157,0.3274973935944157,2021,H2,False,UY
640,0.0603664130240639,0.0379525951577296,0.0947140587966387,0.0567614636389091,2021,H2,False,TH
32,0.0,0.0,0.4211742580471757,0.4211742580471757,2021,H2,False,ZM
25,0.0556951889832724,0.0077402812317951,0.3084099183574999,0.3006696371257047,2021,H2,False,YE
28,0.1245066400212686,0.0114888495962516,0.635055224130603,0.6235663745343513,2021,H2,False,ZW
771,0.0223278796811385,0.0099691973327259,0.0492453768145829,0.039276179481857,2021,H2,False,NZ
919,0.0366351342460907,0.0212127051541764,0.0625536503096351,0.0413409451554586,2021,H2,False,SA
1484,0.0349094192230548,0.0228058433353871,0.053087661327246,0.0302818179918589,2021,H2,False,IL
1127,0.0297733306031703,0.0169308257186451,0.051843508545137,0.0349126828264919,2021,H2,False,IR
7494,0.0442473447580912,0.0377952789683894,0.051741619706241,0.0139463407378516,2021,H1,True,SE
302,0.0478006225068778,0.0221264769975288,0.1002124572656173,0.0780859802680884,2021,H2,False,VN
952,0.0410733542803429,0.0251158024399605,0.0664783077889062,0.0413625053489457,2021,H2,False,TR
1237,0.0286029213471929,0.0179720847446398,0.0452324610798351,0.0272603763351953,2021,H2,False,PT
31,0.0,0.0,0.2250075973168876,0.2250075973168876,2021,H2,True,AF
12,0.1979038417062956,0.0344139989209349,0.6307364008188895,0.5963224018979546,2021,H2,True,AO
1260,0.0315299428051101,0.0191750594025018,0.0514279346743562,0.0322528752718543,2021,H2,False,SG
1349,0.0440783950817886,0.0309136352431148,0.062487947012396,0.0315743117692812,2021,H2,False,NO
60,0.030013904319985,0.0042949504646443,0.1816466471577134,0.177351696693069,2021,H2,True,AL
11600,0.0482995572020001,0.0427598137846277,0.0545161274857356,0.0117563137011078,2021,H1,True,NL
97,0.0985049436879239,0.0357770635771055,0.2434457494408894,0.2076686858637839,2021,H2,True,AM
1712,0.0276246292591923,0.0176676434181133,0.0429477568482559,0.0252801134301425,2021,H2,False,HK
1668,0.0372384764857717,0.0253745375268949,0.0543401610819969,0.0289656235551019,2021,H2,False,TW
22,0.0,0.0,0.243344175406296,0.243344175406296,2021,H2,True,BB
94,0.0,0.0,0.221561261828789,0.221561261828789,2021,H2,True,AZ
1844,0.0315861888079187,0.0219335997171065,0.0452900081797288,0.0233564084626222,2021,H2,False,RU
18,0.0030970939446792,5.009884372378185e-28,1.0,1.0,2021,H2,True,BI
41,0.0,0.0,0.1594459635683409,0.1594459635683409,2021,H2,True,BO
92,0.0177797418734051,0.0007719761747942,0.2978144304679074,0.2970424542931131,2021,H2,True,BA
72,0.0696227349841333,0.0173183906479207,0.2411322818498514,0.2238138912019306,2021,H2,True,BH
11,0.0,0.0,0.7327382167596073,0.7327382167596073,2021,H2,True,BS
58,0.056590467148738,0.0074424239171598,0.3242668573684363,0.3168244334512765,2021,H2,True,BN
23,0.0789232139481554,0.0114023049111776,0.3889651956062112,0.3775628906950335,2021,H2,True,BT
889,0.0304109309882767,0.0168682349373978,0.0542266965280005,0.0373584615906027,2021,H2,False,ZA
84,0.0285386183192013,0.0041407898932782,0.1718791749679513,0.1677383850746731,2021,H2,True,BF
69,0.0382714412953499,0.006187437872573,0.2027767645641002,0.1965893266915271,2021,H2,True,BJ
17803,0.0298412319216072,0.0260081726524016,0.0342193566176141,0.0082111839652124,2021,H1,False,GB
69,0.0278528209565059,0.0040237090422111,0.1688742726784948,0.1648505636362837,2021,H2,True,BW
121,0.0381380002850408,0.0069363582847174,0.1837264172011299,0.1767900589164124,2021,H2,True,BY
28,0.0,0.0,0.4563763198246141,0.4563763198246141,2021,H2,True,CG
11431,0.053260556639393,0.0472246259909859,0.060019360640857,0.012794734649871,2021,H1,True,JP
87,0.0,0.0,0.09550521447928,0.09550521447928,2021,H2,True,CD
64,0.0123077482384009,0.0001164744862555,0.5713686769803031,0.5712522024940476,2021,H2,True,CI
405,0.0291332670315212,0.0117186251361523,0.070579010254642,0.0588603851184896,2021,H2,True,BG
12673,0.0387065761783571,0.0339290312559715,0.0441261195954146,0.010197088339443,2021,H1,True,FR
220,0.0697380899562867,0.0337521440777051,0.1385885733926077,0.1048364293149026,2021,H2,True,CM
1025,0.0678204447135732,0.0473128784904345,0.0963182441486205,0.049005365658186,2021,H2,True,AE
3813,0.0549588090390003,0.0442579253467609,0.068062747317994,0.0238048219712331,2021,H2,False,KR
2035,0.038350164678219,0.0273883672687496,0.0534581214516543,0.0260697541829047,2021,H2,False,PL
3494,0.0368098759125085,0.0285911162220037,0.0472762080997625,0.0186850918777587,2021,H2,False,CH
5367,0.0468542487540944,0.0386915848632865,0.0566375102324827,0.0179459253691961,2021,H2,False,AU
1028,0.0526880806918605,0.0345899190339716,0.0794760256735228,0.0448861066395512,2021,H2,True,BD
1093,0.0213470288130602,0.0117019380575777,0.0386311493880712,0.0269292113304935,2021,H2,True,AR
10,0.0,0.0,0.7365736248933972,0.7365736248933972,2021,H2,True,CW
133,0.0,0.0,0.0802470212814205,0.0802470212814205,2021,H2,True,CR
109,0.018566063186396,0.0027166540471893,0.1161171677783544,0.1134005137311651,2021,H2,True,CU
3001,0.0406906778553304,0.0315585863166471,0.052322547417638,0.0207639611009908,2021,H2,False,SE
498,0.0444996024239755,0.0231572723329765,0.0838236979483166,0.0606664256153401,2021,H2,True,CY
3624,0.0371923915983838,0.0281612453854485,0.0489738235668325,0.020812578181384,2021,H2,False,IN
32,0.041509589235698,0.0057872278354284,0.2436866980827996,0.2378994702473711,2021,H2,True,DO
315,0.0,0.0,0.065384098848922,0.065384098848922,2021,H2,True,DZ
6703,0.0532694112277735,0.0453409041674881,0.0624935744917813,0.0171526703242932,2021,H2,False,CA
25,0.0,0.0,0.2376756580025719,0.2376756580025719,2021,H2,True,FO
1647,0.0348653468895431,0.0237856440903325,0.0508373691809736,0.0270517250906411,2021,H2,True,CL
345,0.0190901979747318,0.0047692191505732,0.0732490936994386,0.0684798745488653,2021,H2,True,EC
48,0.0837970976724521,0.0177176663960347,0.3168334540853852,0.2991157876893505,2021,H2,True,FJ
445,0.0205386980593435,0.0079750168308383,0.0518602507476832,0.0438852339168449,2021,H2,True,EE
1129,0.0469700863794483,0.0308963111983774,0.0707953363633368,0.0398990251649594,2021,H2,True,CO
37,0.0,0.0,0.3193169967269627,0.3193169967269627,2021,H2,True,GA
5281,0.0231931256885234,0.0179021417331093,0.0300000938594323,0.012097952126323,2021,H2,False,ES
38,0.0,0.0,0.393619260996973,0.393619260996973,2021,H2,True,GD
20,0.0,0.0,0.4929881186292155,0.4929881186292155,2021,H2,True,GP
27,0.0,0.0,0.232843570073025,0.232843570073025,2021,H2,True,GL
26,0.0749705613004337,0.0002089855187906,0.9691587845927616,0.968949799073971,2021,H2,True,GF
55,0.0,0.0,0.1849252293627903,0.1849252293627903,2021,H2,True,GM
23,0.0015232434881315,1.2347231893467533e-43,1.0,1.0,2021,H2,True,GN
39,0.0,0.0,0.1402290478247136,0.1402290478247136,2021,H2,True,GT
118,0.0851679008073469,0.0275229732091398,0.2344402567484554,0.2069172835393155,2021,H2,True,GE
17,0.1432234858422534,0.0159664888946439,0.632655549229582,0.616689060334938,2021,H2,True,GU
17,0.0,0.0,0.5271326270378445,0.5271326270378445,2021,H2,True,HN
4643,0.0332936370999323,0.0264987325762553,0.0417561812451992,0.0152574486689439,2021,H2,False,NL
936,0.0350357435089276,0.0207011334739281,0.058701438536307,0.0380003050623789,2021,H2,True,ET
6233,0.0291507843869017,0.0237663935262605,0.0357104127155137,0.0119440191892531,2021,H2,False,FR
4025,0.0382443864502173,0.0301143379829647,0.0484596596797358,0.0183453216967711,2021,H2,True,AT
527,0.0239421461960831,0.0085310995520577,0.0653573897434156,0.0568262901913578,2021,H2,True,GH
2662,0.0452707895763392,0.0350242477737202,0.0583338019981257,0.0233095542244055,2021,H2,True,CZ
239,0.0271372454145899,0.0088951263143424,0.079778900953045,0.0708837746387025,2021,H2,True,IS
24,0.0,0.0,0.4810612054780856,0.4810612054780856,2021,H2,True,JM
775,0.0457786181572908,0.02631775027898,0.0784702309981234,0.0521524807191433,2021,H2,True,HR
4626,0.0469063779272935,0.0387953823238654,0.056613270597433,0.0178178882735676,2021,H2,True,BE
15105,0.0308706084079242,0.0270093135522617,0.0352639135368236,0.0082545999845618,2021,H1,True,ES
397,0.0169547566652014,0.0032624503785116,0.0833097140868983,0.0800472637083866,2021,H2,True,IQ
23,0.2147900027921707,0.068771360206902,0.5032841279131637,0.4345127677062617,2021,H2,True,KN
23,0.1100349143889316,0.0178092114900939,0.4574285027763937,0.4396192912862997,2021,H2,True,KG
60,0.1066079531703298,0.0336526091260346,0.290222847565437,0.2565702384394024,2021,H2,True,KH
1122,0.0504383509177755,0.0332512648646367,0.0758125225750037,0.042561257710367,2021,H2,True,ID
6048,0.0312371017855942,0.024736206785468,0.039377507210299,0.014641300424831,2021,H2,False,JP
27,0.0,0.0,0.3637710075947277,0.3637710075947277,2021,H2,True,LI
11,0.1109628783392777,0.0011579339799793,0.9307374426030204,0.9295795086230412,2021,H2,True,LR
55,0.0,0.0,0.1282737800141315,0.1282737800141315,2021,H2,True,LY
37,0.0623300721090951,0.0080065586253402,0.3537827968451892,0.345776238219849,2021,H2,True,LA
48,0.0,0.0,0.28828971814772,0.28828971814772,2021,H2,True,ML
65,0.0,0.0,0.1758977532852909,0.1758977532852909,2021,H2,True,MM
13,0.0,0.0,0.3560539178864692,0.3560539178864692,2021,H2,True,MQ
67,0.0,0.0,0.2917324517560102,0.2917324517560102,2021,H2,True,MN
11,0.3313021675547375,0.0871250175502487,0.7200383809869723,0.6329133634367236,2021,H2,True,MR
11,0.0625459380419538,0.0004705879065249,0.9043502943048484,0.9038797063983234,2021,H2,True,MV
32,0.0636149449307501,0.0092281192123571,0.3313406713486832,0.322112552136326,2021,H2,True,MD
479,0.058604928288237,0.0320138691088709,0.1048895093492283,0.0728756402403573,2021,H2,True,JO
6142,0.0238041317796591,0.0187749325791374,0.0301391122157394,0.011364179636602,2021,H2,False,IT
48,0.1253647748365264,0.0379884979991619,0.3422202804565309,0.3042317824573689,2021,H2,True,ME
59,0.0444858428936446,0.0035521295750409,0.3781265621899832,0.3745744326149423,2021,H2,True,MG
32,0.042230197987043,0.0058885749004285,0.2471057268798253,0.2412171519793968,2021,H2,True,MC
37,0.0609510553809105,0.0088576883812544,0.3203811906334134,0.311523502252159,2021,H2,True,MU
59,0.0768070298231177,0.0233587825928342,0.2244467939645668,0.2010880113717325,2021,H2,True,MK
126,0.0902305587863328,0.0362548340916538,0.2072812523073843,0.1710264182157304,2021,H2,True,MT
41,0.0,0.0,0.2190317132149122,0.2190317132149122,2021,H2,True,
29,0.0,0.0,0.142035728225566,0.142035728225566,2021,H2,True,NE
30,0.0,0.0,0.358322328226813,0.358322328226813,2021,H2,True,NC
12,0.0,0.0,0.6829874993764288,0.6829874993764288,2021,H2,True,NI
270,0.0411971861911952,0.0159928262165299,0.102005424725166,0.086012598508636,2021,H2,True,KZ
172,0.0146194603906549,0.0001549907159659,0.5867731624215954,0.5866181717056295,2021,H2,True,MW
266,0.0444476592624249,0.0180143704430072,0.1055005989771557,0.0874862285341484,2021,H2,True,LK
270,0.0703371954204716,0.037649854265972,0.1276394743022715,0.0899896200362994,2021,H2,True,LV
327,0.0701465792913323,0.0376291325296805,0.1270543337434463,0.0894252012137657,2021,H2,True,LB
111,0.0064548782142023,6.332879012112581e-06,0.8695360250941288,0.8695296922151167,2021,H2,True,MZ
244,0.0555979940654265,0.0246718847137823,0.1205004044540332,0.0958285197402509,2021,H2,True,KW
2900,0.0570907050259735,0.044963827312789,0.0722408388059189,0.0272770114931298,2021,H2,True,EG
296,0.0524935116246097,0.0241399223238568,0.1103828713389721,0.0862429490151153,2021,H2,True,LU
639,0.0525425071124499,0.0309566796306029,0.0878159506901254,0.0568592710595224,2021,H2,True,KE
17,0.0,0.0,0.3300738957227466,0.3300738957227466,2021,H2,True,PF
28,0.180442756305941,0.0518491285123223,0.4699049699993108,0.4180558414869885,2021,H2,True,PG
468,0.01867035322729,0.0064849312957521,0.0525417336513215,0.0460568023555693,2021,H2,True,MA
143,0.0258017766443889,0.0056242288308845,0.1103362010899537,0.1047119722590692,2021,H2,True,PA
223,0.04446007136003,0.0148609976831747,0.1255020891486824,0.1106410914655077,2021,H2,True,OM
1679,0.0388461460046,0.027307815745437,0.0549841610370258,0.0276763452915888,2021,H2,True,HU
233,0.0347708251857742,0.0112432110577351,0.1024319868412774,0.0911887757835422,2021,H2,True,NP
32,0.0,0.0,0.2711911127641986,0.2711911127641986,2021,H2,True,RE
51,0.0700219903709033,0.0132609344517171,0.2966878966248882,0.283426962173171,2021,H2,True,PY
557,0.0166198658008679,0.0058518790464313,0.046279538485394,0.0404276594389626,2021,H2,True,LT
109,0.0222995624008192,0.0033684043331029,0.1333878492690136,0.1300194449359107,2021,H2,True,PS
414,0.0535835207332589,0.0262294330163567,0.1063490393411576,0.0801196063248008,2021,H2,True,PH
376,0.0489003210606654,0.023605364102703,0.0985645340206467,0.0749591699179437,2021,H2,True,PE
105,0.0,0.0,0.083577252876621,0.083577252876621,2021,H2,True,RW
214,0.073924816370239,0.0366098754169356,0.143604013667904,0.1069941382509683,2021,H2,True,PR
16,0.0475998315439329,0.0002575650803598,0.9065032885383124,0.9062457234579524,2021,H2,True,SC
896,0.0647707364280226,0.0427054457802784,0.0970806718451276,0.0543752260648492,2021,H2,True,NG
628,0.0316800259794965,0.0146351545896541,0.0672219844359966,0.0525868298463425,2021,H2,True,MO
108,0.0601725134054229,0.0181625504670008,0.1813990550813623,0.1632365046143615,2021,H2,True,SD
3450,0.0414665025541305,0.0324051225570391,0.0529231098465452,0.020517987289506,2021,H2,True,FI
2347,0.0439597791769851,0.0327567169401135,0.0587616071666496,0.026004890226536,2021,H2,True,GR
2870,0.042253381800503,0.031818040376683,0.05591354375664,0.024095503379957,2021,H2,True,IL
10,0.0,0.0,0.8215367441811074,0.8215367441811074,2021,H2,True,SO
10,0.0414782706188382,1.7950242503743654e-05,0.9905049466670977,0.990486996424594,2021,H2,True,SM
19,0.0,0.0,0.4401433242692891,0.4401433242692891,2021,H2,True,SS
718,0.0398547979502908,0.0218203954612698,0.0717019268324722,0.0498815313712024,2021,H2,True,RS
35,0.0,0.0,0.2004983566882605,0.2004983566882605,2021,H2,True,SL
14,0.0,0.0,0.3145214577041099,0.3145214577041099,2021,H2,True,SZ
35,0.0,0.0,0.1420609751270156,0.1420609751270156,2021,H2,True,SY
78,0.0,0.0,0.1301622329497702,0.1301622329497702,2021,H2,True,SN
23,0.0344314940207179,3.467589520379458e-05,0.9734531946859004,0.9734185187906964,2021,H2,True,TG
5651,0.0383112788013296,0.0315849377441248,0.0464014288538642,0.0148164911097394,2021,H2,True,BR
32,0.0,0.0,0.3082639972982273,0.3082639972982273,2021,H2,True,TT
639,0.0726871871510488,0.0476120828917946,0.1094505481955473,0.0618384653037527,2021,H2,True,QA
2597,0.046846204527603,0.0348299962913473,0.062738485360303,0.0279084890689556,2021,H2,True,IE
4982,0.0464935603370073,0.0385896005047584,0.0559222507871455,0.0173326502823871,2021,H2,True,DK
1917,0.0586651042726934,0.0441546717007511,0.07755714440127,0.0334024727005188,2021,H2,True,NZ
313,0.034667269946477,0.0115697264372672,0.0992462793686096,0.0876765529313423,2021,H2,True,TZ
965,0.0365316885922645,0.0215507855127231,0.0612743208149327,0.0397235353022096,2021,H2,True,SI
2262,0.0410107196522177,0.0301396953322342,0.0555780946077895,0.0254383992755552,2021,H2,True,MX
777,0.0517457819524694,0.0324811719342824,0.0814740847837864,0.048992912849504,2021,H2,True,SK
373,0.0584820158922416,0.029128087250419,0.1139456526082137,0.0848175653577946,2021,H2,True,UG
540,0.0157464276493688,0.0055793508767254,0.0436278167181533,0.0380484658414278,2021,H2,True,TN
394,0.0442959395070462,0.0231878477888635,0.0829864765772812,0.0597986287884176,2021,H2,True,UA
3250,0.0412418960475587,0.0313188305651608,0.0541332887016518,0.022814458136491,2021,H2,True,IR
1822,0.0329711159631078,0.0225063966008171,0.048062335251682,0.0255559386508649,2021,H2,True,RO
2386,0.0654969072340305,0.0504519089402059,0.0846285366053354,0.0341766276651294,2021,H2,True,MY
10201,0.0314559894237272,0.0267392669925825,0.0369731194811476,0.010233852488565,2021,H2,False,DE
2730,0.0579197169030413,0.0447236097667547,0.0747049637255192,0.0299813539587645,2021,H2,True,PK
4038,0.0490811686762294,0.0394087001161507,0.0609769485070833,0.0215682483909326,2021,H2,True,HK
1950,0.0581569952114424,0.0438048433808784,0.0768336165185835,0.0330287731377051,2021,H2,True,TH
7617,0.0382136448658628,0.0322264481599558,0.0452611521021329,0.0130347039421771,2021,H2,True,CH
17640,0.0360415144203685,0.032149954401031,0.0403844695278455,0.0082345151268145,2021,H1,True,IT
2940,0.0506813013298227,0.0391140351698134,0.0654364191631231,0.0263223839933097,2021,H2,True,SG
2762,0.0470638367219226,0.0357017642937557,0.0618101055164251,0.0261083412226693,2021,H2,True,TR
3406,0.0357770024876752,0.0274508687699726,0.046507773077145,0.0190569043071723,2021,H2,True,PT
3917,0.0398561149863827,0.031599674434409,0.0501580836353939,0.0185584092009848,2021,H2,True,NO
55,0.0,0.0,0.1808387522612075,0.1808387522612075,2021,H2,True,UZ
21,0.0,0.0,0.5278972764943998,0.5278972764943998,2021,H2,True,XK
74,0.077690441742413,0.0236415920391565,0.226623638549206,0.2029820465100494,2021,H2,True,VE
149,0.0469099781391236,0.0148419272860711,0.1385230095699497,0.1236810822838785,2021,H2,True,YE
125,0.0892137229458598,0.0342676419994122,0.2128448987195318,0.1785772567201196,2021,H2,True,ZW
152,0.0628188402232799,0.0196038833141465,0.1834697542993819,0.1638658709852353,2021,H2,True,ZM
181,0.0298724866353853,0.0097680718707425,0.0876910227006682,0.0779229508299257,2021,H2,True,UY
22904,0.0388665784948582,0.0352610417039069,0.0428244257713375,0.0075633840674306,2021,H1,True,DE
4280,0.0304806507899224,0.0234465423890854,0.0395395926166043,0.0160930502275188,2021,H2,True,RU
4886,0.0645865440763875,0.0541820825924045,0.0768266619442499,0.0226445793518453,2021,H2,True,SA
883,0.012002799333874,0.0041289162406497,0.0343739687055322,0.0302450524648825,2021,H2,True,VN
5667,0.0683855985100752,0.0587687835994618,0.0794432671926667,0.0206744835932049,2021,H2,True,TW
30,0.0,0.0,0.1278271592090032,0.1278271592090032,2022,H1,False,AM
31,0.0005868615798191,0.0,0.1211317418879384,0.1211317418879384,2022,H1,False,AL
13639,0.0312135158437589,0.0268957169280838,0.0361987023734378,0.009302985445354,2021,H2,False,GB
428,0.0522602222950954,0.0279206998809638,0.0957279562494775,0.0678072563685136,2022,H1,False,AE
8063,0.0633560770070775,0.0549313137306344,0.0729731692863735,0.018041855555739,2021,H2,True,IN
7356,0.053799990798068,0.0464197594184142,0.0622769663331971,0.0158572069147828,2021,H2,True,PL
28,0.1195135217631893,0.0266594827268291,0.4021532943532543,0.3754938116264251,2022,H1,False,AZ
50,0.0620441780411194,0.0066353722911921,0.3957920880675813,0.3891567157763893,2022,H1,False,BA
640,0.0101116394020985,0.0033586043718081,0.0300336055301143,0.0266750011583061,2022,H1,False,AR
35,0.0,0.0,0.344720464291096,0.344720464291096,2022,H1,False,BF
19,0.0,0.0,0.509063957152454,0.509063957152454,2022,H1,False,BI
29,0.0,0.0,0.4059784456576193,0.4059784456576193,2022,H1,False,BH
25,0.0,0.0,0.447953939985048,0.447953939985048,2022,H1,False,BJ
25,0.0842430750818949,0.0077603111457411,0.5197030631758823,0.5119427520301412,2022,H1,False,BN
25,0.099687834125143,0.0003000755139043,0.976102190038361,0.9758021145244566,2022,H1,False,BO
265,0.073399547095304,0.0360681948159873,0.1436129883878841,0.1075447935718967,2022,H1,False,BD
2564,0.0529822069785657,0.040755684601133,0.0686142679798495,0.0278585833787164,2021,H2,True,ZA
22,0.0,0.0,0.4225205839955165,0.4225205839955165,2022,H1,False,BW
62,0.0504727636586381,0.0090660359926649,0.2359617854444446,0.2268957494517797,2022,H1,False,BY
191,0.0221720794199388,0.0057205676989334,0.0820322690459041,0.0763117013469707,2022,H1,False,BG
10,0.0,0.0,0.7669366821714986,0.7669366821714986,2022,H1,False,CG
40,0.0966903023754807,0.0247652503592822,0.3109100952551134,0.2861448448958312,2022,H1,False,CD
13363,0.0606360882898067,0.0546276198368599,0.0672584081696454,0.0126307883327854,2021,H2,True,CA
19,0.0,0.0,0.3090879845931071,0.3090879845931071,2022,H1,False,CI
55,0.0,0.0,0.1810568570214752,0.1810568570214752,2022,H1,False,CM
7202,0.0446382888589979,0.0379223220303008,0.0524787621580515,0.0145564401277507,2021,H2,True,SE
10907,0.0761031924036767,0.0681507661575924,0.0848990326007703,0.0167482664431779,2021,H2,True,KR
1953,0.0327372412204556,0.0235021055987542,0.045432476971532,0.0219303713727778,2022,H1,False,AT
13870,0.0578602005913358,0.0518215027961345,0.0645546719488982,0.0127331691527637,2021,H2,True,AU
962,0.0188367346486863,0.0091112853823709,0.0385394388486211,0.0294281534662501,2022,H1,False,CL
38,0.0,0.0,0.3961852105635831,0.3961852105635831,2022,H1,False,CU
48,0.0342708170970536,0.003316643488444,0.2745420476340053,0.2712254041455613,2022,H1,False,CR
11566,0.0506267719399546,0.0446480154859966,0.0573580683254081,0.0127100528394115,2021,H2,True,JP
193,0.054988760076196,0.0234060864880142,0.1237854436585025,0.1003793571704883,2022,H1,False,CY
2722,0.0338639993950689,0.0249261111374653,0.0458560724836397,0.0209299613461744,2022,H1,False,BE
405,0.0448317318128656,0.0230728536155116,0.0853182861002278,0.0622454324847162,2022,H1,False,CO
18,0.2011588798751628,0.0358844220641232,0.6301298326594398,0.5942454105953165,2022,H1,False,DO
126,0.0,0.0,0.0928628229515546,0.0928628229515546,2022,H1,False,DZ
133,0.0805851764543884,0.025459636760469,0.2272378977468109,0.2017782609863419,2022,H1,False,EC
206,0.0184481506419064,0.0041624842436532,0.0779257442211418,0.0737632599774885,2022,H1,False,EE
18,0.0,0.0,0.5317818087510247,0.5317818087510247,2022,H1,False,FJ
149,0.0495635101875747,0.0138812468167855,0.1619086367869494,0.1480273899701639,2022,H1,False,ET
1314,0.0403956507482553,0.0274778610291795,0.0590177703192568,0.0315399092900773,2022,H1,False,CZ
13,0.0,0.0,0.6310082199516343,0.6310082199516343,2022,H1,False,GA
2567,0.0355745140208837,0.0262694390622656,0.0480130811676702,0.0217436421054045,2022,H1,False,BR
858,0.0462989985576585,0.0279971472161487,0.0756338985364166,0.0476367513202679,2022,H1,False,EG
21531,0.0421844309544263,0.0381419284407934,0.0466346084886448,0.0084926800478513,2021,H2,False,CN
12,0.0,0.0,0.3696246393407875,0.3696246393407875,2022,H1,False,GF
16,0.0,0.0,0.6789970244233344,0.6789970244233344,2022,H1,False,GM
12,0.0,0.0,0.6356285001781145,0.6356285001781145,2022,H1,False,GL
17,0.1838646711166952,0.0460480701448441,0.5125391366069091,0.4664910664620649,2022,H1,False,GD
11,0.0,0.0,0.6333863966366584,0.6333863966366584,2022,H1,False,GT
69,0.0452078201011879,0.0081138874204274,0.2151062886187999,0.2069924011983724,2022,H1,False,GE
10731,0.0415139448623365,0.0362406600089459,0.047516701106282,0.0112760410973361,2021,H2,True,NL
136,0.0599466901560822,0.01726488110577,0.1879636281470647,0.1706987470412946,2022,H1,False,GH
13,0.0,0.0,0.6976366228335428,0.6976366228335428,2022,H1,False,HN
30579,0.0427398963288258,0.0392235032130478,0.0465562588229449,0.0073327556098971,2021,H1,True,GB
329,0.0778383238610457,0.0394442445556478,0.1478518761236239,0.108407631567976,2022,H1,False,ID
120,0.0243025244030324,0.0037425760468154,0.1417399422903805,0.137997366243565,2022,H1,False,IQ
1465,0.0403697999528097,0.0274623397223613,0.0589759564979882,0.0315136167756269,2022,H1,False,FI
363,0.0124283415502196,0.0031872585420965,0.047194321566884,0.0440070630247875,2022,H1,False,HR
116,0.0219869896512042,0.0032532150902399,0.1340875161410372,0.1308343010507972,2022,H1,False,IS
31,0.1869542819875664,0.0580588885978834,0.4617345875407517,0.4036756989428683,2022,H1,False,KH
163,0.0308946586662386,0.0059874839949647,0.1443646989473264,0.1383772149523616,2022,H1,False,JO
842,0.0390163767516025,0.0236386327579457,0.0637447467390566,0.0401061139811109,2022,H1,False,HU
12,0.2198778335932867,0.0373972924376558,0.6715680263250269,0.6341707338873711,2022,H1,False,LA
14957,0.030460019146466,0.0266215160989345,0.0348321825664042,0.0082106664674696,2021,H2,True,ES
143,0.0,0.0,0.1284770094553291,0.1284770094553291,2022,H1,False,LB
20,0.0,0.0,0.4628606299819098,0.4628606299819098,2022,H1,False,ML
21,0.0167520889099876,2.145368579325875e-05,0.9311772951218096,0.9311558414360164,2022,H1,False,MC
27,0.0,0.0,0.3086867317630853,0.3086867317630853,2022,H1,False,ME
20,0.0,0.0,0.4360055987202363,0.4360055987202363,2022,H1,False,MM
35,0.0,0.0,0.4868095494916852,0.4868095494916852,2022,H1,False,MN
26,0.0193568556756004,1.379915833964292e-05,0.9657945194125712,0.9657807202542316,2022,H1,False,MG
17,0.1958743344224597,0.0410660478989619,0.58080430115375,0.5397382532547881,2022,H1,False,MD
213,0.0541673600045573,0.021089110077264,0.1321260109880722,0.1110369009108082,2022,H1,False,KE
35,0.1292434219163676,0.0369963143785348,0.3644524665579493,0.3274561521794144,2022,H1,False,MK
87,0.0215547639214025,6.336351736542945e-05,0.8845072556233861,0.8844438921060206,2022,H1,False,LK
43,0.0,0.0,0.2803909786109654,0.2803909786109654,2022,H1,False,MT
254,0.0,0.0,0.0199926247913689,0.0199926247913689,2022,H1,False,MA
10,0.1857285719248027,0.0195362945531479,0.7230690945824819,0.703532800029334,2022,H1,False,MU
41,0.0,0.0,0.1475589481061039,0.1475589481061039,2022,H1,False,MW
2643,0.0350571899778308,0.0260937074829716,0.0469512906579338,0.0208575831749621,2022,H1,False,DK
12,0.0,0.0,0.5867040199455896,0.5867040199455896,2022,H1,False,NC
15,0.0,0.0,0.4456262216301334,0.4456262216301334,2022,H1,False,
106,0.0584047414556947,0.018852466682101,0.1668278537747735,0.1479753870926724,2022,H1,False,KW
109,0.0304178233271179,0.0025033615652088,0.2816971576131728,0.279193796047964,2022,H1,False,LV
138,0.0440382291041276,0.0108648682012306,0.161918371838106,0.1510535036368753,2022,H1,False,KZ
166,0.0818323287694146,0.0406299993260996,0.1579387902423772,0.1173087909162775,2022,H1,False,LU
29,0.0064347804592498,3.2735698186731013e-15,0.9999999999219548,0.9999999999219514,2022,H1,False,MZ
1268,0.0338953712069368,0.0219588938665456,0.0519754996352644,0.0300166057687187,2022,H1,False,GR
6321,0.0344536393197362,0.0276877093487267,0.0428001521198293,0.0151124427711026,2022,H1,False,AU
217,0.041749567910085,0.0158524563387092,0.1054212469633485,0.0895687906246392,2022,H1,False,LT
4297,0.0324947300223738,0.0255473655560579,0.0412513863126045,0.0157040207565465,2022,H1,False,CH
265,0.0405581477377588,0.0143693124493501,0.1091898552409108,0.0948205427915606,2022,H1,False,MO
1248,0.055724631073083,0.0379545542799827,0.0811130714637358,0.0431585171837531,2022,H1,False,IR
13,0.0,0.0,0.6098832083730187,0.6098832083730187,2022,H1,False,PG
74,0.0691777421444632,0.0182354692912604,0.2292068070373096,0.2109713377460492,2022,H1,False,NP
38,0.0846165439380827,0.0205989542113811,0.2889014078059689,0.2683024535945879,2022,H1,False,PA
1160,0.0252126358702968,0.0133103890977092,0.0472483073407654,0.0339379182430562,2022,H1,False,IE
72,0.0249474857418809,0.003574683722653,0.154316552926328,0.150741869203675,2022,H1,False,OM
289,0.0386274485134967,0.0162345447628853,0.0891099162885075,0.0728753715256221,2022,H1,False,NG
171,0.0441279127317441,0.0132138849850984,0.137302449210597,0.1240885642254985,2022,H1,False,PE
31,0.0717429267937054,0.0109372752581347,0.3507241061216409,0.3397868308635062,2022,H1,False,PS
14,0.1560356026552441,0.0233446463451752,0.5884869301309429,0.5651422837857677,2022,H1,False,PY
205,0.0697018857706353,0.0315990580423736,0.146785763086538,0.1151867050441644,2022,H1,False,PH
18,0.187010063873246,0.0404999240601581,0.5562606650399874,0.5157607409798293,2022,H1,False,RE
105,0.0626125548518993,0.0210380508598639,0.1719169807510361,0.1508789298911722,2022,H1,False,PR
596,0.0602839393244128,0.0352806504866372,0.1011490977881891,0.0658684473015519,2022,H1,False,MY
27,0.1840129696246118,0.0425463345422461,0.5336737461283579,0.4911274115861118,2022,H1,False,RW
30,0.0,0.0,0.4267611624033453,0.4267611624033453,2022,H1,False,SD
13,0.0,0.0,0.3250050186075497,0.3250050186075497,2022,H1,False,SL
34,0.0,0.0,0.3963270944320542,0.3963270944320542,2022,H1,False,SN
21,0.0,0.0,0.4198984650525062,0.4198984650525062,2022,H1,False,SY
34,0.0,0.0,0.4606385919038513,0.4606385919038513,2022,H1,False,SS
203,0.0178418434709114,0.0030594882215125,0.0970914160458056,0.0940319278242931,2022,H1,False,QA
10,0.0,0.0,0.7267244387209524,0.7267244387209524,2022,H1,False,TJ
302,0.0267361105318805,0.0092501654748487,0.0747814805591142,0.0655313150842654,2022,H1,False,RS
2284,0.0391985103422686,0.0277879584344156,0.0550293598677939,0.0272414014333783,2022,H1,False,HK
17,0.0,0.0,0.579566135673233,0.579566135673233,2022,H1,False,TT
1861,0.0353275604705321,0.0243700846100781,0.0509545129447412,0.0265844283346631,2022,H1,False,IL
256,0.0346706974141369,0.0123218306356313,0.0937091486326374,0.081387317997006,2022,H1,False,SK
744,0.0378789129822755,0.0190742064772834,0.0738273335545681,0.0547531270772847,2022,H1,False,PK
114,0.0792714359680378,0.0274840848838212,0.2077905043385375,0.1803064194547163,2022,H1,False,UG
483,0.0124768426296505,0.0036454428301155,0.0418053790741805,0.0381599362440649,2022,H1,False,RO
91,0.123853235518466,0.0567303315955243,0.249397262213693,0.1926669306181686,2022,H1,False,TZ
343,0.0254380232577527,0.0099190005017791,0.0636761358069357,0.0537571353051566,2022,H1,False,SI
1005,0.0265018737600318,0.0151885220629486,0.045849780586727,0.0306612585237784,2022,H1,False,MX
854,0.026172494470589,0.0133139321900799,0.0508103080601543,0.0374963758700743,2022,H1,False,NZ
769,0.0708019814334869,0.0468992436031609,0.1055380618337762,0.0586388182306152,2022,H1,False,TH
433,0.0471836135328596,0.0245351170848153,0.0888350723031008,0.0642999552182855,2022,H1,False,UA
557,0.0359682446920046,0.0166778109966095,0.0758499164929484,0.0591721054963388,2022,H1,False,TN
1202,0.0299282254910137,0.0169177747310641,0.0524108134217187,0.0354930386906545,2022,H1,False,SA
1637,0.0247323695210822,0.0160672471608269,0.0378906630799624,0.0218234159191354,2022,H1,False,NO
1700,0.0326607602781568,0.0220454855513598,0.0481358797796541,0.0260903942282943,2022,H1,False,PT
1561,0.0348787506203704,0.0221737634363984,0.0544579403740642,0.0322841769376658,2022,H1,False,SG
7951,0.0415007545214069,0.0352510864442202,0.0488023777494601,0.0135512913052399,2022,H1,False,CA
1487,0.0405119237916408,0.0278354030646065,0.0586133942662456,0.030777991201639,2022,H1,False,TR
43,0.0,0.0,0.156070253806925,0.156070253806925,2022,H1,False,UZ
41,0.0,0.0,0.3971862386928462,0.3971862386928462,2022,H1,False,VE
15,0.0,0.0,0.5990996065868878,0.5990996065868878,2022,H1,False,XK
24,0.1037283660486902,0.0155145626742229,0.4594403609486421,0.4439257982744191,2022,H1,False,YE
46,0.0,0.0,0.1249419838246126,0.1249419838246126,2022,H1,False,ZM
72,0.0315023959531918,0.0048137617551908,0.1794742186796347,0.1746604569244439,2022,H1,False,UY
34,0.024908266087052,2.6404515656858843e-05,0.9611075227572714,0.9610811182416146,2022,H1,False,ZW
4984,0.0483330191927187,0.0392508056339864,0.0593868573255932,0.0201360516916067,2022,H1,False,IN
326,0.0591744541586736,0.0302787188006813,0.1124484187827447,0.0821696999820633,2022,H1,False,VN
2005,0.0421234661845903,0.0301651304124077,0.0585363040960484,0.0283711736836407,2022,H1,False,TW
10,0.0,0.0,0.6780169343773859,0.6780169343773859,2022,H1,True,AO
43,0.1576804593487376,0.0523944347477318,0.3879257199957431,0.3355312852480113,2022,H1,True,AF
107,0.0,0.0,0.1614611659487246,0.1614611659487246,2022,H1,True,AM
67,0.0354377852521184,0.0035909873582683,0.2724830724115387,0.2688920850532704,2022,H1,True,AL
1040,0.0374363127969129,0.0222162484285377,0.0624178237458301,0.0402015753172923,2022,H1,False,ZA
2757,0.0248093252927246,0.017559668707522,0.034945598928395,0.0173859302208729,2022,H1,False,RU
3306,0.0415347885766007,0.0324575591194343,0.0530115091455644,0.0205539500261301,2022,H1,False,SE
2406,0.0278140501392891,0.0191658329563251,0.0402046525666216,0.0210388196102964,2022,H1,False,PL
73,0.0,0.0,0.2167562242737464,0.2167562242737464,2022,H1,True,AZ
21,0.14569833239868,0.0292146571322486,0.4914864796093214,0.4622718224770727,2022,H1,True,BB
102,0.0553232932962096,0.0141093308804841,0.1933187350596838,0.1792094041791997,2022,H1,True,BA
16,0.0,0.0,0.353100074996131,0.353100074996131,2022,H1,True,BI
68,0.0,0.0,0.1340429613641087,0.1340429613641087,2022,H1,True,BN
54,0.0,0.0,0.1873246430645057,0.1873246430645057,2022,H1,True,BO
94,0.1112444786420213,0.0452373299211332,0.2484971470878276,0.2032598171666944,2022,H1,True,BH
82,0.0299428574552994,0.0040504495417179,0.1898077879948841,0.1857573384531661,2022,H1,True,BJ
1224,0.0802463553806525,0.0589707512585347,0.1083143144442193,0.0493435631856846,2022,H1,True,AE
90,0.0153710730492122,0.0012988728875411,0.1578123383553918,0.1565134654678506,2022,H1,True,BF
16141,0.0344180065256846,0.0303932062570653,0.0389543755473415,0.0085611692902761,2021,H2,True,IT
1085,0.0384922006912617,0.0251337199735253,0.0585244299151507,0.0333907099416253,2022,H1,True,AR
17,0.0,0.0,0.5975798849744308,0.5975798849744308,2022,H1,True,BT
71,0.0,0.0,0.2525292834154496,0.2525292834154496,2022,H1,True,BW
111,0.0686118809246146,0.0248905841375175,0.1753231708894214,0.1504325867519038,2022,H1,True,BY
5161,0.0523302201932987,0.0428483639122501,0.0637705085821797,0.0209221446699296,2022,H1,False,KR
407,0.015407114159049,0.0040836199090628,0.056352914222885,0.0522692943138222,2022,H1,True,BG
58,0.0,0.0,0.2067179447608939,0.2067179447608939,2022,H1,True,CG
1075,0.0560238626737511,0.0373271194271759,0.0832754852779477,0.0459483658507717,2022,H1,True,BD
98,0.059504589540269,0.0195621650174954,0.1671022826529261,0.1475401176354307,2022,H1,True,CD
7230,0.0237393628998643,0.018926752595655,0.0297386082345307,0.0108118556388757,2022,H1,False,ES
62,0.0,0.0,0.0844256827494023,0.0844256827494023,2022,H1,True,CI
5444,0.0435739954131389,0.0364937208280732,0.0519538683463339,0.0154601475182606,2022,H1,False,NL
216,0.0251438131971447,0.0047016469295506,0.1234425380426529,0.1187408911131022,2022,H1,True,CM
6956,0.0396631346578787,0.0330149334896476,0.0475842027994996,0.014569269309852,2022,H1,False,JP
11683,0.0331280229810798,0.0285816088116307,0.0383690608655107,0.00978745205388,2021,H2,True,FR
1682,0.02666694698203,0.0171545598250602,0.0412327672864289,0.0240782074613687,2022,H1,True,CL
4103,0.0414479082204319,0.0332717474096972,0.0515261798819528,0.0182544324722555,2022,H1,True,AT
7878,0.0241340667503879,0.0197062179048893,0.029526855154467,0.0098206372495776,2022,H1,False,FR
7999,0.0249079400371861,0.0203748763066787,0.0304182176850955,0.0100433413784168,2022,H1,False,IT
79,0.0535429844922871,0.0107781330874005,0.2270433009574364,0.2162651678700359,2022,H1,True,CU
132,0.0302094962051854,0.0078676603336167,0.1090237783505764,0.1011561180169596,2022,H1,True,CR
22072,0.0365277110900639,0.0329583272771313,0.0404674824246196,0.0075091551474882,2021,H2,True,DE
4557,0.0456390422103996,0.0371927602558898,0.0558920824395653,0.0186993221836755,2022,H1,True,BE
480,0.0546184349979649,0.0295632945503919,0.0987472956504888,0.0691840011000969,2022,H1,True,CY
50999,0.0493450863042474,0.0464289122386409,0.0524343519718751,0.0060054397332341,2021,H1,False,US
31,0.0917844316023369,0.0196751445472511,0.337255157692616,0.3175800131453648,2022,H1,True,DO
971,0.0214399583817604,0.0099411991792192,0.0456261340340567,0.0356849348548375,2022,H1,True,CO
388,0.0366952674705673,0.0162039893468093,0.0809668104215041,0.0647628210746947,2022,H1,True,EC
418,0.0548520786914931,0.0289578694731124,0.1014811275478165,0.0725232580747041,2022,H1,True,EE
351,0.0149754436685748,0.0039500433804081,0.0550734865580176,0.0511234431776095,2022,H1,True,DZ
27,0.0,0.0,0.4283586368202028,0.4283586368202028,2022,H1,True,FO
51,0.0359715058346402,0.0019342412422087,0.4180743443894957,0.4161401031472869,2022,H1,True,FJ
36,0.0795953026609066,0.0133911029467797,0.3552516702960827,0.341860567349303,2022,H1,True,GA
12208,0.0298013338451627,0.025614205556687,0.0346485885649632,0.0090343830082762,2022,H1,False,DE
5298,0.0409843308818839,0.0336439840905085,0.0498435698677278,0.0161995857772193,2022,H1,True,BR
36,0.0,0.0,0.4003254144066729,0.4003254144066729,2022,H1,True,GF
24,0.0,0.0,0.5150069195321052,0.5150069195321052,2022,H1,True,GL
18,0.0,0.0,0.5199845443894554,0.5199845443894554,2022,H1,True,GN
33,0.0,0.0,0.4053032906259867,0.4053032906259867,2022,H1,True,GP
24,0.0758528434652917,0.0108339367889201,0.3808425593784111,0.370008622589491,2022,H1,True,GD
41,0.0,0.0,0.3383232965414118,0.3383232965414118,2022,H1,True,GM
14,0.0,0.0,0.6465248493701231,0.6465248493701231,2022,H1,True,GY
125,0.0772057356583893,0.0299151064903583,0.1849980651829415,0.1550829586925831,2022,H1,True,GE
13,0.1644733914214814,0.0202686953561182,0.6519391652362563,0.631670469880138,2022,H1,True,GU
59,0.0368371972199264,0.0052836321881383,0.2159230977007403,0.210639465512602,2022,H1,True,GT
24,0.0,0.0,0.1836014799845589,0.1836014799845589,2022,H1,True,HN
25,0.0,0.0,0.5401734920015727,0.5401734920015727,2022,H1,True,HT
1068,0.03641913549473,0.0218202041785485,0.0601845984426132,0.0383643942640647,2022,H1,True,ET
2521,0.0318540520088543,0.0229262742311208,0.0441014977072708,0.0211752234761499,2022,H1,True,CZ
558,0.0623311957856964,0.036363648812746,0.1048251676304943,0.0684615188177483,2022,H1,True,GH
241,0.0482070152083278,0.0207567780250748,0.1079572441988378,0.0872004661737629,2022,H1,True,IS
36,0.1290740732531372,0.0286229505900699,0.4270652270433864,0.3984422764533165,2022,H1,True,JM
901,0.0419716024300353,0.0264526441558374,0.0659780406966528,0.0395253965408154,2022,H1,True,HR
520,0.0329821642036631,0.0139222418738947,0.0761213124368685,0.0621990705629737,2022,H1,True,IQ
26,0.0,0.0,0.2965912187623101,0.2965912187623101,2022,H1,True,KG
17,0.0,0.0,0.3099586052211207,0.3099586052211207,2022,H1,True,KN
86,0.0855635952265465,0.0302638418695745,0.2190817245098796,0.188817882640305,2022,H1,True,KH
1104,0.0631283816231879,0.0432339971125279,0.0913036760257259,0.0480696789131979,2022,H1,True,ID
33,0.0,0.0,0.1607347536179783,0.1607347536179783,2022,H1,True,LA
37,0.0,0.0,0.3819581416206928,0.3819581416206928,2022,H1,True,LI
13,0.0,0.0,0.6227277718672687,0.6227277718672687,2022,H1,True,LR
29,0.0,0.0,0.3331681359325665,0.3331681359325665,2022,H1,True,MC
34,0.0,0.0,0.3094464079318228,0.3094464079318228,2022,H1,True,LY
34,0.0,0.0,0.3139149035781818,0.3139149035781818,2022,H1,True,MD
57,0.0,0.0,0.1350723483929728,0.1350723483929728,2022,H1,True,ME
28,0.0,0.0,0.4331388127802323,0.4331388127802323,2022,H1,True,MQ
27,0.0,0.0,0.4700953013326645,0.4700953013326645,2022,H1,True,MU
48,0.0732219706950733,0.0138637213692335,0.3074819269451111,0.2936182055758775,2022,H1,True,MG
73,0.1105920997804864,0.0349098040106241,0.2994410907456509,0.2645312867350268,2022,H1,True,MK
252,0.0134040392940747,0.001402327306834,0.1161720394887468,0.1147697121819127,2022,H1,True,KW
3718,0.0697144475760606,0.0574575204021274,0.0843520440355667,0.0268945236334393,2022,H1,True,EG
44,0.072957342551672,0.0163890975874241,0.2709841272629478,0.2545950296755237,2022,H1,True,ML
569,0.067426868489578,0.0391206937078494,0.1137888447756759,0.0746681510678264,2022,H1,True,JO
66,0.0614144292038686,0.0126422453299598,0.2505896403739198,0.23794739504396,2022,H1,True,MM
38,0.0,0.0,0.4059864408251298,0.4059864408251298,2022,H1,True,
29,0.0,0.0,0.2746415729223436,0.2746415729223436,2022,H1,True,NE
73,0.0385809018247052,0.0059471078087134,0.2120820591425811,0.2061349513338676,2022,H1,True,MN
10,0.0,0.0,0.9911903802059204,0.9911903802059204,2022,H1,True,NI
600,0.0949112763185724,0.0648409260087038,0.1368856547124399,0.0720447287037361,2022,H1,True,KE
27,0.0742736191067118,0.0104262948937079,0.3792571408563341,0.3688308459626262,2022,H1,True,NC
254,0.0314920288665184,0.0085383702543131,0.1093464334148454,0.1008080631605323,2022,H1,True,LK
88,0.0561697225379962,0.0155251171678576,0.1833988085897826,0.167873691421925,2022,H1,True,MZ
114,0.0523438357897144,0.0151213874054887,0.1657701396221876,0.1506487522166988,2022,H1,True,MT
254,0.0330512032739371,0.0096433923283304,0.1071314293689789,0.0974880370406485,2022,H1,True,KZ
151,0.0839244552488337,0.0320312752269845,0.2023168287493771,0.1702855535223926,2022,H1,True,MW
305,0.0478524802607605,0.021981628660912,0.10102632283567,0.079044694174758,2022,H1,True,LV
313,0.0345289129249377,0.0136179108600544,0.0847896566499437,0.0711717457898893,2022,H1,True,LU
368,0.0622247739503868,0.0307477391605783,0.1218736426010188,0.0911259034404405,2022,H1,True,LB
1782,0.0476143117125428,0.0350233908094119,0.0644294520899303,0.0294060612805183,2022,H1,True,HU
14,0.0,0.0,0.2961863430662038,0.2961863430662038,2022,H1,True,PF
38,0.0770664989054958,0.0113073610358067,0.3787522972939103,0.3674449362581036,2022,H1,True,PG
217,0.0690070143160565,0.0309629593261881,0.1467182187307107,0.1157552594045225,2022,H1,True,NP
473,0.0346199594422212,0.014478944767506,0.0804900006393767,0.0660110558718706,2022,H1,True,MA
580,0.0621769892256874,0.0386085532244412,0.098656287349179,0.0600477341247377,2022,H1,True,LT
39,0.0,0.0,0.313271081257319,0.313271081257319,2022,H1,True,PY
222,0.0879243173469012,0.0400667660830995,0.1821011165925963,0.1420343505094967,2022,H1,True,OM
53,0.0,0.0,0.3367327054729362,0.3367327054729362,2022,H1,True,RE
116,0.020335855170403,0.0030395035638158,0.1238320617544836,0.1207925581906678,2022,H1,True,PA
405,0.0751815335021496,0.0427488349352324,0.1289067457714128,0.0861579108361804,2022,H1,True,PH
294,0.1039161645103834,0.0653668071070576,0.1612766811609375,0.0959098740538798,2022,H1,True,PR
85,0.0519882643341467,0.0104558430372054,0.2215572681157752,0.2111014250785698,2022,H1,True,RW
3537,0.0489730534805567,0.0395064407873814,0.0605650377714793,0.0210585969840978,2022,H1,True,FI
933,0.0535941478765703,0.0332223477737912,0.0853549616829112,0.0521326139091199,2022,H1,True,NG
134,0.0663355597061069,0.0230291071309598,0.1763777352127144,0.1533486280817546,2022,H1,True,PS
2464,0.0487099192109374,0.0374630948171733,0.0631117758640217,0.0256486810468483,2022,H1,True,GR
400,0.0277683749494587,0.0111047386495121,0.06772477038638,0.0566200317368678,2022,H1,True,PE
134,0.0512884433221922,0.0155536403615006,0.1561056850529427,0.140552044691442,2022,H1,True,SD
790,0.0332168575444044,0.0181857018032237,0.0599136766291933,0.0417279748259695,2022,H1,True,MO
10,0.0,0.0,0.5635120886732983,0.5635120886732983,2022,H1,True,SV
82,0.0,0.0,0.1788030795548587,0.1788030795548587,2022,H1,True,SN
14,0.2404225156233206,0.0549205092898106,0.632894211536943,0.5779737022471324,2022,H1,True,SS
21,0.0,0.0,0.229428132067461,0.229428132067461,2022,H1,True,TG
19,0.0,0.0,0.2830231475039393,0.2830231475039393,2022,H1,True,SZ
2499,0.0562290219515464,0.042917146601471,0.0733534636269257,0.0304363170254546,2022,H1,True,IE
21,0.0,0.0,0.5503588008336645,0.5503588008336645,2022,H1,True,TJ
44,0.0419618720314178,0.0058692175574405,0.2452506573287417,0.2393814397713012,2022,H1,True,SL
595,0.0838302475168173,0.0539306287055595,0.1280626228692623,0.0741319941637028,2022,H1,True,QA
62,0.0220816666846536,0.0002604379207848,0.6618453628633857,0.6615849249426008,2022,H1,True,SY
40,0.02444001319784,0.0002844129530153,0.688092993849335,0.6878085808963196,2022,H1,True,TT
722,0.0554169608283207,0.0355444798651502,0.0854159158595094,0.0498714359943591,2022,H1,True,RS
29571,0.0417272090935206,0.0382642536331297,0.0454887422579878,0.007224488624858,2021,H2,True,GB
916,0.05453656768918,0.0371201225317415,0.0794503909240336,0.0423302683922921,2022,H1,True,SI
756,0.0659457629646961,0.0428586489537198,0.1001679250008254,0.0573092760471056,2022,H1,True,SK
7764,0.0406139646662363,0.0346100939362709,0.0476079754677567,0.0129978815314858,2022,H1,True,CH
316,0.0844977407157861,0.046392429253438,0.149010867600678,0.1026184383472399,2022,H1,True,TZ
4784,0.0464330639572227,0.0382481612694764,0.0562670196948342,0.0180188584253578,2022,H1,True,DK
414,0.1021286758742391,0.0656856142676003,0.1554272111574003,0.0897415968898,2022,H1,True,UG
525,0.0199869017794111,0.0078170093914205,0.0501458792912548,0.0423288698998343,2022,H1,True,TN
2075,0.0505701311694663,0.0372500654155161,0.0683152738030244,0.0310652083875083,2022,H1,True,NZ
2860,0.0557696697355023,0.0441103819973097,0.0702841524138554,0.0261737704165457,2022,H1,True,IL
491,0.0366992601243764,0.018238109203533,0.0724679712327499,0.0542298620292169,2022,H1,True,UA
3388,0.0593064462722469,0.047419244074616,0.0739422583157348,0.0265230142411187,2022,H1,True,IR
2367,0.063095263625855,0.0480844419394576,0.0823865410089258,0.0343020990694681,2022,H1,True,MY
2121,0.0420045780546067,0.0306010137837001,0.0574060643667429,0.0268050505830427,2022,H1,True,RO
31,0.0,0.0,0.2785835175438041,0.2785835175438041,2022,H1,True,XK
161,0.0,0.0,0.1125608392736342,0.1125608392736342,2022,H1,True,UY
57,0.0445991166321428,0.0074368018346784,0.2253102726425089,0.2178734708078305,2022,H1,True,VE
101,0.0491416117192651,0.0106792966244327,0.1983551801159009,0.1876758834914681,2022,H1,True,UZ
113,0.0599885276787362,0.0208979618356901,0.1602332978738394,0.1393353360381492,2022,H1,True,ZW
128,0.0267786265429054,0.0046827661698274,0.1386148482588985,0.1339320820890711,2022,H1,True,ZM
206,0.016918922514061,0.0026946077735447,0.0987925327610071,0.0960979249874624,2022,H1,True,YE
2188,0.0388809301380643,0.0282448863624027,0.0533024485833542,0.0250575622209515,2022,H1,True,MX
40634,0.0468525707246108,0.0437042728778679,0.0502157515635546,0.0065114786856867,2021,H2,True,
3243,0.0644619363730724,0.0515943470572472,0.0802670886055443,0.028672741548297,2022,H1,True,PK
2198,0.0602286268254933,0.0457779401160337,0.0788639432550691,0.0330860031390353,2022,H1,True,TH
11,0.0,0.0,0.4634780696666819,0.4634780696666819,2022,H2,False,AF
21,0.0723250515042549,0.0102705588359874,0.3693814070168477,0.3591108481808602,2022,H2,False,AL
38,0.0708866252641371,0.0094678607115235,0.3784908672516166,0.369023006540093,2022,H2,False,AM
4618,0.0543214717493111,0.0448236336192408,0.0656934261127115,0.0208697924934706,2022,H1,True,HK
3170,0.04440907871097,0.0341064050042917,0.0576382127404729,0.0235318077361812,2022,H1,True,SG
897,0.0322585253366193,0.0167966114421613,0.0610696433444146,0.0442730319022533,2022,H1,True,VN
399,0.0713700668660703,0.0407234956402361,0.1221431979011448,0.0814197022609086,2022,H2,False,AE
24,0.0226856978354678,0.0001677779271173,0.7625216190938443,0.762353841166727,2022,H2,False,BA
42,0.0690992463286547,0.0114760229333856,0.3218539753957266,0.310377952462341,2022,H2,False,AZ
41,0.0,0.0,0.1900597792168298,0.1900597792168298,2022,H2,False,BF
20,0.0,0.0,0.2774313941120266,0.2774313941120266,2022,H2,False,BO
18,0.0957428952040647,0.0040484145855744,0.7338957218254194,0.7298473072398449,2022,H2,False,BI
33,0.0208799521417628,5.617038796384677e-05,0.8900581392845487,0.8900019688965849,2022,H2,False,BH
28,0.121736198499463,0.025553301221534,0.4228516545175977,0.3972983532960637,2022,H2,False,BN
27,0.0548014499264638,0.0052909871684472,0.3872441226240817,0.3819531354556344,2022,H2,False,BJ
24,0.0,0.0,0.553410045287585,0.553410045287585,2022,H2,False,BW
29,0.0,0.0,0.3994248524419715,0.3994248524419715,2022,H2,False,BY
233,0.0291174324266026,0.0084985654008665,0.0949694081447119,0.0864708427438454,2022,H2,False,BD
137,0.053509826198144,0.0206497782814195,0.1316319541025593,0.1109821758211398,2022,H2,False,BG
2989,0.0353599354390843,0.0259618294016837,0.0479925017272325,0.0220306723255488,2022,H1,True,TR
20,0.0,0.0,0.5069427269199187,0.5069427269199187,2022,H2,False,CG
37,0.0944531683213548,0.0248709717015747,0.2990132197353606,0.2741422480337859,2022,H2,False,CD
646,0.0311613009284942,0.0167846493344959,0.0571364719071734,0.0403518225726775,2022,H2,False,AR
3877,0.0396820192952992,0.0311408091736837,0.0504439164331965,0.0193031072595128,2022,H1,True,PT
34,0.0,0.0,0.3985402685851448,0.3985402685851448,2022,H2,False,CI
79,0.0,0.0,0.2404701852559866,0.2404701852559866,2022,H2,False,CM
3995,0.0425789510141569,0.0340362123029398,0.0531478574234905,0.0191116451205507,2022,H1,True,NO
16608,0.0319074134700458,0.0279643747849089,0.0363856177743499,0.008421242989441,2022,H1,False,GB
25,0.0,0.0,0.4623078818049644,0.4623078818049644,2022,H2,False,CU
38,0.0800729406749155,0.0096510603346972,0.437399392892594,0.4277483325578968,2022,H2,False,CR
2688,0.048912073813495,0.0367188971315203,0.0648814994338746,0.0281626023023542,2022,H1,True,ZA
1597,0.0289927352033821,0.0187518113730594,0.0445724809579678,0.0258206695849083,2022,H2,False,AT
13279,0.062379593018398,0.0562013501205496,0.0691872247056542,0.0129858745851045,2022,H1,True,CA
14123,0.0514161133056602,0.0457220129040381,0.0577764082216567,0.0120543953176186,2022,H1,True,AU
4022,0.0348840985747325,0.0272070813146684,0.0446279605415841,0.0174208792269156,2022,H1,True,RU
223,0.0132616654454279,0.0019609084278614,0.0841948370143393,0.0822339285864778,2022,H2,False,CY
5687,0.0706723117739675,0.0610027493227933,0.0817411731124032,0.0207384237896098,2022,H1,True,TW
874,0.0211728579698704,0.0112170886354285,0.0396109240252683,0.0283938353898398,2022,H2,False,CL
387,0.0243672929905276,0.0088045749967077,0.0656171860296712,0.0568126110329634,2022,H2,False,CO
6188,0.0667359843493082,0.0571085409919309,0.0778524283345728,0.0207438873426418,2022,H1,True,SA
110,0.0,0.0,0.0762665043334339,0.0762665043334339,2022,H2,False,EC
110,0.0129930734547951,0.001828267619615,0.0864347640190487,0.0846064963994336,2022,H2,False,DZ
166,0.014382733957795,0.0021021310025957,0.0918060325433986,0.0897039015408029,2022,H2,False,EE
16,0.0872680497344706,0.0054442137286036,0.6254689982832065,0.6200247845546027,2022,H2,False,FJ
1940,0.0396448541873624,0.0286341951038975,0.0546512142967064,0.0260170191928089,2022,H2,False,BE
6233,0.0528109355976885,0.0446666375859172,0.0623433175364098,0.0176766799504925,2022,H1,True,PL
169,0.0613626055589266,0.0239879448442505,0.1481312557198217,0.1241433108755712,2022,H2,False,ET
12,0.0815241995428314,0.0015643746531452,0.834114405538539,0.8325500308853937,2022,H2,False,GA
8873,0.0692245679361794,0.0606588477417285,0.0788982691201198,0.0182394213783912,2022,H1,True,IN
44524,0.0489096702054724,0.0456838642601716,0.0523507598974,0.0066668956372283,2021,H2,False,US
2228,0.0351599964246686,0.0249507672505649,0.0493352217899995,0.0243844545394345,2022,H2,False,BR
1043,0.0259978402915568,0.0150849701609269,0.0444490869615519,0.0293641168006249,2022,H2,False,CZ
18,0.1603064375218115,0.0186185903984917,0.6576639014596812,0.6390453110611894,2022,H2,False,GD
12,0.0,0.0,0.7824390438887937,0.7824390438887937,2022,H2,False,GP
25,0.0,0.0,0.2607441272177647,0.2607441272177647,2022,H2,False,GM
11,0.0,0.0,0.7090885169964354,0.7090885169964354,2022,H2,False,GL
60,0.0285947407764705,0.0040710014799089,0.1749050913862761,0.1708340899063672,2022,H2,False,GE
23,0.0353741416348647,0.0003194956792424,0.8079786100465867,0.8076591143673443,2022,H2,False,GT
14,0.0,0.0,0.6284314136802548,0.6284314136802548,2022,H2,False,HN
155,0.0736103415044584,0.0241793368599897,0.2030663855003488,0.1788870486403591,2022,H2,False,GH
245,0.0395076130385688,0.0156878154331467,0.0959682953066523,0.0802804798735056,2022,H2,False,HR
116,0.0,0.0,0.1220196864094958,0.1220196864094958,2022,H2,False,IS
308,0.0727797537143439,0.0373851102773729,0.1369182102478277,0.0995330999704547,2022,H2,False,ID
1038,0.0567528143337051,0.0378279984236626,0.0843157782726268,0.0464877798489642,2022,H2,False,EG
137,0.0354813873426479,0.0067795803698519,0.1654526629591879,0.1586730825893359,2022,H2,False,IQ
10,0.0,0.0,0.7888800272921145,0.7888800272921145,2022,H2,False,KG
43,0.0,0.0,0.1538241250943172,0.1538241250943172,2022,H2,False,KH
186,0.0431577517989235,0.0160348489046432,0.1109842248871479,0.0949493759825046,2022,H2,False,JO
525,0.0458218383194316,0.0267164800134495,0.0775017904755489,0.0507853104620994,2022,H2,False,HU
1165,0.0358554496796058,0.023166099856602,0.055103368127975,0.0319372682713729,2022,H2,False,FI
63,0.0,0.0,0.3169089456937468,0.3169089456937468,2022,H2,False,LV
10,0.0,0.0,0.7583917302014109,0.7583917302014109,2022,H2,False,MC
21,0.0,0.0,0.4663277958299862,0.4663277958299862,2022,H2,False,ME
23,0.1968474481628049,0.053070461547005,0.5173362860755605,0.4642658245285554,2022,H2,False,MG
185,0.0546965969444482,0.0209892763422106,0.1350673678693324,0.1140780915271218,2022,H2,False,KE
55,0.0,0.0,0.130033721029774,0.130033721029774,2022,H2,False,MN
21,0.1001121585171481,0.0135369234132074,0.4742096319121032,0.4606727084988957,2022,H2,False,MD
22,0.0598462032603422,0.0054320328922189,0.4259154157970612,0.4204833829048422,2022,H2,False,MM
10,0.1304720751558509,0.0138898167213449,0.6151540681788189,0.601264251457474,2022,H2,False,MQ
43,0.0,0.0,0.2989884816209578,0.2989884816209578,2022,H2,False,MT
51,0.0,0.0,0.1253270415969697,0.1253270415969697,2022,H2,False,MW
102,0.0600054405187789,0.0176234692510749,0.185105226917157,0.1674817576660821,2022,H2,False,KW
102,0.0238805564668597,0.0035938920914166,0.1423238376275121,0.1387299455360955,2022,H2,False,KZ
36,0.1227586343849779,0.0299012227130798,0.3884990920273911,0.3585978693143113,2022,H2,False,ML
10978,0.0780694065858491,0.0701707426519225,0.0867741983803587,0.0166034557284362,2022,H1,True,KR
43,0.048829429280643,0.0076740594261358,0.2541661732561722,0.2464921138300363,2022,H2,False,MK
75,0.0455799705929209,0.0084157445621391,0.2118063593439935,0.2033906147818544,2022,H2,False,LK
16,0.0,0.0,0.6652653744120548,0.6652653744120548,2022,H2,False,
44,0.0,0.0,0.2292687120591529,0.2292687120591529,2022,H2,False,MZ
894,0.0503854434371384,0.0332289493651566,0.0757063712910845,0.0424774219259278,2022,H2,False,GR
163,0.0231633215024587,0.0058435829207465,0.0873086361221028,0.0814650532013563,2022,H2,False,LU
109,0.050041366450964,0.0162667078300918,0.1436988131545732,0.1274321053244814,2022,H2,False,MA
799,0.0496779973210558,0.0317638725662703,0.0768929456660057,0.0451290730997353,2022,H2,False,IE
165,0.030863218358183,0.0083935784727437,0.1069938675556805,0.0986002890829367,2022,H2,False,LB
173,0.0179273227684264,0.0029069857920196,0.102573520721766,0.0996665349297463,2022,H2,False,LT
66,0.0,0.0,0.1694093973935558,0.1694093973935558,2022,H2,False,NP
12,0.0,0.0,0.8376611311965888,0.8376611311965888,2022,H2,False,PG
32,0.0,0.0,0.3807525226750358,0.3807525226750358,2022,H2,False,PA
64,0.0588228320494806,0.0123556345765887,0.2379426462136944,0.2255870116371057,2022,H2,False,OM
262,0.0674680387685179,0.0346770252696967,0.1271813793880368,0.09250435411834,2022,H2,False,MO
46,0.0,0.0,0.1036201719979289,0.1036201719979289,2022,H2,False,PS
28,0.2168997988419764,0.0667324020787501,0.5175805033472879,0.4508481012685377,2022,H2,False,PY
14,0.0315217667324599,3.701179385363791e-05,0.9662401945248992,0.9662031827310456,2022,H2,False,RE
87,0.0890205101993403,0.0280881224429134,0.2483580108270492,0.2202698883841357,2022,H2,False,PR
25,0.0,0.0,0.2887237393345534,0.2887237393345534,2022,H2,False,RW
552,0.0724250342947069,0.0448077238858009,0.1150147013189683,0.0702069774331673,2022,H2,False,MY
49,0.0,0.0,0.1103588850803175,0.1103588850803175,2022,H2,False,SD
238,0.0,0.0,0.0289157467529215,0.0289157467529215,2022,H2,False,RS
271,0.0764184266507506,0.0377199361970806,0.1486848053008925,0.1109648691038118,2022,H2,False,NG
1163,0.0486545696904789,0.0324662172805373,0.0723115075018573,0.0398452902213199,2022,H2,False,IR
3467,0.0432629900732037,0.0340359064539207,0.0548494847924616,0.0208135783385409,2022,H2,False,CH
180,0.0415035154566109,0.0137605926624603,0.1184610164154501,0.1047004237529897,2022,H2,False,PE
10,0.0,0.0,0.7230160152778955,0.7230160152778955,2022,H2,False,SY
42,0.0,0.0,0.1618175910136592,0.1618175910136592,2022,H2,False,SN
10,0.0,0.0,0.8702496594987529,0.8702496594987529,2022,H2,False,TG
26,0.020465901601031,2.294563994833642e-05,0.9500610936299558,0.9500381479900076,2022,H2,False,SS
215,0.0341497704789094,0.0098641710656106,0.1114937839176412,0.1016296128520305,2022,H2,False,QA
187,0.0211726010738126,0.0041644534353539,0.1006251514181657,0.0964606979828118,2022,H2,False,PH
24,0.0,0.0,0.4383932665607807,0.4383932665607807,2022,H2,False,TT
2116,0.0323897246531604,0.0230458270776478,0.0453462467228378,0.02230041964519,2022,H2,False,DK
1358,0.0375707745446134,0.0243730314217502,0.057493817726963,0.0331207863052128,2022,H2,False,IL
120,0.1185081324556568,0.0528330269583064,0.244728197816506,0.1918951708581995,2022,H2,False,TZ
7110,0.0454617740120705,0.0388092699802756,0.053191513698337,0.0143822437180614,2022,H1,True,SE
261,0.0292579756654054,0.0099580541628302,0.082833879411331,0.0728758252485007,2022,H2,False,SI
138,0.0828729397312157,0.0350120574612597,0.1837039254160447,0.1486918679547849,2022,H2,False,UG
949,0.0250411036992001,0.0132162786685594,0.0469424997963328,0.0337262211277733,2022,H2,False,MX
1724,0.0359897142218054,0.0239160483483421,0.0538224953465276,0.0299064469981855,2022,H2,False,HK
695,0.0274539012810059,0.0134049702905495,0.0553998779677931,0.0419949076772436,2022,H2,False,NZ
194,0.0184812396114138,0.0032479938574205,0.0981257302049508,0.0948777363475303,2022,H2,False,TN
5081,0.0440612103762534,0.0358664972188698,0.0540233255427904,0.0181568283239206,2022,H2,False,AU
196,0.0188916904963847,0.0028937754594916,0.1132840702101719,0.1103902947506802,2022,H2,False,SK
18411,0.0426097124510765,0.0379214393385126,0.0478487752802662,0.0099273359417536,2022,H1,True,
252,0.0132720804323901,0.0020254178377433,0.0818470550535293,0.079821637215786,2022,H2,False,UA
808,0.0647886876370422,0.0425801134898235,0.0974021993242854,0.0548220858344619,2022,H2,False,TH
430,0.0191641779819894,0.0075087061286962,0.048036320205819,0.0405276140771228,2022,H2,False,RO
888,0.0614612726244482,0.0403391907103597,0.0925762184484658,0.0522370277381061,2022,H2,False,PK
19,0.0,0.0,0.4865663415900668,0.4865663415900668,2022,H2,False,YE
17,0.0,0.0,0.5527198881086118,0.5527198881086118,2022,H2,False,XK
32,0.1904023533359255,0.0620355898611079,0.4554206750637672,0.3933850852026592,2022,H2,False,VE
41,0.0731009451383851,0.0115008961532587,0.3483626953333298,0.336861799180071,2022,H2,False,UZ
40,0.0,0.0,0.367817628513768,0.367817628513768,2022,H2,False,ZM
34,0.0,0.0,0.4913265228609074,0.4913265228609074,2022,H2,False,ZW
1220,0.0435399876340823,0.028006937886604,0.0670932369920308,0.0390862991054268,2022,H2,False,SA
62,0.0550454541112749,0.0097709115582325,0.2558924134974468,0.2461215019392142,2022,H2,False,UY
1283,0.0544869903104287,0.0373340954498651,0.0788749624385928,0.0415408669887277,2022,H2,False,SG
1221,0.0432517779864931,0.0291247801875066,0.0637809297668252,0.0346561495793185,2022,H2,False,PT
285,0.0397673392764044,0.0155386914531414,0.0980131886016761,0.0824744971485346,2022,H2,False,VN
1371,0.0313624705048658,0.0196017389922106,0.0498208764120869,0.0302191374198763,2022,H2,False,RU
26,0.0,0.0,0.4799987898730778,0.4799987898730778,2022,H2,True,AF
1024,0.0492433530221964,0.0318088629299931,0.075488656325865,0.0436797933958718,2022,H2,False,TR
1351,0.034364329403722,0.0228118877500898,0.051459096743271,0.0286472089931811,2022,H2,False,NO
64,0.040721310523962,0.0063585260243385,0.2197231745368447,0.2133646485125061,2022,H2,True,AL
83,0.0326039760327212,0.0054628190808937,0.1713577703884565,0.1658949513075628,2022,H2,True,AM
1575,0.0510573294354465,0.0362927273665079,0.071383549930422,0.035090822563914,2022,H2,False,TW
2046,0.0376469433081738,0.0271389165087674,0.0520061183969992,0.0248672018882318,2022,H2,False,PL
20,0.048001866509935,9.485127780471635e-05,0.96403076357894,0.9639359123011352,2022,H2,True,BB
82,0.0,0.0,0.1768088560853151,0.1768088560853151,2022,H2,True,AZ
96,0.0772987803971359,0.0223519909853942,0.2348687932150353,0.212516802229641,2022,H2,True,BA
913,0.0327275636338104,0.018061414460682,0.0585922358481876,0.0405308213875056,2022,H2,False,ZA
10,0.0,0.0,0.4139303235965645,0.4139303235965645,2022,H2,True,BM
18,0.0,0.0,0.5595857156747712,0.5595857156747712,2022,H2,True,BI
67,0.0,0.0,0.1623052299015225,0.1623052299015225,2022,H2,True,BJ
10759,0.0497282824770576,0.0439643458290286,0.0562034739305994,0.0122391281015708,2022,H1,True,NL
50,0.0,0.0,0.1774467714953051,0.1774467714953051,2022,H2,True,BO
6429,0.0494713147253004,0.0419866589911816,0.0582091370311482,0.0162224780399666,2022,H2,False,CA
104,0.0509560561281918,0.0132957017912446,0.1762369714277895,0.1629412696365449,2022,H2,True,BF
86,0.0504059081741662,0.0076300819275652,0.2681841383891329,0.2605540564615676,2022,H2,True,BH
102,0.0913069838480216,0.0350074925931407,0.2177201766793057,0.182712684086165,2022,H2,True,BN
4030,0.052324041099394,0.0420805614909013,0.0648921261153952,0.0228115646244939,2022,H2,False,KR
12,0.0,0.0,0.7626098269798357,0.7626098269798357,2022,H2,True,BS
19,0.1770312792674426,0.0327716495695736,0.577297057512991,0.5445254079434173,2022,H2,True,BT
1024,0.0426085107634575,0.0265541747137741,0.0676941258556024,0.0411399511418283,2022,H2,True,AR
99,0.0,0.0,0.1823556161438205,0.1823556161438205,2022,H2,True,BY
76,0.0756193797946454,0.0209193416375422,0.2385069175599442,0.217587575922402,2022,H2,True,BW
1316,0.0683279041907924,0.0488598442194001,0.0947799800413109,0.0459201358219108,2022,H2,True,AE
430,0.0342212718783948,0.0146422414259484,0.0779105801366481,0.0632683387106996,2022,H2,True,BG
16,0.0,0.0,0.5820982413855496,0.5820982413855496,2022,H2,True,CF
36,0.0,0.0,0.2615733024563665,0.2615733024563665,2022,H2,True,CG
89,0.0466063203788846,0.0072173272636798,0.2473945999902091,0.2401772727265293,2022,H2,True,CD
4249,0.0549853182729255,0.0442515934706178,0.0681370151641117,0.0238854216934939,2022,H2,False,IN
1020,0.0496164053820233,0.0309755377237275,0.0785657015285318,0.0475901638048042,2022,H2,True,BD
63,0.0689626089851436,0.016408315545485,0.2474893953384444,0.2310810797929594,2022,H2,True,CI
215,0.0153022255445455,0.0023373490305542,0.0934452962794845,0.0911079472489303,2022,H2,True,CM
3070,0.0405748141257273,0.0315366983498729,0.0520639179657924,0.0205272196159194,2022,H2,False,SE
12168,0.0330747840743678,0.0286404935778576,0.0381686405830849,0.0095281470052272,2022,H1,True,FR
5152,0.0240222316386552,0.0185515615774094,0.0310551011068162,0.0125035395294068,2022,H2,False,ES
4433,0.0466915635026415,0.0383862508279271,0.0566878956531322,0.0183016448252051,2022,H2,False,NL
5897,0.0294411870839311,0.023811245591454,0.0363527033450324,0.0125414577535784,2022,H2,False,FR
11159,0.0533097056111959,0.0471185205220985,0.0602629397867717,0.0131444192646731,2022,H1,True,JP
1607,0.0382156900083155,0.0260412409819545,0.0557559455240162,0.0297147045420616,2022,H2,True,CL
11,0.0,0.0,0.4958755134567622,0.4958755134567622,2022,H2,True,CV
74,0.0,0.0,0.1312029257424861,0.1312029257424861,2022,H2,True,CU
5902,0.0422222832871869,0.0349343962457111,0.0509502753935697,0.0160158791478585,2022,H2,False,JP
143,0.03802532399783,0.010943768319227,0.1237388855878608,0.1127951172686338,2022,H2,True,CR
580,0.0567804461535188,0.0331000877651925,0.095724907338232,0.0626248195730394,2022,H2,True,CY
39,0.0,0.0,0.1360080053169327,0.1360080053169327,2022,H2,True,DO
3852,0.0435043157633047,0.0349038974048512,0.0541050968735868,0.0192011994687356,2022,H2,True,AT
1150,0.0509618522279522,0.0349013236556145,0.0738474364618597,0.0389461128062451,2022,H2,True,CO
315,0.0335557419851514,0.0139648476003117,0.0784437120209527,0.0644788644206409,2022,H2,True,DZ
374,0.0388517923625676,0.018018097173489,0.0817688652912105,0.0637507681177215,2022,H2,True,EE
421,0.0366641869024338,0.0160111417393935,0.0817447730188631,0.0657336312794695,2022,H2,True,EC
28,0.0,0.0,0.4296656777850164,0.4296656777850164,2022,H2,True,FO
55,0.0,0.0,0.2125360286093819,0.2125360286093819,2022,H2,True,FJ
36,0.1545585973972139,0.0453110227366815,0.4132039903102317,0.3678929675735501,2022,H2,True,GA
31,0.0,0.0,0.2874083703329142,0.2874083703329142,2022,H2,True,GF
6003,0.0261245911769597,0.0207138413479599,0.0329012207570468,0.0121873794090868,2022,H2,False,IT
31,0.1075633468498361,0.0162271992488833,0.4682814016940352,0.4520542024451518,2022,H2,True,GD
12,0.0,0.0,0.6589858966950786,0.6589858966950786,2022,H2,True,GN
33,0.0,0.0,0.3625478132472515,0.3625478132472515,2022,H2,True,GP
117,0.0,0.0,0.1662123765250836,0.1662123765250836,2022,H2,True,GE
44,0.0,0.0,0.2308151205635542,0.2308151205635542,2022,H2,True,GM
29,0.0973141977504357,0.0160736613130596,0.4156903942910079,0.3996167329779482,2022,H2,True,GL
22,0.1561756946713463,0.0269924052881024,0.5525331517322443,0.5255407464441418,2022,H2,True,GU
46,0.0874498627427728,0.0214168981481687,0.2955812315675099,0.2741643334193412,2022,H2,True,GT
4396,0.0468900574773749,0.0381505623709661,0.0575118802047402,0.019361317833774,2022,H2,True,BE
24,0.0775634379206901,0.0051295624612165,0.5782874757532643,0.5731579132920478,2022,H2,True,HN
14,0.1343310089559981,0.0168373382769334,0.5843810428339563,0.5675437045570229,2022,H2,True,HT
1161,0.0568060336322727,0.0390509399307066,0.0819453500580427,0.042894410127336,2022,H2,True,ET
71948,0.0464035931891043,0.0440786313386059,0.0488449208187946,0.0047662894801887,2021,H1,True,
561,0.0604586512969426,0.0346888967911197,0.1033232025942479,0.0686343058031282,2022,H2,True,GH
2515,0.0406033961596737,0.0299716154703663,0.0547935375692838,0.0248219220989174,2022,H2,True,CZ
32,0.0058192998022503,1.2227148186706008e-18,0.9999999999999644,0.9999999999999644,2022,H2,True,JM
246,0.0345213180209805,0.0125562331268075,0.0913558182619318,0.0787995851351243,2022,H2,True,IS
15271,0.0318341513146929,0.0278464676120138,0.0363715165304746,0.0085250489184608,2022,H1,True,ES
883,0.048035999180575,0.0300797413715614,0.0758728291651266,0.0457930877935651,2022,H2,True,HR
30,0.086789846929836,0.0169841921585605,0.3433027003977412,0.3263185082391806,2022,H2,True,KG
25,0.0596840096330087,0.005414373493995,0.4253045714560572,0.4198901979620623,2022,H2,True,KN
71,0.1263176748524273,0.0456786965410722,0.3039696577815453,0.258290961240473,2022,H2,True,KH
613,0.0657689637361494,0.0405825320652199,0.1048779419557923,0.0642954098905724,2022,H2,True,IQ
9905,0.032190479480687,0.0273518577111575,0.0378517563316127,0.0104998986204552,2022,H2,False,DE
1152,0.0472682878389028,0.0291962359215121,0.0756549273153114,0.0464586913937993,2022,H2,True,ID
37,0.0,0.0,0.1183453808804199,0.1183453808804199,2022,H2,True,LI
10,0.0,0.0,0.5974178041519509,0.5974178041519509,2022,H2,True,LS
27,0.0686286098761083,0.0099988082977137,0.3496320435895986,0.3396332352918849,2022,H2,True,LA
17,0.1225143761070064,0.0170908969306952,0.5285454962125827,0.5114545992818875,2022,H2,True,LR
31,0.0,0.0,0.3802138055438402,0.3802138055438402,2022,H2,True,MD
49,0.0,0.0,0.3764292093598763,0.3764292093598763,2022,H2,True,ME
34,0.0913374155639492,0.0221102815971476,0.3088561239066313,0.2867458423094837,2022,H2,True,MC
24,0.0,0.0,0.2558484811200045,0.2558484811200045,2022,H2,True,MQ
45,0.0585363670378506,0.0092808422281213,0.2921228352167222,0.2828419929886008,2022,H2,True,LY
25,0.0,0.0,0.4405994237562127,0.4405994237562127,2022,H2,True,MU
80,0.0017513976341867,3.8901769647480446e-14,0.999999987362032,0.999999987361993,2022,H2,True,MK
125,0.0,0.0,0.1600644929427425,0.1600644929427425,2022,H2,True,MT
3761,0.073329264019158,0.0612295707191676,0.0875968921422816,0.0263673214231139,2022,H2,True,EG
134,0.0,0.0,0.1415199705639802,0.1415199705639802,2022,H2,True,MW
47,0.0769587589297952,0.0164722713380239,0.2933143417224928,0.2768420703844689,2022,H2,True,MM
616,0.0547354756699566,0.0310923965454208,0.0946016950406704,0.0635092984952496,2022,H2,True,JO
239,0.008266967589695,1.876677871025372e-05,0.7873509962315149,0.7873322294528047,2022,H2,True,KW
57,0.0312942510891869,0.0045272328367685,0.1866469940928365,0.182119761256068,2022,H2,True,ML
57,0.0251008299318083,0.0035447682997382,0.1570776114322699,0.1535328431325316,2022,H2,True,MG
89,0.0560042618512554,0.0134633835739602,0.2050279006047061,0.1915645170307458,2022,H2,True,MN
5388,0.0420390427811594,0.0346653760521074,0.0508984624632373,0.0162330864111298,2022,H2,True,BR
1743,0.0698214550621511,0.0546571353783695,0.0887978357747832,0.0341407003964136,2022,H2,True,HU
21,0.0,0.0,0.5152534811660994,0.5152534811660994,2022,H2,True,NC
608,0.0823165848635258,0.0520079731477368,0.1279049878865289,0.075897014738792,2022,H2,True,KE
24,0.0,0.0,0.1409443783006,0.1409443783006,2022,H2,True,NI
245,0.03706057872846,0.0113227173615178,0.1145264835012249,0.103203766139707,2022,H2,True,LK
27,0.0757625470782869,0.0108238478595716,0.3804569134195768,0.3696330655600052,2022,H2,True,NE
72,0.1029550072123205,0.0365635354543964,0.2576587893984544,0.2210952539440579,2022,H2,True,MZ
50,0.0959119801257936,0.0213559054633952,0.3402563787169879,0.3189004732535927,2022,H2,True,
266,0.0432232340672952,0.016068939793551,0.1110839856341249,0.0950150458405738,2022,H2,True,LV
559,0.0583850818939644,0.0363414900467514,0.0925159394336165,0.056174449386865,2022,H2,True,LT
196,0.0,0.0,0.1107408076692803,0.1107408076692803,2022,H2,True,NP
30,0.0,0.0,0.4905095109921547,0.4905095109921547,2022,H2,True,PG
18,0.0714209966916235,0.009858697667653,0.3727041007990786,0.3628454031314255,2022,H2,True,PF
351,0.030291648462033,0.0124834747928643,0.0716604116510459,0.0591769368581815,2022,H2,True,KZ
123,0.0390533847896125,0.0093091931363161,0.149493575466469,0.1401843823301528,2022,H2,True,PA
465,0.0311228610649109,0.012395251850649,0.0759689282916551,0.0635736764410061,2022,H2,True,MA
328,0.0426919585818117,0.0195816482814284,0.0905578322866691,0.0709761840052407,2022,H2,True,LU
206,0.1158046852540842,0.055457337648887,0.2261010833620477,0.1706437457131606,2022,H2,True,OM
447,0.0448556079076875,0.0204274616462924,0.0956438654786665,0.075216403832374,2022,H2,True,LB
41,0.0,0.0,0.3528841179340573,0.3528841179340573,2022,H2,True,RE
37,0.0465108292819981,0.0065398325912084,0.265494494293928,0.2589546617027196,2022,H2,True,PY
117,0.0722763291981616,0.0259360356224407,0.1856343107174225,0.1596982750949818,2022,H2,True,PS
769,0.0348069653761346,0.0195789043968947,0.0611404794994054,0.0415615751025107,2022,H2,True,MO
188,0.0767828170470682,0.0366303323839609,0.153916644113645,0.1172863117296841,2022,H2,True,PR
15,0.200235306165288,0.0241471343899038,0.7169733110862008,0.692826176696297,2022,H2,True,SC
96,0.0870956462084554,0.0299662142983092,0.2275867725625074,0.1976205582641982,2022,H2,True,RW
2581,0.0510590386107996,0.0394156816526902,0.0659058523899853,0.0264901707372951,2022,H2,True,GR
909,0.040380316881096,0.0226303894348202,0.0710403063194617,0.0484099168846415,2022,H2,True,NG
385,0.0963161280288401,0.0569041656762746,0.1584390744380751,0.1015349087618005,2022,H2,True,PH
12,0.0,0.0,0.731822357708955,0.731822357708955,2022,H2,True,SR
34,0.0,0.0,0.3824939847582548,0.3824939847582548,2022,H2,True,SL
18,0.0,0.0,0.5767693989066894,0.5767693989066894,2022,H2,True,SS
14,0.0239373878508109,8.98389026682685e-06,0.9852826032778608,0.985273619387594,2022,H2,True,SV
15,0.0,0.0,0.5669396438145279,0.5669396438145279,2022,H2,True,SZ
159,0.0625448695751824,0.0276451840581462,0.1353688026113087,0.1077236185531624,2022,H2,True,SD
58,0.0,0.0,0.1399892675472283,0.1399892675472283,2022,H2,True,SY
26,0.069043550882224,0.0096366426107614,0.3611327868402084,0.3514961442294469,2022,H2,True,TG
15,0.1065388958998319,0.0155747969443267,0.4733299783966233,0.4577551814522966,2022,H2,True,TJ
101,0.1185767711184598,0.045322943109835,0.2759991364528298,0.2306761933429948,2022,H2,True,SN
33,0.0767637609882803,0.0080054526491514,0.4613994012386007,0.4533939485894493,2022,H2,True,TT
441,0.0387947489176509,0.0179657219114416,0.0817618877709845,0.0637961658595429,2022,H2,True,PE
3480,0.046299219217584,0.0369853529018822,0.0578177393386177,0.0208323864367355,2022,H2,True,FI
33951,0.0453621420876586,0.0418201406034381,0.0491887368203868,0.0073685962169487,2022,H1,False,CN
367,0.0658709789988128,0.0365274587755903,0.1159501097382117,0.0794226509626213,2022,H2,True,UG
4703,0.049023538967747,0.0405194865921226,0.0592022585661283,0.0186827719740057,2022,H2,True,DK
546,0.0390309807655747,0.0213325859628193,0.0703571008568322,0.0490245148940128,2022,H2,True,TN
2786,0.0577387910039206,0.0454989195000714,0.0730194737630646,0.0275205542629932,2022,H2,True,IL
2582,0.0668815191817018,0.0528430226940035,0.0843175321451973,0.0314745094511937,2022,H2,True,IE
326,0.0699451418903727,0.0363628691169135,0.1303465620882356,0.093983692971322,2022,H2,True,TZ
2380,0.1033103429502663,0.0853993591425523,0.1244666169173513,0.0390672577747989,2022,H2,True,MY
686,0.0563576837261752,0.0323626078596735,0.0963718785239207,0.0640092706642472,2022,H2,True,QA
766,0.0420284964582916,0.0246481040464369,0.0707752041225504,0.0461271000761135,2022,H2,True,RS
503,0.0218336473292264,0.0079591109875047,0.0584691409907481,0.0505100300032434,2022,H2,True,UA
3288,0.0569951490803571,0.0450635238398268,0.0718482593582996,0.0267847355184728,2022,H2,True,IR
2216,0.0490637795508159,0.0366154022614728,0.0654567608530914,0.0288413585916186,2022,H2,True,MX
43917,0.0457944977162828,0.0427932711834625,0.0489954358180235,0.0062021646345609,2022,H1,False,
756,0.0571535624167946,0.0347728743953094,0.0925577143220276,0.0577848399267181,2022,H2,True,SK
14968,0.0380513026519034,0.0332175083095852,0.0435568171538863,0.0103393088443011,2022,H2,False,
7293,0.0364334696188437,0.0303382761670978,0.0436980487870442,0.0133597726199464,2022,H2,True,CH
21895,0.0415957185076498,0.0378176252765326,0.045733314326008,0.0079156890494754,2022,H1,True,DE
1866,0.0470849921875351,0.0337224237136553,0.0653842135587974,0.0316617898451421,2022,H2,True,NZ
890,0.0332044847640301,0.0189153146037683,0.0576537638392169,0.0387384492354486,2022,H2,True,SI
4494,0.0585100540768371,0.0484849955976657,0.0704544731512267,0.021969477553561,2022,H2,True,HK
67,0.0,0.0,0.0699804064230195,0.0699804064230195,2022,H2,True,VE
34,0.0,0.0,0.3518223147954705,0.3518223147954705,2022,H2,True,XK
10,0.1338448889722127,0.0180490189969482,0.5650505098468572,0.547001490849909,2022,H2,True,WS
77,0.0083174676503936,6.214179835667541e-06,0.918831850700628,0.9188256365207922,2022,H2,True,UZ
142,0.0403123472640818,0.0125536172284785,0.1218756683593203,0.1093220511308418,2022,H2,True,UY
121,0.0314981755612022,0.0063590875628023,0.1418327458512472,0.1354736582884449,2022,H2,True,YE
102,0.1213064989965652,0.0515488168630049,0.2596227099379889,0.2080738930749839,2022,H2,True,ZW
144,0.0283978537347454,0.0046506943807726,0.1545712847341622,0.1499205903533896,2022,H2,True,ZM
17201,0.0324645206918756,0.0285738673688626,0.0368648263968951,0.0082909590280324,2022,H1,True,IT
2918,0.089069167353071,0.0739321879947682,0.1069474042248498,0.0330152162300815,2022,H2,True,PK
2360,0.0415136950970394,0.0302665232885336,0.0566960082297043,0.0264294849411707,2022,H2,True,RO
16,0.0,0.0,0.5041092956515835,0.5041092956515835,2023,H1,False,AF
17,0.0,0.0,0.5321128783483365,0.5321128783483365,2023,H1,False,AL
59,0.0,0.0,0.2509729789916544,0.2509729789916544,2023,H1,False,AM
2214,0.0670431529515427,0.0519625151071526,0.0861030112386165,0.0341404961314639,2022,H2,True,TH
901,0.0464701564742274,0.0274022853818721,0.0777457759137274,0.0503434905318553,2022,H2,True,VN
12,0.0219986276083184,1.0097011217992913e-07,0.9998004765368268,0.9998003755667146,2023,H1,False,BB
44,0.0932222221167944,0.0229373157207365,0.3104456121532649,0.2875082964325283,2023,H1,False,BA
47,0.0799607450678396,0.0202664397088182,0.2674798399188434,0.2472134002100251,2023,H1,False,AZ
63844,0.0533755893228931,0.0507600882911986,0.0561178912234907,0.005357802932292,2021,H2,True,CN
598,0.0602649792140611,0.0358020843629417,0.0997142963436393,0.0639122119806975,2023,H1,False,AE
30,0.0,0.0,0.1479737583032289,0.1479737583032289,2023,H1,False,BF
26,0.0,0.0,0.2115044769847477,0.2115044769847477,2023,H1,False,BH
25,0.0,0.0,0.2606480075211208,0.2606480075211208,2023,H1,False,BJ
21,0.0,0.0,0.4686078172700105,0.4686078172700105,2023,H1,False,BN
19,0.0,0.0,0.6332628478773814,0.6332628478773814,2023,H1,False,BO
2777,0.0542361171383726,0.0418015255651058,0.0700989948182021,0.0282974692530963,2022,H2,True,TR
12552,0.0373820613813435,0.0319805320374061,0.0436547690371376,0.0116742369997314,2022,H2,True,
27,0.0,0.0,0.3461367526666414,0.3461367526666414,2023,H1,False,BW
42,0.0,0.0,0.3710169846879761,0.3710169846879761,2023,H1,False,BY
3800,0.0308991467962815,0.0236001861806398,0.0403621820364326,0.0167619958557927,2022,H2,True,NO
2990,0.0418495382346828,0.0315610284374419,0.0553004582667802,0.0237394298293383,2022,H2,True,SG
363,0.0413715359870408,0.0187801120822564,0.0886829828656573,0.0699028707834008,2023,H1,False,BD
205,0.0156976382100917,0.0026484783117003,0.0874059584233633,0.084757480111663,2023,H1,False,BG
705,0.013792828679921,0.0054075528667617,0.0347268182862009,0.0293192654194392,2023,H1,False,AR
13040,0.0367104735608662,0.0319524036440637,0.0421462257438608,0.010193822099797,2022,H2,False,GB
17,0.0874138552861226,0.0120507993805289,0.4292878990392522,0.4172370996587232,2023,H1,False,CG
37,0.1151797522794105,0.0335484174652502,0.3280231782158706,0.2944747607506204,2023,H1,False,CD
3893,0.0381969923749505,0.0296580821894983,0.0490700315481661,0.0194119493586678,2022,H2,True,PT
22,0.0,0.0,0.4843335463610953,0.4843335463610953,2023,H1,False,CI
2641,0.0577713049592076,0.0443566671183629,0.0749248121812259,0.0305681450628629,2022,H2,True,ZA
88,0.1328469736180497,0.0582794587785324,0.2749649684518283,0.2166855096732958,2023,H1,False,CM
5212,0.0733633793181092,0.062897963897662,0.0854113954283366,0.0225134315306746,2022,H2,True,TW
1823,0.0333319074520034,0.0227092724076594,0.0486759676132264,0.025966695205567,2023,H1,False,AT
4217,0.0323828882363711,0.0248871651022541,0.0420389052102216,0.0171517401079674,2022,H2,True,RU
12980,0.0544116852859888,0.0484132787198123,0.0611055702729688,0.0126922915531565,2022,H2,True,AU
34,0.0,0.0,0.3577489258721953,0.3577489258721953,2023,H1,False,CU
237,0.0,0.0,0.071580168847274,0.071580168847274,2023,H1,False,CY
54,0.052414202553511,0.0079383609766052,0.2765977063101544,0.2686593453335492,2023,H1,False,CR
984,0.0189551027607376,0.0100258575404382,0.0355513385096435,0.0255254809692053,2023,H1,False,CL
8336,0.0716314254307552,0.0629824485165939,0.0813649775477506,0.0183825290311566,2022,H2,True,IN
5733,0.0628020837922237,0.0533447819470909,0.0738053172939071,0.0204605353468161,2022,H2,True,SA
6617,0.0514951074660555,0.0439431999405782,0.0602630497281923,0.0163198497876141,2022,H2,True,PL
18,0.0,0.0,0.566757226322848,0.566757226322848,2023,H1,False,DO
434,0.0275464814686997,0.0113961555139697,0.0650779542936055,0.0536817987796357,2023,H1,False,CO
149,0.0101592502050438,0.0004924355987117,0.1761482616581501,0.1756558260594383,2023,H1,False,EC
140,0.0330565675715631,0.0069149933896149,0.1437218772847723,0.1368068838951573,2023,H1,False,DZ
2658,0.0305300337156134,0.0220956473996431,0.042045579553157,0.0199499321535138,2023,H1,False,BR
196,0.0406045760632297,0.011439040574813,0.1340485376094986,0.1226094970346855,2023,H1,False,EE
12525,0.0604256926283385,0.0541671110371229,0.0673559073921023,0.0131887963549793,2022,H2,True,CA
14,0.0,0.0,0.7049713743952316,0.7049713743952316,2023,H1,False,FJ
217,0.0639547463511703,0.026209832733158,0.1478058301793271,0.121595997446169,2023,H1,False,ET
2695,0.0295101866941192,0.0213455137541312,0.0406680761149153,0.0193225623607841,2023,H1,False,BE
6841,0.0530151295878526,0.0456605091909951,0.0614780591927243,0.0158175500017292,2022,H2,True,SE
1338,0.0348944227642374,0.0223103516813135,0.0541831245293754,0.0318727728480618,2023,H1,False,CZ
52,0.0,0.0,0.1450210115520442,0.1450210115520442,2023,H1,False,GE
12,0.0,0.0,0.6872661132798451,0.6872661132798451,2023,H1,False,GL
24,0.1206042369163422,0.0297883008841078,0.3798835132283581,0.3500952123442503,2023,H1,False,GM
10,0.0,0.0,0.7834580151003079,0.7834580151003079,2023,H1,False,GU
23,0.0,0.0,0.2360659724061498,0.2360659724061498,2023,H1,False,GT
11,0.1990078024034073,0.0296933297964337,0.6685591237293815,0.6388657939329477,2023,H1,False,HN
187,0.0605751494530018,0.0256548587116926,0.136374603683116,0.1107197449714233,2023,H1,False,GH
10926,0.0788410042175285,0.070711250012057,0.0878171183954161,0.017105868383359,2022,H2,True,KR
127,0.0532734352239536,0.0173596042426972,0.1519938670384045,0.1346342627957072,2023,H1,False,IS
16,0.0,0.0,0.3098364087890696,0.3098364087890696,2023,H1,False,JM
463,0.0568612070917504,0.0311151398697213,0.1016751367085863,0.070559996838865,2023,H1,False,ID
323,0.010414936567729,0.0016823462475558,0.0616755985654688,0.059993252317913,2023,H1,False,HR
174,0.0907691933428115,0.0436317185572285,0.1792849755641812,0.1356532570069526,2023,H1,False,IQ
1945,0.0872596643656531,0.069505696963323,0.1090172453523099,0.0395115483889869,2023,H1,False,EG
81491,0.066333223360794,0.0636797440723003,0.0690891122191051,0.0054093681468047,2021,H1,True,US
19,0.0,0.0,0.3602578581285778,0.3602578581285778,2023,H1,False,KG
37,0.0,0.0,0.2452232712942112,0.2452232712942112,2023,H1,False,KH
1406,0.0433386253173979,0.0300127054944594,0.062201951130576,0.0321892456361165,2023,H1,False,FI
256,0.0625825168523261,0.0299178410552398,0.1262688025032293,0.0963509614479894,2023,H1,False,JO
725,0.0552349671516187,0.036524643186487,0.0827071779032525,0.0461825347167654,2023,H1,False,HU
195,0.0684876597477265,0.0284091622895448,0.1560273655209564,0.1276182032314115,2023,H1,False,KE
10,0.0,0.0,0.7415044481093389,0.7415044481093389,2023,H1,False,LA
13,0.0,0.0,0.7021191521828604,0.7021191521828604,2023,H1,False,LI
124,0.0,0.0,0.185746243081006,0.185746243081006,2023,H1,False,KZ
11,0.0,0.0,0.4019087711890968,0.4019087711890968,2023,H1,False,LY
14,0.0,0.0,0.676126586666207,0.676126586666207,2023,H1,False,MD
16,0.0,0.0,0.4779842195294619,0.4779842195294619,2023,H1,False,ML
20,0.0838539408044092,0.0070403937907105,0.5416103488663707,0.5345699550756602,2023,H1,False,MG
31,0.1884234001937167,0.0599113327056653,0.4582310923852084,0.398319759679543,2023,H1,False,MC
18,0.1263358446846307,0.0052808508492306,0.7975204711903346,0.792239620341104,2023,H1,False,MM
16,0.0661982832426605,0.0023699245989692,0.6790272910838204,0.6766573664848512,2023,H1,False,ME
11,0.0679533770127642,0.0014026062673668,0.7909890633348355,0.7895864570674687,2023,H1,False,MU
43,0.1813259570896101,0.0593103238908584,0.4375897976021344,0.3782794737112759,2023,H1,False,MW
44,0.029777833955463,0.0026252628905986,0.2635543050594566,0.260929042168858,2023,H1,False,MK
37,0.0943647169155631,0.0144571807732266,0.4253283177346778,0.4108711369614511,2023,H1,False,MN
121,0.0573399164815979,0.019601673086171,0.1561610936918899,0.1365594206057188,2023,H1,False,KW
97,0.0361785853208529,0.0033567147107859,0.294953279222768,0.291596564511982,2023,H1,False,LV
89,0.0743179882540179,0.0211600850795968,0.2296826466206752,0.2085225615410784,2023,H1,False,LK
70,0.0520019291375406,0.0142974906350744,0.1718072442628967,0.1575097536278223,2023,H1,False,MT
10,0.0,0.0,0.5979914005765699,0.5979914005765699,2023,H1,False,NC
18,0.2406803912469688,0.0590152791793321,0.6156735886154179,0.5566583094360857,2023,H1,False,
36,0.1467995869605672,0.0392056058650308,0.4204535894352966,0.3812479835702658,2023,H1,False,MZ
217,0.0630621194710268,0.0251569750230302,0.1493317117808484,0.1241747367578182,2023,H1,False,LB
210,0.0713760416965626,0.0332473660912091,0.1466005581519656,0.1133531920607564,2023,H1,False,LT
157,0.0506109938923194,0.0160957370562906,0.1480061520720906,0.1319104150158,2023,H1,False,LU
1209,0.0409839225938449,0.026092691757152,0.0638167766610593,0.0377240849039072,2023,H1,False,IE
38,0.0,0.0,0.3476986337497315,0.3476986337497315,2023,H1,False,PA
118,0.0,0.0,0.0611204130088518,0.0611204130088518,2023,H1,False,NP
333,0.0656112716952996,0.0323600014123306,0.1284925926731165,0.0961325912607858,2023,H1,False,MO
39,0.0,0.0,0.1053684032829717,0.1053684032829717,2023,H1,False,PS
6511,0.0435442966988832,0.0359159188736157,0.0527043327591332,0.0167884138855174,2023,H1,False,AU
81,0.0827130641483363,0.019993559526772,0.284970813564307,0.2649772540375349,2023,H1,False,OM
20,0.0,0.0,0.3841864368617017,0.3841864368617017,2023,H1,False,PY
10,0.0,0.0,0.6230141744950586,0.6230141744950586,2023,H1,False,RE
89,0.052005913359078,0.0105014360235753,0.2209230507826002,0.2104216147590249,2023,H1,False,PR
2532,0.0429196253284679,0.0323625024260862,0.0567187705465816,0.0243562681204954,2023,H1,False,DK
319,0.0100375321141286,0.0015542086123238,0.0619521801525297,0.0603979715402059,2023,H1,False,MA
40,0.036468343595517,0.005110213990878,0.2180731167672912,0.212962902776413,2023,H1,False,RW
30,0.0530439645455024,0.0040912571127759,0.4330397154942251,0.4289484583814492,2023,H1,False,SD
34,0.0,0.0,0.2325743518660858,0.2325743518660858,2023,H1,False,SY
23,0.1646423872326274,0.037591025467986,0.4986264713946903,0.4610354459267042,2023,H1,False,SS
14,0.0,0.0,0.6698316857375387,0.6698316857375387,2023,H1,False,TJ
30,0.1086317215571839,0.0274279975420648,0.3449733813506719,0.3175453838086071,2023,H1,False,SN
302,0.0469563245950575,0.0199866015558877,0.1063687358742142,0.0863821343183264,2023,H1,False,NG
1196,0.0263125320685614,0.014483829600908,0.0473375232792328,0.0328536936783248,2023,H1,False,GR
60538,0.0519480358725155,0.0492951030272727,0.0547355225801627,0.0054404195528899,2021,H1,True,CN
16,0.0,0.0,0.6334568723301246,0.6334568723301246,2023,H1,False,TT
1487,0.058301757428382,0.0411954866358175,0.0819045519495249,0.0407090653137073,2023,H1,False,IR
4153,0.031964036588613,0.0247942995035604,0.0411196183985383,0.0163253188949779,2023,H1,False,CH
205,0.0259327169224686,0.006973375750809,0.0916800428301775,0.0847066670793685,2023,H1,False,PE
653,0.0560021094273015,0.0307786130220689,0.099768795739073,0.068990182717004,2023,H1,False,MY
257,0.0239706491401415,0.0058780518761277,0.0925667025827872,0.0866886507066595,2023,H1,False,PH
233,0.0359761612946633,0.0092669405386723,0.129596949643957,0.1203300091052846,2023,H1,False,QA
307,0.0418877189282036,0.0192176232131963,0.0888772256135098,0.0696596024003134,2023,H1,False,RS
1808,0.0502616471041708,0.0371828081873116,0.0676178098668199,0.0304350016795082,2023,H1,False,IL
458,0.000541144123386,0.0,0.0223515054202204,0.0223515054202204,2023,H1,False,TN
127,0.0527719604903333,0.0157114300895263,0.1627933813978355,0.1470819513083091,2023,H1,False,UG
84,0.0620491686186991,0.0193660286964856,0.1814043113044843,0.1620382826079986,2023,H1,False,TZ
2503,0.0465609551219095,0.0346901023697686,0.0622320971999842,0.0275419948302155,2023,H1,False,HK
1025,0.0830177153660463,0.0591633846799092,0.115311176676046,0.0561477919961367,2023,H1,False,PK
10084,0.0511413253883842,0.0451430229599277,0.0578883229670935,0.0127453000071658,2022,H2,True,NL
271,0.0738634293770694,0.0391059533575917,0.1351678264582546,0.0960618731006628,2023,H1,False,SK
11453,0.0397871599268983,0.0348416413515268,0.0454016374434987,0.0105599960919718,2022,H2,True,FR
353,0.0270462081132373,0.0097004877968079,0.0731182305078903,0.0634177427110823,2023,H1,False,SI
533,0.0368544196943585,0.0189775325415195,0.0703635337869118,0.0513860012453922,2023,H1,False,RO
448,0.036248901903693,0.0170627616113825,0.0753548964909538,0.0582921348795712,2023,H1,False,UA
10834,0.057727669013434,0.0510997134601057,0.0651562817655488,0.014056568305443,2022,H2,True,JP
1053,0.0144242320597163,0.0069844843749156,0.0295528216728214,0.0225683372979057,2023,H1,False,MX
818,0.0245760907864863,0.011658855757223,0.0510653221266964,0.0394064663694733,2023,H1,False,NZ
831,0.0499727330476168,0.0298495848071483,0.0825081863172721,0.0526586015101237,2023,H1,False,TH
35,0.0,0.0,0.3053618937188178,0.3053618937188178,2023,H1,False,VE
14,0.0,0.0,0.7345346301766315,0.7345346301766315,2023,H1,False,XK
97,0.0,0.0,0.1645640709625997,0.1645640709625997,2023,H1,False,UY
36,0.0710463272008048,0.0042544967776367,0.5778763890051014,0.5736218922274646,2023,H1,False,YE
55,0.0403771539054576,0.0058713706385474,0.2306270509580786,0.2247556803195311,2023,H1,False,UZ
34,0.0223444936404767,7.164411179295938e-06,0.9864699887325112,0.9864628243213318,2023,H1,False,ZW
1555,0.0396341915727547,0.027203569398024,0.0574097491628077,0.0302061797647836,2023,H1,False,PT
53,0.1067584440158195,0.0330803694073176,0.2945470668453961,0.2614666974380784,2023,H1,False,ZM
1526,0.0590799239061275,0.0412383590973235,0.0839645455009704,0.0427261864036469,2023,H1,False,SA
1770,0.0543927815350799,0.0379631493314664,0.0773610307307986,0.0393978813993322,2023,H1,False,SG
19,0.0,0.0,0.2419026843537195,0.2419026843537195,2023,H1,True,AG
376,0.0232259625328123,0.0067072768217847,0.0772624448628631,0.0705551680410784,2023,H1,False,VN
12,0.0,0.0,0.698895651497807,0.698895651497807,2023,H1,True,AO
60,0.0,0.0,0.2550195886411145,0.2550195886411145,2023,H1,True,AL
32,0.0816247666891707,0.0135763077453444,0.3646618518631634,0.351085544117819,2023,H1,True,AF
1883,0.0275338743426269,0.0180417585482723,0.0418073532845097,0.0237655947362373,2023,H1,False,RU
89,0.0761196007837777,0.0218608141149658,0.2329733634023386,0.2111125492873728,2023,H1,True,AM
1600,0.0423792676947087,0.0298713133181023,0.0598018006404422,0.0299304873223398,2023,H1,False,NO
1618,0.0499636844531691,0.0357409012682852,0.0694387225855124,0.0336978213172272,2023,H1,False,TR
2045,0.0528416523526937,0.0384328129489826,0.0722466309059768,0.0338138179569941,2023,H1,False,TW
2390,0.0312994353784057,0.021922443687394,0.0445047889258437,0.0225823452384496,2023,H1,False,PL
1034,0.0445232356289295,0.0269435191151995,0.0727159522106883,0.0457724330954887,2023,H1,False,ZA
12,0.1228210630344075,0.0116206930013461,0.6251145004157685,0.6134938074144224,2023,H1,True,BB
91,0.0450041117116789,0.0101179200463742,0.1784874908699631,0.1683695708235888,2023,H1,True,AZ
25380,0.0449649216727274,0.0410969307008817,0.049178292361985,0.0080813616611033,2022,H2,False,CN
129,0.1144694190584613,0.045609163933355,0.259072666932855,0.2134635029994999,2023,H1,True,BA
19,0.0,0.0,0.2056119986483129,0.2056119986483129,2023,H1,True,BI
56,0.0054511322528417,1.8850274506406967e-08,0.9993729183669812,0.9993728995167068,2023,H1,True,BO
77,0.1847622453585434,0.0852465378485606,0.3553251428490558,0.2700786050004951,2023,H1,True,BN
94,0.0239253939912092,0.0003782827572147,0.6135580017440686,0.6131797189868539,2023,H1,True,BH
90,0.0530307928110576,0.0118650308496638,0.2070887483179304,0.1952237174682666,2023,H1,True,BF
7823,0.0462955298648085,0.0393692842581563,0.0543713424988783,0.015002058240722,2023,H1,False,CA
105,0.0521082217358007,0.0110934139913676,0.212221417275445,0.2011280032840774,2023,H1,True,BJ
12,0.0,0.0,0.5435017979484612,0.5435017979484612,2023,H1,True,BT
77,0.0449296754811139,0.0051224789336317,0.300610626131939,0.2954881471983073,2023,H1,True,BW
1587,0.0797407837509616,0.0599289859199353,0.1053680159369203,0.045439030016985,2023,H1,True,AE
94,0.0202465106974136,0.0029648673133029,0.1255728042366034,0.1226079369233005,2023,H1,True,BY
1240,0.0436653052277143,0.0292208328118726,0.0647735662704321,0.0355527334585594,2023,H1,True,AR
538,0.0711120123428517,0.0442788456836634,0.1122955506014004,0.068016704917737,2023,H1,True,BG
35,0.0296298880352214,9.85426663134874e-05,0.9044030715472614,0.904304528880948,2023,H1,True,CG
97,0.0,0.0,0.0948731941676508,0.0948731941676508,2023,H1,True,CD
73,0.0268915854165388,0.0009721289584661,0.4397160194762697,0.4387438905178035,2023,H1,True,CI
1149,0.0870502979576226,0.0633933767297064,0.1184192386369835,0.055025861907277,2023,H1,True,BD
3551,0.0380039675324996,0.0293326178074277,0.0491090616801812,0.0197764438727534,2023,H1,False,SE
243,0.041065089867358,0.0135620253575028,0.1176886050284489,0.104126579670946,2023,H1,True,CM
5775,0.0594916351914094,0.0495855345917161,0.0712284401136694,0.0216429055219532,2023,H1,False,IN
5619,0.0628731808643717,0.0528522901867384,0.0746443141415704,0.0217920239548319,2023,H1,False,KR
5204,0.0354594057448571,0.0286920276329407,0.0437510586149972,0.0150590309820564,2023,H1,False,NL
13,0.018428078674626,4.7197795927606885e-08,0.9998661101284864,0.9998660629306904,2023,H1,True,CW
1879,0.0557521579573846,0.0410175317269399,0.0753638980127428,0.0343463662858029,2023,H1,True,CL
15256,0.0352656292219324,0.0310658300614694,0.0400097557723008,0.0089439257108314,2022,H2,True,ES
7655,0.0509543395810947,0.0438744768756175,0.0591060292789742,0.0152315524033567,2023,H1,False,JP
99,0.0575961526903785,0.0169037311441627,0.1784647749256312,0.1615610437814685,2023,H1,True,CU
134,0.0765138805249314,0.0307712535272788,0.1777820010826856,0.1470107475554068,2023,H1,True,CR
7369,0.0239717316057524,0.0192852747051179,0.0297624691054731,0.0104771944003552,2023,H1,False,ES
7812,0.0322668096480779,0.0269436717839127,0.0385998971659976,0.0116562253820848,2023,H1,False,FR
4166,0.0394039025704624,0.0309926370053291,0.0499802056613512,0.0189875686560221,2023,H1,True,AT
582,0.046737233537195,0.0256864036616243,0.0835603189796717,0.0578739153180473,2023,H1,True,CY
29,0.007158554017091,1.700537594550764e-10,0.9999967288986448,0.999996728728591,2023,H1,True,DO
331,0.0499930348127674,0.0217403814614562,0.1108027413850403,0.0890623599235841,2023,H1,True,DZ
405,0.0365154636105502,0.0159603948633951,0.0813544068020956,0.0653940119387005,2023,H1,True,EE
478,0.0583383567558279,0.0324053182836252,0.1028195301641319,0.0704142118805066,2023,H1,True,EC
10,0.0,0.0,0.8441173827657924,0.8441173827657924,2023,H1,True,FK
24,0.0,0.0,0.5009486790192645,0.5009486790192645,2023,H1,True,FO
51,0.0,0.0,0.218581705864742,0.218581705864742,2023,H1,True,FJ
4953,0.0496725464905986,0.0409351790422039,0.0601578731029788,0.0192226940607749,2023,H1,True,BE
1228,0.0296888379960673,0.0167598245590555,0.0520635429678653,0.0353037184088098,2023,H1,True,CO
47843,0.0507154541980512,0.047743335076218,0.0538621285041193,0.0061187934279013,2022,H1,False,US
21,0.0,0.0,0.4404993157777255,0.4404993157777255,2023,H1,True,GA
35,0.0,0.0,0.2114604663085187,0.2114604663085187,2023,H1,True,GF
28,0.1729228329281712,0.0474100525455839,0.4676067196032878,0.4201966670577039,2023,H1,True,GD
15,0.0,0.0,0.3177720259116453,0.3177720259116453,2023,H1,True,GN
27,0.1167352807306394,0.0298871523212106,0.3618257616742374,0.3319386093530267,2023,H1,True,GL
27,0.0694428472511156,0.0052655948006999,0.5126779854273278,0.5074123906266279,2023,H1,True,GP
54,0.0515894945208348,0.0082825797362187,0.2616027123458626,0.2533201326096438,2023,H1,True,GM
118,0.0700540911040286,0.0227876635860614,0.1957246514741264,0.172936987888065,2023,H1,True,GE
10,0.0616363494543173,0.0003102425468203,0.9328975176305544,0.932587275083734,2023,H1,True,GW
14,0.1137183116967299,0.015685394407953,0.5081479775991432,0.4924625831911901,2023,H1,True,GU
43,0.0397693953005108,0.0057394007867771,0.2290810988573383,0.2233416980705611,2023,H1,True,GT
1132,0.0565584547114227,0.0376392634483094,0.0841556940100459,0.0465164305617365,2023,H1,True,ET
8061,0.0324000720968312,0.0271052433922884,0.0386880800155753,0.0115828366232868,2023,H1,False,IT
31,0.0,0.0,0.1899319398669432,0.1899319398669432,2023,H1,True,HN
17,0.0,0.0,0.3888240384999126,0.3888240384999126,2023,H1,True,HT
2684,0.046472760579427,0.0353006851833302,0.0609571929529684,0.0256565077696381,2023,H1,True,CZ
17019,0.0294759617468495,0.0258035176885299,0.033653025006625,0.0078495073180951,2022,H2,True,IT
5641,0.0402988257377756,0.0329255541914396,0.0492391809940746,0.0163136268026349,2023,H1,True,BR
619,0.0760669879943877,0.0484013750411302,0.1175918175876506,0.0691904425465203,2023,H1,True,GH
245,0.0230809552822699,0.0079082784316388,0.0654434050526688,0.05753512662103,2023,H1,True,IS
593,0.1115509015823748,0.0777182739741207,0.1575950078139267,0.079876733839806,2023,H1,True,IQ
37,0.0,0.0,0.4019780414290144,0.4019780414290144,2023,H1,True,JM
974,0.0431748349480214,0.0262242040604749,0.0702910251567185,0.0440668210962435,2023,H1,True,HR
1286,0.0944002299256457,0.0710336257909173,0.1244237987944185,0.0533901730035011,2023,H1,True,ID
35,0.0,0.0,0.2273211746448694,0.2273211746448694,2023,H1,True,KG
18,0.1213022158157398,0.015745953499755,0.5436358971253387,0.5278899436255836,2023,H1,True,KN
101,0.0888952514552611,0.0324508435070696,0.2210843430868762,0.1886334995798065,2023,H1,True,KH
34,0.1030986232594097,0.0140866462216457,0.4804653136721765,0.4663786674505307,2023,H1,True,LA
62,0.0,0.0,0.3056752658803906,0.3056752658803906,2023,H1,True,LI
13,0.1957039645680857,0.0114143795558846,0.8368087585014959,0.8253943789456113,2023,H1,True,LR
13,0.0,0.0,0.5021622917053036,0.5021622917053036,2023,H1,True,LS
28,0.0,0.0,0.3635760759637814,0.3635760759637814,2023,H1,True,MC
49,0.0,0.0,0.2420550700972339,0.2420550700972339,2023,H1,True,ME
51,0.0,0.0,0.1511327875631856,0.1511327875631856,2023,H1,True,MM
62,0.0,0.0,0.2583246207812444,0.2583246207812444,2023,H1,True,MG
23,0.0,0.0,0.2235867910143441,0.2235867910143441,2023,H1,True,MQ
751,0.0764233958395894,0.04969532803736,0.1157754996692449,0.0660801716318849,2023,H1,True,JO
45,0.1020719815933602,0.0229736190790384,0.3546511965437695,0.331677577464731,2023,H1,True,LY
44,0.0415447290919296,0.0022153440755767,0.4583530338674457,0.4561376897918689,2023,H1,True,MD
17,0.1024778606347654,0.0055043558979714,0.7019736464226168,0.6964692905246453,2023,H1,True,MU
16,0.1368712915524298,0.0221886475751274,0.5256500494036528,0.5034614018285253,2023,H1,True,MV
78,0.0305010163792071,0.0044486694964885,0.1813322684154252,0.1768835989189366,2023,H1,True,MK
76,0.1104765194276055,0.0415245716044589,0.2625595914471167,0.2210350198426577,2023,H1,True,MN
55,0.0813009747913631,0.0163321646334237,0.3205055879080967,0.304173423274673,2023,H1,True,ML
131,0.0,0.0,0.0932877734714232,0.0932877734714232,2023,H1,True,MT
32,0.0,0.0,0.2168811235802589,0.2168811235802589,2023,H1,True,NC
23,0.1950628981071455,0.0540565524757119,0.5068165430834608,0.4527599906077488,2023,H1,True,NE
291,0.0500204354539875,0.0199570805519774,0.1198337637802865,0.0998766832283091,2023,H1,True,KW
12,0.2502420810315352,0.0636679976327661,0.6209646915607485,0.5572966939279824,2023,H1,True,NI
71,0.143127063350549,0.0545167896428077,0.3260893099737777,0.2715725203309699,2023,H1,True,MZ
40,0.1382540233435836,0.0464289646734115,0.3458242901757463,0.2993953255023347,2023,H1,True,
273,0.0418360225105755,0.0151473246983565,0.1102829431529924,0.0951356184546358,2023,H1,True,LK
342,0.0438227339753699,0.0187716630651154,0.098934097522958,0.0801624344578426,2023,H1,True,LV
136,0.0914205350612866,0.0369988225528655,0.2085552781512145,0.1715564555983489,2023,H1,True,MW
599,0.0681740924131979,0.0419501062431257,0.1089274406780332,0.0669773344349075,2023,H1,True,KE
29078,0.0403987787160436,0.036945350106332,0.0441602109802287,0.0072148608738967,2022,H1,True,GB
4010,0.0717920103614949,0.0593173096610415,0.0866485418652722,0.0273312322042306,2023,H1,True,EG
673,0.0532464514825487,0.0324412734578767,0.0862055838898599,0.0537643104319831,2023,H1,True,LT
329,0.0213377397128757,0.0069150045289051,0.063906402460748,0.0569913979318429,2023,H1,True,LU
369,0.0209954352042092,0.0047993778174181,0.0870654174829843,0.0822660396655662,2023,H1,True,KZ
16,0.0,0.0,0.5405637767554967,0.5405637767554967,2023,H1,True,PF
23,0.118699865024246,0.0100189959845782,0.6418959674206701,0.6318769714360919,2023,H1,True,PG
125,0.0,0.0,0.0655256072406933,0.0655256072406933,2023,H1,True,PA
3515,0.0497757866774542,0.0399183902671534,0.0619103895521145,0.0219919992849611,2023,H1,True,FI
652,0.0565682709532146,0.0315212508821929,0.0994736243959215,0.0679523735137286,2023,H1,True,LB
2580,0.0717782556850636,0.0570980310052981,0.089873093156358,0.0327750621510598,2023,H1,True,IE
253,0.0323631914484809,0.0087026018646442,0.1130179916170236,0.1043153897523794,2023,H1,True,NP
913,0.0440122797206858,0.0263231234478742,0.0727009913017925,0.0463778678539182,2023,H1,True,MO
46,0.0,0.0,0.258611296138629,0.258611296138629,2023,H1,True,PY
132,0.0903727479127829,0.0312031157104361,0.2345765458150074,0.2033734301045713,2023,H1,True,PS
1873,0.0440180863723122,0.0318442435990006,0.0605548179435988,0.0287105743445981,2023,H1,True,HU
248,0.1216609869400588,0.0672706730333154,0.2101207294753829,0.1428500564420675,2023,H1,True,OM
213,0.1225917403879021,0.0714348560202493,0.2023984481432449,0.1309635921229956,2023,H1,True,PR
48,0.0362738290872596,0.0053929061868626,0.2071553999641333,0.2017624937772706,2023,H1,True,RE
529,0.0156875995611884,0.0038869591657023,0.061116362127667,0.0572294029619647,2023,H1,True,MA
402,0.0744575265406225,0.0424520920305423,0.1273825174073823,0.08493042537684,2023,H1,True,PH
106,0.1193286112252758,0.0506819653328528,0.2558915383316046,0.2052095729987517,2023,H1,True,RW
473,0.0294956141123453,0.0119754121141655,0.0708110754163262,0.0588356633021607,2023,H1,True,PE
2938,0.0530479752321411,0.0414228796644285,0.0677051532789308,0.0262822736145023,2023,H1,True,GR
151,0.0726197100823023,0.0283382853281378,0.1737240459549071,0.1453857606267693,2023,H1,True,SD
12,0.0,0.0,0.7736002175629274,0.7736002175629274,2023,H1,True,SV
35,0.0,0.0,0.2565089649812958,0.2565089649812958,2023,H1,True,SL
15,0.0,0.0,0.6296400520632522,0.6296400520632522,2023,H1,True,SS
17,0.0,0.0,0.4000885258561063,0.4000885258561063,2023,H1,True,SZ
21,0.0810948942267613,0.0036093075361946,0.6825461724379837,0.678936864901789,2023,H1,True,SO
25,0.0476575682579124,0.0013818388456627,0.6440969592171933,0.6427151203715306,2023,H1,True,TG
7930,0.0476332141050769,0.0405826101392361,0.0558374616547098,0.0152548515154737,2023,H1,True,CH
14,0.088785314193779,0.0012954465204812,0.8797948624639023,0.878499415943421,2023,H1,True,TJ
1030,0.0573526298246206,0.0367199258706687,0.0885134369467379,0.0517935110760692,2023,H1,True,NG
73,0.0439896005166321,0.007082975677772,0.2288743642014436,0.2217913885236715,2023,H1,True,SY
90,0.0976164182025599,0.0368751324779269,0.2340929937647183,0.1972178612867914,2023,H1,True,SN
35,0.0,0.0,0.4231115213171795,0.4231115213171795,2023,H1,True,TT
11837,0.0353648050272646,0.0306399221251693,0.0407876391990441,0.0101477170738748,2023,H1,False,DE
5262,0.0557818292064174,0.0471229980457307,0.0659216449769193,0.0187986469311886,2023,H1,True,DK
3134,0.0584276607517819,0.0462149231136112,0.0736186275173431,0.0274037044037318,2023,H1,True,IL
753,0.0515603294182852,0.0290251231987992,0.0899707267662846,0.0609456035674854,2023,H1,True,QA
342,0.0734413648593811,0.038428410249021,0.1358484752902256,0.0974200650412045,2023,H1,True,TZ
17958,0.0393244510161203,0.0349200608499592,0.0442588810429932,0.009338820193034,2023,H1,False,
939,0.0637022392544695,0.0422375819034483,0.0949931005452086,0.0527555186417602,2023,H1,True,RS
520,0.0284224505497191,0.0110574890539073,0.0710972608040582,0.0600397717501509,2023,H1,True,UA
2656,0.1012233243358719,0.0828632785882954,0.1231053670266709,0.0402420884383755,2023,H1,True,MY
419,0.061384251775301,0.0330316027412038,0.1112728795405644,0.0782412767993606,2023,H1,True,UG
814,0.05269743517785,0.0320961881573456,0.0853556958818427,0.0532595077244971,2023,H1,True,SK
1040,0.0418697698474947,0.0273439540002269,0.0636074502691678,0.0362634962689409,2023,H1,True,SI
1987,0.0498475947671583,0.036514093671416,0.0677078087505462,0.0311937150791301,2023,H1,True,NZ
564,0.0293283362573515,0.0121439628760646,0.0691279041315264,0.0569839412554618,2023,H1,True,TN
2323,0.0442507040923181,0.0328130307445151,0.0594302420740315,0.0266172113295163,2023,H1,True,MX
3537,0.0614041823702123,0.0490760159690361,0.0765798523241863,0.0275038363551501,2023,H1,True,IR
3237,0.0958373552910157,0.0799997828189771,0.1144203496818022,0.0344205668628251,2023,H1,True,PK
10,0.0,0.0,0.7866072992099467,0.7866072992099467,2023,H1,True,VI
2316,0.083402725309898,0.0669199926480154,0.1034949375430761,0.0365749448950606,2023,H1,True,TH
74,0.0,0.0,0.2165760114546983,0.2165760114546983,2023,H1,True,VE
38,0.1472457295305493,0.0456906214907747,0.3837545089815432,0.3380638874907684,2023,H1,True,XK
212,0.0594232390493506,0.0264662418113172,0.128022979975003,0.1015567381636858,2023,H1,True,UY
146,0.1057857475564328,0.0444006349016265,0.2314798018648861,0.1870791669632596,2023,H1,True,ZM
181,0.0499827612721033,0.0152764719332246,0.151413584566327,0.1361371126331023,2023,H1,True,YE
111,0.0457137024844223,0.0139412108695949,0.139642241355227,0.125701030485632,2023,H1,True,ZW
150,0.021258432051339,0.0026699279574805,0.1498220103165246,0.1471520823590441,2023,H1,True,UZ
23,0.0,0.0,0.4578787838543051,0.4578787838543051,2023,H2,False,AF
46,0.0,0.0,0.1650916310563545,0.1650916310563545,2023,H2,False,AM
24,0.0405221100395488,0.0016036245565772,0.5261762741681969,0.5245726496116196,2023,H2,False,AL
2538,0.0353658285965938,0.0252586065935566,0.0493128426572254,0.0240542360636687,2023,H1,True,RO
42,0.0,0.0,0.4214366604162403,0.4214366604162403,2023,H2,False,AZ
13,0.1242542932807193,0.0045598535505866,0.8146335052561053,0.8100736517055187,2023,H2,False,BB
25,0.1073701878839976,0.0152859154343701,0.482417430332752,0.4671315148983819,2023,H2,False,BA
43,0.0,0.0,0.1295395352883365,0.1295395352883365,2023,H2,False,BF
15,0.0,0.0,0.4631837974820011,0.4631837974820011,2023,H2,False,BI
22,0.2443026613059293,0.0772424139513247,0.5552612508846873,0.4780188369333624,2023,H2,False,BH
16,0.1212333362678504,0.0153212179051771,0.5501983601411636,0.5348771422359865,2023,H2,False,BO
32,0.0760185097578852,0.0072017635505572,0.4826997003519503,0.4754979368013931,2023,H2,False,BJ
40,0.225478466248883,0.0878712993213887,0.4680103207465007,0.3801390214251119,2023,H2,False,BN
251,0.1291878558836065,0.0750136135197367,0.2134576765852591,0.1384440630655223,2023,H2,False,BD
17,0.0,0.0,0.7125097270684339,0.7125097270684339,2023,H2,False,BW
561,0.1157519447848955,0.0781243745760065,0.1681958344714874,0.0900714598954809,2023,H2,False,AE
938,0.077277036458107,0.0522768168008013,0.112809923458355,0.0605331066575536,2023,H1,True,VN
46,0.0844035839170529,0.0193954019591044,0.3005251643597851,0.2811297624006807,2023,H2,False,BY
13704,0.04894201091445,0.0429183584526465,0.0557618349002545,0.0128434764476079,2023,H1,True,
165,0.0237624891041557,0.0059978656890017,0.0894100453503696,0.0834121796613679,2023,H2,False,BG
584,0.0307073594357556,0.0149822546332535,0.0619000644348378,0.0469178098015843,2023,H2,False,AR
25,0.1082255979947399,0.020714806539844,0.4104715489176372,0.3897567423777931,2023,H2,False,CG
40,0.0732099183232123,0.0123149319097825,0.3335347420448982,0.3212198101351156,2023,H2,False,CD
5195,0.0620984413953543,0.0523031386888657,0.073585762823189,0.0212826241343232,2023,H1,True,HK
27,0.1226536670984621,0.025832542635052,0.4243048397068878,0.3984722970718358,2023,H2,False,CI
3370,0.0562602019508416,0.0445635199276121,0.0707994409606443,0.0262359210330321,2023,H1,True,TR
79,0.0937512286346554,0.0341784832317517,0.2321955079946793,0.1980170247629275,2023,H2,False,CM
4206,0.0448542725754227,0.0360447968644832,0.0556924220319549,0.0196476251674717,2023,H1,True,RU
5233,0.0849941875256248,0.0735847265695129,0.0979855976110908,0.0244008710415779,2023,H1,True,TW
15751,0.0362619568185704,0.0317866112425613,0.0413404977907872,0.0095538865482259,2023,H1,False,GB
4086,0.0424879493041452,0.0338390382593783,0.0532256531775874,0.0193866149182091,2023,H1,True,NO
21041,0.0448667198452496,0.0408771816290195,0.0492256457415329,0.0083484641125134,2022,H2,True,DE
3361,0.0615806081034093,0.0494845367072347,0.0763958151272597,0.026911278420025,2023,H1,True,SG
26,0.0,0.0,0.367339959110329,0.367339959110329,2023,H2,False,CU
4712,0.0406522762872061,0.0326272671482196,0.0505479798886435,0.0179207127404238,2023,H1,True,PT
56,0.1186556641172732,0.0408111929000349,0.2987381751624706,0.2579269822624357,2023,H2,False,CR
926,0.0220090097113223,0.0109756006836928,0.043644484758369,0.0326688840746761,2023,H2,False,CL
227,0.0846742405287915,0.0418620988549726,0.1637856623718139,0.1219235635168412,2023,H2,False,CY
1713,0.036216157662339,0.0242761400636492,0.0537055356068158,0.0294293955431665,2023,H2,False,AT
400,0.0522036372487041,0.0256199672772626,0.1034425845227071,0.0778226172454445,2023,H2,False,CO
20,0.0,0.0,0.5682244597905123,0.5682244597905123,2023,H2,False,DO
122,0.050634897456473,0.0132500288241108,0.1748137617728489,0.161563732948738,2023,H2,False,EC
107,0.0552602664128451,0.0148710163256608,0.1847709458093122,0.1698999294836514,2023,H2,False,DZ
188,0.1012859369880385,0.0508881502824225,0.1915239587448418,0.1406358084624193,2023,H2,False,EE
2311,0.0475547172639648,0.0358170732303283,0.0628880265321695,0.0270709533018411,2023,H2,False,BE
10,0.2387492509372725,0.0210958853459001,0.8202817834990008,0.7991858981531006,2023,H2,False,FJ
14,0.2790092867989573,0.0829069395073167,0.6235697376869798,0.540662798179663,2023,H2,False,GA
28837,0.0458339917740093,0.042175917591891,0.0497928504964992,0.0076169329046082,2022,H2,True,GB
241,0.1295437109630282,0.0767298720327012,0.2104246543693964,0.1336947823366951,2023,H2,False,ET
2319,0.0483845950521237,0.0360716509912687,0.0646187685974719,0.0285471176062031,2023,H2,False,BR
2873,0.0601244080757759,0.0473475262059703,0.0760738426510668,0.0287263164450964,2023,H1,True,ZA
11,0.0,0.0,0.7269795182346449,0.7269795182346449,2023,H2,False,GL
14,0.1832575771394717,0.0203636621401693,0.7077677633200918,0.6874041011799225,2023,H2,False,GF
34,0.1040643416170753,0.0193495358978511,0.4060857050507514,0.3867361691529002,2023,H2,False,GM
62,0.0590626891781126,0.0108399289573748,0.2644561915278626,0.2536162625704878,2023,H2,False,GE
11,0.1926350366181389,0.0140208169867735,0.8001345092727659,0.7861136922859924,2023,H2,False,GY
25,0.1180742660409322,0.0240457722826345,0.4211311569763917,0.3970853846937571,2023,H2,False,GT
17,0.0852697483797643,0.0045657891646459,0.6545203004581368,0.6499545112934908,2023,H2,False,HN
1226,0.054669333520908,0.0374468075633307,0.0791614092399055,0.0417146016765747,2023,H2,False,CZ
156,0.0741470925186554,0.0222071444155444,0.220209616452086,0.1980024720365415,2023,H2,False,GH
81738,0.0683158688192607,0.0656847187232337,0.0710444013305874,0.0053596826073536,2021,H2,True,US
15,0.0,0.0,0.628113428120306,0.628113428120306,2023,H2,False,JM
288,0.0590267914826646,0.0281852657968849,0.1194676928946805,0.0912824270977955,2023,H2,False,HR
148,0.1146301093497718,0.0558668047953161,0.2207513661468193,0.1648845613515031,2023,H2,False,IQ
1190,0.1013579255206912,0.0770664144099558,0.1322093560849768,0.0551429416750209,2023,H2,False,EG
154,0.0830396546191021,0.039192630503127,0.1673944878876592,0.1282018573845321,2023,H2,False,IS
19,0.0,0.0,0.4677698750376822,0.4677698750376822,2023,H2,False,KG
38,0.2260216511937888,0.0817507917628792,0.4892434399501262,0.407492648187247,2023,H2,False,KH
223,0.1751582767007779,0.1124660481558467,0.2624627102493108,0.149996662093464,2023,H2,False,JO
309,0.0764792836799059,0.0360174828741607,0.1550829979735296,0.1190655150993689,2023,H2,False,ID
10,0.1666265462347838,0.0195638693535294,0.6670470566648447,0.6474831873113153,2023,H2,False,LI
14,0.0983681092457897,0.0133789654461218,0.4674518239860801,0.4540728585399582,2023,H2,False,LA
18,0.0,0.0,0.5441310571070622,0.5441310571070622,2023,H2,False,ME
12,0.1213131791068682,0.0148623571163469,0.5581959362771336,0.5433335791607866,2023,H2,False,MD
12,0.0,0.0,0.3725802788213471,0.3725802788213471,2023,H2,False,ML
13,0.1334045950366674,0.0188424008594052,0.552370255361921,0.5335278545025157,2023,H2,False,MC
27,0.077074202220012,0.0048044300995786,0.5909370422724671,0.5861326121728885,2023,H2,False,LY
19,0.0,0.0,0.5688761316932096,0.5688761316932096,2023,H2,False,MG
19,0.0224951995551874,1.982952047545641e-07,0.999625710354102,0.9996255120588974,2023,H2,False,MM
89,0.0964380862389361,0.0349018616484641,0.2395410691400038,0.2046392074915397,2023,H2,False,KW
16,0.0,0.0,0.3028440085483842,0.3028440085483842,2023,H2,False,MU
28,0.0852601252545136,0.0077302257050076,0.5272208713246814,0.5194906456196737,2023,H2,False,MK
66,0.0,0.0,0.1844761612060446,0.1844761612060446,2023,H2,False,MT
46,0.0159069179184625,2.642730785630016e-06,0.98998655205747,0.9899839093266842,2023,H2,False,MN
84,0.0164103894093007,9.148444669866888e-05,0.7526250326587987,0.7525335482121,2023,H2,False,LV
211,0.0674958113284703,0.0260779057879403,0.1636423165992201,0.1375644108112798,2023,H2,False,KE
52,0.121334165662322,0.0213678878696575,0.4661902032499185,0.4448223153802609,2023,H2,False,MW
12,0.0,0.0,0.7624471057095821,0.7624471057095821,2023,H2,False,
91,0.173561237711718,0.0846657549506079,0.3228702049489633,0.2382044499983553,2023,H2,False,LK
6967,0.077553811023216,0.0674868998377134,0.0889791002314478,0.0214922003937343,2023,H1,True,SA
47,0.0345724856903204,0.0014991565023906,0.4606631225197846,0.4591639660173939,2023,H2,False,MZ
198,0.1198269501482913,0.0638242623832264,0.2137496092733508,0.1499253468901244,2023,H2,False,LB
1302,0.0450207196708109,0.0299970427996584,0.0670487282298656,0.0370516854302072,2023,H2,False,FI
6601,0.059160204688344,0.050763387946316,0.06884521184051,0.0180818238941939,2023,H1,True,PL
12,0.1742135319842339,0.0125024568742247,0.7785333584832901,0.7660309016090654,2023,H2,False,PG
116,0.0474039324787185,0.0113476951338911,0.1774612255267479,0.1661135303928568,2023,H2,False,KZ
77,0.0991395464659142,0.0345405872594141,0.2529056651748795,0.2183650779154654,2023,H2,False,NP
176,0.0787502172134525,0.0331441175128258,0.1757058513309656,0.1425617338181398,2023,H2,False,LU
192,0.0815842042138652,0.0391222986088524,0.1623460939023187,0.1232237952934661,2023,H2,False,MA
191,0.0743376751083107,0.0291807754878841,0.1766584261162635,0.1474776506283794,2023,H2,False,LT
38,0.1953053722024975,0.0583082123212636,0.4875370952245599,0.4292288829032962,2023,H2,False,PS
79,0.1029043049070211,0.0341132521119869,0.2714327608465056,0.2373195087345186,2023,H2,False,OM
67,0.0426875698297965,0.0068673285771602,0.2233317465871236,0.2164644180099633,2023,H2,False,PA
19,0.1480540340248803,0.0269268968053184,0.5218465660534503,0.4949196692481317,2023,H2,False,PY
23,0.0452590079109965,0.0007206362297623,0.7570508837628233,0.7563302475330609,2023,H2,False,RE
186,0.1159468261811324,0.0612222103721762,0.2087127285093038,0.1474905181371276,2023,H2,False,PH
32,0.0,0.0,0.3756084684742883,0.3756084684742883,2023,H2,False,RW
978,0.0351941062744843,0.0212288980192297,0.0578036285674066,0.0365747305481768,2023,H2,False,GR
314,0.0715267170916478,0.0352463874822134,0.1397423680779902,0.1044959805957767,2023,H2,False,NG
36,0.1588646469255064,0.0504226270171299,0.4018354845474897,0.3514128575303598,2023,H2,False,SD
682,0.0290209332731552,0.014199904030972,0.058394943680937,0.0441950396499649,2023,H2,False,HU
119,0.0710014908967407,0.0225276198295319,0.2022025886666367,0.1796749688371047,2023,H2,False,PR
1339,0.1280269592016218,0.1016274498434187,0.1600623658348288,0.0584349159914101,2023,H2,False,IR
208,0.0512142227241202,0.0176875189941382,0.139280198563331,0.1215926795691927,2023,H2,False,PE
13,0.0,0.0,0.6222649286662434,0.6222649286662434,2023,H2,False,SS
11,0.1290503670641188,0.0182426624372146,0.5416081716135294,0.5233655091763147,2023,H2,False,SL
298,0.091184830807982,0.0469620195169193,0.1696385919626875,0.1226765724457681,2023,H2,False,MO
976,0.0533812947761546,0.034491437552532,0.081740675850783,0.0472492382982509,2023,H2,False,IE
19,0.1904667985007929,0.0417905580323671,0.5593282298217129,0.5175376717893457,2023,H2,False,SY
32,0.0960674933827031,0.0170700830861725,0.3940792969244988,0.3770092138383262,2023,H2,False,SN
18,0.0,0.0,0.6716137269266157,0.6716137269266157,2023,H2,False,TT
287,0.0655173692670228,0.033348970638694,0.124712112918522,0.091363142279828,2023,H2,False,RS
9341,0.0937145112196883,0.0842169819964401,0.1041612949757511,0.0199443129793109,2023,H1,True,IN
243,0.0552061569571759,0.0209881229859642,0.1373830818442756,0.1163949588583114,2023,H2,False,QA
126,0.0615549724937214,0.0204961837963758,0.1705435576222512,0.1500473738258753,2023,H2,False,TZ
1531,0.0483081836859507,0.0340052555867735,0.0682023120014093,0.0341970564146358,2023,H2,False,IL
205,0.0139368200193329,0.0021632869620342,0.0843691477581981,0.0822058607961639,2023,H2,False,TN
987,0.0448960825932962,0.0281198253004751,0.0709503698264691,0.0428305445259939,2023,H2,False,MX
120,0.0378238294984144,0.0069886576850457,0.1800420067720245,0.1730533490869787,2023,H2,False,UG
225,0.0437091777841894,0.0154668740641117,0.1173734975493697,0.1019066234852579,2023,H2,False,SK
416,0.0791805865801862,0.0472335111134234,0.1297919703703438,0.0825584592569204,2023,H2,False,RO
558,0.177272680895285,0.1327664994279906,0.2326951258559797,0.0999286264279891,2023,H2,False,MY
7339,0.0470816270103582,0.040169889888047,0.0551143279109345,0.0149444380228874,2023,H1,True,SE
791,0.1357121622652403,0.1014189074699704,0.1792875412604042,0.0778686337904338,2023,H2,False,TH
13562,0.064528972894675,0.0580780858729754,0.0716418792864791,0.0135637934135036,2023,H1,True,CA
824,0.1407685532097365,0.1058957820855634,0.1847523615933871,0.0788565795078237,2023,H2,False,PK
299,0.0230398431106842,0.006879609960527,0.0743197769198404,0.0674401669593134,2023,H2,False,SI
287,0.0129350638861998,0.001952473755179,0.0806992227566538,0.0787467490014748,2023,H2,False,UA
693,0.0642813745470329,0.0410777626931737,0.0992356171715622,0.0581578544783885,2023,H2,False,NZ
2348,0.0464641896066629,0.034798255681023,0.0617906946594717,0.0269924389784486,2023,H2,False,DK
1223,0.0514255511264724,0.0347667009931979,0.0754427783255746,0.0406760773323766,2023,H2,False,PT
2110,0.0994476028512472,0.0806420076951283,0.1220564123492082,0.0414144046540798,2023,H2,False,HK
1116,0.081441973034949,0.0591203775137121,0.1111953353383274,0.0520749578246152,2023,H2,False,TR
1424,0.0991113588591964,0.0754987770503956,0.12907780470496,0.0535790276545643,2023,H2,False,SA
37,0.0,0.0,0.1333018914798426,0.1333018914798426,2023,H2,False,VE
10,0.2594760849895959,0.0378583575734111,0.7572981203762318,0.7194397628028206,2023,H2,False,XK
42,0.0570027199168386,0.0016648225199388,0.686636615520925,0.6849717930009862,2023,H2,False,YE
53,0.1035251064935758,0.0274733956048779,0.3206834039488177,0.2932100083439397,2023,H2,False,UZ
39,0.0699799567960307,0.0058271876015879,0.4913463711545782,0.4855191835529903,2023,H2,False,ZM
36,0.0622534345705307,0.0045069044598576,0.4932743069442432,0.4887674024843855,2023,H2,False,ZW
87,0.083710318567752,0.0298736404857863,0.2132423758663779,0.1833687353805915,2023,H2,False,UY
3894,0.0449071086387804,0.0356901861839722,0.0563651548813722,0.0206749686974,2023,H2,False,CH
1369,0.0383914049390891,0.0253323453180346,0.0577834189733205,0.0324510736552858,2023,H2,False,RU
1548,0.0712135621825937,0.0527149666312095,0.0955488660690068,0.0428338994377972,2023,H2,False,SG
5784,0.0675116311141588,0.0573399086360681,0.0793358891131472,0.021995980477079,2023,H2,False,AU
1679,0.0860740273867963,0.0666506465951854,0.110487722067571,0.0438370754723855,2023,H2,False,TW
11,0.0,0.0,0.8160070792874016,0.8160070792874016,2023,H2,True,AO
33,0.1860815286611233,0.0599216785629123,0.4505556841685766,0.3906340056056643,2023,H2,True,AF
340,0.0891920349401796,0.0501104559493542,0.1538179642760064,0.1037075083266522,2023,H2,False,VN
30,0.1066758934689348,0.0278257846269463,0.3325361675800532,0.3047103829531069,2023,H2,True,AG
57,0.12636932450131,0.0438951112046047,0.3130640547217427,0.2691689435171379,2023,H2,True,AL
11870,0.1019323925493043,0.0932035791313239,0.1113782792232927,0.0181747000919687,2023,H1,True,KR
151,0.0644403324952863,0.0189280617169626,0.1973705548416081,0.1784424931246455,2023,H2,True,AM
1488,0.0498233388827477,0.0350308894063105,0.0704064260412507,0.0353755366349402,2023,H2,False,NO
15288,0.0638036487099901,0.0576455693801381,0.070570310319403,0.0129247409392648,2023,H1,True,AU
12620,0.0494993238342419,0.0440078094055628,0.0556362166434523,0.0116284072378894,2023,H1,True,FR
11,0.0,0.0,0.7798142769171476,0.7798142769171476,2023,H2,True,BB
109,0.2094084110204539,0.1120408227430428,0.3573401115880958,0.2452992888450529,2023,H2,True,BA
125,0.038713694648827,0.0043078753356789,0.2726607840446068,0.2683529087089278,2023,H2,True,AZ
2286,0.0513108445332262,0.0386944746777514,0.0677508768649586,0.0290564021872072,2023,H2,False,PL
980,0.0516792251379078,0.0311959441914271,0.0844396184488465,0.0532436742574193,2023,H2,False,ZA
15,0.1789918144142521,0.0333284797051534,0.5795826730083724,0.546254193303219,2023,H2,True,BI
15,0.0134261976347734,7.23914824245896e-09,0.9999609137878932,0.999960906548745,2023,H2,True,BM
1437,0.1848230161547075,0.1554038617661795,0.2183715008402626,0.062967639074083,2023,H2,True,AE
92,0.0935758560329616,0.0310541385644335,0.2495538381075181,0.2184996995430846,2023,H2,True,BF
44,0.0418351748256697,0.0035199316302935,0.3505148086654696,0.3469948770351761,2023,H2,True,BO
92,0.2086067321022661,0.1084640119594297,0.3635101986357961,0.2550461866763663,2023,H2,True,BH
75,0.0294760215693788,0.0022253871437545,0.2925727392621746,0.29034735211842,2023,H2,True,BJ
74,0.1812815962979433,0.0814202898763045,0.3561364217062995,0.274716131829995,2023,H2,True,BN
10,0.2079500321841498,0.0285589609753905,0.701019321984798,0.6724603610094074,2023,H2,True,BT
12,0.1071556373407578,0.0111689962158513,0.560482824122327,0.5493138279064756,2023,H2,True,BS
74,0.1463173040290329,0.0562987363230791,0.3299466364549842,0.2736479001319051,2023,H2,True,BW
80,0.0929219316849243,0.0300249221821668,0.2531853793097111,0.2231604571275442,2023,H2,True,BY
607,0.0930241323380121,0.062495255335455,0.1362981794548314,0.0738029241193764,2023,H2,True,BG
11176,0.0518610103749646,0.0457992026843072,0.0586757996059622,0.0128765969216549,2023,H1,True,NL
48,0.0,0.0,0.2797748544392584,0.2797748544392584,2023,H2,True,CG
1109,0.0644786303449079,0.0450037021757152,0.0915730421548459,0.0465693399791307,2023,H2,True,AR
1180,0.1533196895679249,0.122943884495698,0.1895782394447821,0.066634354949084,2023,H2,True,BD
96,0.0744747403060365,0.0249908559933922,0.2016737630996791,0.1766829071062869,2023,H2,True,CD
4657,0.1203190505712823,0.1057280692202381,0.1366160400984218,0.0308879708781837,2023,H2,False,KR
93,0.1071389028641758,0.0395512799678402,0.2590701245579243,0.219518844590084,2023,H2,True,CI
226,0.0738686177761649,0.0375288388820437,0.1402685077988533,0.1027396689168095,2023,H2,True,CM
4473,0.0919058099990504,0.0785914648513198,0.1072133077895805,0.0286218429382607,2023,H2,False,IN
11415,0.065706427192299,0.0585986698114966,0.073608912502568,0.0150102426910714,2023,H1,True,JP
3458,0.052658199284026,0.0425385568484861,0.0650217503403007,0.0224831934918146,2023,H2,False,SE
6937,0.0667283163286737,0.0576748618151614,0.0770866705319964,0.0194118087168349,2023,H2,False,CA
5816,0.0372789116661917,0.0303577366018514,0.0457036505306175,0.015345913928766,2023,H2,False,ES
1746,0.0866573680317829,0.0671618659008784,0.1111377340519551,0.0439758681510766,2023,H2,True,CL
10145,0.0367308290287382,0.0307167244228004,0.0438691566082421,0.0131524321854416,2023,H2,False,
6301,0.0427494513873301,0.0358980085433525,0.0508395947452222,0.0149415862018697,2023,H2,False,FR
140,0.0,0.0,0.0425599539010752,0.0425599539010752,2023,H2,True,CR
68,0.037940459145059,0.0057946952215281,0.2106327294405831,0.2048380342190549,2023,H2,True,CU
6106,0.0585867642496536,0.0494941717769259,0.0692280998864124,0.0197339281094864,2023,H2,False,JP
4966,0.0438794389606972,0.0359869089169127,0.0534070359732309,0.0174201270563182,2023,H2,False,NL
562,0.0977374268691549,0.063845030699704,0.1468003907694063,0.0829553600697023,2023,H2,True,CY
48,0.0,0.0,0.099587840832256,0.099587840832256,2023,H2,True,DO
4024,0.059328238041291,0.0488295779639304,0.07191351266786,0.0230839347039296,2023,H2,True,AT
1271,0.0835686465462787,0.0614641898012169,0.1126682541943309,0.0512040643931139,2023,H2,True,CO
303,0.0676077235397907,0.031866611490979,0.1377325520083198,0.1058659405173408,2023,H2,True,DZ
455,0.0906719009179057,0.0543686440308009,0.1474362986842964,0.0930676546534954,2023,H2,True,EC
449,0.0591169424441403,0.0318591962124072,0.1071153471636823,0.075256150951275,2023,H2,True,EE
14,0.0,0.0,0.6174396300215446,0.6174396300215446,2023,H2,True,FO
46,0.2205879205261207,0.0904224023725159,0.4462092677118516,0.3557868653393357,2023,H2,True,FJ
28,0.0,0.0,0.4213192558146321,0.4213192558146321,2023,H2,True,GA
36,0.0,0.0,0.4123613168383013,0.4123613168383013,2023,H2,True,GF
21,0.0,0.0,0.5732029480757475,0.5732029480757475,2023,H2,True,GL
35,0.1826436323736238,0.0577549046717598,0.4489239193156521,0.3911690146438922,2023,H2,True,GD
19,0.0,0.0,0.5508896612564718,0.5508896612564718,2023,H2,True,GN
43,0.0286049218457899,0.0012998365395014,0.3998493499625209,0.3985495134230194,2023,H2,True,GM
32,0.0585242100259859,0.0084004061325913,0.313248242765608,0.3048478366330167,2023,H2,True,GP
1055,0.09542320560585,0.0710018678008597,0.1270951793647084,0.0560933115638486,2023,H2,True,ET
19,0.0866391544617604,0.0120739894841645,0.4240415487737382,0.4119675592895737,2023,H2,True,GU
50,0.0758514672619832,0.0177182835190434,0.271918531718901,0.2542002481998575,2023,H2,True,GT
5434,0.0776665680578008,0.0671715301977268,0.0896437952715834,0.0224722650738566,2023,H2,True,BR
6759,0.0330368363099357,0.0269881969559101,0.0403848412753601,0.01339664431945,2023,H2,False,IT
198,0.1034785204063479,0.048562385655167,0.2069857007219689,0.1584233150668019,2023,H2,True,GE
13,0.0,0.0,0.8317459982743846,0.8317459982743846,2023,H2,True,HT
25,0.0663518312667055,0.0094053144874932,0.3472325815203207,0.3378272670328275,2023,H2,True,HN
2551,0.0616730524627871,0.0479084657011702,0.0790639361514705,0.0311554704503003,2023,H2,True,CZ
609,0.0692300199498901,0.0394543014621764,0.1187002173522655,0.0792459158900891,2023,H2,True,GH
3267,0.150288825009619,0.1319939988856202,0.1706209385337095,0.0386269396480893,2023,H2,True,EG
278,0.0676949105498396,0.0317726090909281,0.1384247168490509,0.1066521077581228,2023,H2,True,IS
611,0.2131077376967271,0.1676011609889853,0.2670067796027667,0.0994056186137813,2023,H2,True,IQ
839,0.0608872807972918,0.0391267550475103,0.0935714888640597,0.0544447338165493,2023,H2,True,HR
31,0.0683942182403701,0.0084119730164569,0.3885072594224797,0.3800952864060227,2023,H2,True,JM
10741,0.0442165910789719,0.0384831898541595,0.0507590874345205,0.0122758975803609,2023,H2,False,DE
1213,0.1295693748444201,0.1007812531565496,0.1650712421187664,0.0642899889622167,2023,H2,True,ID
14,0.1910044027713699,0.0472682591952387,0.5290921948121099,0.4818239356168711,2023,H2,True,KN
32,0.2630167040210344,0.0977123359496215,0.5404638660066319,0.4427515300570103,2023,H2,True,KG
90,0.0685367039278176,0.0174027259543363,0.2341181103150373,0.2167153843607009,2023,H2,True,KH
720,0.1721407764965724,0.1320596566414047,0.2212853206157756,0.0892256639743709,2023,H2,True,JO
22,0.0994886117554546,0.0066637094050907,0.6453253491795524,0.6386616397744617,2023,H2,True,LA
17,0.0,0.0,0.5754392940420607,0.5754392940420607,2023,H2,True,LR
33,0.0457091004525112,0.0011287955334051,0.6699883582109593,0.6688595626775541,2023,H2,True,LI
44,0.0,0.0,0.2669032184054404,0.2669032184054404,2023,H2,True,ML
32,0.0102913816210183,3.2223813269548404e-07,0.9970286620207846,0.9970283397826518,2023,H2,True,MC
66,0.2493398371124728,0.1083644756434412,0.4758399791500929,0.3674755035066516,2023,H2,True,LY
1862,0.0770981501677422,0.0600852290497036,0.0984237891425976,0.0383385600928939,2023,H2,True,HU
19,0.0,0.0,0.5675030764753434,0.5675030764753434,2023,H2,True,MQ
42,0.1279453153992313,0.0274203607289747,0.4329482815078494,0.4055279207788747,2023,H2,True,MD
16,0.0,0.0,0.4714081500048362,0.4714081500048362,2023,H2,True,MU
40,0.1028468027604574,0.0262132941503063,0.3280436698841325,0.3018303757338261,2023,H2,True,MM
77,0.1957351112100154,0.0908339180812354,0.3721889030705693,0.2813549849893338,2023,H2,True,MK
103,0.1423404417960403,0.0647215953951255,0.2847090057216875,0.219987410326562,2023,H2,True,MN
631,0.1359080977707331,0.0993221745942571,0.1832290505005973,0.0839068759063401,2023,H2,True,KE
81,0.0882029314293233,0.0225490956571773,0.2885777876991672,0.2660286920419898,2023,H2,True,ME
73,0.0539650077614847,0.0099961656996722,0.2437221063152484,0.2337259406155761,2023,H2,True,MG
36,0.0,0.0,0.1998032225588333,0.1998032225588333,2023,H2,True,
75,0.0,0.0,0.1316761501076245,0.1316761501076245,2023,H2,True,MZ
28,0.0661770223009373,0.0094616698112059,0.3445895956615541,0.3351279258503482,2023,H2,True,NC
21,0.1891809105353488,0.0381983693292135,0.5781864474735272,0.5399880781443136,2023,H2,True,NE
15,0.0,0.0,0.610123773174658,0.610123773174658,2023,H2,True,NI
124,0.0675624192268841,0.0255278384483114,0.1669534860494724,0.141425647601161,2023,H2,True,MT
4659,0.0654852206172404,0.0552191258054181,0.0775033715077704,0.0222842457023522,2023,H2,True,BE
139,0.043424197136897,0.0118036405646174,0.1471397344505803,0.1353360938859629,2023,H2,True,MW
327,0.1331877890825939,0.0828403235256879,0.2072211197414217,0.1243807962157338,2023,H2,True,KW
262,0.1233714376124381,0.0703708672810957,0.2073849186500888,0.137014051368993,2023,H2,True,LK
17563,0.0376042215858488,0.0334098951796005,0.0423020652083925,0.008892170028792,2023,H1,True,ES
314,0.0436805506003689,0.0179735650199089,0.1023242724080036,0.0843507073880947,2023,H2,True,LU
313,0.0630727706701171,0.0293873956372425,0.1301909629558233,0.1008035673185808,2023,H2,True,LV
549,0.1589039097454225,0.1162423871767452,0.2134410166002398,0.0971986294234946,2023,H2,True,MA
2599,0.084834451710368,0.0689464567959431,0.1039748052761615,0.0350283484802183,2023,H2,True,GR
419,0.0843551616302093,0.0489592351160231,0.1415328942736108,0.0925736591575876,2023,H2,True,KZ
587,0.0922828609661265,0.060429083966559,0.1384533260260916,0.0780242420595326,2023,H2,True,LT
669,0.1540474362754712,0.1157665196591349,0.2020937092344598,0.0863271895753249,2023,H2,True,LB
865,0.1413418395625764,0.1075391490952509,0.1835840458821313,0.0760448967868804,2023,H2,True,MO
17,0.0,0.0,0.5834479952411943,0.5834479952411943,2023,H2,True,PG
20,0.0924693522142863,0.0100393277181777,0.5058634601036353,0.4958241323854575,2023,H2,True,PF
105,0.0591795006393782,0.0194509997912345,0.166291691479277,0.1468406916880425,2023,H2,True,PA
231,0.1772571828958553,0.112004733009364,0.2690085393797983,0.1570038063704343,2023,H2,True,OM
2831,0.0800810172570768,0.065425843024332,0.0976758141401352,0.0322499711158031,2023,H2,True,IL
229,0.0479166763607787,0.0161611549213585,0.1335965390250834,0.1174353841037249,2023,H2,True,NP
891,0.1132077268399446,0.0844353552769134,0.1501764341442818,0.0657410788673684,2023,H2,True,NG
36,0.0,0.0,0.2681538975271825,0.2681538975271825,2023,H2,True,PY
469,0.1173173578923915,0.07704679522685,0.1746533336225776,0.0976065383957275,2023,H2,True,PH
141,0.1874071558354407,0.1067178013975192,0.3080655406469603,0.2013477392494411,2023,H2,True,PS
48,0.0361371669824487,0.0051402019002235,0.2138715257986242,0.2087313238984006,2023,H2,True,RE
227,0.0737226994740344,0.0359262509618217,0.145290524825877,0.1093642738640553,2023,H2,True,PR
85,0.1851421184056924,0.0895772057073216,0.3441235348525224,0.2545463291452008,2023,H2,True,RW
2994,0.0860005467748794,0.0705975308242198,0.1043867493307242,0.0337892185065044,2023,H2,True,IE
11,0.0,0.0,0.4486350159052283,0.4486350159052283,2023,H2,True,SC
464,0.0812164919256859,0.0491758463710591,0.1312515591871463,0.0820757128160871,2023,H2,True,PE
3689,0.1328062311508833,0.1157507715509031,0.1519429253738081,0.0361921538229049,2023,H2,True,IR
135,0.095700645171359,0.0422204756011162,0.2025942367084413,0.1603737611073251,2023,H2,True,SD
728,0.139827846550467,0.1019808206227985,0.1887681373687239,0.0867873167459253,2023,H2,True,QA
14,0.0218181749942591,7.199896243350065e-08,0.9998553009234252,0.9998552289244628,2023,H2,True,SS
15,0.0,0.0,0.5598216551962495,0.5598216551962495,2023,H2,True,SZ
11,0.1829866624610583,0.0128226818573553,0.7943175346073439,0.7814948527499885,2023,H2,True,SO
23,0.0,0.0,0.3784885263403603,0.3784885263403603,2023,H2,True,TG
38,0.0570942349067946,0.0082037494997787,0.3071238859332492,0.2989201364334705,2023,H2,True,SL
20,0.073481576082203,0.002174191638674,0.7427141153594428,0.7405399237207687,2023,H2,True,SV
7572,0.0504164693016918,0.0430355290375628,0.0589852735003936,0.0159497444628308,2023,H2,True,CH
13,0.0,0.0,0.8445659458258775,0.8445659458258775,2023,H2,True,TJ
69,0.2055782906125253,0.0967489709395744,0.3846886268542479,0.2879396559146734,2023,H2,True,SY
90,0.0144646631093033,0.0003319640230498,0.3934577419762035,0.3931257779531536,2023,H2,True,SN
2178,0.1566940809738077,0.1331023100635362,0.1835818664611349,0.0504795563975987,2023,H2,True,MY
3429,0.0660609856202469,0.0541974151861294,0.0803009566045787,0.0261035414184492,2023,H2,True,FI
836,0.0954093209443699,0.0668461543379166,0.1344193403415955,0.0675731860036789,2023,H2,True,RS
42,0.0484657013974741,0.006917386804328,0.2713739341717952,0.2644565473674671,2023,H2,True,TT
5026,0.1127806506165146,0.0993903081719516,0.1277191703611702,0.0283288621892186,2023,H2,True,HK
5120,0.0672012591334907,0.0572836638580278,0.0786925713856037,0.0214089075275758,2023,H2,True,DK
750,0.0826936975994842,0.0547171163888155,0.1231116025234113,0.0683944861345957,2023,H2,True,SK
394,0.0709922024255884,0.0392838207698057,0.124965250672406,0.0856814299026003,2023,H2,True,UG
524,0.1301975098174068,0.0918734865563647,0.1813161343843468,0.089442647827982,2023,H2,True,TN
2322,0.0844527261791704,0.0674225345576419,0.1052988519787208,0.0378763174210789,2023,H2,True,MX
319,0.08570822999373,0.0458205640996468,0.1546896447276456,0.1088690806279987,2023,H2,True,TZ
952,0.0850517374728823,0.0612466094176182,0.116956620924618,0.0557100115069997,2023,H2,True,SI
2016,0.0800064126722025,0.0631693963059663,0.1008480341236217,0.0376786378176554,2023,H2,True,NZ
636,0.0524131856456539,0.0303298052114581,0.0890982282393135,0.0587684230278554,2023,H2,True,UA
3015,0.1791258562105332,0.1586761997527992,0.2015795391961094,0.0429033394433101,2023,H2,True,PK
2244,0.1116825466714789,0.0930450335156109,0.1335037436924809,0.04045871017687,2023,H2,True,RO
22626,0.0487025490462367,0.0445179671930205,0.0532585467322156,0.008740579539195,2023,H1,True,DE
2111,0.137778466655888,0.1152203876812869,0.1639347151068411,0.0487143274255541,2023,H2,True,TH
42885,0.0527030149323859,0.0494463074205032,0.0561615474485211,0.0067152400280179,2022,H2,False,US
10,0.1209961151613691,0.0165697880216045,0.5293173030762893,0.5127475150546847,2023,H2,True,VI
11869,0.0629686880584396,0.0553948475913508,0.0714996770537335,0.0161048294623827,2023,H2,True,
14347,0.050251760465463,0.0447915289927194,0.0563383533549688,0.0115468243622493,2023,H2,False,GB
32,0.0997457013403472,0.0166530910137218,0.4202516300881739,0.4035985390744521,2023,H2,True,XK
61,0.1093734214277437,0.0350226661984393,0.2935497828695272,0.2585271166710879,2023,H2,True,VE
146,0.1199122159723565,0.0541666940284141,0.2448032831794581,0.1906365891510439,2023,H2,True,UZ
168,0.0460332909356035,0.0103997540910394,0.1813824913188014,0.1709827372277619,2023,H2,True,UY
118,0.1751667854770909,0.0932330838237125,0.3048935192601127,0.2116604354364002,2023,H2,True,YE
108,0.0816094128051,0.0219876384866942,0.2599334582383703,0.237945819751676,2023,H2,True,ZW
145,0.0964074000037984,0.0417604720384742,0.2071084741436328,0.1653480021051586,2023,H2,True,ZM
3297,0.1189767985367812,0.1019797281171461,0.1383702821030956,0.0363905539859495,2023,H2,True,TR
12876,0.0868208332201987,0.079424908381202,0.0948345079332872,0.0154095995520852,2023,H2,True,CA
935,0.120388368552476,0.0896330914871298,0.1598436328329103,0.0702105413457804,2023,H2,True,VN
8396,0.1544142494878385,0.1424000921505536,0.167244358530615,0.0248442663800614,2023,H2,True,IN
3725,0.0568108986794739,0.0458036367341143,0.070268564536534,0.0244649278024197,2023,H2,True,RU
21276,0.0389782777342557,0.0349855677859705,0.0434061578888895,0.0084205901029189,2023,H1,True,IT
4167,0.0851230054978496,0.0725878245867464,0.0995904281935622,0.0270026036068158,2023,H2,True,PT
3110,0.0844999335137414,0.0689921922706616,0.103107390897789,0.0341151986271273,2023,H2,True,SG
6020,0.1733181243161921,0.1587855717524855,0.1888820954813891,0.0300965237289035,2023,H2,True,SA
4588,0.1284509083337184,0.1133194937854137,0.1452717714347818,0.0319522776493681,2023,H2,True,TW
2919,0.0990479673949585,0.0820919930446115,0.1190519355796829,0.0369599425350714,2023,H2,True,ZA
4040,0.0629273812841077,0.0520343240711556,0.0759182050955853,0.0238838810244296,2023,H2,True,NO
11,0.2776698841055834,0.0645598558328123,0.6816414958697699,0.6170816400369574,2024,H1,False,AG
46,0.2232022865047122,0.0956823706093945,0.438301941664196,0.3426195710548015,2024,H1,False,AF
22,0.1153346974045717,0.0077798584932726,0.6843131100692113,0.6765332515759386,2024,H1,False,AL
6535,0.083165651364517,0.0729444079157681,0.0946728704476771,0.0217284625319089,2023,H2,True,PL
80,0.0871367262036095,0.0279731481982534,0.2404750270859799,0.2125018788877265,2024,H1,False,AM
607,0.1510997818056589,0.1092354092408709,0.2053105762486626,0.0960751670077916,2024,H1,False,AE
15,0.0652296162915921,0.0004589640558899,0.913828621033454,0.913369656977564,2024,H1,False,BB
39,0.0959852891012015,0.0136553052266802,0.4488239355382003,0.43516863031152,2024,H1,False,BA
58,0.0726254349783199,0.0134447235665412,0.3103567368026079,0.2969120132360666,2024,H1,False,AZ
649,0.0583624630842368,0.03456922390902,0.0968885703025018,0.0623193463934818,2024,H1,False,AR
39,0.0613463627473943,0.0037551826778128,0.5312180305331585,0.5274628478553457,2024,H1,False,BF
17,0.0,0.0,0.5429409105206254,0.5429409105206254,2024,H1,False,BI
32,0.2766172380990172,0.103063842782022,0.5599671047089697,0.4569032619269477,2024,H1,False,BH
31,0.070321453798446,0.0049939425626541,0.5327030544737257,0.5277091119110715,2024,H1,False,BJ
340,0.2306892054914796,0.165065257481151,0.3126337983159656,0.1475685408348146,2024,H1,False,BD
22,0.2235780070037624,0.0634682886838687,0.5502724074927843,0.4868041188089155,2024,H1,False,BN
28,0.0755783313914108,0.0120318674002201,0.3543652682194553,0.3423334008192352,2024,H1,False,BO
19,0.0,0.0,0.3620111627389949,0.3620111627389949,2024,H1,False,BW
183,0.0935342148866443,0.0447774315826481,0.1850935652933844,0.1403161337107363,2024,H1,False,BG
11342,0.1771751248025777,0.1660845755834712,0.1888385574599689,0.0227539818764976,2023,H2,True,KR
56,0.0366145891560487,0.0051104144318791,0.2194863304224306,0.2143759159905515,2024,H1,False,BY
27,0.0,0.0,0.3305094610501364,0.3305094610501364,2024,H1,False,CG
40,0.0868834652120726,0.0074104488881354,0.548059835265457,0.5406493863773215,2024,H1,False,CD
28,0.1312024197896539,0.0198767749942495,0.5293135085431553,0.5094367335489057,2024,H1,False,CI
89,0.1399255501047178,0.0591958514988922,0.2961011819539649,0.2369053304550726,2024,H1,False,CM
29973,0.0484336279191865,0.0446094137143944,0.0525676407844867,0.0079582270700922,2023,H1,True,GB
15075,0.0920310545959628,0.0845946539860609,0.1000497142835413,0.0154550602974803,2023,H2,True,AU
11216,0.0512910020148802,0.0451348010451546,0.0582356726988836,0.013100871653729,2023,H2,True,FR
2054,0.0485612336569349,0.0343940888785767,0.068152046116203,0.0337579572376262,2024,H1,False,AT
6959,0.066484783046768,0.0579540670302312,0.0761696717829234,0.0182156047526922,2023,H2,True,SE
979,0.0735315261414153,0.050743860250594,0.1054160812856918,0.0546722210350978,2024,H1,False,CL
30533,0.0941377012217571,0.0889248275210314,0.0996227449054105,0.0106979173843791,2023,H2,False,CN
22,0.0,0.0,0.4906805699851641,0.4906805699851641,2024,H1,False,CU
45,0.0117865607211251,1.47294420892769e-07,0.9989656578197664,0.9989655105253455,2024,H1,False,CR
250,0.2445339534729051,0.1671319799628437,0.3430188442643353,0.1758868643014916,2024,H1,False,CY
17,0.0,0.0,0.652673064444924,0.652673064444924,2024,H1,False,DO
444,0.1127063105063721,0.0733148450145621,0.1693936781159624,0.0960788331014002,2024,H1,False,CO
2619,0.0791403718171716,0.0628588073121654,0.0991927787694273,0.036333971457262,2024,H1,False,BR
146,0.1276605534754653,0.0677154017107238,0.2277107214623263,0.1599953197516025,2024,H1,False,DZ
163,0.0624196985164109,0.019918637091116,0.1790402791487377,0.1591216420576217,2024,H1,False,EC
18,0.1105222616501118,0.0091054885309124,0.6268895038231679,0.6177840152922554,2024,H1,False,FJ
15,0.282778427472383,0.0777723717996758,0.6482973719775931,0.5705250001779173,2024,H1,False,FO
218,0.0450079830199869,0.0133780421732458,0.1407524987038374,0.1273744565305916,2024,H1,False,EE
12,0.0,0.0,0.6050414392234233,0.6050414392234233,2024,H1,False,GA
379,0.1520565526950191,0.1026169579072913,0.2194895895623285,0.1168726316550372,2024,H1,False,ET
2685,0.0566389602550192,0.0438450640027555,0.072881527985092,0.0290364639823365,2024,H1,False,BE
10,0.0015702667253028,4.2060678777468506e-104,1.0,1.0,2024,H1,False,GD
19,0.0282252586655208,3.798870963762944e-05,0.9569080069483784,0.9568700182387408,2024,H1,False,GF
12,0.160720789716359,0.0146884671032328,0.7109794267472254,0.6962909596439925,2024,H1,False,GP
16,0.0991596782994707,0.0057270989529667,0.6777846485305739,0.6720575495776071,2024,H1,False,GL
19,0.1631458751113627,0.0113981746912571,0.7672465316371228,0.7558483569458656,2024,H1,False,GM
54,0.0984583476824741,0.0277465261706939,0.2947469655835036,0.2670004394128096,2024,H1,False,GE
20,0.0,0.0,0.2873446523851888,0.2873446523851888,2024,H1,False,GT
147,0.1379199282698847,0.0689873201741638,0.256736651211268,0.1877493310371042,2024,H1,False,GH
1384,0.0674630319994541,0.0477099051962076,0.0945821856515929,0.0468722804553852,2024,H1,False,CZ
374,0.1058058707349538,0.0655973019720935,0.166274960820132,0.1006776588480384,2024,H1,False,HR
175,0.1360511369560985,0.0714826331347948,0.2436390358262548,0.17215640269146,2024,H1,False,IQ
476,0.1939341975251101,0.1418879473925159,0.2593027090174747,0.1174147616249587,2024,H1,False,ID
12,0.1187087825658138,0.0155769535850244,0.5341551173972829,0.5185781638122585,2024,H1,False,JM
150,0.0647119667143731,0.0264670868297237,0.1497214904429809,0.1232544036132571,2024,H1,False,IS
23,0.0,0.0,0.3189195927089061,0.3189195927089061,2024,H1,False,KG
1971,0.1340342848753571,0.1119694595690039,0.1596654492047454,0.0476959896357414,2024,H1,False,EG
43,0.2377373556465216,0.0935952677809501,0.4850686387963285,0.3914733710153784,2024,H1,False,KH
258,0.2053967961318155,0.134805827022294,0.3001298049374015,0.1653239779151074,2024,H1,False,JO
14,0.0,0.0,0.3427224164200463,0.3427224164200463,2024,H1,False,ML
19,0.0,0.0,0.5238684330958637,0.5238684330958637,2024,H1,False,MG
19,0.0,0.0,0.5611380625921952,0.5611380625921952,2024,H1,False,MD
12,0.0,0.0,0.7138163678533792,0.7138163678533792,2024,H1,False,MM
28,0.0,0.0,0.1305104303306409,0.1305104303306409,2024,H1,False,MK
19,0.0,0.0,0.5594822667181805,0.5594822667181805,2024,H1,False,MQ
14,0.1400793091182368,0.0199315040973821,0.5661249058180716,0.5461934017206894,2024,H1,False,MC
1522,0.0776958052134706,0.0578537138050804,0.1035948608683504,0.04574114706327,2024,H1,False,FI
19,0.25639373788017,0.0770567630830186,0.5874492545703344,0.5103924914873157,2024,H1,False,LY
11,0.2719332972756187,0.0337050897715997,0.7999766602321352,0.7662715704605355,2024,H1,False,MU
10590,0.0612418028453621,0.0544058186244552,0.0688741533971606,0.0144683347727053,2023,H2,True,NL
43,0.0,0.0,0.111534595143143,0.111534595143143,2024,H1,False,MW
61,0.4348870939977798,0.2552507838377441,0.6334213647797176,0.3781705809419734,2024,H1,False,MN
209,0.117837455471015,0.0648941661427931,0.204526771013149,0.1396326048703558,2024,H1,False,KE
48,0.0202224584892148,5.181946210071692e-06,0.9879820262708772,0.9879768443246671,2024,H1,False,MT
30,0.0884247277575645,0.0129117657689517,0.4183806409532957,0.4054688751843439,2024,H1,False,ME
133,0.1290939656051279,0.0571480454630962,0.266056573591819,0.2089085281287228,2024,H1,False,KW
30,0.0,0.0,0.4759676534282023,0.4759676534282023,2024,H1,False,MZ
16,0.1655517627155808,0.0335342585980749,0.5314844600161889,0.4979502014181139,2024,H1,False,
158,0.0278393964694355,0.0025480481928357,0.2430074334246944,0.2404593852318587,2024,H1,False,LU
110,0.1254059613100218,0.0512168977858267,0.2758189797558865,0.2246020819700597,2024,H1,False,LK
16,0.0890593386852049,0.0086633039736328,0.522387094322478,0.5137237903488452,2024,H1,False,NC
245,0.0923210445084529,0.0489513582876979,0.1673537341745462,0.1184023758868483,2024,H1,False,LT
836,0.090762930577763,0.0632559416624742,0.1285894112176114,0.0653334695551371,2024,H1,False,HU
123,0.073410232284725,0.0280870135677076,0.1784423930343464,0.1503553794666387,2024,H1,False,LV
11,0.0,0.0,0.8816935766384345,0.8816935766384345,2024,H1,False,PF
10,0.1798012500076729,0.0066261057539768,0.8781151115451094,0.8714890057911325,2024,H1,False,PG
21,0.0,0.0,0.3749993986183493,0.3749993986183493,2024,H1,False,RE
49,0.1876418588373556,0.0811688481528817,0.3765444236736623,0.2953755755207806,2024,H1,False,PS
166,0.1135113672131092,0.054812920177264,0.2204108580690886,0.1655979378918246,2024,H1,False,KZ
92,0.1114339120483131,0.0354020823605652,0.2999756218106559,0.2645735394500906,2024,H1,False,NP
26,0.0785048379574318,0.0097077711952468,0.4254105246360623,0.4157027534408154,2024,H1,False,PY
72,0.1337005255872045,0.0573314720990734,0.2814275473375091,0.2240960752384356,2024,H1,False,PA
231,0.1009895114301441,0.0504714342563598,0.1918555647046291,0.1413841304482693,2024,H1,False,LB
34,0.1148142870213164,0.0212031503288135,0.4371372147688137,0.4159340644400002,2024,H1,False,RW
307,0.1273249386325778,0.0764933711737425,0.204456891775199,0.1279635206014564,2024,H1,False,NG
34,0.3176069158689866,0.1337821444338576,0.5837874853263295,0.4500053408924719,2024,H1,False,SD
104,0.1415958562770273,0.0578355442230815,0.3071196537596343,0.2492841095365527,2024,H1,False,OM
192,0.0720854235684774,0.0291698274962262,0.1672618131747746,0.1380919856785483,2024,H1,False,PE
303,0.0815401418307323,0.0370316610121007,0.1700944197464976,0.1330627587343969,2024,H1,False,MA
108,0.1080792098141251,0.0438522844097136,0.2425149781681572,0.1986626937584436,2024,H1,False,PR
250,0.2478376269432928,0.1725599614962795,0.3423667269623363,0.1698067654660568,2024,H1,False,QA
14,0.2165116343319268,0.0324379576657227,0.6949207905857365,0.6624828329200139,2024,H1,False,SS
1113,0.0594492913834807,0.0383815848328041,0.0909869145396473,0.0526053297068431,2024,H1,False,GR
26,0.33611342581782,0.1438241189436385,0.6040955294620223,0.4602714105183837,2024,H1,False,SY
15,0.1209464096979413,0.0165801825835521,0.5289254971892945,0.5123453146057424,2024,H1,False,SL
22,0.3563545254850817,0.137399974362367,0.6580487805291767,0.5206488061668096,2024,H1,False,TG
29,0.0666754695073073,0.0100605102620783,0.3342987830389274,0.3242382727768491,2024,H1,False,SN
19,0.1041266736193478,0.0121320003733532,0.5238121626914404,0.5116801623180871,2024,H1,False,TJ
10,0.0,0.0,0.8654139780922107,0.8654139780922107,2024,H1,False,TT
426,0.1892042237740376,0.1354311482887562,0.2579576517014709,0.1225265034127146,2024,H1,False,MO
202,0.0592541748989212,0.0182559735101106,0.1758334726869783,0.1575774991768677,2024,H1,False,PH
10446,0.0816908745988946,0.0734305735137201,0.090789339462077,0.0173587659483569,2023,H2,True,JP
1157,0.083765565926354,0.0599062970283356,0.1159553292996268,0.0560490322712912,2024,H1,False,IE
709,0.2097704345622574,0.1649181526848183,0.2629796167600118,0.0980614640751935,2024,H1,False,MY
294,0.0663148707120656,0.0283771829867189,0.1472834900441389,0.11890630705742,2024,H1,False,RS
107,0.0485335131709675,0.0094833691382975,0.2136920053381528,0.2042086361998553,2024,H1,False,TZ
299,0.0684224447173103,0.0312661418916759,0.1432072794450714,0.1119411375533954,2024,H1,False,SK
354,0.1288434263709414,0.0830452086919244,0.1945401820616283,0.1114949733697038,2024,H1,False,UA
1626,0.1936965269501956,0.1629668879456527,0.2286378783714975,0.0656709904258448,2024,H1,False,IR
160,0.0722463199340722,0.0229480789011839,0.2052067218421113,0.1822586429409274,2024,H1,False,UG
280,0.1105242313064073,0.0615931024753335,0.1904388438700222,0.1288457413946886,2024,H1,False,TN
544,0.0549497719774437,0.0311165502903678,0.0952431956810128,0.0641266453906449,2024,H1,False,RO
1204,0.2533213975568659,0.21695759920103,0.2934956132201407,0.0765380140191107,2024,H1,False,PK
385,0.0384134895561583,0.0160617571889648,0.0890548936444638,0.072993136455499,2024,H1,False,SI
1863,0.0707539960697028,0.0533438943550406,0.0932863728195311,0.0399424784644904,2024,H1,False,IL
4357,0.0516579712573123,0.04143713153064,0.0642309425218023,0.0227938109911623,2024,H1,False,CH
924,0.1978483737136498,0.1585380036043171,0.2440786386481252,0.0855406350438081,2024,H1,False,TH
817,0.0684161590184006,0.0441093825682231,0.1046509296844737,0.0605415471162505,2024,H1,False,NZ
2753,0.1161664052828201,0.0961398087339482,0.1397198188694205,0.0435800101354723,2024,H1,False,HK
1006,0.0375254701564873,0.0212523130237626,0.065426234219004,0.0441739211952413,2024,H1,False,MX
1980,0.1913232930617466,0.164141745686244,0.2218115653180535,0.0576698196318095,2024,H1,False,SA
1519,0.1223912017385272,0.0975303357345176,0.152518218896233,0.0549878831617153,2024,H1,False,TR
2400,0.0648508635449393,0.0500270634627628,0.0836802628692813,0.0336531994065184,2024,H1,False,DK
1559,0.053704694706484,0.0371832348447939,0.0769801328785427,0.0397968980337487,2024,H1,False,NO
13,0.0,0.0,0.3577825010570309,0.3577825010570309,2024,H1,False,XK
40,0.0233413089178716,8.011092603022513e-05,0.8769860272517669,0.8769059163257367,2024,H1,False,VE
6266,0.0862294585308953,0.0750736273302726,0.0988658332666279,0.0237922059363553,2024,H1,False,AU
54,0.1991668181429786,0.0788743159532548,0.4193897635966199,0.3405154476433651,2024,H1,False,YE
31,0.156334613661852,0.0398014722225254,0.4530689532138838,0.4132674809913583,2024,H1,False,ZW
89,0.0263257221262887,0.0026115341191482,0.2182560762248466,0.2156445421056983,2024,H1,False,UZ
46,0.0631107171758039,0.0095957739374991,0.3189592813729136,0.3093635074354144,2024,H1,False,ZM
2143,0.1194342424184263,0.0974643130499098,0.1455578274350519,0.048093514385142,2024,H1,False,TW
110,0.1072075437787269,0.0423406811938627,0.2459312894438799,0.2035906082500172,2024,H1,False,UY
1564,0.0630887493990763,0.0448423600406909,0.0880749984069388,0.0432326383662478,2024,H1,False,PT
400,0.1174626817694713,0.0733244865905763,0.1829254067776742,0.1096009201870978,2024,H1,False,VN
1759,0.1283426978451945,0.1027117063105436,0.1592346710026966,0.0565229646921529,2024,H1,False,SG
2524,0.0802862481215544,0.0636414410331832,0.100815635552136,0.0371741945189527,2024,H1,False,PL
1567,0.0445646664109858,0.0292456305019143,0.0673511836151582,0.0381055531132439,2024,H1,False,RU
967,0.1038512270685485,0.0753328102918937,0.1415134754314505,0.0661806651395568,2024,H1,False,ZA
24,0.0,0.0,0.6084595229026968,0.6084595229026968,2024,H1,True,AG
12,0.3052332199522709,0.0431742992513337,0.8105174121473148,0.7673431128959811,2024,H1,True,AO
32,0.2191767769899349,0.0681195956882602,0.5187410211699897,0.4506214254817294,2024,H1,True,AF
62,0.1505813446098801,0.0605009615963818,0.3279635827859468,0.267462621189565,2024,H1,True,AL
124,0.0779777472452976,0.0273134412059885,0.2030064603193481,0.1756930191133596,2024,H1,True,AM
6163,0.1539635993607968,0.1382229590975617,0.1711407840311306,0.0329178249335689,2024,H1,False,IN
16,0.0,0.0,0.4429374481512465,0.4429374481512465,2024,H1,True,BB
139,0.1615749582384652,0.0807319925473842,0.2971995405066849,0.2164675479593007,2024,H1,True,AZ
17,0.0,0.0,0.6000443508286647,0.6000443508286647,2024,H1,True,BI
1557,0.2364118441530011,0.2051647213237499,0.2707966103845117,0.0656318890607618,2024,H1,True,AE
137,0.1364342957193158,0.0638648651234172,0.2678686477176251,0.2040037825942079,2024,H1,True,BA
79,0.2337817530874798,0.109040206310152,0.4320295339459811,0.322989327635829,2024,H1,True,BN
66,0.1039305330098388,0.0321052050704902,0.2885400554239254,0.2564348503534351,2024,H1,True,BO
90,0.091637131231282,0.0228423279182457,0.3033106594929298,0.2804683315746841,2024,H1,True,BF
131,0.2194497185934452,0.1291920768199131,0.3475942373778529,0.2184021605579397,2024,H1,True,BH
7783,0.0685472838281602,0.0594076926700401,0.0789748988073229,0.0195672061372828,2024,H1,False,CA
87,0.0742103513657473,0.0191139859556396,0.2479732796783178,0.2288592937226781,2024,H1,True,BJ
13,0.1331385974187288,0.0139401214576743,0.6252679628597801,0.6113278414021057,2024,H1,True,BT
15587,0.0656254698842249,0.059709779151236,0.0720823225894837,0.0123725434382476,2023,H2,True,ES
83,0.0854287766661418,0.0275786012310171,0.2352688222858533,0.2076902210548362,2024,H1,True,BW
128,0.1007964741110773,0.043037158646868,0.2183835232496427,0.1753463646027747,2024,H1,True,BY
1262,0.0995517194257599,0.0750292139798819,0.1309544194490992,0.0559252054692173,2024,H1,True,AR
5944,0.1526939274370898,0.1370831126207348,0.1697328033921975,0.0326496907714626,2024,H1,False,KR
19,0.0,0.0,0.4824657403459743,0.4824657403459743,2024,H1,True,CF
84,0.0,0.0,0.0757757112777283,0.0757757112777283,2024,H1,True,CD
42,0.0948236009159967,0.0174226193372921,0.3822962269027842,0.364873607565492,2024,H1,True,CG
1239,0.2337224271359856,0.1990734871127769,0.2723513442238748,0.0732778571110979,2024,H1,True,BD
574,0.0903090636825424,0.0584745604031976,0.1369537986286583,0.0784792382254606,2024,H1,True,BG
77,0.0168037462662433,6.073912848243953e-05,0.8278474530084493,0.8277867138799668,2024,H1,True,CI
3608,0.0647020901333918,0.0525726598641932,0.0793954766404573,0.0268228167762641,2024,H1,False,SE
270,0.0890837418689087,0.0453120761217732,0.1677110221187221,0.1223989459969488,2024,H1,True,CM
5176,0.0595366936091356,0.0494914336164425,0.0714675356765065,0.0219761020600639,2024,H1,False,NL
7325,0.0537737260681304,0.0454800202449175,0.0634792837208999,0.0179992634759824,2024,H1,False,ES
1869,0.0931396821763661,0.0729627938835887,0.1181848890753795,0.0452220951917908,2024,H1,True,CL
18406,0.0579406646661661,0.0526786055187333,0.063693009814884,0.0110144042961507,2023,H2,True,IT
151,0.0378173544980113,0.0055766933618925,0.215970402420789,0.2103937090588964,2024,H1,True,CR
102,0.0922777993297188,0.0353861670657105,0.2197947731036029,0.1844086060378924,2024,H1,True,CU
7310,0.0698302502412078,0.0601129883166361,0.0809829635938901,0.0208699752772539,2024,H1,False,JP
655,0.1684095528082629,0.1277540318216619,0.2187581795796034,0.0910041477579414,2024,H1,True,CY
7801,0.0447406518852546,0.037759736734309,0.0529411714664035,0.0151814347320945,2024,H1,False,FR
1257,0.1711012240986237,0.1391310454987341,0.2086372455331234,0.0695062000343893,2024,H1,True,CO
38,0.0,0.0,0.2440413061709563,0.2440413061709563,2024,H1,True,DO
37939,0.0509201842280238,0.0472344109150902,0.054876998626803,0.0076425877117127,2023,H1,False,CN
371,0.1754777625071646,0.1201124154913241,0.2491375137131999,0.1290250982218757,2024,H1,True,DZ
527,0.1792252776113465,0.1337663231650052,0.2359253645419315,0.1021590413769262,2024,H1,True,EC
4915,0.0878594135522094,0.0754570896462504,0.1020751553485489,0.0266180657022985,2024,H1,True,BE
433,0.149093845918481,0.1047288702735484,0.2078885454475738,0.1031596751740253,2024,H1,True,EE
21356,0.0563550698000174,0.0516547283329812,0.0614554038581605,0.0098006755251793,2023,H2,True,DE
29,0.1162189470369917,0.024255139805512,0.4102591081840478,0.3860039683785358,2024,H1,True,FO
37,0.052472397903641,0.0075054162616143,0.2885286104468161,0.2810231941852018,2024,H1,True,FJ
80260,0.0492049418307984,0.0469489149504731,0.0515635118352058,0.0046145968847326,2022,H1,True,CN
4355,0.0634890867299941,0.0522472454597439,0.0769533910370538,0.0247061455773098,2024,H1,True,AT
42,0.0855316622848975,0.0116983320272695,0.4249780427330653,0.4132797107057957,2024,H1,True,GA
5657,0.1089683789851621,0.0962404353496221,0.1231502400276421,0.0269098046780199,2024,H1,True,BR
32,0.0172907493511854,4.2010890894739373e-07,0.9986448243567536,0.9986444042478444,2024,H1,True,GF
20,0.1643725823452515,0.0146638247593336,0.7222209341902174,0.7075571094308837,2024,H1,True,GL
30,0.1186409888911571,0.0169430769452043,0.5125178055454799,0.4955747286002755,2024,H1,True,GD
20,0.1415537832853302,0.0164942214840778,0.6185090801769465,0.6020148586928686,2024,H1,True,GN
42,0.1945742261245795,0.0682603569878269,0.443396084321694,0.3751357273338671,2024,H1,True,GM
27,0.0965425116425471,0.0152802061525259,0.4239222988639003,0.4086420927113744,2024,H1,True,GP
121,0.1337169935746769,0.0615882129781584,0.2663435608966827,0.2047553479185243,2024,H1,True,GE
12,0.0786180851982685,0.0018512652151041,0.7969738813617437,0.7951226161466396,2024,H1,True,GU
47,0.080419578804456,0.0129107328771302,0.368974632349478,0.3560638994723478,2024,H1,True,GT
1384,0.1420527134844853,0.1141390878603947,0.1754408807143949,0.0613017928540002,2024,H1,True,ET
36,0.2873060706297398,0.1213585518144565,0.5405655380695487,0.4192069862550921,2024,H1,True,HN
13,0.0161394017904784,2.401001061403555e-12,0.9999999910775398,0.9999999910751388,2024,H1,True,HT
8036,0.0596815231561339,0.0515240802489163,0.0690364714372427,0.0175123911883264,2024,H1,False,IT
706,0.1681293897792303,0.1259129080285133,0.2209228474506545,0.0950099394221412,2024,H1,True,GH
2895,0.0984855879151868,0.0818702201830247,0.1180394772596344,0.0361692570766096,2024,H1,True,CZ
270,0.0882572128080047,0.0466689693835603,0.1606604411731849,0.1139914717896245,2024,H1,True,IS
38,0.0245898667239185,0.0001062401952791,0.8567622469289005,0.8566560067336213,2024,H1,True,JM
1197,0.2249802399127784,0.1889629452842851,0.2656143028588588,0.0766513575745736,2024,H1,True,ID
634,0.2370144903616179,0.1897705302905189,0.2917843526197648,0.1020138223292459,2024,H1,True,IQ
3419,0.2199128836959048,0.1985629039587624,0.2428628204260138,0.0442999164672513,2024,H1,True,EG
41,0.0,0.0,0.2412222180277301,0.2412222180277301,2024,H1,True,KG
27,0.1470983161443442,0.0255049745388957,0.5319463466903336,0.5064413721514378,2024,H1,True,KN
916,0.0759177593046798,0.0517350810460563,0.1100918680422745,0.0583567869962182,2024,H1,True,HR
95,0.039206389308324,0.0030099572396031,0.3554827460809384,0.3524727888413353,2024,H1,True,KH
26,0.2597441293063092,0.0856298670675732,0.5679773622867326,0.4823474952191593,2024,H1,True,LA
17,0.2870614718720746,0.0870168490067107,0.6297671506162354,0.5427503016095248,2024,H1,True,LR
18,0.10905369290972,0.0125466200347447,0.5411046129340573,0.5285579928993125,2024,H1,True,LS
55,0.0098517418951348,4.3676320885055544e-09,0.9999558834751364,0.9999558791075044,2024,H1,True,LI
37,0.1390661986132747,0.0310940248025942,0.4484381553093398,0.4173441305067454,2024,H1,True,ML
15,0.0,0.0,0.8037527389093374,0.8037527389093374,2024,H1,True,MU
31,0.0,0.0,0.4661561401430357,0.4661561401430357,2024,H1,True,MQ
34,0.1348504683612566,0.0353729867987045,0.3985096906881513,0.3631367038894467,2024,H1,True,MC
41,0.1600978898939168,0.0418392668344905,0.4541740712624954,0.4123348044280049,2024,H1,True,MD
15,0.1031654127262958,0.0044780065718804,0.7463072806042576,0.7418292740323771,2024,H1,True,MV
57,0.0757653588430122,0.0177432386856417,0.2711488923951526,0.2534056537095109,2024,H1,True,MG
59,0.174066318788286,0.0691300354192352,0.3742502283506285,0.3051201929313932,2024,H1,True,ME
46,0.1196092235103293,0.0366428667414472,0.3267180964177061,0.2900752296762588,2024,H1,True,MM
49,0.0815319700442402,0.0162944092536878,0.3223661318891282,0.3060717226354404,2024,H1,True,LY
250,0.2083109934115155,0.1403079382923336,0.2978539104736534,0.1575459721813197,2024,H1,True,LK
90,0.2491799312474095,0.1446916938405401,0.3943353406295085,0.2496436467889684,2024,H1,True,MN
28,0.0,0.0,0.1441495908720336,0.1441495908720336,2024,H1,True,NC
157,0.132171162896653,0.0669352732523895,0.2443373910532655,0.177402117800876,2024,H1,True,MW
17,0.0,0.0,0.7492804337896415,0.7492804337896415,2024,H1,True,NI
925,0.2157215590940034,0.1771492490067086,0.2600383995979546,0.082889150591246,2024,H1,True,JO
24,0.1569586182385431,0.0222841750854369,0.6033096466541576,0.5810254715687206,2024,H1,True,NE
38,0.1348154922440001,0.0303440011105467,0.4369059257793702,0.4065619246688234,2024,H1,True,
94,0.1103252066789389,0.0446469549406374,0.2475816075449291,0.2029346526042917,2024,H1,True,MK
612,0.1455305657282872,0.1052972337861195,0.1977391958774604,0.0924419620913409,2024,H1,True,KE
84,0.0536721152068091,0.0084699866264357,0.273552881145959,0.2650828945195232,2024,H1,True,MZ
407,0.2187410339500264,0.158573969651474,0.2937667782891798,0.1351928086377058,2024,H1,True,KW
292,0.1014652217587811,0.0545806897425949,0.1809165286892572,0.1263358389466623,2024,H1,True,LV
133,0.0772657419339957,0.0266105664775809,0.2041256889082411,0.1775151224306602,2024,H1,True,MT
357,0.0794797499871968,0.0402226660728914,0.1510226335518265,0.110799967478935,2024,H1,True,LU
357,0.1766192265706435,0.1227947739244408,0.2473830053196576,0.1245882313952168,2024,H1,True,KZ
585,0.1824674901254498,0.1388490518622513,0.2360326560757975,0.0971836042135462,2024,H1,True,MA
671,0.1178970181146931,0.0835150778486372,0.1639021347920759,0.0803870569434387,2024,H1,True,LT
12,0.0,0.0,0.5436688306402064,0.5436688306402064,2024,H1,True,PF
27,0.2033079642931047,0.0508239228128195,0.5487780039618095,0.49795408114899,2024,H1,True,PG
2086,0.1170143948037674,0.0970008319967671,0.1405146772009601,0.0435138452041929,2024,H1,True,HU
136,0.0460650814197887,0.0127016210941865,0.1534443724945453,0.1407427514003588,2024,H1,True,PA
44,0.0,0.0,0.1979236633366834,0.1979236633366834,2024,H1,True,PY
263,0.2033892208663264,0.1358810787719904,0.2930619305567936,0.1571808517848032,2024,H1,True,OM
254,0.1944577397736356,0.1268755479629091,0.2862371356540601,0.159361587691151,2024,H1,True,NP
786,0.1776824252757411,0.1374720892039242,0.2265647691826055,0.0890926799786812,2024,H1,True,LB
471,0.1652950885650123,0.114186315954847,0.2332559370689585,0.1190696211141114,2024,H1,True,PH
45,0.0493036744243629,0.0038769139204946,0.4086471554509984,0.4047702415305037,2024,H1,True,RE
138,0.2159756338141422,0.1226596226041957,0.3518157937836777,0.2291561711794819,2024,H1,True,PS
12498,0.0580800299661656,0.0515417291602273,0.0653905606251583,0.0138488314649309,2024,H1,False,DE
2845,0.1369432907450244,0.1185796568865294,0.1576421536437037,0.0390624967571742,2024,H1,True,GR
125,0.3358017793227213,0.2260684656172644,0.4666810359250825,0.240612570307818,2024,H1,True,RW
226,0.21867911781266,0.1452830154114942,0.3154688425205368,0.1701858271090425,2024,H1,True,PR
13,0.0,0.0,0.641746998583028,0.641746998583028,2024,H1,True,SC
981,0.1940104473647059,0.1570651074220941,0.2372007185762382,0.0801356111541441,2024,H1,True,NG
523,0.1042985340688973,0.068018651456885,0.1566763125188825,0.0886576610619974,2024,H1,True,PE
128,0.1595088815579004,0.0819720066280729,0.2874249442907284,0.2054529376626555,2024,H1,True,SD
17,0.0189076043357411,5.839784279332317e-13,0.9999999984276704,0.9999999984270864,2024,H1,True,SS
26,0.3580445247494452,0.1383196846466547,0.6596182730299646,0.5212985883833099,2024,H1,True,SO
16,0.0,0.0,0.4819806063556867,0.4819806063556867,2024,H1,True,TD
24,0.0,0.0,0.160474085786289,0.160474085786289,2024,H1,True,TG
11,0.1666364032813408,0.0103665961553336,0.7923968800069597,0.7820302838516261,2024,H1,True,SZ
16,0.113009319092934,0.0051745873070827,0.7573268192745272,0.7521522319674444,2024,H1,True,SV
37,0.1686072168967617,0.0541445353882144,0.418087762188539,0.3639432268003246,2024,H1,True,SL
48,0.165037308563022,0.0537834966592114,0.407351210162357,0.3535677135031456,2024,H1,True,SY
20,0.0809864925502823,0.0018876350212975,0.8041606291340604,0.8022729941127629,2024,H1,True,TJ
112,0.123397888844119,0.0481672540612788,0.2813917622763061,0.2332245082150273,2024,H1,True,SN
34,0.0,0.0,0.2276944639378134,0.2276944639378134,2024,H1,True,TT
2329,0.2717839447418625,0.2445540994372645,0.3008383104083794,0.0562842109711148,2024,H1,True,MY
3725,0.0952896112189889,0.0809716868453165,0.1118312429206805,0.0308595560753639,2024,H1,True,FI
1090,0.1737789453234599,0.1399597053402394,0.2137392087296106,0.0737795033893712,2024,H1,True,MO
972,0.1225895932418038,0.0936602155540412,0.1588880823163798,0.0652278667623385,2024,H1,True,RS
780,0.2153894786951208,0.172054198458437,0.2661311913573441,0.094076992898907,2024,H1,True,QA
2645,0.1088423257279307,0.0906325199215582,0.1301870423832334,0.0395545224616751,2024,H1,True,IE
422,0.1461450394711612,0.0986083703459037,0.2112278788138458,0.1126195084679421,2024,H1,True,UG
3052,0.1033647084862998,0.0869089574933068,0.1225181907612572,0.0356092332679504,2024,H1,True,IL
545,0.0783312005127155,0.0485493522917279,0.1240012606640111,0.0754519083722831,2024,H1,True,UA
5383,0.0827805744242922,0.0715256977455293,0.095624057868534,0.0240983601230047,2024,H1,True,DK
574,0.1327943502576377,0.0921924564559883,0.1875826228634682,0.0953901664074799,2024,H1,True,TN
397,0.0830519390402465,0.0459602089286334,0.1455124960501607,0.0995522871215272,2024,H1,True,TZ
4150,0.23019187900071,0.2105032713607308,0.2511362101558826,0.0406329387951518,2024,H1,True,IR
795,0.1165614156292318,0.0863810252198939,0.1554918110076505,0.0691107857877566,2024,H1,True,SK
3061,0.2496941944400449,0.2261055310828966,0.274869707633432,0.0487641765505354,2024,H1,True,PK
2433,0.1473613185082548,0.1262815591736311,0.1712700863831568,0.0449885272095257,2024,H1,True,RO
2446,0.1175326477893998,0.0978758304466058,0.1405222910680772,0.0426464606214713,2024,H1,True,MX
48855,0.0514771466079474,0.048444231107677,0.0546890288065687,0.0062447976988916,2023,H1,False,US
2087,0.0947697192076628,0.0757776470622388,0.1179144671429956,0.0421368200807567,2024,H1,True,NZ
1092,0.0909779213001606,0.0664401094077183,0.1233804010602438,0.0569402916525255,2024,H1,True,SI
2831,0.0937322650705606,0.0777196358599814,0.1126410583339222,0.0349214224739407,2024,H1,True,RU
10,0.0,0.0,0.7846156077740698,0.7846156077740698,2024,H1,True,WS
2356,0.1884517322720524,0.1634220250855211,0.216323702631659,0.0529016775461379,2024,H1,True,TH
48,0.2046568321250111,0.0828905453900369,0.4228286036176043,0.3399380582275673,2024,H1,True,XK
49,0.1645013502196246,0.0555081738070488,0.397449604608028,0.3419414308009791,2024,H1,True,VE
133,0.2512408873378061,0.1536161779705834,0.3828439476486989,0.2292277696781154,2024,H1,True,YE
197,0.1875582110726438,0.1204957557584153,0.2800595658747186,0.1595638101163033,2024,H1,True,UZ
163,0.1090079322141154,0.0532452063085575,0.2102038012987599,0.1569585949902024,2024,H1,True,UY
126,0.1350779311713273,0.0652773357163588,0.2588469698084112,0.1935696340920523,2024,H1,True,ZW
142,0.0611113215595412,0.0196052963010846,0.1748200898605289,0.1552147935594443,2024,H1,True,ZM
5835,0.1477509258687072,0.133480463174595,0.1632596031629783,0.0297791399883832,2024,H1,True,HK
1047,0.1998955147073442,0.1638721699473448,0.2415500325141089,0.0776778625667641,2024,H1,True,VN
3539,0.1305430427176087,0.1134142715171383,0.1498215861742685,0.0364073146571301,2024,H1,True,SG
8025,0.0629847814149704,0.0547519012127588,0.0723608471661538,0.0176089459533949,2024,H1,True,CH
4811,0.2104470934321771,0.192315440914551,0.2298018363289545,0.0374863954144035,2024,H1,True,TW
4355,0.1704055345835778,0.1531317063995035,0.189192603367946,0.0360608969684425,2024,H1,True,TR
4161,0.0842440311636824,0.0716254353257855,0.0988490023955721,0.0272235670697865,2024,H1,True,NO
4453,0.1234185879497667,0.1086473275182474,0.1398829303708343,0.0312356028525869,2024,H1,True,PT
6681,0.2236077847962823,0.2080321658092271,0.2399961769819347,0.0319640111727076,2024,H1,True,SA
9289,0.209166098999688,0.1962015891743022,0.2227498715681312,0.026548282393829,2024,H1,True,IN
3026,0.1109936490893324,0.0936806473023712,0.1310436193922529,0.0373629720898817,2024,H1,True,ZA
10,0.0,0.0,0.7672456073243965,0.7672456073243965,2024,H2,False,AG
20,0.1788208739689102,0.0344808700455731,0.5704158248556058,0.5359349548100326,2024,H2,False,AL
38,0.3877722899974447,0.1804347055968178,0.6456638778629851,0.4652291722661672,2024,H2,False,AF
44,0.0801734983055679,0.0164998092091464,0.311693244677769,0.2951934354686226,2024,H2,False,AM
16304,0.1189574520257897,0.1109551873067964,0.1274541141650579,0.0164989268582615,2024,H1,True,AU
33,0.0962821873860735,0.0143480855742921,0.4381235811364309,0.4237754955621388,2024,H2,False,BA
74,0.0898031877590807,0.0195054576731884,0.3285571766686424,0.309051718995454,2024,H2,False,AZ
29,0.1403137908187855,0.0309722871539673,0.4545825411357904,0.423610253981823,2024,H2,False,BF
40,0.0,0.0,0.3920999298154768,0.3920999298154768,2024,H2,False,BI
406,0.2435652898237242,0.1846006072757753,0.3141089403661946,0.1295083330904192,2024,H2,False,AE
18,0.4543373315394352,0.1427232244314716,0.8063603121815461,0.6636370877500745,2024,H2,False,BH
25,0.2705927050625265,0.0879131650307645,0.588108281566154,0.5001951165353894,2024,H2,False,BJ
24,0.3091376192995628,0.1006605689731953,0.6414350648496996,0.5407744958765042,2024,H2,False,BN
31,0.1783391715550119,0.0590031980708633,0.428999850715753,0.3699966526448897,2024,H2,False,BO
294,0.2933530866045285,0.2203116168708541,0.3788441780406026,0.1585325611697484,2024,H2,False,BD
17,0.4676129053525966,0.1535108032060564,0.8096698628696073,0.6561590596635508,2024,H2,False,BW
30,0.1263513195659394,0.0196256086425826,0.5109670292748378,0.4913414206322552,2024,H2,False,BY
142,0.0994974068368212,0.0388642953975802,0.2319018527868655,0.1930375573892853,2024,H2,False,BG
23,0.0336740248586651,9.569579755772095e-05,0.9269456703917548,0.9268499745941968,2024,H2,False,CG
38,0.0871520985273569,0.0091305769011133,0.4972812857484151,0.4881507088473017,2024,H2,False,CD
28,0.1230099869685499,0.024798479484091,0.436200100011021,0.41140162052693,2024,H2,False,CI
56,0.3539041616473372,0.198087174852978,0.5484597277145653,0.3503725528615872,2024,H2,False,CM
575,0.0724612977929289,0.0443247658023012,0.1162851296192729,0.0719603638169716,2024,H2,False,AR
80160,0.0753548836081226,0.0725746077690484,0.078232684983539,0.0056580772144905,2022,H1,True,US
698,0.151281921465518,0.1134800129969646,0.1988516704340917,0.085371657437127,2024,H2,False,CL
6641,0.1313542311759121,0.1188331152287428,0.1449775966433338,0.026144481414591,2024,H1,True,PL
30,0.0,0.0,0.4153626497509081,0.4153626497509081,2024,H2,False,CU
15856,0.0623235993258242,0.0560490882718856,0.0692489918298817,0.0131999035579961,2024,H1,False,GB
46,0.0869479331654217,0.0103936304956468,0.4633526412233125,0.4529590107276656,2024,H2,False,CR
198,0.4056773629910323,0.3048947698927154,0.5150874740069074,0.2101927041141919,2024,H2,False,CY
440,0.1144336511815167,0.0719572203941392,0.177196469120387,0.1052392487262478,2024,H2,False,CO
34,0.061637120323197,0.0099923425904975,0.2994640566036193,0.2894717140131217,2024,H2,False,DO
1443,0.0737805282545835,0.0540253662270403,0.0999958529173391,0.0459704866902988,2024,H2,False,AT
93,0.2156353264451203,0.1106035523531446,0.3780155211428075,0.2674119687896628,2024,H2,False,DZ
147,0.1220845922402186,0.0537018454228385,0.2541572170490641,0.2004553716262256,2024,H2,False,EE
162,0.1028919298508262,0.0484585852872831,0.2052790859387618,0.1568205006514787,2024,H2,False,EC
12258,0.2326369196439304,0.2207132269140017,0.2450022524522644,0.0242890255382627,2024,H1,True,KR
12,0.2302681604053648,0.0369809388829462,0.6997431978392541,0.6627622589563078,2024,H2,False,GA
14746,0.1079489867492009,0.0998893161307057,0.1165747383378182,0.0166854222071125,2024,H1,True,CA
349,0.1663523106728603,0.1071158627884134,0.2492043585739746,0.1420884957855612,2024,H2,False,ET
15,0.0,0.0,0.6530466924953537,0.6530466924953537,2024,H2,False,GM
10,0.3432924676989498,0.066697514991058,0.7926953711474517,0.7259978561563937,2024,H2,False,GL
11,0.0,0.0,0.8872374758208883,0.8872374758208883,2024,H2,False,GP
23,0.0790519551777042,0.0025345483711569,0.7435696585273158,0.7410351101561589,2024,H2,False,GT
57,0.0680570494064691,0.0098518321816682,0.3489509945049782,0.3390991623233099,2024,H2,False,GE
132,0.1789223580053643,0.0982615885764761,0.3035097287176219,0.2052481401411457,2024,H2,False,GH
285,0.2751492707677058,0.2014782692581772,0.3634957873979662,0.1620175181397889,2024,H2,False,ID
1807,0.0632484365599134,0.0461815852191612,0.0860534706253912,0.0398718854062299,2024,H2,False,BE
11,0.0,0.0,0.6194824828004187,0.6194824828004187,2024,H2,False,JM
239,0.0591597930177229,0.0201572918228103,0.1612121801877065,0.1410548883648961,2024,H2,False,HR
10,0.4167114437077889,0.1229577027628177,0.7845089792986576,0.6615512765358398,2024,H2,False,KG
1068,0.1004596359442315,0.0745863222964139,0.1340084712584241,0.0594221489620102,2024,H2,False,CZ
113,0.1401252948011802,0.0663768258681878,0.2719454487921866,0.2055686229239987,2024,H2,False,IS
156,0.2567945724812934,0.1600028666932953,0.3852826469503573,0.2252797802570619,2024,H2,False,IQ
38,0.3510548644674432,0.1752163368650406,0.5793945340004182,0.4041781971353775,2024,H2,False,KH
189,0.3494020534053718,0.2571090867507489,0.4545536730829263,0.1974445863321773,2024,H2,False,JO
13,0.0,0.0,0.4048030986370707,0.4048030986370707,2024,H2,False,LI
14,0.0174537987298268,2.3679801255146872e-11,0.9999999249580596,0.9999999249343798,2024,H2,False,LA
16,0.0,0.0,0.3995234553140726,0.3995234553140726,2024,H2,False,MC
24,0.0,0.0,0.5985748648001844,0.5985748648001844,2024,H2,False,ML
10,0.0,0.0,0.9296146160185778,0.9296146160185778,2024,H2,False,MM
13,0.1578312550402813,0.0172350883983705,0.6669704935388697,0.6497354051404991,2024,H2,False,LY
24,0.1127153147660782,0.0149698728526662,0.515003333873682,0.5000334610210158,2024,H2,False,ME
22,0.3368756323479004,0.1319901430761571,0.6292447968963543,0.497254653820197,2024,H2,False,MG
10,0.2224571083215951,0.0283547933798944,0.7371844418867094,0.708829648506815,2024,H2,False,MU
29,0.2995947304792186,0.103856764022298,0.6122145710696797,0.5083578070473816,2024,H2,False,MK
34,0.2262772351184676,0.0657777777052063,0.5484789563076238,0.4827011786024174,2024,H2,False,MN
179,0.1760010885863573,0.1016571228022866,0.2873249321424092,0.1856678093401225,2024,H2,False,KE
16,0.0,0.0,0.171696746527982,0.171696746527982,2024,H2,False,
25,0.0,0.0,0.2708346695788344,0.2708346695788344,2024,H2,False,MZ
40,0.1067795424272168,0.0227177450080875,0.3807172550312923,0.3579995100232047,2024,H2,False,MT
107,0.2392392808183577,0.126639337389859,0.4054749179321177,0.2788355805422587,2024,H2,False,KW
66,0.1717392438108135,0.0672138498650235,0.3736932931833142,0.3064794433182907,2024,H2,False,LK
73,0.1274457479903162,0.042745721145877,0.3232954473873877,0.2805497262415107,2024,H2,False,LV
56,0.1268849870726397,0.0387338467631477,0.3438836090109843,0.3051497622478366,2024,H2,False,MW
938,0.0863787975134354,0.060625188134377,0.1216557259057336,0.0610305377713565,2024,H2,False,FI
222,0.2235494691759183,0.149928507364758,0.3197244257665541,0.1697959184017961,2024,H2,False,MO
118,0.1319529970383306,0.0593334976627701,0.2681192909287173,0.2087857932659471,2024,H2,False,KZ
159,0.1859375402292589,0.1069153906511087,0.3035163110545002,0.1966009204033915,2024,H2,False,MA
17,0.0120399925964173,1.5238174624283384e-10,0.999998973972998,0.9999989738206162,2024,H2,False,PG
133,0.1401023955159183,0.070194684043923,0.2601523458325016,0.1899576617885784,2024,H2,False,LB
167,0.101068176435449,0.0439055025146803,0.2158516794632627,0.1719461769485824,2024,H2,False,LT
70,0.205287475531684,0.0840641270912238,0.420975092015159,0.3369109649239352,2024,H2,False,OM
74,0.0909420757294349,0.0215879004674218,0.3120454065386865,0.2904575060712647,2024,H2,False,NP
134,0.0848707737220395,0.033357524973804,0.1995154310424967,0.1661579060686926,2024,H2,False,LU
47,0.0590223713105613,0.0035367002887998,0.5257303762215566,0.5221936759327567,2024,H2,False,PA
18,0.0,0.0,0.300538816222433,0.300538816222433,2024,H2,False,PY
2250,0.1114068734342649,0.0922422212872318,0.1339656398794057,0.0417234185921738,2024,H2,False,BR
16,0.0752534693441719,0.007118461047151,0.4801615349686713,0.4730430739215203,2024,H2,False,RE
57,0.0266995262581978,0.0009508903044542,0.4415352750440209,0.4405843847395666,2024,H2,False,PS
36,0.2171863503508891,0.0577247125504256,0.5568368331526208,0.4991121206021951,2024,H2,False,RW
37,0.4777351449330236,0.2610965498006384,0.7030867531699189,0.4419902033692804,2024,H2,False,SD
87,0.1456415930510171,0.0653797727207965,0.2934935432558503,0.2281137705350537,2024,H2,False,PR
537,0.3031874917866705,0.2449349534762519,0.3685322296695749,0.123597276193323,2024,H2,False,MY
206,0.1048341418142879,0.050508022471299,0.2049784874977802,0.1544704650264811,2024,H2,False,PH
154,0.2474614190741117,0.15819214060285,0.3652489409613847,0.2070568003585347,2024,H2,False,QA
10,0.0,0.0,0.7803034035363665,0.7803034035363665,2024,H2,False,SO
12,0.2249570849738171,0.0067453360407948,0.9254022580264952,0.9186569219857004,2024,H2,False,SL
10,0.0,0.0,0.9827371637205156,0.9827371637205156,2024,H2,False,TG
21,0.1833923269325371,0.0368498801950924,0.5686376145339156,0.5317877343388232,2024,H2,False,SY
25,0.0894866329335664,0.012760143055411,0.4276973598485899,0.4149372167931788,2024,H2,False,SN
20,0.2764008259446081,0.0772291842980573,0.6354876943562264,0.5582585100581691,2024,H2,False,TJ
570,0.1273601596335811,0.0875157378185985,0.1817321717390245,0.094216433920426,2024,H2,False,HU
12,0.0,0.0,0.6816224580998539,0.6816224580998539,2024,H2,False,TT
795,0.0944369556092372,0.0655559466633867,0.134214140459473,0.0686581937960863,2024,H2,False,GR
192,0.1285907319811074,0.0706727407397784,0.2226044254356439,0.1519316846958655,2024,H2,False,SK
190,0.0852887213296621,0.0377127107081183,0.1815595931302892,0.1438468824221709,2024,H2,False,PE
284,0.1485738086977316,0.0955228862200631,0.2237976817764422,0.128274795556379,2024,H2,False,NG
2055,0.1742510743069952,0.150501231521053,0.2008625889991125,0.0503613574780594,2024,H2,False,EG
89,0.0468522229500737,0.0064558959200662,0.2710585907854895,0.2646026948654233,2024,H2,False,TZ
119,0.1101521773173326,0.0499153269677998,0.2258049546918796,0.1758896277240798,2024,H2,False,TN
779,0.0888103897295962,0.0602173598729034,0.129114961697673,0.0688976018247695,2024,H2,False,IE
133,0.1662750940678912,0.0895270512636218,0.2880043089061606,0.1984772576425388,2024,H2,False,UG
246,0.0970219304887494,0.0478731224046038,0.1867331973767397,0.1388600749721358,2024,H2,False,RS
255,0.130579828153214,0.0736358122487235,0.221051783738817,0.1474159714900934,2024,H2,False,SI
827,0.2804654995418945,0.2330128667991163,0.3333813400858739,0.1003684732867576,2024,H2,False,TH
7474,0.0857249850887893,0.0758822366614415,0.0967108341930422,0.0208285975316007,2024,H1,True,SE
389,0.1105230732940374,0.0660987197644158,0.1790793925323948,0.1129806727679789,2024,H2,False,RO
248,0.1254165597964387,0.0711852619260777,0.2115528444730751,0.1403675825469973,2024,H2,False,UA
1314,0.0991049988849543,0.0754047562048227,0.1292133652109028,0.0538086090060801,2024,H2,False,IL
724,0.1030578797023517,0.0719830261893742,0.1454451748946861,0.0734621487053119,2024,H2,False,MX
837,0.3435827190571336,0.2950966352088205,0.3955648268916888,0.1004681916828683,2024,H2,False,PK
1855,0.0622038424131081,0.0458295357195434,0.0839139754214823,0.0380844397019388,2024,H2,False,DK
1693,0.18398619982777,0.1556928445064663,0.2161051511246808,0.0604123066182145,2024,H2,False,HK
38,0.2637552599609657,0.1049116294529151,0.5226649951831157,0.4177533657302005,2024,H2,False,YE
38,0.1365234301081541,0.0356448073088417,0.4034561788513598,0.367811371542518,2024,H2,False,ZM
46,0.2704632410424501,0.1000921650535696,0.5527168043968744,0.4526246393433047,2024,H2,False,ZW
74,0.1409872448790697,0.0513294086480694,0.3323820715459309,0.2810526628978615,2024,H2,False,UZ
531,0.0543780645476567,0.0279511760474926,0.1031395606701904,0.0751883846226978,2024,H2,False,NZ
1544,0.2824349292612539,0.2484271889646934,0.3191213611991293,0.0706941722344358,2024,H2,False,SA
81,0.082393751183543,0.0239418817021704,0.2473818836115928,0.2234400019094223,2024,H2,False,UY
977,0.1295064977369774,0.0983669959169974,0.1686596847532705,0.070292688836273,2024,H2,False,RU
45,0.0712838204261993,0.0135960112130865,0.2994374592611906,0.2858414480481041,2024,H2,False,VE
11161,0.1139874660333351,0.1044467000180589,0.1242787987652845,0.0198320987472256,2024,H1,True,JP
1365,0.1669740661379384,0.1351270437371356,0.204551665825345,0.0694246220882094,2024,H2,False,TW
1200,0.2107928701620223,0.1762226106671275,0.2500860656779123,0.0738634550107848,2024,H2,False,TR
1140,0.14215274894704,0.1108663311065487,0.1804760671336548,0.069609736027106,2024,H2,False,SG
1315,0.2393871161646939,0.2040776721914532,0.2786668360401514,0.0745891638486981,2024,H2,False,IR
248,0.190092774773811,0.123697154886771,0.2807106150283361,0.1570134601415651,2024,H2,False,VN
1003,0.0968104879703849,0.0703269214647068,0.1318527227201382,0.0615258012554314,2024,H2,False,PT
1152,0.0676893182928403,0.0472306295045773,0.0961160047165305,0.0488853752119531,2024,H2,False,NO
3096,0.0639539488335197,0.0508709315492012,0.0801176444288702,0.0292467128796689,2024,H2,False,CH
76359,0.0686421295306817,0.065904017846199,0.0714852954962288,0.0055812776500297,2022,H2,True,US
765,0.1293777871803519,0.094067961554108,0.1753758823748954,0.0813079208207873,2024,H2,False,ZA
2004,0.1337779333671965,0.1108708945300538,0.1605631205441718,0.049692226014118,2024,H2,False,PL
17,0.0133966680608802,3.434817463544813e-16,0.999999999998137,0.9999999999981368,2024,H2,True,AO
35,0.542875262404831,0.3028657861050579,0.7645042535981353,0.4616384674930774,2024,H2,True,AF
29,0.2669788460996466,0.1031484090394708,0.535617399056163,0.4324689900166921,2024,H2,True,AG
63,0.2623079892946213,0.1275380643547352,0.4637860330581232,0.336247968703388,2024,H2,True,AL
30227,0.0612678392405827,0.0569217470451252,0.0659225688707533,0.009000821825628,2023,H2,True,GB
102,0.0755524009780037,0.0221304853095489,0.2278802039630321,0.2057497186534832,2024,H2,True,AM
3998,0.1873544251072988,0.1679887732103266,0.2083933751730083,0.0404046019626817,2024,H2,False,IN
13,0.0,0.0,0.5039497697264389,0.5039497697264389,2024,H2,True,BB
4504,0.0959111930185404,0.0822431794460405,0.1115745448797446,0.029331365433704,2024,H2,False,AU
5377,0.0857409147415324,0.0739036679153888,0.0992709125297538,0.025367244614365,2024,H2,False,CA
23,0.0,0.0,0.3051945038462568,0.3051945038462568,2024,H2,True,BI
30,0.0,0.0,0.1982499795751548,0.1982499795751548,2024,H2,True,BN
149,0.2625366471573202,0.1670741986298975,0.3871887008503616,0.220114502220464,2024,H2,True,AZ
130,0.1327730411160726,0.061231682285986,0.2643627273960268,0.2031310451100407,2024,H2,True,BA
79,0.2347011304079312,0.1205832962995245,0.4068533295980887,0.2862700332985642,2024,H2,True,BF
3758,0.2293859676822231,0.2075862027412071,0.2527448561771333,0.0451586534359262,2024,H2,False,KR
79,0.3910470677594743,0.2248190434147443,0.5870963257125084,0.362277282297764,2024,H2,True,BH
62,0.1718873920652347,0.0637438585146076,0.3875546345825522,0.3238107760679445,2024,H2,True,BJ
69,0.1629816740845479,0.0644786482022984,0.3548823074809101,0.2904036592786116,2024,H2,True,BO
2773,0.092640109176452,0.0764557538126042,0.1118355503254753,0.035379796512871,2024,H2,False,SE
62,0.2563946753710064,0.1335510836580133,0.4354458594701721,0.3018947758121588,2024,H2,True,BW
1073,0.3140458640993757,0.2705094707520645,0.3611204955707859,0.0906110248187214,2024,H2,True,AE
79,0.1095700997305065,0.0379480362467577,0.2773932466593301,0.2394452104125723,2024,H2,True,BY
11197,0.0801899983272294,0.0722014177178925,0.0889776935096731,0.0167762757917805,2024,H1,True,NL
14,0.2076517757681572,0.0508919941999356,0.5615709371873436,0.510678942987408,2024,H2,True,CF
27,0.2434088549708022,0.0706920371285268,0.5763839092582349,0.5056918721297081,2024,H2,True,CG
910,0.1170778561813897,0.0841685984498105,0.1605980020466544,0.0764294035968438,2024,H2,True,AR
76,0.207864773357924,0.1023143574048844,0.376620174087949,0.2743058166830646,2024,H2,True,CD
857,0.268914828006607,0.2234919564577753,0.3197678337569347,0.0962758772991593,2024,H2,True,BD
479,0.0766018048385896,0.0440516810519466,0.12993433295237,0.0858826519004234,2024,H2,True,BG
61,0.1552954196320156,0.0508537515927806,0.3868182488393328,0.3359644972465522,2024,H2,True,CI
165,0.088772880317076,0.0327061592872916,0.2191745738847175,0.1864684145974258,2024,H2,True,CM
3689,0.0783323188943441,0.0645956220750345,0.094694493189245,0.0300988711142105,2024,H2,False,NL
4694,0.0729133096911083,0.0612330415506851,0.086616031209963,0.0253829896592778,2024,H2,False,ES
5096,0.0980402203844531,0.084814392709676,0.1130736465648923,0.0282592538552163,2024,H2,False,JP
1579,0.1389117060521861,0.1114366305313558,0.1718507285508233,0.0604140980194675,2024,H2,True,CL
10,0.08548926378653,0.0003553265509685,0.9609140207552148,0.9605586942042464,2024,H2,True,CW
65,0.0764018420551746,0.0180069472134683,0.2717594817596636,0.2537525345461952,2024,H2,True,CU
123,0.0802217666458835,0.0278494010396429,0.2098257369381853,0.1819763358985424,2024,H2,True,CR
3256,0.1019393883397333,0.0857280357274405,0.1208112556025695,0.0350832198751289,2024,H2,True,AT
5189,0.0954996259982234,0.0828792146706083,0.1098117036117083,0.0269324889411,2024,H2,False,IT
454,0.1686878838740468,0.118895903472271,0.2337989810745916,0.1149030776023205,2024,H2,True,CY
31,0.2404534491022688,0.0876847833376789,0.5104602203519918,0.4227754370143128,2024,H2,True,DO
276,0.2041490136742677,0.1340476713960585,0.2982826434940538,0.1642349720979952,2024,H2,True,DZ
5311,0.0499513047426128,0.0408620010214473,0.0609339784948233,0.020071977473376,2024,H2,False,FR
329,0.1236501487582281,0.077219671040928,0.1921839482167891,0.1149642771758611,2024,H2,True,EE
29,0.0,0.0,0.3487816624648766,0.3487816624648766,2024,H2,True,FJ
22,0.3954841070394984,0.1439089328448573,0.7179997677146596,0.5740908348698022,2024,H2,True,FO
1033,0.1656687673260097,0.1299500853570033,0.2088485661616036,0.0788984808046003,2024,H2,True,CO
466,0.1527530042313895,0.103414823606892,0.2198578383624621,0.1164430147555701,2024,H2,True,EC
31,0.0808728991143694,0.0056751499920806,0.5756339847851365,0.5699588347930559,2024,H2,True,GA
19,0.0,0.0,0.6792179046557378,0.6792179046557378,2024,H2,True,GP
28,0.0971187023003787,0.0120416840647382,0.4869909245944107,0.4749492405296724,2024,H2,True,GD
25,0.129857848114905,0.0228025633163597,0.4883479425736596,0.4655453792572999,2024,H2,True,GF
22,0.1232065146236805,0.0102476785173994,0.6560147334659272,0.6457670549485277,2024,H2,True,GL
22,0.2815584112563952,0.0574175678001287,0.7160158955658591,0.6585983277657304,2024,H2,True,GN
13,0.0,0.0,0.6513971962289686,0.6513971962289686,2024,H2,True,GU
37,0.0609415770023337,0.0051578758967246,0.4482200871748054,0.4430622112780807,2024,H2,True,GM
1175,0.1772254747472262,0.1438980496009319,0.2163212849175495,0.0724232353166175,2024,H2,True,ET
44,0.170752700309041,0.0579662884733669,0.4079552431077325,0.3499889546343656,2024,H2,True,GT
11,0.0,0.0,0.7658285992014124,0.7658285992014124,2024,H2,True,HT
30,0.2220528424370495,0.0637425973288862,0.544767531485395,0.4810249341565088,2024,H2,True,HN
98,0.1019416393928172,0.0325707942342581,0.2767895291671453,0.2442187349328871,2024,H2,True,GE
5168,0.1425171245666648,0.1267003681892058,0.1599467463204406,0.0332463781312347,2024,H2,True,BR
2170,0.1391895279412705,0.1168825123283923,0.1649586104309894,0.048076098102597,2024,H2,True,CZ
500,0.2058417003746058,0.15357252041304,0.2702214864116162,0.1166489659985761,2024,H2,True,GH
2430,0.2701644973608609,0.2425212349871874,0.2997119164819199,0.0571906814947325,2024,H2,True,EG
205,0.0922806624692522,0.0414093313640161,0.1930607724367265,0.1516514410727104,2024,H2,True,IS
24,0.1236239186660042,0.0109668858806789,0.6421584778671542,0.6311915919864752,2024,H2,True,JM
17307,0.0892106047912292,0.0824564859154971,0.0964598013454259,0.0140033154299288,2024,H1,True,ES
347,0.3244380901046089,0.2559001395285107,0.4014295485659324,0.1455294090374216,2024,H2,True,IQ
844,0.1499515206656788,0.1132100044102431,0.1959819720656396,0.0827719676553964,2024,H2,True,HR
26,0.1366138763265293,0.041117789643004,0.3686344303128674,0.3275166406698634,2024,H2,True,KN
890,0.2207863985611577,0.1783420638052575,0.2700126821059039,0.0916706183006464,2024,H2,True,ID
30,0.0892462533823871,0.0163740888697766,0.3658178456490412,0.3494437567792646,2024,H2,True,KG
3834,0.0894038787244508,0.0746052424202605,0.1067991829074179,0.0321939404871574,2024,H2,True,BE
84,0.1460125383958932,0.0505354093487486,0.3545212372670407,0.303985827918292,2024,H2,True,KH
13,0.0,0.0,0.3355926708272068,0.3355926708272068,2024,H2,True,LR
26,0.0730891233277782,0.0031672158222229,0.661810845126683,0.6586436293044601,2024,H2,True,LI
25,0.1237257019192742,0.0211744719489606,0.4795945505497972,0.4584200786008366,2024,H2,True,LA
673,0.2796679279488027,0.2273821488098401,0.3387059433845106,0.1113237945746705,2024,H2,True,JO
23,0.2131737408266233,0.0543336010592198,0.5609324311124275,0.5065988300532077,2024,H2,True,MC
29,0.3113381744400292,0.1189046262986086,0.6023108249515324,0.4834061986529238,2024,H2,True,MG
17,0.0,0.0,0.6346461331019103,0.6346461331019103,2024,H2,True,MQ
55,0.3789399399718383,0.2138061281676489,0.5778695149674551,0.3640633867998061,2024,H2,True,LY
35,0.3476290748403731,0.1609920534005307,0.5967425606119106,0.4357505072113798,2024,H2,True,MM
30,0.2270140273077366,0.0760251960765096,0.5117782721942492,0.4357530761177395,2024,H2,True,ML
14,0.1489805056568744,0.0178019115000968,0.6283741083182476,0.6105721968181507,2024,H2,True,MU
66,0.2312318394178294,0.1050487083641296,0.4352673384412405,0.3302186300771108,2024,H2,True,ME
50,0.1582517552989635,0.0407150028895599,0.4543782241850562,0.4136632212954962,2024,H2,True,MD
96,0.1210357494016843,0.0406145192870843,0.3093522746138291,0.2687377553267447,2024,H2,True,MN
15,0.0113576127083474,1.718561356199259e-20,1.0,1.0,2024,H2,True,NC
15,0.0521311344483618,0.000311693086979,0.9065544515108356,0.9062427584238564,2024,H2,True,NE
71,0.1701254891170178,0.0739625270305226,0.3447674237189043,0.2708048966883817,2024,H2,True,MK
13,0.0,0.0,0.6530974299186438,0.6530974299186438,2024,H2,True,NI
97,0.1908557417510418,0.0906544877695564,0.3581853357092155,0.267530847939659,2024,H2,True,MT
42,0.0,0.0,0.2795893175716322,0.2795893175716322,2024,H2,True,
264,0.2282437946802894,0.156406576108907,0.3205387647030349,0.1641321885941279,2024,H2,True,KW
69,0.0824753682232373,0.0233983298757129,0.2521939395337902,0.2287956096580773,2024,H2,True,MZ
439,0.2743220130406308,0.2114512273762087,0.3476448837328642,0.1361936563566554,2024,H2,True,LB
119,0.0621243517913738,0.0147828771831465,0.2262573677814388,0.2114744905982922,2024,H2,True,MW
244,0.1927939171258992,0.1272444890976235,0.2812298675857972,0.1539853784881736,2024,H2,True,LK
14,0.0,0.0,0.8170525065443819,0.8170525065443819,2024,H2,True,PF
20,0.0,0.0,0.4892779406327966,0.4892779406327966,2024,H2,True,PG
263,0.1797619875004472,0.1151302554995799,0.2696211715435836,0.1544909160440037,2024,H2,True,LV
483,0.1095326842714461,0.0677392524341316,0.172344720430997,0.1046054679968654,2024,H2,True,KE
108,0.1232321557315178,0.0436930527241888,0.3018603592621985,0.2581673065380097,2024,H2,True,PA
427,0.2489997883379463,0.1876190063008529,0.3224901092998882,0.1348711029990353,2024,H2,True,MA
2514,0.0870088631210014,0.0703270304712638,0.1071914464899017,0.0368644160186378,2024,H2,True,FI
188,0.3177261047358179,0.224466682865577,0.4283321239690076,0.2038654411034305,2024,H2,True,OM
443,0.2214704903456643,0.16379926667506,0.2923478947109362,0.1285486280358762,2024,H2,True,KZ
236,0.0753422682929924,0.0292491158553127,0.1805620567596704,0.1513129409043577,2024,H2,True,LU
580,0.149097236978115,0.106318427614093,0.2051376992207293,0.0988192716066363,2024,H2,True,LT
761,0.2839992367437838,0.2351085642477724,0.3385566654345759,0.1034481011868035,2024,H2,True,MO
246,0.2254056248086618,0.1536585658264645,0.3180633756110335,0.1644048097845689,2024,H2,True,NP
43,0.1417563140844744,0.0376742114681093,0.4106739649280857,0.3729997534599764,2024,H2,True,RE
33,0.069064868039745,0.0038640453189435,0.5865890281354902,0.5827249828165466,2024,H2,True,PY
119,0.1161083834005078,0.0355360846149735,0.3189509633720127,0.2834148787570392,2024,H2,True,PS
175,0.1224282572254933,0.0554338356172265,0.2490413888215913,0.1936075532043648,2024,H2,True,PR
115,0.1422310962071188,0.0641816713170803,0.286169875779719,0.2219882044626386,2024,H2,True,RW
13,0.0336043996033158,0.0001495285747461,0.8899314375780392,0.889781909003293,2024,H2,True,SC
1544,0.1173545869293739,0.092584679636671,0.1476729214012846,0.0550882417646136,2024,H2,True,HU
414,0.1417169257940418,0.0910009116922559,0.214042151928413,0.123041240236157,2024,H2,True,PE
648,0.2657158536939421,0.213779112711449,0.325053722733219,0.1112746100217699,2024,H2,True,NG
96,0.3672435592989096,0.2294598798933093,0.5307717915878086,0.3013119116944993,2024,H2,True,SD
13013,0.0629688254162269,0.0563304956399835,0.0703311520579648,0.0140006564179812,2024,H1,True,FR
38,0.0,0.0,0.2793361672935266,0.2793361672935266,2024,H2,True,SL
14,0.0,0.0,0.3851382964646949,0.3851382964646949,2024,H2,True,SV
13,0.4250155482332178,0.1151268676878279,0.8076753056880361,0.6925484380002082,2024,H2,True,SO
10,0.0,0.0,0.8824759775794428,0.8824759775794428,2024,H2,True,SZ
17,0.0,0.0,0.5147771506038391,0.5147771506038391,2024,H2,True,TG
16,0.034612711689023,1.064283217846531e-05,0.9917886817203696,0.991778038888191,2024,H2,True,SS
55,0.4450457887674245,0.2606020760375584,0.6459821960444239,0.3853801200068654,2024,H2,True,SY
398,0.1474519805488922,0.0968727377545391,0.2180632672588738,0.1211905295043346,2024,H2,True,PH
21,0.1542304346543042,0.036349868563499,0.4685265309197123,0.4321766623562132,2024,H2,True,TJ
60,0.1709708565245889,0.0659113088623468,0.3760699650005782,0.3101586561382314,2024,H2,True,SN
32,0.0,0.0,0.3665113858212088,0.3665113858212088,2024,H2,True,TT
2461,0.1258066584527788,0.1046157255544633,0.1505682041468531,0.0459524785923897,2024,H2,True,IE
2367,0.1760745952250892,0.1517768784891875,0.2033296650286777,0.0515527865394901,2024,H2,True,GR
492,0.2224199451775384,0.1671323683223868,0.2896364993273669,0.1225041310049801,2024,H2,True,QA
45453,0.0647230706635762,0.0610852350862568,0.0685617318814181,0.0074764967951612,2023,H2,False,US
946,0.1394694914116287,0.1060117845445316,0.1813446143428149,0.0753328297982833,2024,H2,True,RS
310,0.1795626122518171,0.119463593437833,0.2609363258395653,0.1414727324017323,2024,H2,True,TZ
389,0.2025516467500145,0.144879841876441,0.2757769433837383,0.1308971015072972,2024,H2,True,TN
429,0.1600694782406686,0.1101997374438027,0.2267560296954588,0.1165562922516561,2024,H2,True,UA
1558,0.3045182217137499,0.2685821520183132,0.3430076340185126,0.0744254820001994,2024,H2,True,MY
344,0.1909790062049418,0.1294460722453416,0.2726027040148197,0.143156631769478,2024,H2,True,UG
3893,0.1117354600469256,0.095953084290901,0.1297411831919284,0.0337880989010274,2024,H2,True,DK
2072,0.305499793425986,0.2750691925010681,0.3377285217582753,0.0626593292572071,2024,H2,True,PK
658,0.1338786595352328,0.0972006960466362,0.181612610604483,0.0844119145578468,2024,H2,True,SK
1964,0.2794232254619093,0.2464869384766614,0.3149211940856736,0.0684342556090122,2024,H2,True,TH
873,0.135242504052615,0.1023226673637342,0.17666908671084,0.0743464193471058,2024,H2,True,SI
2206,0.148629398586083,0.1253196348812175,0.1754053752309536,0.050085740349736,2024,H2,True,MX
45596,0.1380592392789432,0.1325029065801718,0.1438099440710783,0.0113070374909065,2024,H1,False,CN
4515,0.2164047817117806,0.1975612718217343,0.2365158476116045,0.0389545757898701,2024,H2,True,HK
1610,0.106653506430693,0.0831577577058064,0.1358045232886562,0.0526467655828498,2024,H2,True,NZ
2748,0.3036142139389157,0.2765603614787464,0.3320996615365765,0.05553930005783,2024,H2,True,IR
5857,0.0961623683877505,0.0840975426990046,0.1097506377849721,0.0256530950859674,2024,H2,True,CH
8596,0.0730774840391317,0.0642385524496119,0.0830247061682353,0.0187861537186233,2024,H2,False,DE
2381,0.1947013479601699,0.1694930171331772,0.2226537275674334,0.0531607104342562,2024,H2,True,RO
30,0.1538995886774723,0.0306310225034038,0.5114871459834505,0.4808561234800466,2024,H2,True,XK
119,0.2337306123986773,0.1395115226442719,0.3646180135809321,0.2251064909366601,2024,H2,True,UZ
57,0.1950043889614449,0.0688450552314588,0.4424900850407151,0.3736450298092562,2024,H2,True,VE
94,0.2372182344044221,0.1227857044023107,0.4086202454296874,0.2858345410273766,2024,H2,True,ZW
123,0.3137797179722376,0.1965849111463648,0.4607713107173458,0.264186399570981,2024,H2,True,YE
143,0.1274938180475237,0.0586218407138706,0.2553334624449209,0.1967116217310503,2024,H2,True,UY
114,0.0264583341505161,0.0018440536267249,0.2856112763257677,0.2837672226990428,2024,H2,True,ZM
2618,0.1253554207639697,0.1051878752782572,0.1487468943519864,0.0435590190737292,2024,H2,True,IL
750,0.2395391343962617,0.1911478524002859,0.2957025398533392,0.1045546874530533,2024,H2,True,VN
2502,0.1767269767900915,0.1523775517730779,0.2040307685108978,0.0516532167378199,2024,H2,True,SG
2552,0.1251136388994405,0.1047445942044457,0.1487854289962316,0.0440408347917858,2024,H2,True,RU
3331,0.1763114697969307,0.1558803748366959,0.1987898086174073,0.0429094337807113,2024,H2,True,PT
10,0.0,0.0,0.8448206568892634,0.8448206568892634,2025,H1,False,AO
4507,0.3223238893267423,0.3007807039937867,0.3446495274845974,0.0438688234908106,2024,H2,True,SA
31,0.1968581308494008,0.0305197469451307,0.6561739565257068,0.625654209580576,2025,H1,False,AL
23,0.5999245185469478,0.2597427233262815,0.8650178278517917,0.6052751045255101,2025,H1,False,AG
46,0.4172182236669979,0.2271767761168294,0.6355068397916132,0.4083300636747837,2025,H1,False,AF
55,0.0467679459878789,0.0052885520281863,0.3116509077892263,0.30636235576104,2025,H1,False,AM
6891,0.2706201367648143,0.2543786187810213,0.2874987963739138,0.0331201775928924,2024,H2,True,IN
3653,0.1947238641414062,0.1736662922842449,0.2176621751782705,0.0439958828940256,2024,H2,True,TR
533,0.2537949878987328,0.188944964268605,0.3317973718139475,0.1428524075453425,2025,H1,False,AE
33,0.0,0.0,0.2056398049917078,0.2056398049917078,2025,H1,False,BA
93,0.2016301323589706,0.0831226268896675,0.4129903099764033,0.3298676830867358,2025,H1,False,AZ
3751,0.2439176462104929,0.2212895556062121,0.2680630666860832,0.0467735110798711,2024,H2,True,TW
25,0.0,0.0,0.4301346004465915,0.4301346004465915,2025,H1,False,BJ
32,0.0,0.0,0.4437433795097015,0.4437433795097015,2025,H1,False,BO
42,0.0,0.0,0.2944175453022137,0.2944175453022137,2025,H1,False,BI
25,0.2782290081001358,0.0918962052147187,0.5948789989634462,0.5029827937487275,2025,H1,False,BN
26,0.140011063357773,0.0184169778382751,0.5855253070409453,0.5671083292026701,2025,H1,False,BF
51,0.3898213183195562,0.1959085475978232,0.6261975237314609,0.4302889761336376,2025,H1,False,BH
365,0.300850167226281,0.2278011576836283,0.3856258572354737,0.1578246995518454,2025,H1,False,BD
562,0.109192306932387,0.0689915350535361,0.1685762578325475,0.0995847227790113,2025,H1,False,AR
23,0.0576283071577772,9.79139922782161e-05,0.9744827321813716,0.9743848181890936,2025,H1,False,BW
48,0.3450913484507379,0.1607700392086812,0.5917335772561166,0.4309635380474353,2025,H1,False,BY
212,0.1669560854903717,0.0968556677981062,0.272485085825985,0.1756294180278788,2025,H1,False,BG
16,0.0,0.0,0.8137245984485006,0.8137245984485006,2025,H1,False,CG
33,0.2334493595511737,0.0497919791607631,0.6389837031436837,0.5891917239829205,2025,H1,False,CD
28,0.1394480840602729,0.0221660921177145,0.536687184031704,0.5145210919139894,2025,H1,False,CI
2960,0.08669332111665,0.0703882987081085,0.1063432365283859,0.0359549378202774,2024,H2,True,NO
82,0.2574902687904211,0.1097777749601092,0.4937265620390557,0.3839487870789465,2025,H1,False,CM
2257,0.1540213458058721,0.1307741114587577,0.1805427980375357,0.049768686578778,2024,H2,True,ZA
10839,0.0711063859999506,0.0633222683208272,0.0797659071460362,0.0164436388252089,2024,H2,False,GB
11304,0.1397055291399307,0.1293519387275089,0.1507443565278979,0.021392417800389,2024,H2,True,CA
733,0.1724122763187766,0.1275025315179729,0.2289888429011918,0.1014863113832189,2025,H1,False,CL
26,0.3433201617518656,0.1152430514631809,0.6772589194813791,0.5620158680181981,2025,H1,False,CU
54,0.3072664077167847,0.1185316768643669,0.5940052975651634,0.4754736207007965,2025,H1,False,CR
11756,0.1330280837524537,0.1228481897597088,0.1439131388469236,0.0210649490872147,2024,H2,True,AU
225,0.3942646783928842,0.2925370703556691,0.506062826424468,0.2135257560687988,2025,H1,False,CY
6270,0.1632103272642719,0.1484835439482897,0.1790905342798699,0.0306069903315802,2024,H2,True,PL
17,0.1931762223859572,0.030641115444423,0.6445773736416903,0.6139362581972673,2025,H1,False,DO
403,0.2212092072112299,0.1538571455644037,0.307335992117377,0.1534788465529732,2025,H1,False,CO
149,0.1925712050252012,0.1063872548098477,0.3233123183041372,0.2169250634942895,2025,H1,False,EC
147,0.2144195081588655,0.1129784380637164,0.3690476174424119,0.2560691793786955,2025,H1,False,DZ
14,0.1793821611199747,0.0246133569562112,0.6544067665127634,0.6297934095565522,2025,H1,False,FJ
157,0.2320202733157843,0.1345435919546977,0.3699320319587974,0.2353884400040996,2025,H1,False,EE
5521,0.0927488943221178,0.0805967865470526,0.1065209726374322,0.0259241860903795,2024,H2,True,SE
16,0.1892870947270593,0.0221154366921164,0.7067844126788474,0.6846689759867309,2025,H1,False,GA
1699,0.0918998009578624,0.0699422592967207,0.1198622688131827,0.049920009516462,2025,H1,False,AT
372,0.2069838934345691,0.1462189279073841,0.2845840863070332,0.138365158399649,2025,H1,False,ET
20,0.1775854996162926,0.0085208613304869,0.8443682120284278,0.8358473506979409,2025,H1,False,GF
21,0.1318061130869877,0.0052311406379817,0.8142271877868831,0.8089960471489014,2025,H1,False,GM
58,0.4144466504317287,0.2220264536321996,0.6370700802698349,0.4150436266376353,2025,H1,False,GE
12,0.1711899738550506,0.0186668995454696,0.6916247032761235,0.6729578037306538,2025,H1,False,GT
16,0.0,0.0,0.1845528725530865,0.1845528725530865,2025,H1,False,HN
136,0.1746848750983765,0.0874253417771067,0.3186292047988986,0.2312038630217918,2025,H1,False,GH
1314,0.2624439328488794,0.2240397664356898,0.304844962530857,0.0808051960951672,2025,H1,False,EG
19,0.4645587987730463,0.1418518037412239,0.8199469386802125,0.6780951349389885,2025,H1,False,JM
2383,0.1208896716847678,0.0974467941393336,0.1490409324090864,0.0515941382697527,2025,H1,False,BR
224,0.3299425496593737,0.2402346717758397,0.4340130413175419,0.1937783695417022,2025,H1,False,IQ
457,0.2701049022320697,0.196523730864307,0.3589288280865795,0.1624050972222725,2025,H1,False,ID
128,0.0607849281741097,0.0124835849022726,0.2488739916918371,0.2363904067895645,2025,H1,False,IS
1434,0.1223366046397038,0.0947762731374239,0.1565255102634163,0.0617492371259923,2025,H1,False,CZ
11,0.0,0.0,0.6022535753235947,0.6022535753235947,2025,H1,False,KN
24,0.0,0.0,0.5249285303678464,0.5249285303678464,2025,H1,False,KP
336,0.1275871086217647,0.071742912725931,0.2167500033957744,0.1450070906698433,2025,H1,False,HR
18,0.0661327494017167,0.0013315554861527,0.7899683413592786,0.7886367858731259,2025,H1,False,KG
65,0.2321211240694123,0.0841555865850795,0.4986084582825939,0.4144528716975144,2025,H1,False,KH
327,0.3375054284777131,0.2602620776815316,0.424517720076709,0.1642556423951773,2025,H1,False,JO
16,0.0,0.0,0.436926592296388,0.436926592296388,2025,H1,False,LA
10,0.1654197959401547,0.0010857616459837,0.9730775280649456,0.971991766418962,2025,H1,False,MC
23,0.2871062186225373,0.0783865229865844,0.6559987348628056,0.5776122118762211,2025,H1,False,LY
15,0.0,0.0,0.8855396840255098,0.8855396840255098,2025,H1,False,ML
10,0.0113624633914202,1.8634382165268264e-16,0.9999999999985892,0.999999999998589,2025,H1,False,MM
21,0.0,0.0,0.6625302900306853,0.6625302900306853,2025,H1,False,MQ
19,0.0866324777572562,0.001781528568524,0.8344601845223282,0.8326786559538042,2025,H1,False,MG
51,0.0,0.0,0.174583185903462,0.174583185903462,2025,H1,False,MW
87,0.1969153549965135,0.0896223126862469,0.3791595419332864,0.2895372292470394,2025,H1,False,LK
47,0.4239000191757066,0.2191424739504787,0.658609413025588,0.4394669390751092,2025,H1,False,MN
1102,0.0924329604823207,0.066091911102324,0.1278352571274772,0.0617433460251531,2025,H1,False,FI
41,0.0435051664799394,0.0022513266692691,0.4783112105843075,0.4760598839150384,2025,H1,False,MK
16,0.2747310884937447,0.0676911492189029,0.6640085315825751,0.5963173823636722,2025,H1,False,
2432,0.0766680868654714,0.05815356396261,0.1004484789909147,0.0422949150283046,2025,H1,False,BE
128,0.2494882320858785,0.1427021341653636,0.3989933571131411,0.2562912229477775,2025,H1,False,KW
56,0.1361133585605154,0.0325283130127227,0.4247432190333136,0.3922149060205909,2025,H1,False,MT
95,0.1259118117150749,0.0364189256625046,0.3544281241422986,0.3180091984797939,2025,H1,False,LV
46,0.0440827573725873,0.0035884330040341,0.3712727713764846,0.3676843383724504,2025,H1,False,ME
1061,0.1331274408446458,0.0987724158586817,0.1770838787046036,0.0783114628459219,2025,H1,False,GR
38,0.0864819059527051,0.0159954539965473,0.3553945184694215,0.3393990644728741,2025,H1,False,MZ
170,0.2536051193885277,0.1522752054106745,0.3912439914448767,0.2389687860342022,2025,H1,False,KZ
176,0.1810931612527667,0.1031375748347632,0.2983685606764774,0.1952309858417141,2025,H1,False,LB
204,0.1282842725963391,0.0583507153424998,0.2589816651313754,0.2006309497888755,2025,H1,False,KE
133,0.0858723998824379,0.0301414080069971,0.221152109735361,0.1910107017283638,2025,H1,False,LU
717,0.1134424047389384,0.0772333345602111,0.1636172588505467,0.0863839242903355,2025,H1,False,HU
311,0.2736907739145265,0.1842609489935319,0.3859870171869018,0.2017260681933699,2025,H1,False,MA
381,0.2974448648709809,0.2138311023663219,0.3972336931366637,0.1834025907703417,2025,H1,False,MO
208,0.1903511033411413,0.1146446345442782,0.2991583517928992,0.1845137172486209,2025,H1,False,LT
14,0.1525620541901688,0.011080701141369,0.7430945914537128,0.7320138903123438,2025,H1,False,PG
80,0.3462360997217213,0.1923405761649268,0.5408145071876691,0.3484739310227422,2025,H1,False,OM
60,0.0495801769858066,0.0060964608720249,0.3073167864005209,0.301220325528496,2025,H1,False,PA
103,0.1992402877412755,0.1001628008937635,0.3573965871681636,0.2572337862744,2025,H1,False,NP
14,0.0,0.0,0.6901468211851163,0.6901468211851163,2025,H1,False,PY
18,0.0,0.0,0.5508965296143579,0.5508965296143579,2025,H1,False,RE
265,0.2035841348705027,0.1304141929776198,0.3034795893818739,0.173065396404254,2025,H1,False,NG
53,0.0729920741913873,0.0075273916841024,0.4497770153210581,0.4422496236369557,2025,H1,False,PS
169,0.0907726944504836,0.0375315202971684,0.2035661575453248,0.1660346372481564,2025,H1,False,PE
189,0.2418695673626711,0.1433840898323962,0.3781398755355784,0.2347557857031821,2025,H1,False,PH
8842,0.1391479989559762,0.1271207609921071,0.1521148617255313,0.0249941007334242,2024,H2,True,JP
57,0.2097126661048985,0.0669337608514332,0.4953641818212826,0.4284304209698494,2025,H1,False,RW
114,0.1676846720300265,0.0729291280042607,0.340355517605185,0.2674263896009243,2025,H1,False,PR
38,0.4770281887600396,0.2194303634889884,0.7474550781502639,0.5280247146612754,2025,H1,False,SD
24,0.0,0.0,0.2221596450062252,0.2221596450062252,2025,H1,False,SN
14,0.505449290904202,0.1934646863334813,0.8132471141752238,0.6197824278417424,2025,H1,False,SO
205,0.370138507498103,0.2578809921268136,0.4984415267645086,0.240560534637695,2025,H1,False,QA
15,0.0278663343762332,1.6972060857706837e-08,0.9999793453473432,0.9999793283752824,2025,H1,False,SS
11,0.2069587130961845,0.0278245816321603,0.7041011743837468,0.6762765927515865,2025,H1,False,TG
30,0.4434067119025794,0.2156237465755882,0.6977611247849417,0.4821373782093535,2025,H1,False,SY
46,0.2105824780278828,0.0697652506165503,0.4868692704056383,0.417104019789088,2025,H1,False,TJ
15,0.0495260755952468,0.0001047871439409,0.9628363325311526,0.9627315453872116,2025,H1,False,TT
216,0.3353292322013068,0.2234538130933622,0.4693617788320047,0.2459079657386425,2025,H1,False,TN
279,0.0923926942668721,0.0440023895477453,0.1837692333570144,0.139766843809269,2025,H1,False,RS
109,0.2203640323444223,0.1076124692448811,0.3984977320290847,0.2908852627842035,2025,H1,False,TZ
669,0.353737505910572,0.2942425704928315,0.4181349886883978,0.1238924181955663,2025,H1,False,MY
270,0.1653440212356915,0.1028040980177574,0.2551115268403472,0.1523074288225897,2025,H1,False,SK
1006,0.3368537047420567,0.2888130689440902,0.3885198706539433,0.099706801709853,2025,H1,False,PK
147,0.0976851823661198,0.0326132978969216,0.2579694978302502,0.2253561999333286,2025,H1,False,UG
2276,0.0944615346042223,0.0736005013918803,0.1204664558493865,0.0468659544575061,2025,H1,False,DK
288,0.226893628091206,0.1547108543917822,0.3200047779366048,0.1652939235448225,2025,H1,False,UA
336,0.1064093880511142,0.057538107494342,0.1884887614727134,0.1309506539783713,2025,H1,False,SI
1030,0.0910867974703747,0.0597722609955453,0.1364264965269748,0.0766542355314295,2025,H1,False,IE
1737,0.2984956651510517,0.2619652679249765,0.3377886455877004,0.0758233776627239,2025,H1,False,IR
891,0.1553969669415908,0.1145355055456154,0.2074212476792916,0.0928857421336762,2025,H1,False,MX
954,0.2354334997345803,0.1924662823318979,0.2846122050560009,0.0921459227241029,2025,H1,False,TH
561,0.1173185521865633,0.0745782942901293,0.1797941273131058,0.1052158330229765,2025,H1,False,RO
1312,0.0770421737723216,0.0535290624761328,0.1096866727998719,0.0561576103237391,2025,H1,False,NO
3649,0.0738063595595286,0.0597170666740498,0.0908984475441724,0.0311813808701225,2025,H1,False,CH
1116,0.1221041450867372,0.0913764124882817,0.1613302166486285,0.0699538041603468,2025,H1,False,RU
1697,0.2143975788696601,0.1803817115861165,0.252849176395699,0.0724674648095824,2025,H1,False,TR
736,0.1032851262742125,0.0674751535919806,0.1549422149548493,0.0874670613628686,2025,H1,False,NZ
9749,0.0808892968315331,0.0720006645769673,0.0907679200329263,0.0187672554559589,2024,H2,True,FR
29,0.0146423461973712,1.923144358006281e-09,0.9999912908744674,0.999991288951323,2025,H1,False,VE
15,0.0,0.0,0.4167144394951683,0.4167144394951683,2025,H1,False,XK
49,0.2995107756756858,0.1334846097007681,0.5427048290003844,0.4092202192996163,2025,H1,False,YE
79,0.2849141182913411,0.1493735068486254,0.4747947566932741,0.3254212498446487,2025,H1,False,UZ
1552,0.1054841148724064,0.0803850474389172,0.1372503757018336,0.0568653282629164,2025,H1,False,IL
70,0.0118645487887247,9.616756687295568e-07,0.9933736830631944,0.9933727213875256,2025,H1,False,UY
54,0.3394052082179954,0.151058373243244,0.5973492108787155,0.4462908376354715,2025,H1,False,ZM
39,0.1288147106273433,0.0209510866136554,0.5053577349373022,0.4844066483236467,2025,H1,False,ZW
304,0.2319322858066328,0.1540344587476932,0.3336855573891001,0.1796510986414069,2025,H1,False,VN
7961,0.0917940049914795,0.0814340673351441,0.1033236696315596,0.0218896022964154,2024,H2,True,NL
1395,0.1149607161397444,0.0852069881186512,0.1533624313967649,0.0681554432781137,2025,H1,False,PT
2626,0.2086850980549586,0.1801516176790939,0.2404126384153554,0.0602610207362615,2025,H1,False,HK
5721,0.111566901122306,0.0967047463536556,0.128388511730235,0.0316837653765794,2025,H1,False,AU
2354,0.1557363523195827,0.1311213304016295,0.1839937569001193,0.0528724264984897,2025,H1,False,PL
1775,0.2030917856301445,0.1699482357557727,0.24082371802984,0.0708754822740672,2025,H1,False,TW
1726,0.1564583978015763,0.1240503393886748,0.1954439537204246,0.0713936143317498,2025,H1,False,SG
893,0.1212089673670916,0.0837591306041333,0.1722551633139693,0.0884960327098359,2025,H1,False,ZA
4711,0.2488493507360536,0.2266030241274892,0.272510128890059,0.0459071047625697,2025,H1,False,KR
6873,0.0904456242732013,0.077831410886154,0.1048717406546052,0.0270403297684511,2025,H1,False,CA
5214,0.2191202633869241,0.1985898442381851,0.2411345171382121,0.042544672900027,2025,H1,False,IN
2115,0.285144881350288,0.252934921388543,0.3197012889202754,0.0667663675317323,2025,H1,False,SA
20390,0.0876201999730987,0.0813701896969646,0.0943009907962169,0.0129308010992522,2024,H1,True,IT
27672,0.1927661029306722,0.1850754349407893,0.2006976453973609,0.0156222104565715,2024,H2,False,CN
2862,0.1102136038873058,0.0906903738050038,0.1333234455914415,0.0426330717864377,2025,H1,False,SE
4327,0.1003357168932054,0.0845196983642855,0.1187275284980386,0.0342078301337531,2025,H1,False,NL
9741,0.3050213898441774,0.2900425442974266,0.3204246659795532,0.0303821216821265,2024,H2,True,KR
6082,0.1147655544142259,0.1002780005379259,0.1310413329541739,0.0307633324162479,2025,H1,False,JP
12318,0.1221435242403819,0.1124869032334206,0.1325053659307624,0.0200184626973417,2024,H2,True,ES
48403,0.0823541007806973,0.0783079032890273,0.0865897255032094,0.008281822214182,2024,H1,False,US
6234,0.0880149587957957,0.0746459451795209,0.1035105132338598,0.0288645680543388,2025,H1,False,ES
6909,0.1033952738368217,0.0901775562795398,0.1182984647941374,0.0281209085145975,2025,H1,False,IT
6489,0.0658506614397225,0.0550952278516912,0.0785312203474836,0.0234359924957923,2025,H1,False,FR
30138,0.0824534634523541,0.0774109599698678,0.087793175935989,0.0103822159661212,2024,H1,True,GB
15410,0.1405817698282721,0.1315729266224944,0.1501008358756738,0.0185279092531793,2024,H2,True,IT
9784,0.0858493188193676,0.0759006791255092,0.0969651417977646,0.0210644626722554,2025,H1,False,DE
79453,0.08404051516904,0.0810358938940702,0.0871459762223125,0.0061100823282422,2023,H1,True,US
13409,0.0856987957224379,0.0766233434132441,0.0957377164520225,0.0191143730387783,2025,H1,False,GB
16,0.0,0.0,0.3205643815529713,0.3205643815529713,2025,H1,True,AO
45,0.3046334366512965,0.1360123894772684,0.5493766908167121,0.4133643013394437,2025,H1,True,AF
60,0.2421382239180914,0.0849150921561171,0.5238270531162635,0.4389119609601463,2025,H1,True,AG
63,0.0861897189798342,0.021880837443298,0.2845253321629321,0.2626444947196341,2025,H1,True,AL
118,0.1919213766281984,0.0964020355281268,0.3458594129023343,0.2494573773742074,2025,H1,True,AM
11,0.0,0.0,0.4550144665180212,0.4550144665180212,2025,H1,True,BB
126,0.1673094902146222,0.0842254559652134,0.305050804545914,0.2208253485807005,2025,H1,True,BA
164,0.179787130987826,0.090703892216845,0.3250827792830129,0.2343788870661677,2025,H1,True,AZ
55,0.0,0.0,0.1582818907021446,0.1582818907021446,2025,H1,True,BJ
10,0.285043418962399,0.0536248001986531,0.7372001779979317,0.6835753777992786,2025,H1,True,BM
42,0.5286914257349988,0.2509008915116147,0.7897795521859904,0.5388786606743756,2025,H1,True,BN
56,0.2454027238099477,0.0979178764857984,0.493502690041215,0.3955848135554165,2025,H1,True,BO
100,0.3711581747169114,0.2305007231006882,0.5376742443452712,0.307173521244583,2025,H1,True,BH
86,0.0783640426697574,0.0217071379282064,0.2457512614772218,0.2240441235490153,2025,H1,True,BF
48,0.0469097365362781,0.0072192866438853,0.2498869984166996,0.2426677117728142,2025,H1,True,BI
11,0.2461703501749723,0.0190881333748971,0.8456823254887008,0.8265941921138037,2025,H1,True,BS
65,0.3805566211789299,0.2288211523862143,0.5598632196478984,0.331042067261684,2025,H1,True,BW
1219,0.2776665555114382,0.2331292651040245,0.3270833022836125,0.093954037179588,2025,H1,True,AE
108,0.1058044570603175,0.0350076995559983,0.2784603666597752,0.2434526671037769,2025,H1,True,BY
534,0.1445203829238084,0.1003556422402244,0.2037200301517735,0.103364387911549,2025,H1,True,BG
42,0.2931571284580608,0.1372751652974589,0.5194674206198543,0.3821922553223953,2025,H1,True,CG
915,0.2497287219973555,0.2024918391922015,0.3037874389314796,0.101295599739278,2025,H1,True,BD
105,0.0677051198566815,0.0173159880416547,0.2303533042470765,0.2130373162054218,2025,H1,True,CD
55,0.1216614265607485,0.0336485810519861,0.3552539531291468,0.3216053720771606,2025,H1,True,CI
1197,0.1240004074703026,0.0922921136381275,0.1646267793058421,0.0723346656677145,2025,H1,True,AR
171,0.2058297944572451,0.1235622824019063,0.3227032956781576,0.1991410132762512,2025,H1,True,CM
18120,0.0873771425963332,0.0805956425395537,0.0946704980003407,0.0140748554607869,2024,H2,True,DE
3304,0.1133997319518283,0.0953035577140594,0.1344214549310119,0.0391178972169525,2025,H1,True,AT
1830,0.1595442752440685,0.1314505391392591,0.1923127871819463,0.0608622480426871,2025,H1,True,CL
18,0.0,0.0,0.5979373796659853,0.5979373796659853,2025,H1,True,CW
70,0.1044740867954527,0.0276954735852654,0.32332258689288,0.2956271133076146,2025,H1,True,CU
140,0.142450370858768,0.0609418043472922,0.298340517720308,0.2373987133730158,2025,H1,True,CR
24179,0.0786861519496653,0.0733812782866416,0.0843396195046766,0.0109583412180349,2024,H1,True,DE
49169,0.1127071962437546,0.1082908738498819,0.1172799371615,0.0089890633116181,2024,H1,True,
521,0.2239023133889257,0.1683423078827813,0.291374952059332,0.1230326441765507,2025,H1,True,CY
44,0.0023243729240688,7.82101219084124e-27,1.0,1.0,2025,H1,True,DO
257,0.2561240785885414,0.1708792952041737,0.3651649196470705,0.1942856244428968,2025,H1,True,DZ
139935,0.0408683330817406,0.0392548419778923,0.0425452066291051,0.0032903646512128,2021,H2,False,
321,0.1265601495587908,0.0762712522204893,0.202729605046275,0.1264583528257857,2025,H1,True,EE
1102,0.1937078001379368,0.1548652623290278,0.2395314316317024,0.0846661693026745,2025,H1,True,CO
4493,0.1264096325844536,0.1093753010561899,0.145663029615139,0.036287728558949,2025,H1,True,BE
11,0.1708441206105371,0.0021538067719389,0.9516186087107796,0.9494648019388408,2025,H1,True,FO
48,0.3122626891971569,0.1285198334505943,0.5829719392655337,0.4544521058149394,2025,H1,True,FJ
487,0.205467062226777,0.1483085195860026,0.2774776926655209,0.1291691730795183,2025,H1,True,EC
37,0.0461717874369078,0.0015290303319663,0.6047656254769129,0.6032365951449465,2025,H1,True,GA
6025,0.1428489264937892,0.1259423811228869,0.1616053943565786,0.0356630132336917,2025,H1,True,BR
19,0.0,0.0,0.4244430799168053,0.4244430799168053,2025,H1,True,GF
41,0.0,0.0,0.371120282419596,0.371120282419596,2025,H1,True,GD
17,0.0,0.0,0.4472401326940879,0.4472401326940879,2025,H1,True,GL
15,0.0,0.0,0.5059422892320227,0.5059422892320227,2025,H1,True,GN
30,0.0,0.0,0.2890252198534707,0.2890252198534707,2025,H1,True,GP
48,0.2004853371521938,0.0729222652715942,0.44426159671033,0.3713393314387357,2025,H1,True,GM
120,0.0321451888012553,0.0019908757188502,0.3560727302728436,0.3540818545539933,2025,H1,True,GE
10,0.0,0.0,0.631893671005033,0.631893671005033,2025,H1,True,GY
21,0.1882227294960076,0.052301283983767,0.4934542980218619,0.4411530140380949,2025,H1,True,GU
35,0.1378446719263514,0.0202400538865548,0.5530565435507576,0.5328164896642028,2025,H1,True,GT
36599,0.0927067654012715,0.0877917468128216,0.0978674295100956,0.0100756826972739,2024,H2,False,US
42,0.1685356299492135,0.0532278886483081,0.4222346554448401,0.3690067667965319,2025,H1,True,HN
540,0.2120560609807709,0.1582612876364688,0.2780951003645272,0.1198338127280584,2025,H1,True,GH
1184,0.1956508602375732,0.1611577635222887,0.2354543835950192,0.0742966200727305,2025,H1,True,ET
381,0.22346095492197,0.1489830192003245,0.3211219175004847,0.1721388983001602,2025,H1,True,IQ
244,0.0760891101608998,0.034766348701704,0.1584640909031869,0.1236977422014829,2025,H1,True,IS
2439,0.1615614020034074,0.1367897509077919,0.1898324929090926,0.0530427420013006,2025,H1,True,CZ
29,0.0,0.0,0.2597841716999303,0.2597841716999303,2025,H1,True,JM
1145,0.2359775863850964,0.1890656557841006,0.290361735877264,0.1012960800931634,2025,H1,True,ID
28,0.0,0.0,0.4531505364683819,0.4531505364683819,2025,H1,True,KN
18,0.097203838468649,0.0003475776599191,0.9708806774039842,0.970533099744065,2025,H1,True,KP
30,0.1823302816823409,0.0437181367747778,0.5209907150356088,0.4772725782608309,2025,H1,True,KG
807,0.1679923467346932,0.1274669593717516,0.2181801749943888,0.0907132156226371,2025,H1,True,HR
149,0.0394477805930544,0.0089239808972219,0.157757090397307,0.148833109500085,2025,H1,True,KH
18,0.218081636764584,0.0488487527225888,0.6023298942594618,0.553481141536873,2025,H1,True,LI
34,0.401662454794143,0.1360199411888048,0.7410939644983102,0.6050740233095053,2025,H1,True,LA
32,0.0,0.0,0.3177742372647963,0.3177742372647963,2025,H1,True,MM
51,0.2941893118206315,0.1160306750324401,0.5696248246038977,0.4535941495714576,2025,H1,True,LY
52,0.0,0.0,0.182080779481754,0.182080779481754,2025,H1,True,MG
50,0.1976649116894661,0.0660202658492071,0.461970284440683,0.3959500185914759,2025,H1,True,MD
23,0.1427575827702312,0.0151730024819132,0.6428608320940552,0.627687829612142,2025,H1,True,MQ
38,0.0745431270884497,0.00699256320938,0.4795293473590465,0.4725367841496665,2025,H1,True,ML
63,0.095162977773263,0.0141968190416537,0.4344079630458373,0.4202111440041836,2025,H1,True,ME
10,0.0896021447617771,0.0003389935144271,0.9661763342228596,0.9658373407084324,2025,H1,True,MV
18,0.0841194641232242,0.0015683508293378,0.8430190564733223,0.8414507056439845,2025,H1,True,MU
272,0.2283015011438602,0.1542992809664943,0.3241900102136766,0.1698907292471823,2025,H1,True,KW
215,0.2500686184563299,0.1608035131215136,0.3672038828469288,0.2064003697254151,2025,H1,True,LK
38,0.0817708507435461,0.0093217233626007,0.4573513915856627,0.448029668223062,2025,H1,True,MC
132,0.287843553540579,0.1761286589895411,0.4331620958266701,0.257033436837129,2025,H1,True,MN
127,0.2883739508598792,0.1619181223647415,0.4594482772024255,0.2975301548376839,2025,H1,True,MK
15,0.2918454927971947,0.0680821544802791,0.6992342294242064,0.6311520749439273,2025,H1,True,NE
20,0.0,0.0,0.669292659446784,0.669292659446784,2025,H1,True,NI
35,0.1853646252255622,0.0546726970886407,0.4723620000977331,0.4176893030090923,2025,H1,True,
28,0.1188078867959196,0.0225336842789715,0.4408820229704152,0.4183483386914437,2025,H1,True,NC
268,0.2778101599210238,0.1920290821843731,0.3837123012183103,0.1916832190339372,2025,H1,True,LV
269,0.1328455578792041,0.0699458460624889,0.2378436449660705,0.1678977989035815,2025,H1,True,LU
774,0.2364638631961974,0.1874421495922659,0.2936726136380649,0.106230464045799,2025,H1,True,JO
1640,0.1716180469199614,0.1432045903866608,0.2043246441920287,0.0611200538053678,2025,H1,True,HU
124,0.2779656617498772,0.1686549149931044,0.4221484550098735,0.253493540016769,2025,H1,True,MW
2467,0.1170384946997084,0.0965207698362644,0.1412359251467851,0.0447151553105207,2025,H1,True,FI
93,0.0653997655234865,0.0147445715612171,0.2465357653876281,0.231791193826411,2025,H1,True,MT
530,0.2073815416740548,0.1557324564606814,0.2706685220770238,0.1149360656163424,2025,H1,True,KE
76,0.0297690346537488,0.0030086013949868,0.2377845977541099,0.2347759963591231,2025,H1,True,MZ
527,0.2221217730533262,0.1628793676405202,0.2953104591708817,0.1324310915303615,2025,H1,True,MA
414,0.1624456282769617,0.1102953814305561,0.2328017161287758,0.1225063346982197,2025,H1,True,LB
16,0.0405863625058792,0.0002080782446225,0.8958189324226193,0.8956108541779968,2025,H1,True,PF
29,0.0095222345258278,1.4159991509141474e-12,0.9999999846794378,0.999999984678022,2025,H1,True,PG
456,0.1916005029243548,0.1363214912988814,0.2624829371209161,0.1261614458220346,2025,H1,True,KZ
98,0.0726210409298304,0.0178204013414362,0.2526015817309376,0.2347811803895014,2025,H1,True,PA
279,0.2138015078840709,0.1401868692770883,0.3120433461371184,0.1718564768600301,2025,H1,True,NP
2946,0.3018726980010853,0.2721195565356045,0.3333889659709471,0.0612694094353425,2025,H1,True,EG
2568,0.1693130180568343,0.1458618518815557,0.1956708377478856,0.0498089858663299,2025,H1,True,GR
220,0.3441028911212691,0.2448985541035514,0.4590622500350082,0.2141636959314568,2025,H1,True,OM
51,0.2670117720081395,0.1124088391103875,0.5116715967584863,0.3992627576480987,2025,H1,True,PY
43,0.0919389889995153,0.015368891301542,0.3964088087396232,0.3810399174380812,2025,H1,True,RE
617,0.1746890594350303,0.1279213465688156,0.2339677076309387,0.106046361062123,2025,H1,True,LT
404,0.2216188239521821,0.1531369280708451,0.3095319553068454,0.1563950272360003,2025,H1,True,PH
203,0.2233390560943216,0.1405602822282639,0.3358192071948405,0.1952589249665765,2025,H1,True,PS
3415,0.2929448449498517,0.2641740471724022,0.3234715806630151,0.0592975334906129,2025,H1,True,IR
123,0.1442284362167907,0.0682578146222616,0.279398758612241,0.2111409439899793,2025,H1,True,RW
156,0.2692897813050625,0.1694057518279691,0.3997245018218107,0.2303187499938415,2025,H1,True,SD
301,0.1837410187398264,0.1176894567286949,0.2752964420536251,0.1576069853249302,2025,H1,True,PR
454,0.2033911157768837,0.1453418384103908,0.277107915223019,0.1317660768126281,2025,H1,True,PE
21,0.0,0.0,0.2632077852575644,0.2632077852575644,2025,H1,True,SS
10,0.0,0.0,0.9046063346113398,0.9046063346113398,2025,H1,True,SZ
16,0.1369734366252996,0.0072139319760698,0.7761177724518526,0.7689038404757828,2025,H1,True,SV
39,0.4368836045568451,0.2217615809033247,0.6786971796474757,0.4569355987441509,2025,H1,True,SL
22,0.192102703550587,0.04375327174742,0.552713380889728,0.5089601091423079,2025,H1,True,SO
579,0.2714124299832137,0.2111740853609406,0.3413972605223872,0.1302231751614466,2025,H1,True,QA
736,0.2263858341642636,0.1779486878476421,0.2834611514543989,0.1055124636067567,2025,H1,True,NG
28,0.1341961655160748,0.0146044304155203,0.6184576333374872,0.6038532029219668,2025,H1,True,TG
56,0.2516283202469071,0.1213176453574711,0.4501951701909906,0.3288775248335195,2025,H1,True,SY
33,0.1133585166702743,0.026839803861368,0.3721258383068035,0.3452860344454354,2025,H1,True,TJ
87,0.1190834960379357,0.0377517235396237,0.317770966406164,0.2800192428665403,2025,H1,True,SN
1299,0.254805889504008,0.2104215235789206,0.304936650359037,0.0945151267801163,2025,H1,True,MO
35,0.1467938276971035,0.0371604848837657,0.4340604358353963,0.3968999509516305,2025,H1,True,TT
6280,0.0952982426300574,0.0829472762057655,0.1092691547742013,0.0263218785684358,2025,H1,True,CH
413,0.1833266229800111,0.1270635199893685,0.2571634774208172,0.1300999574314487,2025,H1,True,TN
912,0.1812799003546269,0.1409991498663575,0.22998711059972,0.0889879607333625,2025,H1,True,RS
1854,0.3197857306303036,0.282333522851624,0.3597158900113986,0.0773823671597745,2025,H1,True,MY
440,0.1548769021517331,0.1052451557107516,0.2221041851037805,0.1168590293930289,2025,H1,True,UG
1699,0.1291268131790122,0.1021722192460895,0.1619100705115255,0.0597378512654359,2025,H1,True,NZ
329,0.1737279460793372,0.1146320291178055,0.2545309882089709,0.1398989590911654,2025,H1,True,TZ
785,0.1534287122541968,0.1140138513055269,0.2033421332464237,0.0893282819408967,2025,H1,True,SI
2267,0.1320204311209927,0.1085697060718576,0.1596293950730807,0.051059689001223,2025,H1,True,IE
4504,0.1160067070976169,0.0999400890815168,0.134270916311586,0.0343308272300691,2025,H1,True,DK
450,0.1573815083723486,0.1063691208490866,0.2266533899594608,0.1202842691103742,2025,H1,True,UA
653,0.1490477748560632,0.1061925907972678,0.2052266166175735,0.0990340258203057,2025,H1,True,SK
2290,0.1785891253838432,0.1518515956304104,0.2088750988638492,0.0570235032334387,2025,H1,True,MX
2183,0.3074831455542224,0.2722524823444425,0.3451108507512759,0.0728583684068334,2025,H1,True,PK
2224,0.1452502609658446,0.1210011170228557,0.1734003763712275,0.0523992593483717,2025,H1,True,RU
3320,0.1797515503739717,0.1575511830065971,0.2043214493139974,0.0467702663074002,2025,H1,True,PT
2325,0.2493672068084652,0.2189299606173873,0.2825055295719223,0.0635755689545349,2025,H1,True,TH
6174,0.2267363995167582,0.2074382441647034,0.2472697591267835,0.0398315149620801,2025,H1,True,HK
79,0.2604164425943301,0.1325559996384673,0.447923375238449,0.3153673755999817,2025,H1,True,VE
39,0.2330662180317428,0.0846646085528387,0.4996092926689546,0.4149446841161158,2025,H1,True,XK
178,0.3880485153478267,0.2688509296465654,0.5223388774484602,0.2534879478018947,2025,H1,True,UZ
111,0.1934348423931379,0.0950952648870601,0.3537176637986204,0.2586223989115603,2025,H1,True,ZW
171,0.3553789972104395,0.240180460501705,0.4901849934910444,0.2500045329893393,2025,H1,True,YE
152,0.1044981451420613,0.0369657552583074,0.2618581786467631,0.2248924233884556,2025,H1,True,ZM
2449,0.1950979124462035,0.170340554038941,0.2224885785938935,0.0521480245549525,2025,H1,True,RO
170,0.1952073553005296,0.1080365732094918,0.3269330726025153,0.2188964993930234,2025,H1,True,UY
2772,0.1372180111110264,0.1159992894985448,0.1616085161924774,0.0456092266939326,2025,H1,True,IL
853,0.1863433168749144,0.1417111788601726,0.2410839650101404,0.0993727861499678,2025,H1,True,VN
3484,0.2121748319547313,0.1873766164108921,0.2392885458987702,0.051911929487878,2025,H1,True,SG
2904,0.0958111805015884,0.0780733654282223,0.1170671996122902,0.0389938341840679,2025,H1,True,NO
13142,0.1413446524273057,0.1305097955649158,0.1529208140791784,0.0224110185142625,2025,H1,True,AU
2195,0.1803993203284587,0.1537284025113481,0.2105462525615941,0.056817850050246,2025,H1,True,ZA
5000,0.1825359848229339,0.1638354817792335,0.2028531681898178,0.0390176864105843,2025,H1,True,TR
4656,0.253899003187468,0.2312803608162054,0.2779299287300861,0.0466495679138806,2025,H1,True,TW
9159,0.256654067295627,0.2391034985682136,0.2750272390359521,0.0359237404677384,2025,H1,True,IN
12822,0.1252075274461264,0.1148750630934223,0.1363262090878397,0.0214511459944173,2025,H1,True,CA
5569,0.1745206174611216,0.1577059949422455,0.1927178268286211,0.0350118318863756,2025,H1,True,PL
4942,0.2997107163336604,0.2772661782042588,0.3231597392909399,0.0458935610866811,2025,H1,True,SA
5509,0.1124737411025291,0.0985524184769251,0.1280821527003937,0.0295297342234686,2025,H1,True,SE
10726,0.3242645383173193,0.3083754157386146,0.3405692128064988,0.0321937970678842,2025,H1,True,KR
10155,0.1564021517501904,0.1434884098182962,0.1702470994717441,0.0267586896534479,2025,H1,True,JP
43397,0.2313573184925206,0.2237005069870309,0.2391954551532989,0.015494948166268,2025,H1,False,CN
12397,0.1367186507771313,0.1261635164198872,0.1480072815748166,0.0218437651549294,2025,H1,True,ES
11659,0.0978824169115002,0.0880520649724398,0.1086794633876667,0.0206273984152268,2025,H1,True,FR
8601,0.11277069263987,0.1011682731643493,0.1255179135446129,0.0243496403802635,2025,H1,True,NL
16133,0.1497875000729725,0.1399890643310108,0.1601440600131962,0.0201549956821853,2025,H1,True,IT
43952,0.1044587490704864,0.098819301028629,0.1103806111298501,0.0115613101012211,2025,H1,False,US
18054,0.1099628781626442,0.1021248648121251,0.1183231790036076,0.0161983141914825,2025,H1,True,DE
79263,0.0874918884780263,0.0843904908145059,0.0906959741031578,0.0063054832886518,2023,H2,True,US
51685,0.1578188755531571,0.1528877993048455,0.1628784136554066,0.0099906143505611,2024,H2,True,
87664,0.1139545086518285,0.1105973563135717,0.1174001150270519,0.0068027587134801,2023,H2,True,CN
96101,0.0605008510136244,0.0581455533189972,0.0629451785000965,0.0047996251810992,2023,H1,True,CN
76854,0.1239565029645543,0.118387545698769,0.1297488704764897,0.0113613247777207,2025,H1,False,
24499,0.1115412840675078,0.1045533736978327,0.1189342040245163,0.0143808303266836,2025,H1,True,GB
79230,0.2303986656032611,0.2255916166201756,0.2352770259407852,0.0096854093206095,2024,H2,True,CN
84077,0.0517451314778968,0.0494808549033212,0.0541071246992357,0.0046262697959145,2022,H2,True,CN
23629,0.1007870136845924,0.094380078990003,0.1075772144935464,0.0131971355035433,2024,H2,True,GB
65140,0.1338725088685788,0.1295830027976144,0.1382814496785,0.0086984468808855,2024,H2,True,US
165189,0.1384964282340133,0.1305748090043832,0.1468174758280268,0.0162426668236435,2025,H1,True,
79491,0.1462179145091956,0.1416126804843752,0.1509465749282601,0.0093338944438849,2025,H1,True,US
117446,0.1411138630503025,0.1379445203582931,0.1443438303200515,0.0063993099617583,2024,H2,False,
111455,0.1067972757533617,0.1038970584887463,0.1097685337113542,0.0058714752226078,2024,H1,False,
111467,0.2571412331977667,0.252202784272563,0.2621424843488493,0.0099397000762863,2025,H1,True,CN
80779,0.1176421592415336,0.1140566588051007,0.1213249383676984,0.0072682795625976,2024,H1,True,US
228039,0.0431786473669193,0.0418849339736554,0.0445104637384144,0.002625529764759,2021,H1,False,
104268,0.1710458621686806,0.1673900605413567,0.1747647475734599,0.0073746870321031,2024,H1,True,CN
