year,half_year,Publisher,count,alpha,ci_lower,ci_upper
2021,H1,BIOSCIENTIFICA LTD,132,0.09460923307583981,0.04321940558026664,0.19467120532833634
2021,H1,AMER ASSOC NEUROLOGICAL SURGEONS,294,0.07674334049318465,0.04026396526728734,0.14140369957866455
2021,H1,ANNALS FAMILY MEDICINE,54,0.02003969721970419,5.676484200784732e-05,0.8804757223317434
2021,H1,AMER ASSOC CANCER RESEARCH,2830,0.07278633486566166,0.060359819382895016,0.08753282656537253
2021,H1,ASSOC RESEARCH VISION OPHTHALMOLOGY INC,343,0.12421898852071983,0.08052551752755324,0.18680405125549618
2021,H1,ACOUSTICAL SOC AMER AMER INST PHYSICS,829,0.02426794140526353,0.011613492728971931,0.05001337615817397
2021,H1,AMER COLL PHYSICIANS,327,0.067436299709028,0.037850045281316386,0.11732907159333106
2021,H1,AMER SPINAL INJURY ASSOC,21,0.25082090246335936,0.0557741465902369,0.6548839044851702
2021,H1,"AMER OCCUPATIONAL THERAPY ASSOC, INC",59,0.2544264881794772,0.11603256076474229,0.47010216000273713
2021,H1,"ADAM MICKIEWICZ UNIV, KALISZ",17,0.0,0.0,0.18892322376430412
2021,H1,AMER ACCOUNTING ASSOC,65,0.030451087172397293,0.0019726282177139143,0.3329207173871946
2021,H1,ANNUAL REVIEWS,611,0.03057535582036018,0.012661766455752677,0.07198493400739776
2021,H1,AMER PHYSIOLOGICAL SOC,800,0.1639650800548921,0.12727356475349325,0.20870476659010262
2021,H1,ASSOCIACAO BRASILEIRA PESQUISA POS-GRADUACAO FISIOTERAPIA-ABRAPG-FT,27,0.0,0.0,0.28706517177965124
2021,H1,ASCE-AMER SOC CIVIL ENGINEERS,467,0.029962538234434663,0.010748544875463005,0.08072066149882513
2021,H1,ACAD MANAGEMENT,101,0.0,0.0,0.16598203142128662
2021,H1,ACAD MEDICINE SINGAPORE,82,0.0,0.0,0.10029099636829909
2021,H1,AMER BOARD FAMILY MEDICINE,129,0.1621063694360441,0.09002850521785374,0.27448404117362146
2021,H1,AMER ASSOC CRITICAL CARE NURSES,44,0.055985830740524156,0.008882860041396065,0.2818353287805595
2021,H1,ACTA DERMATO-VENEREOLOGICA,124,0.03527494258904304,0.00893701827802487,0.12911972075954836
2021,H1,ACADEMIC PRESS LTD- ELSEVIER SCIENCE LTD,4223,0.04296767359775955,0.03456701908775718,0.05329719244550224
2021,H1,AMER ROENTGEN RAY SOC,286,0.028028322304612056,0.004622387493762355,0.15186968470645426
2021,H1,AMER THORACIC SOC,209,0.06193190804891277,0.024437265048595253,0.14821518190146477
2021,H1,AMER ASSOC INTELLECTUAL and DEVELOPMENTAL DISABILITIES-AAIDD,18,0.0,0.0,0.6321407996144401
2021,H1,ACAD CONFERENCES & PUBL INT LTD,14,0.0,0.0,0.28221785623618045
2021,H1,ACADEMIC & SCIENTIFIC PUBLISHERS-ASP,16,0.0,0.0,0.6130186953529735
2021,H1,AMER PSYCHOLOGICAL ASSOC,428,0.015026796776314954,0.003949059670903542,0.05544942725855139
2021,H1,ASSOC BRASILEIRA PSIQUIATRIA,36,0.11972358094743954,0.031221101140176333,0.36466842131636096
2021,H1,ATHABASCA UNIV PRESS,42,0.0,0.0,0.12716980519474239
2021,H1,AMER PHYTOPATHOLOGICAL SOC,562,0.031601603621322,0.01589112016541292,0.061867549863478574
2021,H1,"AMER PSYCHIATRIC PUBLISHING, INC",225,0.03432725976385936,0.010010471800714597,0.11108481778449084
2021,H1,ASIAN-AUSTRALASIAN ASSOC ANIMAL PRODUCTION SOC,99,0.010553879613954553,0.0006173078570363185,0.15554211085951938
2021,H1,ACADEMIC PRESS INC ELSEVIER SCIENCE,7523,0.04025478704683652,0.033945950057224054,0.04767825126822577
2021,H1,AMER PUBLIC HEALTH ASSOC INC,221,0.02943190519617342,0.00445350649917162,0.1705117870094024
2021,H1,ATOMIC SPECTROSCOPY PRESS LTD,28,0.0,0.0,0.412373141427693
2021,H1,AMER ASSOC ADVANCEMENT SCIENCE,2475,0.02667924077715355,0.014433186919818588,0.04880115597395643
2021,H1,AUSTRALASIAN SOC COMPUTERS LEARNING TERTIARY EDUCATION-ASCILITE,40,0.0,0.0,0.23533762900261068
2021,H1,ASSOC INFORMATION SYSTEMS,20,0.12255976837305192,0.018659561399509715,0.5064348176092489
2021,H1,BIEMDAS ACAD PUBLISHERS INC,39,0.0,0.0,0.4787247773421363
2021,H1,AMER DIABETES ASSOC,824,0.10533115538469964,0.07711169551813721,0.14228551844201776
2021,H1,AMER SOC ENGINEERING EDUCATION,22,0.0,0.0,0.2126122733554746
2021,H1,AGH UNIV SCIENCE & TECHNOLOGY PRESS,41,0.0,0.0,0.3950078828587503
2021,H1,AMER SOC HEMATOLOGY,425,0.1492169982387006,0.1004810548863262,0.21591712432472385
2021,H1,AMER ACAD PEDIATRICS,565,0.06235647780421711,0.04118483059976379,0.0933520644138969
2021,H1,Accscience Publishing,15,0.23104660831689597,0.0356742492897456,0.7093394784244016
2021,H1,AMER ECONOMIC ASSOC,177,0.0,0.0,0.13135364560250298
2021,H1,AKADEMIAI KIADO ZRT,49,0.0,0.0,0.2578325788427391
2021,H1,AMER SPEECH-LANGUAGE-HEARING ASSOC,359,0.12148594846798277,0.07923246041172674,0.1818229926345368
2021,H1,AMER ACAD FAMILY PHYSICIANS,90,0.09464461086697576,0.024740164347570807,0.30108819707850054
2021,H1,AMER ACAD SLEEP MEDICINE,182,0.0944032864680827,0.04502943059974239,0.1872966936002234
2021,H1,AMER SOC CELL BIOLOGY,48,0.033828000166353664,0.0002546755339375087,0.8279488442763433
2021,H1,AMER INST MATHEMATICAL SCIENCES-AIMS,1091,0.011534837327714379,0.004522016140238402,0.029105287937385024
2021,H1,AUSTRALIAN PHYSIOTHERAPY ASSOC,13,0.0,0.0,0.6055786344626974
2021,H1,ALEXANDER VON HUMBOLDT INST INTERNET & SOC,19,0.0,0.0,0.8314730987748535
2021,H1,AMER ACAD PSYCHIATRY & LAW,14,0.0,0.0,0.4703995809496363
2021,H1,AMER SOC MICROBIOLOGY,1270,0.10759568925351883,0.07959952322758086,0.14389900622285062
2021,H1,AMER GEOPHYSICAL UNION,2688,0.025163745366477266,0.01728742484491496,0.0364953264590309
2021,H1,BERGHAHN JOURNALS,23,0.0,0.0,0.528895151359595
2021,H1,AMER METEOROLOGICAL SOC,499,0.02619430865253658,0.01097627325096117,0.06120565230064898
2021,H1,AMER INST AERONAUTICS ASTRONAUTICS,49,0.0,0.0,0.180252581070733
2021,H1,AIP Publishing,2748,0.008144079410767485,0.004634362609931723,0.01427367507867545
2021,H1,AMER SOC NEPHROLOGY,469,0.07088006556369833,0.04219996866125145,0.1166773959176008
2021,H1,AMER SOC NEURORADIOLOGY,207,0.11249752321564356,0.06294309051825454,0.19302901642961096
2021,H1,AME PUBLISHING COMPANY,352,0.06268782374980204,0.03389558165869428,0.11307480291097342
2021,H1,AMER MATHEMATICAL SOC,253,0.10985934785553617,0.06607239933850954,0.17715987204207567
2021,H1,ADIS INT LTD,653,0.04605608785392722,0.026353854047164064,0.07928829605839177
2021,H1,BASTAS PUBL LTD - UK,24,0.0,0.0,0.24521023203663891
2021,H1,BAISHIDENG PUBLISHING GROUP INC,176,0.16019248640002634,0.0841835990243336,0.2835789727303623
2021,H1,AMER SOC CLINICAL INVESTIGATION INC,601,0.14185489113854355,0.10133304278590256,0.19506366814553994
2021,H1,BENTHAM SCIENCE PUBL LTD,85,0.052348880856548825,0.013624748776985638,0.18094431278295103
2021,H1,AMER SOC PHARMACOLOGY EXPERIMENTAL THERAPEUTICS,68,0.08724040628561802,0.033652055368312894,0.2078128021194668
2021,H1,ASSOC COMPUTING MACHINERY,639,0.012428741349768043,0.004379782456920106,0.03475336639305602
2021,H1,BRISTOL UNIV PRESS & POLICY PRESS,11,0.0,0.0,0.8102855019193673
2021,H1,"CAIRO UNIV, FAC COMPUTERS & INFORMATION",15,0.0,0.0,0.6615091218130438
2021,H1,BRITISH INST RADIOLOGY,52,0.0,0.0,0.1477303162214106
2021,H1,BRAZILIAN SOC UROL,54,0.0734941599049166,0.020703512148386137,0.2293654440853023
2021,H1,C EJ PUBLISHING GROUP,82,0.020170906194592945,0.001463968394967341,0.22423859630504206
2021,H1,BRILL,109,0.014939961184230613,0.0020993857139069917,0.09856096531065019
2021,H1,CANADIAN COMMITTEE LABOUR HISTORY,15,0.0,0.0,0.5369446173781721
2021,H1,"CAS, INST OPTICS & ELECTRONICS, ED OFF OPTO-ELECTRONIC JOURNALS",46,0.0,0.0,0.38820927487015444
2021,H1,CANADIAN OPHTHAL SOC,58,0.03680919602851052,0.005558512611104802,0.20715557461486023
2021,H1,BRITISH EDITORIAL SOC BONE & JOINT SURGERY,256,0.03891548254868894,0.014959844627787492,0.09743743575179914
2021,H1,CANADIAN SCIENCE PUBLISHING,96,0.06869844843083536,0.01580972546689421,0.25302960357674126
2021,H1,"CHINA UNIV GEOSCIENCES, WUHAN",60,0.0,0.0,0.10233919498086398
2021,H1,CHIN SOCIETY IMMUNOLOGY,55,0.09727315087699374,0.024532818993952477,0.3158544315075064
2021,H1,CHINA ELECTRIC POWER RESEARCH INST,69,0.02782285020096039,0.0003946616995806051,0.674745155727383
2021,H1,CHINA ANTI-CANCER ASSOC,107,0.0005563659622399567,0.0,0.07674760162548255
2021,H1,CHINESE JOURNAL NATURAL MEDICINES,45,0.18323248054035557,0.05478368981310576,0.4647644395306234
2021,H1,"CHINA UNIV GEOSCIENCES, BEIJING",102,0.03984139012910077,0.008372400086486886,0.16938709242811614
2021,H1,CHINESE JOURNAL CANCER RESEARCH CO,57,0.04522536650848834,0.006752207554562851,0.2481462176047016
2021,H1,CODON PUBLICATIONS,21,0.0,0.0,0.23717752041023424
2021,H1,COLEGIO OFICIAL DE PSICOLOGOS DE ASTURIAS,39,0.0,0.0,0.371066444995629
2021,H1,CLEVELAND CLINIC,42,0.118675076615748,0.022076333241569567,0.44543105900019947
2021,H1,CONSEJO SUPERIOR INVESTIGACIONES CIENTIFICAS-CSIC,11,0.0,0.0,0.7495329427054945
2021,H1,COLL FAMILY PHYSICIANS CANADA,63,0.0,0.0,0.33369434222925215
2021,H1,CROATIAN SOC MEDICAL BIOCHEMISTRY & LABORATORY MEDICINE,24,0.0,0.0,0.19823260363821507
2021,H1,CRACOW UNIV ECONOMICS,38,0.0,0.0,0.31142281943878675
2021,H1,AMER MEDICAL ASSOC,3153,0.04681998733040122,0.0366129234006488,0.05969628314779346
2021,H1,CHINESE LASER PRESS,183,0.03919943486587926,0.013009781825683318,0.11212163466674539
2021,H1,CZECH ACADEMY AGRICULTURAL SCIENCES,39,0.1224241656055012,0.02093350540731332,0.47649368458202845
2021,H1,DE GRUYTER MOUTON,30,0.0,0.0,0.358960010883032
2021,H1,CMA-CANADIAN MEDICAL ASSOC,204,0.058375107203379385,0.022911503654188953,0.14081990168875297
2021,H1,DEUTSCHER AERZTE-VERLAG GMBH,34,0.0,0.0,0.34566156838318607
2021,H1,COGITATIO PRESS,124,0.027380921723905993,0.00469221557121825,0.14391523517282648
2021,H1,CURRENT MEDICINE GROUP,103,0.20035379264585101,0.1019860730013371,0.35598809292037087
2021,H1,ECOLE POLYTECHNIQUE,17,0.0,0.0,0.5845266526119101
2021,H1,EDICIONES DOYMA S A,13,0.0,0.0,0.3099077778877994
2021,H1,EDICIONES PROFESIONALES INFORMACION SL-EPI,34,0.0,0.0,0.23455915962960283
2021,H1,EDITURA ASE,35,0.0,0.0,0.21036227604466498
2021,H1,"E H ANGLE EDUCATION RESEARCH FOUNDATION, INC",33,0.25362807512088353,0.09048947165259079,0.5371719987059163
2021,H1,"COLD SPRING HARBOR LAB PRESS, PUBLICATIONS DEPT",231,0.05872931212355352,0.02661833082454833,0.12461798477552448
2021,H1,CURRENT BIOLOGY LTD,300,0.0,0.0,0.07916476156167651
2021,H1,COLL AMER PATHOLOGISTS,96,0.03489325964487457,0.008845374690413256,0.1277596562208022
2021,H1,DUKE UNIV PRESS,309,0.0,0.0,0.01617584123903412
2021,H1,COMPANY BIOLOGISTS LTD,283,0.14472917646729125,0.08816254844443167,0.22849508210120814
2021,H1,CENTERS DISEASE CONTROL & PREVENTION,416,0.02069647077991452,0.006780665122731793,0.0614057059682185
2021,H1,EDUCATIONAL PUBLISHING FOUNDATION-AMERICAN PSYCHOLOGICAL ASSOC,190,0.04150599241226091,0.011903444659607361,0.13469158292688713
2021,H1,EDIZIONI MINERVA MEDICA,175,0.07460434163933762,0.0329712763688279,0.1601040725186399
2021,H1,Chinese Center for Disease Control and Prevention,187,0.02263102818495619,0.005745382382710743,0.0849055492939486
2021,H1,CHURCHILL LIVINGSTONE INC MEDICAL PUBLISHERS,385,0.06515844470900273,0.03786850713628242,0.10986909020960238
2021,H1,CSIRO PUBLISHING,225,0.03822522295408365,0.01479049586107516,0.09520293340070912
2021,H1,DE GRUYTER POLAND SP Z O O,358,0.02044482074877526,0.005479684506836364,0.07326905237206682
2021,H1,CHURCHILL LIVINGSTONE,904,0.07406171784361196,0.0527575881995006,0.10303295821236903
2021,H1,CHINESE CHEMICAL SOC,187,0.04194694178922609,0.02073528362580754,0.08301802708493798
2021,H1,DOVE MEDICAL PRESS LTD,762,0.10516900580928695,0.07642177174447125,0.14305499782664508
2021,H1,EDP SCIENCES S A,1249,0.0068182498542361325,0.002897170194794223,0.0159612356453103
2021,H1,COPERNICUS GESELLSCHAFT MBH,1771,0.026298111946322335,0.01782280272734004,0.03864512318737153
2021,H1,ELSEVIER ESPANA,50,0.0,0.0,0.29154403910417337
2021,H1,ELSEVIER - DIVISION REED ELSEVIER INDIA PVT LTD,122,0.014868467217398098,0.00026612422910739437,0.46113262002563693
2021,H1,ELSEVIER ESPANA SLU,91,0.0440248149186784,0.011367953218150276,0.15571889575820277
2021,H1,ELSEVIER ADVANCED TECHNOLOGY,591,0.08344361176395032,0.05435492953117429,0.12602483256546113
2021,H1,"ELSEVIER MASSON, CORP OFF",187,0.022787377930509608,0.006299529496427997,0.07899840764993668
2021,H1,ELSEVIER INC,377,0.13485691963341892,0.09583429645027021,0.18649175058136336
2021,H1,ELSEVIER GMBH,792,0.08473641112291344,0.060104496629828134,0.11819351709883208
2021,H1,AMER PHYSICAL SOC,5083,0.006931837223408033,0.0038532016772651846,0.012439527812106003
2021,H1,ELSEVIER FRANCE-EDITIONS SCIENTIFIQUES MEDICALES ELSEVIER,2158,0.0794354188612287,0.06345688721295896,0.0990120083477113
2021,H1,ELSEVIER SINGAPORE PTE LTD,137,0.0,0.0,0.08516993792487917
2021,H1,EQUINOX PUBLISHING LTD,11,0.0,0.0,1.0
2021,H1,"ETHNICITY & DISEASE, INC",43,0.0,0.0,0.3083389944503489
2021,H1,"ESMON PUBLICIDAD S A, DEPT ALLERGY & CLIN IMMUNOL, CLIN UNIV NAVARRA",28,0.0,0.0,0.29359068720620424
2021,H1,EUROPEAN ASSOC GEOCHEMISTRY,18,0.10753832388319648,0.012705212171090335,0.5301343778157568
2021,H1,EUROPA EDITION,109,0.0,0.0,0.0971211385244907
2021,H1,FINNISH SOC SCIENCE & TECHNOLOGY STUDIES,13,0.10576913994235174,0.0031314684775922315,0.8166339431915489
2021,H1,FEDERAL RESERVE BANK ST LOUIS,16,0.09959554744523316,0.01369762873342495,0.4683640804153055
2021,H1,FRANZ STEINER VERLAG GMBH,29,0.0,0.0,0.48499314158566187
2021,H1,EUROPEAN MATHEMATICAL SOC-EMS,190,0.0,0.0,0.06854188419066277
2021,H1,EUR CENTRE DIS PREVENTION & CONTROL,93,0.015044643198037796,0.00031069397157199247,0.4287979322001349
2021,H1,EXCLI JOURNAL MANAGING OFFICE,39,0.14685115941584395,0.04823227256465189,0.36894713481971797
2021,H1,"FORUM MULTIMEDIA PUBLISHING, LLC",49,0.17256632822464218,0.0657512249265913,0.38196169858107737
2021,H1,ELSEVIER TAIWAN,280,0.05214711125473581,0.022175677857736255,0.11774840145349788
2021,H1,ELSEVIER SCIENCE LONDON,535,0.047013230124274885,0.023693612177560115,0.09114176627792062
2021,H1,FOUNDATION REHABILITATION INFORMATION,85,0.1084358794281046,0.038374186853824696,0.2704390280955415
2021,H1,EXCERPTA MEDICA INC-ELSEVIER SCIENCE INC,152,0.06262736975847445,0.024613381490723823,0.15030469194140436
2021,H1,FERRATA STORTI FOUNDATION,133,0.09142172148729168,0.03585587531047961,0.21398624825980025
2021,H1,ENDOCRINE SOC,426,0.05938646678655095,0.03349379733221298,0.10315923804222125
2021,H1,GEOMETRY & TOPOLOGY PUBLICATIONS,25,0.0,0.0,0.46445471720756826
2021,H1,GUILFORD PUBLICATIONS INC,12,0.0,0.0,0.6879735998424829
2021,H1,HARVARD GRADUATE SCHOOL EDUCATION,10,0.0,0.0,0.9098942213521445
2021,H1,FUTURE MEDICINE LTD,95,0.26509733740283575,0.13289796471321014,0.45916441572538136
2021,H1,"GEOLOGICAL SOC AMER, INC",225,0.0,0.0,0.04978061530859816
2021,H1,GLOBAL SCIENCE PRESS,44,0.016844984192734124,0.0004688478751415364,0.3849323901889174
2021,H1,GEOSCIENCEWORLD,37,0.05465964893807461,0.009711872350570461,0.25422738191632605
2021,H1,HANLEY & BELFUS-ELSEVIER INC,44,0.10949459760692405,0.026557126485465685,0.35656902785843453
2021,H1,HONG KONG ACAD MEDICINE PRESS,29,0.0,0.0,0.20899891401412812
2021,H1,HUMANA PRESS INC,68,0.0,0.0,0.15355051892729996
2021,H1,HARBORSIDE PRESS,131,0.13637703796800393,0.059107052286736586,0.2841544150509474
2021,H1,EUROPEAN RESPIRATORY SOC JOURNALS LTD,546,0.03055955637421457,0.01227400635430253,0.07404438525736134
2021,H1,HIGHER EDUCATION PRESS,217,0.044775424438970035,0.016944233112041542,0.11306229656440381
2021,H1,HUMAN KINETICS PUBL INC,115,0.02673693842155969,0.004664072444508119,0.1387124472795175
2021,H1,ELSEVIER IRELAND LTD,3953,0.0718219107047854,0.06024665001478386,0.08541899213777306
2021,H1,INDERSCIENCE ENTERPRISES LTD,15,0.0,0.0,0.6977826902643625
2021,H1,INST BADAN GOSPODARCZYCH,18,0.0,0.0,0.5121970716180042
2021,H1,INDIANA UNIV MATH JOURNAL,60,0.0,0.0,0.3250475724262954
2021,H1,IGI GLOBAL,109,0.0014423752053164028,4.1307351596825793e-32,1.0
2021,H1,INST MATHEMATICS & INFORMATICS,23,0.0,0.0,0.5128993322408116
2021,H1,INT COUNCIL RESEARCH & INNOVATION BUILDING & CONSTRUCTION,16,0.0,0.0,0.5464288620121046
2021,H1,INST ECONOMIC RESEARCH-POLAND,16,0.1266330900617239,0.02187957184123354,0.4844938699277671
2021,H1,INT SCIENTIFIC RESEARCH PUBLICATIONS,43,0.0,0.0,0.37157668740806726
2021,H1,"INT PRESS BOSTON, INC",55,0.0,0.0,0.33614698412970345
2021,H1,INT SOC BAYESIAN ANALYSIS,22,0.0,0.0,0.4348382439370592
2021,H1,INT RHINOLOGIC SOC,23,0.1541390366512777,0.028089294328672847,0.5346631760731491
2021,H1,INST MATHEMATICAL STATISTICS-IMS,138,0.0,0.0,0.14351836328314235
2021,H1,INT PRESS EDITING CENTRE INC,42,0.2609858459408324,0.11174586965317367,0.4978322177409794
2021,H1,HINDAWI LTD,633,0.014665786174829944,0.004794275234243857,0.04396501824234527
2021,H1,INT SOC ENVIRON INFORM SCI,16,0.19430931927820325,0.033400813240718,0.627312957357969
2021,H1,INFORMS,407,0.0,0.0,0.021064902756775875
2021,H1,INT UNION AGAINST TUBERCULOSIS LUNG DISEASE (I U A T L D),54,0.10524797589696828,0.024074543919356674,0.35934145748275853
2021,H1,INT SOC GLOBAL HEALTH,112,0.10076528484249897,0.04242554058748143,0.22082804443487988
2021,H1,CAMBRIDGE UNIV PRESS,7858,0.038189740184289535,0.03165784225404312,0.046005322274792836
2021,H1,INT SOC AGING & DISEASE,124,0.08909443237824899,0.03649615842603362,0.20163362284877434
2021,H1,"INST MATERIA MEDICA, CHINESE ACAD MEDICAL SCIENCES",161,0.04812110971050248,0.0112017492576303,0.1840698645022746
2021,H1,IVAN FRANKO DROHOBYCH STATE PEDAGOGICAL UNIV,17,0.0,0.0,0.36114015991279125
2021,H1,IRCA-BSSA,37,0.1252434532890512,0.03137231041890106,0.3875986087362385
2021,H1,IOS PRESS,52,0.0,0.0,0.18623149173818784
2021,H1,Inst Navigation - ION,20,0.2919998608666782,0.09079035208431017,0.6300988138883878
2021,H1,JAPAN ACAD,17,0.0,0.0,0.6999478837174161
2021,H1,J O S P T,11,0.0,0.0,0.7233568683709117
2021,H1,J A S S S,34,0.0,0.0,0.41674589995822897
2021,H1,JAPANESE SOC ALLERGOLOGY,18,0.0,0.0,0.43611221292625396
2021,H1,JAPAN PROSTHODONTIC SOC,56,0.0,0.0,0.29417914258910816
2021,H1,JAPAN EPIDEMIOLOGICAL ASSOC,61,0.048206619849395664,0.00332461438049565,0.43471686211240834
2021,H1,JAPAN NEUROSURGICAL SOC,70,0.05491327953220117,0.014525061926454981,0.18636650174681324
2021,H1,JOHN BENJAMINS PUBLISHING CO,67,0.0,0.0,0.3375943168600146
2021,H1,JAPANESE SOC HYGIENE,67,0.13964224525073768,0.059420237760519155,0.2942840235800106
2021,H1,JOHN WILEY & SONS INC,54,0.1503093122260492,0.05265272709205134,0.36022065537109726
2021,H1,JOHNS HOPKINS UNIV PRESS,53,0.0,0.0,0.3567775268682372
2021,H1,INT UNION CRYSTALLOGRAPHY,221,0.025735351749788676,0.006753668190235751,0.09306759637702884
2021,H1,INTER-RESEARCH,210,0.009304002028699906,0.0013668183940348535,0.06053866817549378
2021,H1,KOREA HEALTH PERSONNEL LICENSING EXAMINATION INST,11,0.3024768826622438,0.06115321668556309,0.7427303356503936
2021,H1,JOURNAL STATISTICAL SOFTWARE,51,0.049519565367154406,0.007772664252738221,0.25733617210885545
2021,H1,KOREAN ASSOC STUDY LIVER,21,0.0,0.0,0.5207722143670113
2021,H1,KOREAN ASSOC ORTHODONTISTS,21,0.0,0.0,0.6124805393884089
2021,H1,KOREAN ACAD REHABILITATION MEDICINE,28,0.12212824501639738,0.008611188902470285,0.690228277628771
2021,H1,KOREAN ACAD PROSTHODONTICS,40,0.16021614967768433,0.04132986147249884,0.45778086414788544
2021,H1,KOREAN DIABETES ASSOC,44,0.12766196433227217,0.01425963761934855,0.5968549553668605
2021,H1,KOREAN BIOCHIP SOCIETY-KBCS,27,0.12490523967448006,0.02365858749898086,0.4567415583022627
2021,H1,KOREAN SOC ANESTHESIOLOGISTS,26,0.246869810623773,0.0847538862271109,0.537103523681638
2021,H1,KOREAN SOC LABORATORY MEDICINE,34,0.0,0.0,0.46874970827256
2021,H1,KOREAN SOC HORTICULTURAL SCIENCE,51,0.0,0.0,0.23165279787885387
2021,H1,KOREAN SOC COLOPROCTOLOGY,40,0.0,0.0,0.29716980456051745
2021,H1,KOREAN SOC NEPHROLOGY,36,0.0,0.0,0.39494485260097534
2021,H1,KOREAN SOC PHYCOLOGY,10,0.0,0.0,0.7685287967309395
2021,H1,KOREAN SOC PEDIATRIC ENDOCRINOLOGY,32,0.0,0.0,0.513610097684655
2021,H1,KOREAN SOC GINSENG,47,0.27640058095944386,0.11607014186596157,0.5263280066343249
2021,H1,KOREAN SOC STUDY OBESITY,19,0.0,0.0,0.33061002464825695
2021,H1,KOREAN SOC OTORHINOLARYNGOL,19,0.15183461875601845,0.03363738005064843,0.4793451863386852
2021,H1,GEORG THIEME VERLAG KG,1158,0.01873547376567041,0.007503493708991142,0.04600133063352862
2021,H1,KOREAN STROKE SOC,23,0.0,0.0,0.35808366476071385
2021,H1,LABORATORY KNOWLEDGE MANAGEMENT & E-LEARNING UNIV,14,0.0,0.0,0.45551104334004977
2021,H1,KOREAN SPINAL NEUROSURGERY SOC,49,0.0,0.0,0.17032871420803936
2021,H1,LAWBOOK CO LTD,34,0.0,0.0,0.45931948859750804
2021,H1,KERMAN UNIV MEDICAL SCIENCES,68,0.03573260543366554,0.005413963259109008,0.20144862936800118
2021,H1,KOREAN SOC GYNECOLOGY ONCOLOGY & COLPOSCOPY,53,0.07971651765268002,0.019060904250962667,0.2785754516461532
2021,H1,KOREAN SOCIETY ANIMAL SCIENCE & TECHNOLOGY,41,0.10942741921540228,0.0327749812092258,0.30822291144235975
2021,H1,KOREAN SOC SEXUAL MEDICINE & ANDROLOGY,33,0.11088787530389674,0.020238021943552075,0.4295564541893357
2021,H1,LINGUISTIC SOC AMER,14,0.0,0.0,0.636938689177512
2021,H1,KOREAN FIBER SOC,281,0.0019958107315189697,6.627077114379582e-11,0.9999834293002147
2021,H1,KOREAN INST METALS MATERIALS,73,0.054025986890210424,0.013114373539198476,0.19707854332408584
2021,H1,KOREAN SOC PRECISION ENG,61,0.09837434514125229,0.03379880383988215,0.25390513258535724
2021,H1,Korean Pediatric Soc,49,0.08262216588210453,0.012953428468733074,0.3819862427951915
2021,H1,JOURNAL OF CENTRAL SOUTH UNIV,142,0.017393142981246557,0.0024135508718052816,0.11465737887100544
2021,H1,LIFE SCIENCE ALLIANCE LLC,87,0.06659776923024936,0.021804665135831333,0.18591959431556238
2021,H1,KOREAN SOCIETY OF RADIOLOGY,131,0.06212469157009247,0.02134641328827162,0.16747168127966366
2021,H1,KOREAN NUCLEAR SOC,214,0.025031547555837315,0.008144307108183124,0.07431109823052437
2021,H1,KOREAN ACAD MEDICAL SCIENCES,309,0.05032532173094964,0.022360556666271347,0.10935174746112218
2021,H1,JOURNAL MATER SCI TECHNOL,382,0.01202262249214213,0.0031132586271135428,0.045270509048846476
2021,H1,JOHN WILEY & SONS LTD,806,0.07873689146285365,0.055263189779367484,0.1110097342446815
2021,H1,KARGER,553,0.0455236645205741,0.025729642811269285,0.07930584816688668
2021,H1,IVYSPRING INT PUBL,1027,0.14368976580634463,0.11193937655016549,0.18259415588975675
2021,H1,IEEE COMPUTER SOC,1628,0.033326383625031424,0.02291355844234431,0.04823759434583558
2021,H1,EMERALD GROUP PUBLISHING LTD,2728,0.06049347917925248,0.047674737978623295,0.07648210518856735
2021,H1,MAGNOLIA PRESS,35,0.0,0.0,0.4515631857436251
2021,H1,MARTINUS NIJHOFF PUBL,12,0.0,0.0,0.4185034965465636
2021,H1,MANAGED CARE & HEALTHCARE COMMUNICATIONS LLC,28,0.37396679081919143,0.1074955980220553,0.7476482576759711
2021,H1,"MASARYKOVA UNIV, FAC SOCIAL STUDIES",19,0.061654413312271304,0.0018118798221335843,0.7040022876593959
2021,H1,MASSON EDITEUR,28,0.0,0.0,0.29978554114397343
2021,H1,MATHEMATICAL RESEARCH PRESS-MATH RES,20,0.0,0.0,0.5649896935078834
2021,H1,MATHEMATICAL SCIENCE PUBL,27,0.0,0.0,0.4731033143652278
2021,H1,"JMIR PUBLICATIONS, INC",1264,0.06146056178375086,0.04392934472104248,0.08536342385934824
2021,H1,MASSACHUSETTS MEDICAL SOC,346,0.0405299969673777,0.012348513142077964,0.12489361738360778
2021,H1,AMER CHEMICAL SOC,20216,0.02919109344764087,0.025599073035861127,0.0332699308654121
2021,H1,"MARY ANN LIEBERT, INC",919,0.06136327905204888,0.04125518652948154,0.09034861402386073
2021,H1,KEAI PUBLISHING LTD,1704,0.03473120414795456,0.023438822530239815,0.05117892222214779
2021,H1,MEDICAL LIBRARY ASSOC,25,0.0,0.0,0.4160950536735459
2021,H1,MICH LAW REV ASSOC,39,0.0,0.0,0.3545716323642603
2021,H1,MICROTOME PUBL,11,0.0,0.0,0.66892003159506
2021,H1,MEDYCYNA PRAKTYCZNA SP K SP ZOO,75,0.0004433212303705596,0.0,0.06520484683809995
2021,H1,MYCOSPHERE PRESS,11,0.04323467100646732,1.1549883793254435e-07,0.999943441270909
2021,H1,MICROBIOLOGY SOC,84,0.03466839128125317,0.006498664586409333,0.16470238858067363
2021,H1,Medical Journal Sweden AB,68,0.017218905324996994,0.0018620008495952801,0.14130209676221134
2021,H1,NATL COUNCIL TEACHERS MATHEMATICS-NCTM,11,0.0,0.0,0.5297500792308024
2021,H1,NATL CENTRE MARINE RESEARCH,25,0.0,0.0,0.3791491792152176
2021,H1,NATL MED ASSOC,41,0.09935816354154094,0.019621427732681416,0.3781432951398423
2021,H1,NATL MINING UNIV,20,0.056366493765288225,0.007843985958028404,0.31096907946101643
2021,H1,NATL ATHLETIC TRAINERS ASSOC INC,115,0.11842000720654104,0.05298620818254565,0.2438522818230109
2021,H1,MIT PRESS,403,0.026878808077306957,0.01109891955476797,0.06364974014004578
2021,H1,NEW YORK BUSINESS GLOBAL LLC,38,0.0,0.0,0.24973289018055644
2021,H1,NOW PUBLISHERS INC,12,0.0,0.0,0.643113393222905
2021,H1,OCEANOGRAPHY SOC,11,0.0,0.0,0.7094160717907325
2021,H1,NORTH UNIV BAIA MARE,32,0.05497755175385382,0.007606402682155417,0.3063077695817347
2021,H1,OAE PUBLISHING INC,79,0.0,0.0,0.09969422825269196
2021,H1,NIHR JOURNALS LIBRARY,44,0.04047324687327985,0.0038921186641714435,0.3128785181000531
2021,H1,ONLINE LEARNING CONSORTIUM,38,0.07977986314472559,0.013313997068686785,0.3577489893748068
2021,H1,NATURE PUBL GROUP,125,0.19027379539701375,0.10397631211983081,0.3224226460396426
2021,H1,NORTHEAST FORESTRY UNIV,100,0.033264760437104024,0.008477210966883171,0.1216398888687276
2021,H1,NONFERROUS METALS SOC CHINA,152,0.025088565830021666,0.006505603400098188,0.09184569941657954
2021,H1,CELL PRESS,7275,0.0632959783525973,0.054011047695124374,0.07405211569190313
2021,H1,NATL ACAD SCIENCES,2089,0.04271444941652073,0.029751220952531885,0.06097108126946651
2021,H1,PACINI EDITORE,24,0.0,0.0,0.49502896168074156
2021,H1,PEKING UNIV PRESS,41,0.0,0.0,0.5483910137921915
2021,H1,PAGEPRESS PUBL,23,0.10385022675180561,0.017200879554932554,0.43416658469515007
2021,H1,MOSBY-ELSEVIER,2739,0.08629421860785964,0.07228237260860923,0.10272149438289979
2021,H1,PALGRAVE MACMILLAN LTD,119,0.017014713938606704,0.002414156433564279,0.11016635071191777
2021,H1,PEERJ INC,248,0.062146003493660146,0.03035086113328434,0.12302335573041878
2021,H1,Optica Publishing Group,173,0.04155730362327061,0.012518634240173392,0.12914568093405615
2021,H1,POLICY PRESS,11,0.12137172032730757,0.00319538596530259,0.8561702413049834
2021,H1,POLISH ACAD SCIENCES INST MATHEMATICS-IMPAN,15,0.0,0.0,1.0
2021,H1,PHARMACEUTICAL SOC KOREA,38,0.1568005520571544,0.02005584999727263,0.6282033628643846
2021,H1,POLISH CARDIAC SOC,71,0.0,0.0,0.17230993776631087
2021,H1,PHYSICIANS POSTGRADUATE PRESS,53,0.09967258859555249,0.02255793444370891,0.34685701964843874
2021,H1,BMJ PUBLISHING GROUP,8311,0.04308641848811712,0.03739021336124079,0.04960569167729736
2021,H1,PROJECT HOPE,103,0.02509776962600522,0.0038899022225482673,0.14508991526602863
2021,H1,PORTLAND PRESS LTD,171,0.1162793501453001,0.060285837469029546,0.21251822147457028
2021,H1,RADCLIFFE CARDIOLOGY,11,0.0,0.0,0.8744752169163567
2021,H1,"Princeton Univ, Dept Mathematics",20,0.01942998475547784,5.131446801704631e-05,0.8844081649234418
2021,H1,RAMAZAN YAMAN,16,0.0,0.0,0.3988910466386492
2021,H1,R FOUNDATION STATISTICAL COMPUTING,38,0.04091452625389768,0.005698923444679144,0.24099589228638807
2021,H1,IOP Publishing Ltd,5202,0.016102513343722608,0.011641610303371592,0.022234318310970332
2021,H1,ROY COLL PHYS LONDON EDITORIAL OFFICE,163,0.0,0.0,0.11593987757284452
2021,H1,ROCKEFELLER UNIV PRESS,397,0.09747883222754888,0.05548476487025204,0.16568115488423651
2021,H1,ROYAL COLL GENERAL PRACTITIONERS,145,0.024001830963230573,0.006036951026052471,0.09055639025194999
2021,H1,RADIOLOGICAL SOC NORTH AMERICA (RSNA),311,0.019700302946714786,0.005218486931986495,0.07148273513272793
2021,H1,Resilience Alliance,135,0.0,0.0,0.3019641382543039
2021,H1,RUSSELL SAGE FOUNDATION,31,0.14569468727855492,0.03402515763300793,0.45226750987756564
2021,H1,SCANDINAVIAN UNIV PRESS-UNIVERSITETSFORLAGET AS,15,0.0,0.0,0.552614967537378
2021,H1,SEPM-SOC SEDIMENTARY GEOLOGY,36,0.0,0.0,0.18092085771675195
2021,H1,SCANDINAVIAN JOURNAL WORK ENVIRONMENT & HEALTH,31,0.08935102669368815,0.019802642161584002,0.32273502197714393
2021,H1,SHENYANG PHARMACEUTICAL UNIV,20,0.18026211177266782,0.024856280894406838,0.6548278382411226
2021,H1,SHANGHAI UNIV,58,0.0,0.0,0.26955441634605787
2021,H1,SCIENDO,29,0.08121446984494288,0.01145725127320694,0.40268030285719886
2021,H1,BMC,13151,0.06884855218152579,0.0628559741365974,0.07536650553304568
2021,H1,SOC BIOLGIA CHILE,20,0.0,0.0,0.5697410717726397
2021,H1,"SOC ECONOMIC GEOLOGISTS, INC",42,0.0,0.0,0.20788196553920876
2021,H1,SOC MATHEMATIQUE FRANCE,15,0.0,0.0,0.381152200320197
2021,H1,SHANGHAI UNIV SPORT,39,0.1580366810024175,0.056781873629119385,0.36917955266167235
2021,H1,SCUOLA NORMALE SUPERIORE,51,0.06234720088727908,0.015661279954378833,0.217457762702002
2021,H1,SOC SOCIOLOGICAL SCIENCE,20,0.0,0.0,0.44780364075065354
2021,H1,SOC BRASIL PEDIATRIA,43,0.03918516830776776,0.005575357576398107,0.22878951314940948
2021,H1,SOC VAUDOISE SCIENCES NATURELLES,25,0.0,0.0,0.36105078424810466
2021,H1,SHANGHAI JIAO TONG UNIV PRESS,123,0.07978404029796411,0.030916432305662614,0.19069404196843923
2021,H1,SPIE-SOC PHOTO-OPTICAL INSTRUMENTATION ENGINEERS,32,0.19130075526202936,0.06576684427840482,0.44286309700279436
2021,H1,SOC BRASILEIRA ICTIOLOGIA,90,0.024447681551193225,0.003504982438873306,0.15150080751402886
2021,H1,SCIPOST FOUNDATION,155,0.013729662045520131,0.002362727637904665,0.07563619729164639
2021,H1,SOC PETROLEUM ENG,131,0.03270913629100017,0.008799895658018869,0.11410159548373354
2021,H1,SPANDIDOS PUBL LTD,223,0.13394457155672443,0.08246911408857667,0.21018954111803298
2021,H1,SOC NEUROSCIENCE,400,0.12323042301487676,0.083458945720585,0.17826826010015706
2021,H1,SOC EXPLORATION GEOPHYSICISTS - SEG,229,0.01447275800474461,0.002915121105195393,0.06869612970979934
2021,H1,ROYAL SOC,1405,0.04113663606250958,0.028182769101024092,0.059678951987205194
2021,H1,SOC NUCLEAR MEDICINE INC,621,0.061256057389098825,0.04128214633364428,0.0899870293576824
2021,H1,SIAM PUBLICATIONS,668,0.00471688114166259,0.0006784627389346333,0.03202291853235945
2021,H1,SPRINGER VIEWEG-SPRINGER FACHMEDIEN WIESBADEN GMBH,14,0.0,0.0,0.6972590189140706
2021,H1,SPRINGER FRANCE,146,0.059575526395486994,0.02362636710724352,0.1422543485913725
2021,H1,SPRINGER SINGAPORE PTE LTD,207,0.07373694320471726,0.033938077981400805,0.1528244102621792
2021,H1,STAATLICHES MUSEUM TIERKUNDE DRESDEN,18,0.0,0.0,0.6333204278558249
2021,H1,Soc Espanola Medicina Urgencias & Emergencias - SEMES,13,0.0,0.0,0.7580554171795526
2021,H1,TARU PUBLICATIONS,103,0.0,0.0,0.2645651226473378
2021,H1,TAYLOR & FRANCIS AUSTRALIA,25,0.06114903979606838,0.003924953698069789,0.5184373558603682
2021,H1,TAYLOR & FRANCIS AS,99,0.2435660748610669,0.11846494086095063,0.4355096981594409
2021,H1,STATE GRID ELECTRIC POWER RESEARCH INST,149,0.20616296127632033,0.11463207533504483,0.34250590152123755
2021,H1,SPRINGER LONDON LTD,445,0.08014215154391789,0.051015363873361246,0.1237304198903652
2021,H1,SPRINGER JAPAN KK,365,0.02472249441188128,0.008420002934358437,0.07034985634780601
2021,H1,Tuncer ACAR,21,0.0,0.0,0.5622188092466677
2021,H1,"UNIV AGRICULTURE, FAC VETERINARY SCIENCE",29,0.0,0.0,0.35366174626285546
2021,H1,"UNIV ALICANTE, GRUPO INVESTIGACION EDUTIC-ADEI",12,0.26929653690451566,0.04924317153762601,0.7239416350034145
2021,H1,"UNIV BELGRADE, FAC ELECTRICAL ENGINEERING",26,0.0,0.0,0.5412868411295688
2021,H1,"UNIV CATOLICA NORTE, Inst Invest Arqueologicas y Museo RP Gustavo Le Paige",15,0.0,0.0,0.6139620190716398
2021,H1,UNIV MURCIA,17,0.0,0.0,0.3537275795949387
2021,H1,UNIV NIS,12,0.0,0.0,0.755034259188127
2021,H1,UNIV NEWCASTLE,12,0.0,0.0,0.634730253384241
2021,H1,"UNIV KRAGUJEVAC, FAC SCIENCE",64,0.0,0.0,0.35900236725082746
2021,H1,UNIV PENNSYLVANIA PRESS,36,0.0,0.0,0.7507033165605966
2021,H1,"UNIV TECHNOLOGY, SYDNEY-UTS EPRESS",12,0.0,0.0,0.6090903050186479
2021,H1,"UNIV PITTSBURGH, UNIV LIBRARY SYSTEM",21,0.45550860503318263,0.12319324434554527,0.8328075925849255
2021,H1,UNIV WISCONSIN PRESS,38,0.0,0.0,1.0
2021,H1,"UNIV TOMASE BATI & ZLINE, FAK MANAGEMENTU EKONOMIKY",20,0.0,0.0,0.20438145235511723
2021,H1,UNIV ZAGREB FAC MECHANICAL ENGINEERING & NAVAL ARCHITECTURE,14,0.0,0.0,0.6413317086423831
2021,H1,VASYL STEFANYK PRECARPATHIAN NATL UNIV,22,0.0,0.0,0.6028645801890309
2021,H1,UNIV SISTAN & BALUCHESTAN,48,0.10595688285064292,0.02449537867280816,0.35870871593989617
2021,H1,THIEME MEDICAL PUBL INC,130,0.0169970849944604,0.00011828597989153788,0.7164960259630484
2021,H1,UBIQUITY PRESS LTD,72,0.0977592264112513,0.03381639665352657,0.25117797597588903
2021,H1,"VILNIUS UNIV, INST MATHEMATICS & INFORMATICS",61,0.0,0.0,0.33427466961802504
2021,H1,Uspekhi Fizicheskikh Nauk,22,0.07984963578093904,0.01111950830117956,0.40109344626848137
2021,H1,VEREIN FORDERUNG OPEN ACCESS PUBLIZIERENS QUANTENWISSENSCHAF,110,0.0,0.0,0.20786206587935246
2021,H1,VIETNAM NATL UNIV,38,0.18973754166047863,0.06042290834873152,0.46024127795752867
2021,H1,UNIV CHICAGO PRESS,380,0.0,0.0,0.07338063951192242
2021,H1,"UNIV SZEGED, BOLYAI INSTITUTE",95,0.021527411129758273,0.0021480529585587915,0.1835785080842449
2021,H1,VILNIUS GEDIMINAS TECH UNIV,79,0.0231905708780947,0.0006547730053752158,0.46243972645614784
2021,H1,WHITE HORSE PRESS,10,0.0,0.0,0.6990028119932711
2021,H1,US DEPT HEALTH HUMAN SCIENCES PUBLIC HEALTH SCIENCE,75,0.04922638001858019,0.009206582410623007,0.22389592318827256
2021,H1,WAGENINGEN ACADEMIC PUBLISHERS,64,0.1137780451332372,0.04125568930019973,0.2769582253592594
2021,H1,SPRINGER WIEN,557,0.03115704147049658,0.01467947357041423,0.0649120269079624
2021,H1,SPRINGER-VERLAG ITALIA SRL,643,0.01543800519518734,0.00652834495265988,0.03606583491246789
2021,H1,SPRINGER INT PUBL AG,1043,0.039454785720129816,0.0243143383188245,0.06341040802815422
2021,H1,TERMEDIA PUBLISHING HOUSE LTD,399,0.07708204103947955,0.045427892303417254,0.1278389148001815
2021,H1,SPRINGER BASEL AG,897,0.006005691331997138,0.0015972815053913725,0.022309202150531584
2021,H1,SCIENCE PRESS,1358,0.04120545428280029,0.028028666098724602,0.060193262678062055
2021,H1,UNIV CALIFORNIA PRESS,276,0.010969917491134434,0.002385494859688523,0.04893099186411883
2021,H1,WALTER DE GRUYTER GMBH,480,0.06287960679931141,0.035780369674969247,0.1082000465849714
2021,H1,W B SAUNDERS CO LTD,649,0.07533073307980098,0.04995079304565924,0.11208480514493555
2021,H1,TSINGHUA UNIV PRESS,632,0.015106403891178639,0.005787785431111929,0.038842294858139115
2021,H1,SPRINGER/PLENUM PUBLISHERS,1386,0.052231302745450174,0.03644633617061979,0.07432541853062
2021,H1,OXFORD UNIV PRESS INC,6211,0.0675624634241879,0.05880708442430573,0.07751401519746261
2021,H1,W B SAUNDERS CO-ELSEVIER INC,1672,0.0892421769160566,0.07075554159608222,0.11197686193352503
2021,H1,"WILEY PERIODICALS, INC",78,0.1518489949451823,0.06195723946001467,0.3267342085489991
2021,H1,WORLD HEALTH ORGANIZATION,17,0.0,0.0,0.3630634978318005
2021,H1,"ZAGREB UNIV, FAC FORESTRY",28,0.04067176336069006,0.0018605943683249995,0.4909006406200393
2021,H1,WROCLAW MEDICAL UNIV,36,0.08219822242997021,0.016451887996004923,0.32410521706035306
2021,H1,Yandy Scientific Press,24,0.05798322791091952,0.008132782067768653,0.3160353012403177
2021,H2,ACAD MANAGEMENT,69,0.01947155362031124,2.107030845258532e-05,0.9492784128842863
2021,H2,ACADEMIC & SCIENTIFIC PUBLISHERS-ASP,202,0.0,0.0,0.06561184320293059
2021,H2,ACAD CONFERENCES & PUBL INT LTD,36,0.038870010983489016,0.00546169745634572,0.22947919361396818
2021,H2,ACAD MEDICINE SINGAPORE,75,0.11816746861652926,0.04794171438076973,0.26285959107881995
2021,H1,YONSEI UNIV COLL MEDICINE,127,0.08024040380914005,0.032531789388488795,0.18456718626444096
2021,H1,ZHEJIANG UNIV PRESS,139,0.05028528581656471,0.016893497007178918,0.14026272685099703
2021,H2,"ADAM MICKIEWICZ UNIV, KALISZ",16,0.0,0.0,0.5574930593640475
2021,H2,ACTA DERMATO-VENEREOLOGICA,82,0.09468425429591416,0.019814246957139996,0.35111738391588765
2021,H2,AMER ACAD FAMILY PHYSICIANS,72,0.0,0.0,0.17409758767840564
2021,H2,AMER ACAD PSYCHIATRY & LAW,21,0.0,0.0,0.4624804322006259
2021,H2,ALEXANDER VON HUMBOLDT INST INTERNET & SOC,26,0.0677523171319136,0.008692969411979543,0.3759040902429912
2021,H2,AMER ACCOUNTING ASSOC,50,0.0,0.0,0.268719620989886
2021,H2,AKADEMIAI KIADO ZRT,55,0.03517952812473426,0.0016120406561935454,0.4515736868609517
2021,H2,AMER ACAD SLEEP MEDICINE,143,0.08703786200710549,0.03693349718879281,0.1915919899349446
2021,H2,AMER ASSOC INTELLECTUAL and DEVELOPMENTAL DISABILITIES-AAIDD,11,0.2018583092557481,0.0124397382045469,0.8354699596696721
2021,H2,AMER ASSOC CRITICAL CARE NURSES,40,0.0,0.0,0.2228231454236239
2021,H2,AMER BOARD FAMILY MEDICINE,70,0.0,0.0,0.11703801012937633
2021,H2,AME PUBLISHING COMPANY,179,0.038467090717757765,0.0110307904201198,0.12548549596983538
2021,H1,TAYLOR & FRANCIS INC,3010,0.06173574289187208,0.048534264241560016,0.07823281515248116
2021,H1,WOLTERS KLUWER MEDKNOW PUBLICATIONS,609,0.054251535524181695,0.03370387434229858,0.08620853931927437
2021,H2,AMER ACAD PEDIATRICS,429,0.05357960310545685,0.030970613367031632,0.0911411269062678
2021,H1,WORLD SCIENTIFIC PUBL CO PTE LTD,551,0.014946797746959832,0.00577536033651138,0.038124253759057584
2021,H2,ADIS INT LTD,561,0.04544405070248746,0.02683301970015849,0.07595594745804601
2021,H1,eLIFE SCIENCES PUBL LTD,1054,0.06423908006161783,0.042390893672652946,0.09621637320405131
2021,H2,AMER ASSOC NEUROLOGICAL SURGEONS,488,0.04561651597588216,0.02504160660731474,0.08168010399475495
2021,H2,AMER INST AERONAUTICS ASTRONAUTICS,65,0.0,0.0,0.26239002603203204
2021,H2,AMER MATHEMATICAL SOC,129,0.13737014669295886,0.07043009386619133,0.25076962073368303
2021,H2,AMER ECONOMIC ASSOC,184,0.03914541791365454,0.012922848841671938,0.1125126934791016
2021,H2,AMER DIABETES ASSOC,278,0.09194645572908498,0.052993656412312004,0.15484959592186598
2021,H2,AMER SOC CELL BIOLOGY,40,0.036336847070516896,0.000364673813228044,0.79581227092672
2021,H2,AMER SOC ENGINEERING EDUCATION,30,0.0,0.0,0.3529412956461604
2021,H2,AMER ASSOC ADVANCEMENT SCIENCE,2071,0.052288725505585776,0.03376395596317107,0.08013428385215428
2021,H2,"AMER OCCUPATIONAL THERAPY ASSOC, INC",470,0.5957153364839362,0.4977916855073049,0.68656753665037
2021,H2,"AMER PSYCHIATRIC PUBLISHING, INC",137,0.03809797487950319,0.006474318643540834,0.1940217630661059
2021,H1,SAGE PUBLICATIONS LTD,4096,0.02965695415766064,0.022352882561280773,0.039251894309157
2021,H2,AMER COLL PHYSICIANS,310,0.01717576463808247,0.004270892823186772,0.06647079670365048
2021,H2,AMER SPINAL INJURY ASSOC,14,0.014501849042148577,1.3366420664484665e-08,0.9999382761238482
2021,H2,AMER ROENTGEN RAY SOC,242,0.07146608361312703,0.025867919045847197,0.1823920420323354
2021,H2,ANNALS FAMILY MEDICINE,47,0.0,0.0,0.2333225883490388
2021,H2,AMER PUBLIC HEALTH ASSOC INC,196,0.026169964666369443,0.0038010938132539487,0.15914670298527264
2021,H2,ASSOC BRASILEIRA PSIQUIATRIA,11,0.0,0.0,0.7474504094801298
2021,H2,AMER METEOROLOGICAL SOC,400,0.053013289807122915,0.029234565841214945,0.09425518597040693
2021,H2,AMER INST MATHEMATICAL SCIENCES-AIMS,310,0.009545639279542021,0.0016666183992537363,0.05270660362093548
2021,H2,AMER THORACIC SOC,173,0.15176030100692844,0.08090660790484142,0.26666104457105705
2021,H2,ASIAN-AUSTRALASIAN ASSOC ANIMAL PRODUCTION SOC,52,0.060708108425049895,0.015889762569633283,0.2055378497402676
2021,H2,AMER SOC NEURORADIOLOGY,141,0.0833084240505256,0.036854176037732535,0.17752496028461606
2021,H2,ATOMIC SPECTROSCOPY PRESS LTD,14,0.20569818284578445,0.02437378905488792,0.728586743550381
2021,H2,ATHABASCA UNIV PRESS,15,0.025664417521523326,5.6693003219809564e-08,0.9999182950619253
2021,H2,AUSTRALIAN PHYSIOTHERAPY ASSOC,17,0.0,0.0,0.5209983630881907
2021,H2,ASSOCIACAO BRASILEIRA PESQUISA POS-GRADUACAO FISIOTERAPIA-ABRAPG-FT,20,0.06561465016545649,0.0021012177283332998,0.7007674224988979
2021,H1,WILEY-HINDAWI,2131,0.0429494261627159,0.030777388214563328,0.05963912742423809
2021,H2,AMER SOC PHARMACOLOGY EXPERIMENTAL THERAPEUTICS,93,0.026546761753375076,0.005396310548337576,0.12054755543841988
2021,H2,Accscience Publishing,30,0.0,0.0,0.3631005685350983
2021,H2,ACOUSTICAL SOC AMER AMER INST PHYSICS,1411,0.025721045291200458,0.01530880933050333,0.042906547397332497
2021,H2,AUSTRALASIAN SOC COMPUTERS LEARNING TERTIARY EDUCATION-ASCILITE,33,0.07188592240116898,0.015060841840634174,0.28177648884612205
2021,H2,BERGHAHN JOURNALS,15,0.0,0.0,0.6210804618878265
2021,H2,BASTAS PUBL LTD - UK,25,0.18619563217764323,0.051320881394734036,0.49178291732879276
2021,H2,AMER SOC CLINICAL INVESTIGATION INC,512,0.18069424801320033,0.13325972223546417,0.24033156094533856
2021,H2,ASSOC RESEARCH VISION OPHTHALMOLOGY INC,192,0.16560166073367835,0.10191531216070657,0.2576671464757092
2021,H2,AMER SOC HEMATOLOGY,400,0.11821410264897389,0.07360600007790497,0.18447311482034343
2021,H2,BIOSCIENTIFICA LTD,101,0.13174973238351034,0.06346037986810502,0.25362419072330433
2021,H2,AMER SPEECH-LANGUAGE-HEARING ASSOC,297,0.11228337280222014,0.06917873104027522,0.17713503553158
2021,H2,AMER PHYSIOLOGICAL SOC,593,0.12814920522844067,0.09011218129388929,0.17908189483719297
2021,H2,BENTHAM SCIENCE PUBL LTD,98,0.09262922880054739,0.03051474247013515,0.24874114541687642
2021,H2,ANNUAL REVIEWS,644,0.0028376766890388016,1.614630652565658e-05,0.33402133873328216
2021,H1,ELSEVIER SCIENCE SA,10224,0.029324479225620183,0.02461342352509862,0.034904971658514285
2021,H2,BAISHIDENG PUBLISHING GROUP INC,370,0.0368034292004775,0.014176509527659725,0.09216836397420236
2021,H2,ASCE-AMER SOC CIVIL ENGINEERS,583,0.032947499413618075,0.0130090413053818,0.08093886263649848
2021,H2,AMER PHYTOPATHOLOGICAL SOC,387,0.05659689427338573,0.029790363627224974,0.1049165289286472
2021,H2,BRAZILIAN SOC UROL,62,0.0008795381162784911,0.0,0.15871600395642138
2021,H2,"CAIRO UNIV, FAC COMPUTERS & INFORMATION",12,0.0,0.0,0.6702030602762371
2021,H2,BRITISH INST RADIOLOGY,50,0.0,0.0,0.25812136638577
2021,H2,CANADIAN OPHTHAL SOC,20,0.25453249148068235,0.09681027128564472,0.5209910136908881
2021,H1,SAGE PUBLICATIONS INC,6397,0.05312196490879997,0.044706466462218035,0.06301708928368327
2021,H2,BRILL,113,0.046394447840619545,0.013048028221145763,0.15185103219172197
2021,H2,C EJ PUBLISHING GROUP,81,0.06349426515484895,0.017275992398404688,0.2072796584201351
2021,H2,AMER SOC MICROBIOLOGY,1182,0.0925161900748428,0.06723681612339216,0.12601593815737333
2021,H2,AMER SOC NEPHROLOGY,1673,0.044786964178623725,0.02350303964671916,0.08369326501770107
2021,H2,"CHINA UNIV GEOSCIENCES, WUHAN",48,0.0,0.0,0.28618591292441076
2021,H2,"CHINA UNIV GEOSCIENCES, BEIJING",54,0.0,0.0,0.10671976792293682
2021,H2,CHIN SOCIETY IMMUNOLOGY,50,0.18069464889529727,0.059444494472947355,0.4349043526855457
2021,H2,CHINA ANTI-CANCER ASSOC,49,0.14379672165251095,0.05157319054598751,0.34154613257517397
2021,H2,CHINESE JOURNAL NATURAL MEDICINES,51,0.0,0.0,0.22662210505886382
2021,H2,BRITISH EDITORIAL SOC BONE & JOINT SURGERY,254,0.08257221059353448,0.04576329026672019,0.14450429425379738
2021,H1,SPRINGERNATURE,6321,0.07253077659272704,0.0630986688131592,0.083247535587602
2021,H2,CLEVELAND CLINIC,52,0.0,0.0,0.25088856725507874
2021,H2,CODON PUBLICATIONS,26,0.0,0.0,0.4397822305446109
2021,H2,COLEGIO OFICIAL DE PSICOLOGOS DE ASTURIAS,33,0.0,0.0,0.2524498764450902
2021,H2,COGITATIO PRESS,135,0.0,0.0,0.11862011751905154
2021,H2,CONSEJO SUPERIOR INVESTIGACIONES CIENTIFICAS-CSIC,10,0.0,0.0,0.8933577022702336
2021,H2,AMER PSYCHOLOGICAL ASSOC,717,0.03159427388344274,0.01590968857175232,0.061770940992561946
2021,H2,COLL FAMILY PHYSICIANS CANADA,74,0.11280694466092767,0.019030225704340504,0.45456163300514074
2021,H2,CZECH ACADEMY AGRICULTURAL SCIENCES,34,0.0,0.0,0.6598017696245807
2021,H2,CROATIAN SOC MEDICAL BIOCHEMISTRY & LABORATORY MEDICINE,20,0.0943431488387635,0.01339909404666157,0.44414283685945394
2021,H2,CHINESE CHEMICAL SOC,139,0.0,0.0,0.0503379646912057
2021,H2,Cherkas Global Univ Press,48,0.0,0.0,0.3179797722786615
2021,H2,DE GRUYTER MOUTON,31,0.03764754550051157,0.000257455279634557,0.855965970571345
2021,H2,ASSOC COMPUTING MACHINERY,963,0.020526430279585794,0.01100794379555768,0.03795957449396807
2021,H2,DEUTSCHER AERZTE-VERLAG GMBH,38,0.0,0.0,0.3922780296632328
2021,H2,"E H ANGLE EDUCATION RESEARCH FOUNDATION, INC",27,0.0,0.0,0.3118906055142262
2021,H2,CHINESE LASER PRESS,158,0.07839868439009258,0.03699425959641004,0.15851559201517895
2021,H2,EDICIONES DOYMA S A,16,0.0,0.0,0.3066234744742151
2021,H2,DE GRUYTER POLAND SP Z O O,69,0.0490218955551675,0.006090214686746838,0.3024865728833151
2021,H2,EDICIONES PROFESIONALES INFORMACION SL-EPI,28,0.0,0.0,0.4142447856559958
2021,H2,CURRENT MEDICINE GROUP,83,0.10894819777447583,0.03339474203155532,0.30202608234750616
2021,H2,E SCHWEIZERBARTSCHE VERLAGSBUCHHANDLUNG,12,0.12373968710468479,0.007072075384584633,0.7368262790488367
2021,H2,EDITURA ASE,29,0.013551104040903547,3.218932058798909e-06,0.9832286677098193
2021,H2,CMA-CANADIAN MEDICAL ASSOC,188,0.030456160627981118,0.004879128663841971,0.16753801994074508
2021,H2,CHURCHILL LIVINGSTONE INC MEDICAL PUBLISHERS,244,0.07364658768545723,0.03609524083672632,0.14441126880932387
2021,H2,"COLD SPRING HARBOR LAB PRESS, PUBLICATIONS DEPT",192,0.04864386799613759,0.015524175757817938,0.1422148610974719
2021,H2,EDWARD ELGAR PUBLISHING LTD,15,0.0,0.0,0.23735997856583388
2021,H2,COLL AMER PATHOLOGISTS,101,0.016454843699626878,0.002347225677028678,0.10631793317282168
2021,H2,COMPANY BIOLOGISTS LTD,285,0.13667239148609223,0.08014969388752109,0.22337596617879363
2021,H2,EDUCATIONAL PUBLISHING FOUNDATION-AMERICAN PSYCHOLOGICAL ASSOC,221,0.026252589551344355,0.0019835778694389994,0.2677816022496351
2021,H2,AMER MEDICAL ASSOC,3136,0.047807511375780945,0.037670685263999956,0.06050057279789686
2021,H2,EDIZIONI MINERVA MEDICA,264,0.051387262705026915,0.021801694506160773,0.11634612130188872
2021,H2,CENTERS DISEASE CONTROL & PREVENTION,329,0.008605963378180951,0.001222041700247402,0.058014118810856705
2021,H1,SPRINGER HEIDELBERG,5287,0.03363710523332936,0.026768533694164827,0.04219168761880934
2021,H2,CURRENT BIOLOGY LTD,282,0.021601674988063063,0.0057196646577892165,0.07811898775058035
2021,H2,DUKE UNIV PRESS,317,0.021337635751712786,0.006381898854320158,0.06891085834507461
2021,H2,DOVE MEDICAL PRESS LTD,706,0.09501656688514745,0.06616107658136934,0.13464255759027263
2021,H2,AIP Publishing,2576,0.012688280792963505,0.0076905891636507295,0.020865407497083256
2021,H2,CHURCHILL LIVINGSTONE,744,0.10036785028555004,0.07205672038486673,0.13814644869560785
2021,H2,AMER ASSOC CANCER RESEARCH,4564,0.12140865656415281,0.1089338138487544,0.13509549878080718
2021,H2,AMER GEOPHYSICAL UNION,2817,0.023905614637508694,0.01673023585983036,0.034051844230585764
2021,H2,ACADEMIC PRESS LTD- ELSEVIER SCIENCE LTD,4078,0.04900679495527017,0.03987550993702346,0.060098211393099156
2021,H2,ELSEVIER ESPANA,70,0.0,0.0,0.3817982254249988
2021,H2,ELSEVIER - DIVISION REED ELSEVIER INDIA PVT LTD,62,0.015689475748854053,0.00017187495526340126,0.5964437189800307
2021,H1,FRONTIERS MEDIA SA,11369,0.07234418764547931,0.06551246892265142,0.07982746857720086
2021,H2,ELSEVIER ESPANA SLU,70,0.02084040353669528,0.002928904752689489,0.13361016614487273
2021,H2,"ELSEVIER MASSON, CORP OFF",124,0.03139959781849138,0.00722228713207779,0.12622255816807482
2021,H2,COPERNICUS GESELLSCHAFT MBH,1531,0.01372982523620417,0.0073183121948332125,0.025613478581767064
2021,H2,ELSEVIER INC,279,0.10839693798090455,0.0682418956282315,0.16792182758524782
2021,H2,ELSEVIER ADVANCED TECHNOLOGY,554,0.08475687900089143,0.05453221377581736,0.1294402018271238
2021,H2,CSIRO PUBLISHING,268,0.0,0.0,0.06338163887908069
2021,H2,CAMBRIDGE UNIV PRESS,3474,0.018476300838520036,0.01200831363502496,0.028328222573535157
2021,H2,ELSEVIER GMBH,877,0.07231471617359687,0.05000277922676324,0.10349790036216314
2021,H1,TAYLOR & FRANCIS LTD,6410,0.05603443950362385,0.047509522234608866,0.06598306636478045
2021,H2,EDP SCIENCES S A,1132,0.005133408012515424,0.0019329618446849908,0.013560902155670851
2021,H2,ELSEVIER FRANCE-EDITIONS SCIENTIFIQUES MEDICALES ELSEVIER,2102,0.07698145475319276,0.06079310401819374,0.09703516841492388
2021,H2,EQUINOX PUBLISHING LTD,14,0.33986825854323466,0.030433353741401856,0.8941212986007793
2021,H2,"ESMON PUBLICIDAD S A, DEPT ALLERGY & CLIN IMMUNOL, CLIN UNIV NAVARRA",19,0.0,0.0,0.6212839892923362
2021,H2,"ETHNICITY & DISEASE, INC",20,0.0,0.0,0.3511005659311502
2021,H2,EUROPEAN ASSOC GEOCHEMISTRY,17,0.0,0.0,0.5731238287820859
2021,H2,EUROPA EDITION,80,0.0,0.0,0.2639654724995373
2021,H2,EUR CENTRE DIS PREVENTION & CONTROL,118,0.0,0.0,0.09258214478979551
2021,H2,ELSEVIER SCIENCE LONDON,417,0.08817264486746397,0.053410041023203604,0.14216290982165808
2021,H2,FINNISH SOC SCIENCE & TECHNOLOGY STUDIES,13,0.0,0.0,0.6899492944902093
2021,H2,"FORUM MULTIMEDIA PUBLISHING, LLC",27,0.0,0.0,0.42575673944038184
2021,H2,FOUNDATION REHABILITATION INFORMATION,25,0.008660232742771851,2.860761723289925e-15,0.9999999999625141
2021,H2,ELSEVIER SINGAPORE PTE LTD,151,0.03456475804249667,0.00775984068514948,0.1408212704804409
2021,H1,ELSEVIER SCIENCE INC,16023,0.06058684552081451,0.055260011324125946,0.066391079433761
2021,H1,PUBLIC LIBRARY SCIENCE,10559,0.05393311470994781,0.04813333140497471,0.060387402672175614
2021,H2,FERRATA STORTI FOUNDATION,149,0.06699117076702817,0.015608230602290277,0.24536596367400995
2021,H2,EXCERPTA MEDICA INC-ELSEVIER SCIENCE INC,168,0.08277754442174184,0.0346827626376635,0.18479802362981637
2021,H2,ELSEVIER TAIWAN,315,0.08181230147979004,0.04655733516919529,0.13984791452421574
2021,H1,"ROUTLEDGE JOURNALS, TAYLOR & FRANCIS LTD",8596,0.03197817478029537,0.025237397741802312,0.040444675170360836
2021,H2,CELL PRESS,6995,0.07192112227309666,0.06171642639684998,0.08366269386196555
2021,H2,EUROPEAN MATHEMATICAL SOC-EMS,216,0.007970989630163839,0.0011228422235604054,0.05431450396560985
2021,H2,ENDOCRINE SOC,403,0.06975457382532131,0.041714448285075874,0.11439307460910268
2021,H2,EUROPEAN RESPIRATORY SOC JOURNALS LTD,502,0.05412936621487624,0.029472901038443536,0.09734405367521887
2021,H2,GLOBAL SCIENCE PRESS,10,0.0,0.0,0.7678409666007506
2021,H2,HANLEY & BELFUS-ELSEVIER INC,23,0.0,0.0,0.32888968511351335
2021,H2,FUTURE MEDICINE LTD,64,0.23335603430759974,0.08663424708797737,0.4941319851930619
2021,H2,GUILFORD PUBLICATIONS INC,11,0.06423266336761567,6.294230476252963e-05,0.9868165131733388
2021,H2,GEOSCIENCEWORLD,108,0.0,0.0,0.1006463794352243
2021,H2,"GEOLOGICAL SOC AMER, INC",219,0.0,0.0,0.04293807699978425
2021,H2,HOGREFE PUBLISHING CORP,27,0.002495772240160971,4.627665113372397e-20,0.9999999999999926
2021,H2,GEOMETRY & TOPOLOGY PUBLICATIONS,41,0.035638046098671126,0.004968209309943817,0.21477309594899321
2021,H2,HUMAN KINETICS PUBL INC,103,0.0,0.0,0.08777458534573206
2021,H2,HONG KONG ACAD MEDICINE PRESS,29,0.12590701300246712,0.031285466878945914,0.39115258874211867
2021,H2,HARBORSIDE PRESS,82,0.13690882121830983,0.06310332208679528,0.271977867670011
2021,H2,GEORG THIEME VERLAG KG,395,0.0,0.0,0.035913050076110856
2021,H2,HUMANA PRESS INC,47,0.033064640497862105,0.0015867385426369036,0.4238843422552653
2021,H2,ELSEVIER IRELAND LTD,3868,0.07947171053447752,0.06737160966639978,0.09352708179536792
2021,H2,HIGHER EDUCATION PRESS,229,0.019929470858089167,0.0030348416804474483,0.11959264685427659
2021,H2,BMJ PUBLISHING GROUP,5781,0.057341590608194146,0.04886187423637546,0.06718896094974397
2021,H2,INST ECONOMIC RESEARCH-POLAND,18,0.0,0.0,0.36377364938504697
2021,H2,"INT PRESS BOSTON, INC",20,0.0,0.0,0.5127595473474845
2021,H2,INT SOC BAYESIAN ANALYSIS,15,0.0,0.0,0.5519389486932548
2021,H2,INST BADAN GOSPODARCZYCH,18,0.08699803341071355,0.00624687602398812,0.5909036483497034
2021,H2,INT SCIENTIFIC RESEARCH PUBLICATIONS,41,0.0,0.0,0.21765885889316083
2021,H2,INST MATHEMATICAL STATISTICS-IMS,117,0.0,0.0,0.20855535254300367
2021,H2,INT PRESS EDITING CENTRE INC,27,0.13946047424317984,0.030577890646721534,0.4543440940163749
2021,H2,INT UNION AGAINST TUBERCULOSIS LUNG DISEASE (I U A T L D),49,0.0,0.0,0.23590909302526933
2021,H2,INT COUNCIL RESEARCH & INNOVATION BUILDING & CONSTRUCTION,38,0.132761302885247,0.042100480838914586,0.34777379684159204
2021,H2,INT RHINOLOGIC SOC,34,0.1596602467813595,0.048195906484195486,0.41619060351159987
2021,H2,"INST MATERIA MEDICA, CHINESE ACAD MEDICAL SCIENCES",159,0.158493347044056,0.082756191919129,0.28221758489600934
2021,H2,INTER-RESEARCH,195,0.0,0.0,0.036844186481402134
2021,H2,INT SOC GLOBAL HEALTH,123,0.08818431721252906,0.033940459688088474,0.2102532123200226
2021,H2,JAPAN ACAD,10,0.0,0.0,0.7682224572956887
2021,H2,JAPAN NEUROSURGICAL SOC,20,0.0,0.0,0.20066625810988115
2021,H2,Inst Navigation - ION,20,0.2613671354672602,0.07588383025684685,0.6039340604468321
2021,H2,IRCA-BSSA,26,0.09204068040908475,0.020279669731551642,0.33174802847121143
2021,H2,JAPANESE SOC ALLERGOLOGY,25,0.0,0.0,0.21782127895049938
2021,H2,JAPAN PROSTHODONTIC SOC,49,0.0,0.0,0.3475965863337147
2021,H2,IOS PRESS,35,0.12601370776093884,0.03765680481809384,0.3469460311023428
2021,H2,JAPAN EPIDEMIOLOGICAL ASSOC,39,0.19203991554171823,0.06821415104365013,0.4355682800485815
2021,H2,IGI GLOBAL,181,0.028652583004441776,0.007668572525341825,0.10120065914663935
2021,H2,JAPANESE SOC HYGIENE,48,0.10297552873604217,0.03374554896502719,0.27396360890072396
2021,H2,IVYSPRING INT PUBL,132,0.17362909667518925,0.09709304885750074,0.2910489728828427
2021,H2,JOHN BENJAMINS PUBLISHING CO,94,0.0,0.0,0.12677021927008805
2021,H2,JOHN WILEY & SONS INC,43,0.04332820761599406,0.00604531268486463,0.25220160901923006
2021,H2,INT UNION CRYSTALLOGRAPHY,200,0.041560615314576575,0.014312467590642614,0.11465007335567383
2021,H2,KOREAN ACAD MEDICAL SCIENCES,12,0.0,0.0,0.6308440260481197
2021,H2,KOREAN ASSOC ORTHODONTISTS,21,0.0,0.0,0.4643689777777028
2021,H2,KOREAN BIOCHIP SOCIETY-KBCS,12,0.0,0.0,0.6872634498028954
2021,H2,KOREAN ACAD REHABILITATION MEDICINE,22,0.2792731349918065,0.05276472111528559,0.7293968868481796
2021,H2,KOREAN ASSOC STUDY LIVER,28,0.0027570920409465036,1.8024044771178954e-33,1.0
2021,H2,KOREAN FIBER SOC,75,0.0,0.0,0.18872261430246193
2021,H2,KOREA HEALTH PERSONNEL LICENSING EXAMINATION INST,18,0.07686716056114426,0.008088559693814813,0.45953726480887946
2021,H2,KOREAN SOC ANESTHESIOLOGISTS,31,0.0,0.0,0.27147601753250095
2021,H2,KOREAN SOC GYNECOLOGY ONCOLOGY & COLPOSCOPY,18,0.0,0.0,0.5932135620556032
2021,H2,KOREAN DIABETES ASSOC,52,0.0802350339738613,0.012533453635448617,0.37482448254615436
2021,H2,KOREAN SOC PEDIATRIC ENDOCRINOLOGY,21,0.0,0.0,0.6307980333189418
2021,H2,KOREAN SOC PRECISION ENG,31,0.0,0.0,0.1582380060579212
2021,H2,KOREAN SOC GINSENG,46,0.37351326946347396,0.14735460685095067,0.6728610070356127
2021,H2,KOREAN SOC PHYCOLOGY,15,0.22263105283572907,0.033621769538607,0.7021554795710767
2021,H2,KOREAN SOC LABORATORY MEDICINE,38,0.14019774856211178,0.02805992345086708,0.47942532275852856
2021,H2,KOREAN SOC STUDY OBESITY,21,0.1358635782560557,0.019910983803174274,0.5488965083665217
2021,H2,LABORATORY KNOWLEDGE MANAGEMENT & E-LEARNING UNIV,18,0.0,0.0,0.601947029195065
2021,H2,KOREAN STROKE SOC,14,0.07622849901656097,0.0014143588403750797,0.8278128167970881
2021,H2,LAWBOOK CO LTD,32,0.0,0.0,0.3977401109811164
2021,H2,KOREAN SOC NEPHROLOGY,53,0.11752405914617059,0.03874017688212687,0.3055918751896811
2021,H2,Korean Pediatric Soc,46,0.12779325784552512,0.03686148150241547,0.35934796008717457
2021,H2,HINDAWI LTD,706,0.009799015219327651,0.0031567264809655776,0.029997223785171563
2021,H2,KOREAN SPINAL NEUROSURGERY SOC,64,0.14059833603833385,0.05114060994046869,0.33181737129124333
2021,H2,KOREAN SOCIETY ANIMAL SCIENCE & TECHNOLOGY,73,0.06974795309638314,0.023346804754754858,0.19039224270826285
2021,H2,KOREAN SOC COLOPROCTOLOGY,68,0.034243947937413956,0.00287049844163666,0.30398182113111505
2021,H2,KOREAN INST METALS MATERIALS,107,0.022955541450021887,0.003465580241571386,0.1369872062363199
2021,H2,KARGER,152,0.06370440088628862,0.026614922890988817,0.1447918764293808
2021,H2,LIFE SCIENCE ALLIANCE LLC,113,0.12066777361493597,0.05001453316304598,0.2634506223938839
2021,H2,KERMAN UNIV MEDICAL SCIENCES,116,0.04672341521412106,0.009451012787484324,0.20114042394266687
2021,H2,ACADEMIC PRESS INC ELSEVIER SCIENCE,7508,0.04252903131567247,0.036065813163327694,0.050090310612167954
2021,H2,KOREAN NUCLEAR SOC,231,0.02694039862414085,0.007854669591411699,0.08827549282806463
2021,H2,JOURNAL OF CENTRAL SOUTH UNIV,136,0.013454322091610604,0.0019129398958844315,0.08845724108530155
2021,H2,JOURNAL MATER SCI TECHNOL,389,0.030478236470363226,0.013442543164611862,0.06762337826754575
2021,H2,INFORMS,470,0.019862488418792464,0.007239879746634064,0.05331062402784578
2021,H2,IEEE COMPUTER SOC,1363,0.031291435537375435,0.02067811297928915,0.0470902528392486
2021,H2,JOHN WILEY & SONS LTD,701,0.09443264277396304,0.06771095237829051,0.13022682142079545
2021,H2,MARTINUS NIJHOFF PUBL,12,0.0,0.0,0.7780253577346081
2021,H1,WILEY-V C H VERLAG GMBH,7486,0.023152970118172002,0.017708149587933656,0.030220433506670745
2021,H2,MAGNOLIA PRESS,42,0.07782165927844054,0.01248370534391697,0.36034457392569547
2021,H2,"MASARYKOVA UNIV, FAC SOCIAL STUDIES",20,0.0,0.0,0.3112700976475548
2021,H2,MANAGED CARE & HEALTHCARE COMMUNICATIONS LLC,52,0.06923529564061548,0.01384631346188943,0.2826816764404549
2021,H2,MATHEMATICAL SCIENCE PUBL,47,0.0,0.0,0.34891824232336976
2021,H2,MASSON EDITEUR,43,0.19461580880682885,0.08178014470839652,0.39599481602551045
2021,H1,ROYAL SOC CHEMISTRY,17648,0.03751691739944821,0.029855372650836452,0.04704923168976808
2021,H2,"JMIR PUBLICATIONS, INC",1103,0.08983814052403331,0.06795557175521316,0.11787600853688188
2021,H2,MASSACHUSETTS MEDICAL SOC,383,0.024587764206039968,0.00711969631278497,0.0813998524700928
2021,H2,"MARY ANN LIEBERT, INC",912,0.08221128830222442,0.05860607007469625,0.11417108543739715
2021,H2,KEAI PUBLISHING LTD,1857,0.03962564257538887,0.027864820487181342,0.056064049231137114
2021,H2,MEDYCYNA PRAKTYCZNA SP K SP ZOO,69,0.10136934807649295,0.03283576714992673,0.2726234486359835
2021,H2,MEDICAL LIBRARY ASSOC,75,0.13988662361426843,0.05564501393854979,0.3098214351989198
2021,H2,EMERALD GROUP PUBLISHING LTD,3100,0.05226495540262826,0.04123364969915742,0.06604419066080477
2021,H2,Medical Journal Sweden AB,46,0.0,0.0,0.3062849571321873
2021,H2,AMER PHYSICAL SOC,5278,0.007787278930807048,0.004597077352005993,0.013162088476673802
2021,H2,NATL MED ASSOC,13,0.13176949247950456,0.012747145273761562,0.6407941438198093
2021,H2,NATL CENTRE MARINE RESEARCH,53,0.0,0.0,0.2381189921466753
2021,H2,NATL MINING UNIV,17,0.07735217828880887,0.010636049652070623,0.39533415589525794
2021,H2,MICROBIOLOGY SOC,150,0.024531992759239077,0.00427242735232998,0.12846640582321056
2021,H2,NATL ATHLETIC TRAINERS ASSOC INC,92,0.1772125115913891,0.09036393484064016,0.3183212824729546
2021,H2,MIT PRESS,219,0.022197185483935154,0.0061553341637982165,0.07681546320153435
2021,H2,NORTH UNIV BAIA MARE,11,0.0,0.0,0.7724877348415069
2021,H2,"ND Zelinsky Inst Organic Chemistry, RAS - ZIOC RAS",13,0.015319501666840483,3.894816795801282e-09,0.9999839090589158
2021,H2,OAE PUBLISHING INC,14,0.0,0.0,0.477084207923146
2021,H2,NEW YORK BUSINESS GLOBAL LLC,68,0.0,0.0,0.2906202421863052
2021,H2,NORTHEAST FORESTRY UNIV,59,0.039136636778561606,0.0014276467504550274,0.5371197730281932
2021,H2,ONLINE LEARNING CONSORTIUM,42,0.14908258122537893,0.046304501374773675,0.3873359992926744
2021,H2,NONFERROUS METALS SOC CHINA,66,0.023602538262179878,0.0007717428892806028,0.4307127142970086
2021,H2,NIHR JOURNALS LIBRARY,34,0.0370851970892474,0.003166871905765141,0.3182870483971458
2021,H2,NATURE PUBL GROUP,111,0.3075508425460478,0.19099337754795495,0.45521523113208
2021,H1,IEEE-INST ELECTRICAL ELECTRONICS ENGINEERS INC,19652,0.03691084979979666,0.03274418059839516,0.04158492917795526
2021,H2,PACINI EDITORE,32,0.0,0.0,0.4405855105965367
2021,H2,PAGEPRESS PUBL,19,0.18980672958319522,0.05158209738838657,0.5022718849529281
2021,H2,PALGRAVE MACMILLAN LTD,74,0.01831750156127909,0.0005166838482311204,0.4024518606604309
2021,H2,Optica Publishing Group,155,0.014258836317168323,0.00205346182291465,0.0923007059000905
2021,H2,PEERJ INC,201,0.048580964216423515,0.02144983818481892,0.10630134614841771
2021,H2,MOSBY-ELSEVIER,2542,0.07805226529929299,0.06399370579038224,0.09488621225512983
2021,H2,NATL ACAD SCIENCES,1890,0.027863496264802487,0.017260238254577818,0.04468434085843321
2021,H2,PHARMACEUTICAL SOC KOREA,20,0.06787632700296165,0.0021057494534679156,0.7153312551239058
2021,H2,POLISH CARDIAC SOC,43,0.07140815497848509,0.012081969835400976,0.3259349173103727
2021,H2,PROJECT HOPE,105,0.10457919646700037,0.037495828945759646,0.2593423379351806
2021,H2,PHYSICIANS POSTGRADUATE PRESS,83,0.08708525447311838,0.028700465140656724,0.23545010361296392
2021,H2,PORTLAND PRESS LTD,164,0.2003772429296407,0.12146450026703114,0.3123313980264494
2021,H2,"Princeton Univ, Dept Mathematics",14,0.0,0.0,0.6721980633887408
2021,H2,RAMAZAN YAMAN,10,0.0,0.0,0.736364491737712
2021,H2,ROY COLL PHYS LONDON EDITORIAL OFFICE,87,0.0,0.0,0.19762151502335007
2021,H2,ROYAL COLL GENERAL PRACTITIONERS,115,0.0,0.0,0.12335232066971066
2021,H2,BMC,10845,0.06649338318084691,0.06002387575123398,0.0736055860972472
2021,H2,SCANDINAVIAN UNIV PRESS-UNIVERSITETSFORLAGET AS,18,0.0,0.0,0.23166323658341145
2021,H2,SCUOLA NORMALE SUPERIORE,18,0.0,0.0,0.5900505913959824
2021,H2,SCIENDO,41,0.0,0.0,0.35948790257474483
2021,H2,SOC CULTURAL ANTHROPOLOGY,15,0.0,0.0,0.6806462134650033
2021,H2,SHENYANG PHARMACEUTICAL UNIV,23,0.0,0.0,0.538649347657442
2021,H2,SCANDINAVIAN JOURNAL WORK ENVIRONMENT & HEALTH,31,0.13645132328758916,0.03280751250334904,0.42398768234034145
2021,H2,SHANGHAI UNIV SPORT,32,0.0,0.0,0.4149522425676854
2021,H2,SOC BRASIL PEDIATRIA,49,0.0,0.0,0.3392605796472074
2021,H2,SOC INFORM MANAGE-MIS RES CENT,10,0.0,0.0,0.727140761649641
2021,H2,SCIPOST FOUNDATION,111,0.0,0.0,0.15044029336287926
2021,H2,SOC LEARNING ANALYTICS RESEARCH-SOLAR,18,0.0,0.0,0.2853828769440809
2021,H2,SHANGHAI UNIV,51,0.006966968950826991,2.367507289492434e-10,0.9999951901794324
2021,H2,SOC BIOLGIA CHILE,26,0.09385567212885988,0.015429680617090888,0.40637572142206896
2021,H2,ROCKEFELLER UNIV PRESS,348,0.07787516543992265,0.039638476019540354,0.1473375571120262
2021,H2,SPIE-SOC PHOTO-OPTICAL INSTRUMENTATION ENGINEERS,14,0.0,0.0,0.6494708759603123
2021,H2,SEPM-SOC SEDIMENTARY GEOLOGY,31,0.06339843611535152,0.009252979255562734,0.32912970568055083
2021,H2,RADIOLOGICAL SOC NORTH AMERICA (RSNA),302,0.030751142894229228,0.011682816462317062,0.07847108985417355
2021,H2,SOC PETROLEUM ENG,93,0.004516817367413228,8.348353013178479e-09,0.9995946524740479
2021,H2,"SOC ECONOMIC GEOLOGISTS, INC",44,0.02605264455127264,0.0036501978912602,0.16339807998670683
2021,H2,SPANDIDOS PUBL LTD,149,0.1141836641364581,0.057259233860153524,0.21480518417584166
2021,H2,SHANGHAI JIAO TONG UNIV PRESS,107,0.024721906281307035,0.004079779714145071,0.13558647280738104
2021,H2,SOC NUCLEAR MEDICINE INC,183,0.04838802180208188,0.015997915194188465,0.13721215405780576
2021,H1,LIPPINCOTT WILLIAMS & WILKINS,21263,0.05685548728310765,0.05249562997715634,0.061553915477110865
2021,H2,SPRINGER FRANCE,105,0.031575896207651874,0.002534950414913761,0.2949403879630136
2021,H2,SOC NEUROSCIENCE,356,0.08729859037543476,0.05530204658020902,0.13515902447264924
2021,H2,SPRINGER VIEWEG-SPRINGER FACHMEDIEN WIESBADEN GMBH,18,0.0,0.0,0.5729188588260441
2021,H2,SPRINGER SINGAPORE PTE LTD,208,0.03280532822600737,0.0110267034159145,0.093530460110877
2021,H2,STAATLICHES MUSEUM TIERKUNDE DRESDEN,25,0.0,0.0,0.4986956456242936
2021,H2,TARU PUBLICATIONS,77,0.0,0.0,0.32056929827857933
2021,H2,TAYLOR & FRANCIS AUSTRALIA,16,0.0,0.0,0.34536613195752347
2021,H2,TAYLOR & FRANCIS AS,63,0.10430423202890839,0.03196395042075778,0.291126927462558
2021,H1,OXFORD UNIV PRESS,18722,0.04814915687944962,0.04400557944711044,0.05266140253092396
2021,H2,SPRINGER JAPAN KK,254,0.03835506722880438,0.015874544551910303,0.08976719909712444
2021,H2,SPRINGER LONDON LTD,377,0.09417611368511591,0.059899116020916875,0.14504172604589488
2021,H2,Tubitak Scientific & Technological Research Council Turkey,10,0.0,0.0,0.7196824211992399
2021,H2,"UNIV ALICANTE, GRUPO INVESTIGACION EDUTIC-ADEI",10,0.0,0.0,0.9579480979228927
2021,H2,UBIQUITY PRESS LTD,24,0.0,0.0,0.1783288870964381
2021,H2,"UNIV AGRICULTURE, FAC VETERINARY SCIENCE",15,0.0768426675930327,0.0007126069692110097,0.906682816368667
2021,H2,"UNIV CATOLICA NORTE, Inst Invest Arqueologicas y Museo RP Gustavo Le Paige",15,0.0,0.0,0.7247002530785729
2021,H2,SPRINGER BASEL AG,701,0.025778370466456996,0.012499652969308302,0.052414688344186285
2021,H2,UNIV MURCIA,10,0.0,0.0,0.7183132017860101
2021,H2,UNIV ILLINOIS PRESS,11,0.0,0.0,1.0
2021,H2,"UNIV KRAGUJEVAC, FAC SCIENCE",22,0.0,0.0,0.6012260079410936
2021,H2,UNIV NEWCASTLE,13,0.0,0.0,0.2393203907527253
2021,H2,UNIV PENNSYLVANIA PRESS,42,0.0,0.0,0.8776389519951241
2021,H2,UNIV NIS,37,0.0,0.0,0.29509535938714226
2021,H2,UNIV PRESOV,11,0.0,0.0,0.6688025073086209
2021,H2,"UNIV PITTSBURGH, UNIV LIBRARY SYSTEM",12,0.19204355045023,0.02442860803979391,0.6928966383789729
2021,H2,SPRINGER-VERLAG ITALIA SRL,430,0.013919256334005618,0.004555060270007557,0.04172721316437035
2021,H2,UNIV WISCONSIN PRESS,32,0.0,0.0,1.0
2021,H2,UNIV ZAGREB FAC MECHANICAL ENGINEERING & NAVAL ARCHITECTURE,14,0.0,0.0,0.47241630576534666
2021,H2,"UNIV TOMASE BATI & ZLINE, FAK MANAGEMENTU EKONOMIKY",17,0.1649896944346139,0.019342804888140035,0.6643589574143972
2021,H2,UNIV SISTAN & BALUCHESTAN,45,0.014373694082151934,2.940209346973826e-08,0.9998617688227397
2021,H2,Uspekhi Fizicheskikh Nauk,35,0.0,0.0,0.39618076266794633
2021,H2,VASYL STEFANYK PRECARPATHIAN NATL UNIV,45,0.0,0.0,0.4251682947669777
2021,H2,THIEME MEDICAL PUBL INC,66,0.036356353002183116,0.005337066071964343,0.20965978407199737
2021,H2,VIETNAM NATL UNIV,40,0.0,0.0,0.2677116372783157
2021,H2,"VILNIUS UNIV, INST MATHEMATICS & INFORMATICS",67,0.0,0.0,0.30232248566881886
2021,H2,US DEPT HEALTH HUMAN SCIENCES PUBLIC HEALTH SCIENCE,64,0.05738054517000487,0.00917242961275939,0.2858600973092352
2021,H2,WAGENINGEN ACADEMIC PUBLISHERS,82,0.0,0.0,0.09680965875535819
2021,H2,TERMEDIA PUBLISHING HOUSE LTD,168,0.0469791641164445,0.01638980390335702,0.12727227738788488
2021,H2,SPRINGER WIEN,532,0.03939549240092517,0.0198786867734252,0.07657672441537837
2021,H2,VILNIUS GEDIMINAS TECH UNIV,91,0.03604678333209291,0.004553404455658632,0.2341303504641154
2021,H2,VEREIN FORDERUNG OPEN ACCESS PUBLIZIERENS QUANTENWISSENSCHAF,125,0.022054460705183715,0.004476193845630285,0.1016173079265204
2021,H2,SCIENCE PRESS,1278,0.0401606901707643,0.026983143779717,0.05938091345421259
2021,H2,UNIV CHICAGO PRESS,227,0.015139039197039444,0.0028627038771260145,0.07604588523642364
2021,H2,IOP Publishing Ltd,4940,0.009922440799524137,0.00647407928278806,0.015179479389297021
2021,H2,ROYAL SOC CHEMISTRY,2357,0.034458450221113934,0.020734501579208836,0.05673981360743985
2021,H2,ROYAL SOC,1333,0.02343268288912454,0.013858029366333513,0.03935853751024671
2021,H2,W B SAUNDERS CO LTD,595,0.06589298593003162,0.0421544899819238,0.101581668723568
2021,H1,NATURE PORTFOLIO,24082,0.04990979433668369,0.04564106025870993,0.05455495357526069
2021,H2,SPRINGER/PLENUM PUBLISHERS,1041,0.04761030083158422,0.030927667010056014,0.07261736184169341
2021,H2,TSINGHUA UNIV PRESS,696,0.012319432218376695,0.0032356012619776057,0.045735623052627745
2021,H2,WALTER DE GRUYTER GMBH,625,0.03517518884085575,0.017305992175720042,0.07017748679614597
2021,H2,SPRINGER INT PUBL AG,903,0.025328911827623268,0.01334591225510366,0.04755262965278097
2021,H2,W B SAUNDERS CO-ELSEVIER INC,1573,0.09446258462499507,0.07496754397421104,0.11837847060032661
2021,H2,"WILEY PERIODICALS, INC",70,0.04936950127588444,0.006235960690637393,0.3006051087418183
2021,H2,TAYLOR & FRANCIS INC,2329,0.04588113105408406,0.03374652771112998,0.062098681898505356
2021,H2,WORLD HEALTH ORGANIZATION,24,0.0,0.0,0.5613652727583516
2021,H2,Yandy Scientific Press,19,0.0,0.0,0.27439255583095207
2021,H2,"ZAGREB UNIV, FAC FORESTRY",15,0.018090571120948726,4.2933643822164835e-08,0.9998735318560069
2021,H2,YONSEI UNIV COLL MEDICINE,12,0.21369463096119715,0.032383038617723174,0.6881763111086001
2021,H2,WROCLAW MEDICAL UNIV,33,0.0,0.0,0.17793998353375104
2021,H2,ZHEJIANG UNIV PRESS,116,0.0,0.0,0.06976081026696158
2022,H1,ACAD MEDICINE SINGAPORE,81,0.0,0.0,0.11751964894011022
2022,H1,ACAD CONFERENCES & PUBL INT LTD,26,0.06783434056375355,0.008089503489445832,0.3936921889220549
2021,H2,SAGE PUBLICATIONS LTD,3109,0.032091487137403514,0.023585975350111976,0.04352749991418144
2022,H1,ACAD MANAGEMENT,86,0.06408532704739685,0.014737693150166563,0.23864580361292118
2021,H2,SOC EXPLORATION GEOPHYSICISTS - SEG,226,0.012669644297253431,0.001975405987074092,0.07680380701602246
2021,H2,OXFORD UNIV PRESS INC,6014,0.06916174853537302,0.06037132246149149,0.07912433209999054
2022,H1,"ADAM MICKIEWICZ UNIV, KALISZ",13,0.0,0.0,0.5801057422508068
2022,H1,ACTA DERMATO-VENEREOLOGICA,111,0.0,0.0,0.2919156850007339
2022,H1,AGH UNIV SCIENCE & TECHNOLOGY PRESS,39,0.0010290286625007946,1.9577743518263313e-47,1.0
2022,H1,ALEXANDER VON HUMBOLDT INST INTERNET & SOC,30,0.0,0.0,0.47660211910539985
2022,H1,AKADEMIAI KIADO ZRT,42,0.0,0.0,0.16150579276291502
2022,H1,AMER ACCOUNTING ASSOC,55,0.0,0.0,0.2877547727098019
2022,H1,AMER ACAD SLEEP MEDICINE,111,0.0824975737566294,0.03175538297066805,0.19776054978578253
2021,H2,WOLTERS KLUWER MEDKNOW PUBLICATIONS,430,0.07932489733695486,0.05145772135635444,0.12036857473203302
2022,H1,AME PUBLISHING COMPANY,146,0.09313529017324837,0.045728692145984885,0.1803972907794807
2021,H2,WORLD SCIENTIFIC PUBL CO PTE LTD,587,0.010040273720592,0.0032867301058600155,0.030249774299550832
2021,H2,SPRINGERNATURE,5330,0.07419972643472257,0.06381924203273888,0.08611333476241755
2022,H1,AMER ASSOC INTELLECTUAL and DEVELOPMENTAL DISABILITIES-AAIDD,22,0.38316590645627424,0.10381038448925561,0.7691152141166138
2022,H1,AMER ASSOC CRITICAL CARE NURSES,37,0.09573773609600206,0.025666428434501086,0.298501475083473
2022,H1,AMER ACAD PEDIATRICS,303,0.06783565541367649,0.03591356985140638,0.1244686982504677
2022,H1,AMER BOARD FAMILY MEDICINE,82,0.12667083016766825,0.042627927785035,0.320873831235786
2021,H2,eLIFE SCIENCES PUBL LTD,1082,0.06730023390701956,0.04644188755383359,0.0965778330514813
2022,H1,ADIS INT LTD,525,0.052644563546022045,0.030239558931159333,0.0901073701572655
2022,H1,AMER ASSOC NEUROLOGICAL SURGEONS,368,0.09150947780417294,0.055085295822409265,0.14824003148705453
2022,H1,ACOUSTICAL SOC AMER AMER INST PHYSICS,1128,0.04306003756210287,0.02746147609821485,0.06690926210169017
2021,H2,TAYLOR & FRANCIS LTD,3835,0.06146723241828448,0.04988757624092771,0.07552105618773043
2022,H1,AMER INST AERONAUTICS ASTRONAUTICS,64,0.0,0.0,0.21407477820401447
2022,H1,AMER ECONOMIC ASSOC,196,0.045621308563769114,0.016159652197599617,0.12212863689717227
2022,H1,AMER MATHEMATICAL SOC,216,0.14741989790425178,0.09453429998237418,0.22261745064985827
2022,H1,"AMER OCCUPATIONAL THERAPY ASSOC, INC",78,0.12204892612155634,0.03752658276220109,0.3313953518194099
2021,H2,WILEY-HINDAWI,2109,0.04118179456322703,0.029323317221730174,0.05755155885770746
2022,H1,AMER PUBLIC HEALTH ASSOC INC,168,0.0,0.0,0.10334455263697138
2022,H1,AMER SOC ENGINEERING EDUCATION,19,0.0,0.0,0.5601512630551497
2022,H1,AMER SOC CELL BIOLOGY,40,0.08371146600929136,0.0020666985390755998,0.8012019121041142
2022,H1,AMER SPINAL INJURY ASSOC,27,0.12719504952418384,0.02271682707272631,0.4774377746897863
2022,H1,"AMER PSYCHIATRIC PUBLISHING, INC",124,0.06914773171542221,0.02422833646382615,0.18182896279994556
2022,H1,ANNALS FAMILY MEDICINE,52,0.14982785947730165,0.04864239457461942,0.37789110551465127
2022,H1,AMER ROENTGEN RAY SOC,217,0.07637570918656755,0.013685561242444447,0.33011886613785385
2022,H1,AMER COLL PHYSICIANS,292,0.051265620286090136,0.025701207785995623,0.09965740704000568
2022,H1,ASSOC BRASILEIRA PSIQUIATRIA,34,0.0,0.0,0.285365037300722
2022,H1,ASSOC INFORMATION SYSTEMS,19,0.0,0.0,0.5528922971583072
2022,H1,ASSOCIACAO BRASILEIRA PESQUISA POS-GRADUACAO FISIOTERAPIA-ABRAPG-FT,26,0.0,0.0,0.1606667488861147
2022,H1,ATHABASCA UNIV PRESS,19,0.0,0.0,0.4923484063980385
2022,H1,ATOMIC SPECTROSCOPY PRESS LTD,37,0.0,0.0,0.24826507630955058
2022,H1,AUSTRALASIAN SOC COMPUTERS LEARNING TERTIARY EDUCATION-ASCILITE,25,0.0,0.0,0.504611322385677
2022,H1,AMER SOC NEURORADIOLOGY,147,0.09729885061340927,0.042922598851815395,0.20575220535009367
2022,H1,Accscience Publishing,37,0.0,0.0,0.19649327920641146
2022,H1,AUSTRALIAN PHYSIOTHERAPY ASSOC,13,0.0,0.0,0.7989399776219
2022,H1,BERGHAHN JOURNALS,12,0.15969284554026333,0.01675523341173522,0.679422033997436
2022,H1,BIEMDAS ACAD PUBLISHERS INC,52,0.0,0.0,0.09612752402327213
2022,H1,ASIAN-AUSTRALASIAN ASSOC ANIMAL PRODUCTION SOC,130,0.053941077020647876,0.019625819186215556,0.1397056574497057
2022,H1,BENTHAM SCIENCE PUBL LTD,68,0.0,0.0,0.10714785485238833
2022,H1,BASTAS PUBL LTD - UK,38,0.10735969074933105,0.028739266091462705,0.3283478017637542
2022,H1,AMER SOC PHARMACOLOGY EXPERIMENTAL THERAPEUTICS,98,0.02080392620840526,0.0030873979554585603,0.1272110904159242
2022,H1,BIOSCIENTIFICA LTD,48,0.15950459052020874,0.049151777987725555,0.41062164030316417
2022,H1,AMER THORACIC SOC,254,0.10792345648738125,0.05123887675967669,0.21322390316469975
2022,H1,ASSOC RESEARCH VISION OPHTHALMOLOGY INC,192,0.16937924190583853,0.10466878087304368,0.2623725700385985
2022,H1,AMER SPEECH-LANGUAGE-HEARING ASSOC,269,0.058663557644888294,0.0258113088729842,0.12784244124944574
2022,H1,AMER SOC HEMATOLOGY,330,0.045354916063052475,0.019340369503770886,0.10269694638825472
2022,H1,AMER DIABETES ASSOC,859,0.11758391643614108,0.08814412401060184,0.1551831051389683
2022,H1,AMER SOC CLINICAL INVESTIGATION INC,570,0.1703692320526871,0.12634363584385927,0.2257714764061884
2022,H1,BAISHIDENG PUBLISHING GROUP INC,292,0.08321849304319498,0.04518539836959127,0.1482925659866373
2022,H1,AMER SOC NEPHROLOGY,402,0.05527907752189702,0.031645173921731475,0.09483512757902814
2022,H1,AMER PHYSIOLOGICAL SOC,589,0.12579714599681155,0.08914883131410661,0.17462294017066124
2022,H1,AMER SOC MICROBIOLOGY,980,0.11485071302297815,0.0844306535662663,0.15438289958359125
2022,H1,AMER PHYTOPATHOLOGICAL SOC,507,0.027184076270275876,0.011990052324312049,0.060454139098885876
2022,H1,AMER METEOROLOGICAL SOC,446,0.016918423140426152,0.006504544449968216,0.04327878443989789
2022,H1,ASCE-AMER SOC CIVIL ENGINEERS,420,0.018898361490666545,0.0038580402511976526,0.08742641593918851
2022,H1,AMER PSYCHOLOGICAL ASSOC,526,0.028094716520883155,0.012544074803728631,0.06171827313420951
2022,H1,BRISTOL UNIV PRESS & POLICY PRESS,15,0.0,0.0,0.7420606115266649
2022,H1,BRILL,108,0.0,0.0,0.10804537734518103
2022,H1,BRITISH INST RADIOLOGY,31,0.0,0.0,0.2576063486387939
2022,H1,"CAIRO UNIV, FAC COMPUTERS & INFORMATION",25,0.0004025337665247901,0.0,0.12488884006731858
2022,H1,BRAZILIAN SOC UROL,57,0.10650123608819223,0.03780350464946494,0.26558099712812455
2022,H1,C EJ PUBLISHING GROUP,86,0.06832906546781697,0.024066330167304664,0.17906309225542846
2022,H1,CANADIAN OPHTHAL SOC,32,0.0,0.0,0.41885670880801096
2022,H1,BRITISH EDITORIAL SOC BONE & JOINT SURGERY,176,0.03650505724343063,0.011864137362901225,0.10679234439713163
2022,H1,ANNUAL REVIEWS,624,0.02760313666364397,0.010947925960854537,0.06785772331376863
2022,H1,AMER ASSOC ADVANCEMENT SCIENCE,2415,0.06533724608842043,0.049409126173991735,0.08593594841074227
2022,H1,CANADIAN SCIENCE PUBLISHING,72,0.016388423959041703,2.5461525010758323e-05,0.9159850209354077
2022,H1,"CAS, INST OPTICS & ELECTRONICS, ED OFF OPTO-ELECTRONIC JOURNALS",50,0.054032826790830275,0.010286017771710796,0.2389214590459965
2022,H1,ASSOC COMPUTING MACHINERY,1026,0.03487419977035823,0.022416559505501685,0.05387344658696485
2022,H1,CHINA ANTI-CANCER ASSOC,23,0.3185702426635817,0.07604160637706481,0.7264501584942672
2022,H1,CHIN SOCIETY IMMUNOLOGY,42,0.2294235922435919,0.09748719111851138,0.45074138156534804
2022,H1,CHINA ELECTRIC POWER RESEARCH INST,27,0.12103037714184241,0.025198934535102652,0.42311819382695465
2022,H1,CHINESE JOURNAL CANCER RESEARCH CO,37,0.0,0.0,0.40945742145788666
2022,H1,"CHINA UNIV GEOSCIENCES, BEIJING",45,0.011453775637878335,4.1960717481434573e-05,0.7618597608989415
2022,H1,CHINESE JOURNAL NATURAL MEDICINES,44,0.007574818980021917,2.7831349271813074e-11,0.9999995222671701
2022,H1,CODON PUBLICATIONS,37,0.0,0.0,0.1876411856557178
2022,H1,CLEVELAND CLINIC,33,0.01444308726491075,5.948309994023442e-10,0.9999972302808274
2022,H1,COLEGIO OFICIAL PSICOLOGOS MADRID,10,0.0,0.0,0.6449109986396986
2022,H1,COLEGIO OFICIAL DE PSICOLOGOS DE ASTURIAS,37,0.0,0.0,0.28409288491692797
2022,H1,CONSEJO SUPERIOR INVESTIGACIONES CIENTIFICAS-CSIC,10,0.0,0.0,0.7243721089301107
2022,H1,COGITATIO PRESS,132,0.0,0.0,0.1298473659481843
2022,H1,CHINESE CHEMICAL SOC,140,0.0,0.0,0.16604787126506948
2022,H1,"CHINA UNIV GEOSCIENCES, WUHAN",63,0.026400445743222686,0.0036752035921398408,0.1662038911098473
2022,H1,CZECH ACADEMY AGRICULTURAL SCIENCES,25,0.0,0.0,0.7954556677658841
2022,H1,CZECH BOTANICAL SOC,13,0.017820239840507388,4.1949923871510807e-10,0.9999987256594735
2022,H1,COLL FAMILY PHYSICIANS CANADA,75,0.04833627057360735,0.007422366057207806,0.2564977878333086
2022,H1,CRACOW UNIV ECONOMICS,30,0.09966663010749721,0.018266448711192942,0.39708774152189447
2022,H1,DE GRUYTER MOUTON,33,0.0,0.0,0.4086439243188437
2022,H1,CROATIAN SOC MEDICAL BIOCHEMISTRY & LABORATORY MEDICINE,27,0.12271349047647588,0.030884193918618554,0.38040652542480363
2022,H1,Cherkas Global Univ Press,90,0.0,0.0,0.09139458793644566
2022,H1,DEUTSCHER AERZTE-VERLAG GMBH,42,0.0,0.0,0.33101226564361663
2022,H1,CMA-CANADIAN MEDICAL ASSOC,167,0.09476863245898388,0.0435862821172655,0.1938701737419998
2022,H1,CSIRO PUBLISHING,106,0.06347466683501254,0.020835786577591966,0.17754874292532544
2022,H1,CHINESE LASER PRESS,172,0.07731607887289152,0.03692298438612898,0.15479592980014154
2022,H1,ECOLE POLYTECHNIQUE,15,0.0,0.0,0.6967532705274369
2022,H1,CURRENT MEDICINE GROUP,108,0.28153143713796397,0.15466589919801768,0.45628911015415874
2022,H1,EDICIONES DOYMA S A,19,0.0,0.0,0.37011552613958576
2022,H1,EDITURA ASE,34,0.0,0.0,0.14773983300655516
2022,H1,COLL AMER PATHOLOGISTS,113,0.04337646168720773,0.011705688409301225,0.14791098308866601
2022,H1,"E H ANGLE EDUCATION RESEARCH FOUNDATION, INC",27,0.021465312465861475,7.745686083406473e-06,0.9841581401836693
2022,H1,"COLD SPRING HARBOR LAB PRESS, PUBLICATIONS DEPT",171,0.06315296947368293,0.01952637563122894,0.18578253075695678
2022,H1,EDICIONES PROFESIONALES INFORMACION SL-EPI,35,0.05065252135000012,0.007575416229174684,0.2716377737265066
2022,H1,DUKE UNIV PRESS,336,0.0,0.0,0.13252924105490135
2022,H1,COMPANY BIOLOGISTS LTD,316,0.14592655833024012,0.09280294539589853,0.2220177929207079
2022,H1,Chinese Center for Disease Control and Prevention,116,0.04198296418775962,0.010790278919481875,0.14970170478647374
2022,H1,CENTERS DISEASE CONTROL & PREVENTION,295,0.03983684002296336,0.015255896791058605,0.10000162514335784
2022,H1,CHURCHILL LIVINGSTONE INC MEDICAL PUBLISHERS,427,0.09749585943555066,0.06491737020780418,0.14390757739841667
2022,H1,CURRENT BIOLOGY LTD,271,0.1017319754597369,0.05023882028889443,0.19515884240618314
2022,H1,EDIZIONI MINERVA MEDICA,232,0.03421820494551641,0.012238339710189656,0.09199694151248142
2022,H1,EDUCATIONAL PUBLISHING FOUNDATION-AMERICAN PSYCHOLOGICAL ASSOC,183,0.09903312236591365,0.04370316350237325,0.20909645107698424
2022,H1,CHURCHILL LIVINGSTONE,626,0.08229393574405446,0.0548904315230038,0.12161788896107309
2021,H2,"ROUTLEDGE JOURNALS, TAYLOR & FRANCIS LTD",7199,0.029522846045712273,0.022615529799601,0.038456811637384944
2022,H1,DE GRUYTER POLAND SP Z O O,456,0.020589151974456796,0.006231524042877319,0.06583567852619336
2022,H1,DOVE MEDICAL PRESS LTD,615,0.08796807605310505,0.059235040877307334,0.12873143028499232
2022,H1,AMER MEDICAL ASSOC,3194,0.04942770633750921,0.03931720710434962,0.06197042775902515
2022,H1,AIP Publishing,2669,0.016444312200153,0.010838039337089845,0.024877647726647304
2021,H2,SAGE PUBLICATIONS INC,4582,0.04247980420434032,0.03391023838174795,0.05309598963416024
2022,H1,AMER GEOPHYSICAL UNION,2759,0.02789490470055039,0.019702572264442622,0.03935685155058724
2022,H1,ACADEMIC PRESS LTD- ELSEVIER SCIENCE LTD,3988,0.05025579895212207,0.0410635523298388,0.061374069304331175
2021,H2,SPRINGER HEIDELBERG,4144,0.02403301140736078,0.01797389294115615,0.03206799891821665
2022,H1,AMER INST MATHEMATICAL SCIENCES-AIMS,1622,0.004590318868394161,0.001245361569742966,0.016768762232342298
2022,H1,COPERNICUS GESELLSCHAFT MBH,1614,0.026221821636294138,0.017666073815340768,0.03875766751352838
2022,H1,ELSEVIER - DIVISION REED ELSEVIER INDIA PVT LTD,46,0.0,0.0,0.19688733048802412
2022,H1,ELSEVIER ESPANA SLU,70,0.038720655669970606,0.008096388687647239,0.16581591334729062
2022,H1,ELSEVIER ESPANA,129,0.06504247098051735,0.022688532143215548,0.17250519169812908
2021,H2,FRONTIERS MEDIA SA,12995,0.07259841165659928,0.06615919635242226,0.07961092121020841
2022,H1,ELSEVIER INC,397,0.14138384395989784,0.09825903445379319,0.19925344713185292
2022,H1,ELSEVIER ADVANCED TECHNOLOGY,613,0.07659235201895367,0.04792896384673612,0.12023279904451882
2022,H1,"ELSEVIER MASSON, CORP OFF",141,0.030413296430399552,0.008077004930049363,0.10780548258813112
2021,H2,ELSEVIER SCIENCE SA,10319,0.033921758753509466,0.02881647626688485,0.039894366355394305
2022,H1,EDP SCIENCES S A,1155,0.00349531588480833,0.0009215278893334202,0.013162875370225438
2022,H1,ELSEVIER GMBH,908,0.09767236712760502,0.0714587981060183,0.1321335975148753
2021,H1,SPRINGER,23558,0.040538581456191186,0.03685872076209343,0.04456882748299422
2022,H1,ELSEVIER FRANCE-EDITIONS SCIENTIFIQUES MEDICALES ELSEVIER,1993,0.07940203532897724,0.06250296008114446,0.10038093137789607
2021,H2,ELSEVIER SCIENCE INC,14484,0.05666612801982485,0.051263614286508406,0.06260042829154881
2022,H1,ACADEMIC PRESS INC ELSEVIER SCIENCE,7212,0.050904998031899705,0.043893146584683775,0.05896789610502995
2022,H1,ELSEVIER SCIENCE LONDON,278,0.08123889230463502,0.04062495886590615,0.15585941549118215
2021,H2,IEEE-INST ELECTRICAL ELECTRONICS ENGINEERS INC,16165,0.037217100257962786,0.03257508079011326,0.04249156301030206
2022,H1,EQUINOX PUBLISHING LTD,12,0.0,0.0,0.7873611750496983
2022,H1,"ESMON PUBLICIDAD S A, DEPT ALLERGY & CLIN IMMUNOL, CLIN UNIV NAVARRA",30,0.0,0.0,0.2567990931738117
2022,H1,ELSEVIER IRELAND LTD,3340,0.07902583389736074,0.06610085016058298,0.09422311280051777
2022,H1,EMW PUBLISHING,23,0.026192973247583688,2.2777055635389622e-05,0.9694774103503956
2022,H1,EUROPEAN ASSOC GEOCHEMISTRY,23,0.0,0.0,0.3720967990188948
2022,H1,"ETHNICITY & DISEASE, INC",22,0.10048528777120738,0.01420812073063149,0.46404800422372655
2022,H1,FEDERAL RESERVE BANK ST LOUIS,15,0.0,0.0,0.5577450764993456
2022,H1,EUR CENTRE DIS PREVENTION & CONTROL,121,0.0,0.0,0.11795089050789351
2022,H1,FINNISH SOC SCIENCE & TECHNOLOGY STUDIES,12,0.0,0.0,0.7464518297909823
2022,H1,"FORUM MULTIMEDIA PUBLISHING, LLC",18,0.0,0.0,0.6364757093630666
2022,H1,FRANZ STEINER VERLAG GMBH,22,0.0,0.0,0.6021617323968002
2022,H1,FOUNDATION REHABILITATION INFORMATION,42,0.0,0.0,0.30603958642055407
2022,H1,EUROPA EDITION,55,0.023466243576496734,0.0017259719602133589,0.2503671189303849
2022,H1,ELSEVIER SINGAPORE PTE LTD,145,0.0726733082658747,0.03139395241519324,0.1593033282131609
2022,H1,EUROPEAN MATHEMATICAL SOC-EMS,189,0.002956826683570222,1.3003083683139491e-05,0.4034660351358752
2022,H1,FERRATA STORTI FOUNDATION,192,0.09061130292313205,0.03989171717424581,0.19286352687950034
2022,H1,EXCERPTA MEDICA INC-ELSEVIER SCIENCE INC,162,0.08759413344183481,0.042048238647777285,0.17353735168658246
2022,H1,ELSEVIER TAIWAN,245,0.06583377490535923,0.02909997928599054,0.14214874097108307
2022,H1,EUROPEAN RESPIRATORY SOC JOURNALS LTD,388,0.07540830057226379,0.042535360421547104,0.13023113107111453
2022,H1,FUTURE MEDICINE LTD,57,0.12714945711627457,0.024057362329508437,0.46261005431907354
2022,H1,GEOMETRY & TOPOLOGY PUBLICATIONS,16,0.09688488880297999,0.013110682098013669,0.4641808757746912
2022,H1,GUILFORD PUBLICATIONS INC,15,0.3185553396154775,0.05130664879748978,0.8016163904616165
2022,H1,HARVARD GRADUATE SCHOOL EDUCATION,11,0.0,0.0,0.585867401364105
2022,H1,HANLEY & BELFUS-ELSEVIER INC,17,0.26193853913775184,0.08163629045926266,0.5862501941570546
2022,H1,GLOBAL SCIENCE PRESS,62,0.0,0.0,0.2967642634695358
2022,H1,ENDOCRINE SOC,357,0.0667560229772102,0.03739480490185324,0.11638346501867257
2022,H1,HONG KONG ACAD MEDICINE PRESS,29,0.061666635135131244,0.008829791584487389,0.3265194368083071
2022,H1,HUMANA PRESS INC,60,0.07081053911311976,0.015655472814188165,0.26747836053767826
2022,H1,HARBORSIDE PRESS,155,0.1361716185271664,0.050086327756573915,0.3203218265585089
2022,H1,AMER PHYSICAL SOC,5051,0.011360262366897217,0.007484780489079169,0.0172076074877464
2022,H1,HUMAN KINETICS PUBL INC,104,0.08938025756318621,0.03380877977551892,0.21588498614015464
2022,H1,GEOSCIENCEWORLD,198,0.027066851182113917,0.00898334350516071,0.07866307071880514
2022,H1,HIGHER EDUCATION PRESS,193,0.043519794416987924,0.01571180667409817,0.11480406286132652
2022,H1,"GEOLOGICAL SOC AMER, INC",223,0.012294714153280636,0.001932836826194275,0.07408302984432757
2022,H1,CAMBRIDGE UNIV PRESS,7595,0.0411282021223885,0.03426558449009547,0.049295089643507026
2022,H1,AMER ASSOC CANCER RESEARCH,7706,0.10227745908459342,0.09352337829094792,0.11174993289939888
2021,H2,AMER CHEMICAL SOC,21135,0.031359793514520694,0.027619167061360285,0.03558849326256069
2021,H2,PUBLIC LIBRARY SCIENCE,9796,0.05055690544824148,0.04452816411109477,0.057352892513201637
2022,H1,INDIANA UNIV MATH JOURNAL,27,0.0,0.0,0.3673594189287136
2022,H1,INDERSCIENCE ENTERPRISES LTD,24,0.0,0.0,0.43876586420736763
2022,H1,INST BADAN GOSPODARCZYCH,16,0.0,0.0,0.6040440752454037
2022,H1,HINDAWI LTD,1227,0.016960509621956926,0.0075365278975213085,0.03772074066250283
2022,H1,INST ECONOMIC RESEARCH-POLAND,20,0.03263441681347255,0.00019565604810170656,0.8532771006270549
2022,H1,IGI GLOBAL,137,0.07440993422466406,0.020133571097537165,0.23927537792261033
2022,H1,"INT PRESS BOSTON, INC",54,0.0,0.0,0.16580208525950102
2022,H1,INT COUNCIL RESEARCH & INNOVATION BUILDING & CONSTRUCTION,27,0.12387141051460589,0.026770871831170467,0.42086278140873146
2022,H1,INT SCIENTIFIC RESEARCH PUBLICATIONS,43,0.0,0.0,0.18461154795348986
2022,H1,INST MATHEMATICS & INFORMATICS,29,0.08702134098952363,0.010397384774376957,0.46372159339504176
2022,H1,INT PRESS EDITING CENTRE INC,27,0.16984872792402209,0.048059539432600606,0.45330208743762535
2022,H1,INT RHINOLOGIC SOC,26,0.04569074666081187,0.0017588714982147834,0.5654076417643394
2021,H1,MDPI,36183,0.05855732468716922,0.05494317218900245,0.06239351981716494
2022,H1,INT SOC BAYESIAN ANALYSIS,39,0.0,0.0,0.31105426725868063
2022,H1,INT UNION AGAINST TUBERCULOSIS LUNG DISEASE (I U A T L D),48,0.0,0.0,0.20960767881704867
2022,H1,GEORG THIEME VERLAG KG,1210,0.049238138304122006,0.027359536035089123,0.08704662668175828
2022,H1,"INST MATERIA MEDICA, CHINESE ACAD MEDICAL SCIENCES",140,0.14996487901541555,0.0770701204703642,0.27152175788814586
2022,H1,INT SOC GLOBAL HEALTH,102,0.06659261177273691,0.01991728598026136,0.20029570149005674
2022,H1,INST MATHEMATICAL STATISTICS-IMS,144,0.027454374637164634,0.008638231837030181,0.08379234924484458
2022,H1,BMC,12017,0.06538746035990714,0.059164323495749176,0.0722149287117522
2022,H1,INT SOC AGING & DISEASE,160,0.10433995698367754,0.05226464429678752,0.19748975664453244
2022,H1,INT UNION CRYSTALLOGRAPHY,174,0.07052366028554218,0.029591997684879464,0.15880672460264267
2021,H1,PERGAMON-ELSEVIER SCIENCE LTD,30215,0.038319995282435536,0.035047516737677475,0.041884770583701776
2022,H1,EMERALD GROUP PUBLISHING LTD,2649,0.05391932002088991,0.04173467104172461,0.06940369164765689
2022,H1,INTER-RESEARCH,144,0.02334763416244255,0.0058961963510571576,0.08788507108446861
2022,H1,IOS PRESS,19,0.0,0.0,0.4674175249691883
2022,H1,IRCA-BSSA,31,0.10396535244419093,0.013542098548828953,0.4951188128133519
2022,H1,J A S S S,28,0.0,0.0,0.4537467744277877
2022,H1,J O S P T,17,0.0,0.0,0.6622077157650393
2022,H1,JAPAN ACAD,14,0.2717563505617817,0.05212442159657209,0.7168987688018741
2022,H1,JAPAN EPIDEMIOLOGICAL ASSOC,26,0.0,0.0,0.5457268232039206
2022,H1,Inst Navigation - ION,50,0.0,0.0,0.27641506829888685
2022,H1,JAPAN NEUROSURGICAL SOC,28,0.0,0.0,0.4961432911537886
2022,H1,JAPANESE SOC ALLERGOLOGY,25,0.0,0.0,0.20601646973501422
2022,H1,JAPANESE SOC HYGIENE,49,0.0,0.0,0.227838189607803
2022,H1,JAPAN PROSTHODONTIC SOC,56,0.052061740717690486,0.005656278039747861,0.3465132463297494
2022,H1,JOHN BENJAMINS PUBLISHING CO,89,0.0,0.0,0.05943274296183261
2022,H1,JOHNS HOPKINS UNIV PRESS,46,0.0,0.0,0.19600010366183207
2022,H1,JOHN WILEY & SONS INC,74,0.13319169868832423,0.053750822099592255,0.2936110963001372
2022,H1,JOURNAL STATISTICAL SOFTWARE,55,0.11833900044114802,0.045171769939722634,0.2757884725326838
2022,H1,KHAYYAM PUBL CO INC,10,0.0,0.0,0.7179073316386682
2022,H1,KOREA HEALTH PERSONNEL LICENSING EXAMINATION INST,11,0.0,0.0,1.0
2022,H1,KOREAN ACAD REHABILITATION MEDICINE,16,0.016264857230322324,4.77763907046281e-09,0.9999825232122769
2022,H1,JOURNAL OF CENTRAL SOUTH UNIV,149,0.027250757299521536,0.005130482914764831,0.13208154769673008
2022,H1,KOREAN ACAD PROSTHODONTICS,39,0.12768252408260633,0.016540583988755346,0.5602178681791642
2022,H1,KOREAN ASSOC STUDY LIVER,33,0.09298449889369055,0.013502338415187401,0.43434249190683394
2022,H1,KOREAN ASSOC ORTHODONTISTS,30,0.036839010737784325,0.0011951998356014451,0.5500615876501884
2022,H1,KOREAN BIOCHIP SOCIETY-KBCS,20,0.266751561615083,0.06095191102993446,0.6709418114122381
2022,H1,KERMAN UNIV MEDICAL SCIENCES,93,0.12369477021274837,0.04184185707552663,0.31331226825181396
2022,H1,KOREAN FIBER SOC,128,0.0,0.0,0.10219820629331859
2022,H1,KOREAN SOC ANESTHESIOLOGISTS,29,0.0,0.0,0.271536702807413
2022,H1,INFORMS,502,0.014287681842503572,0.0038984303290820724,0.05094798773827236
2022,H1,KOREAN DIABETES ASSOC,67,0.09062822002940162,0.016021746860373966,0.3788764358989586
2022,H1,KOREAN SOC GINSENG,36,0.4414947214709515,0.17534649214207548,0.7461159451682394
2022,H1,KOREAN SOC COLOPROCTOLOGY,40,0.0,0.0,0.28134548549915284
2022,H1,KOREAN SOC HORTICULTURAL SCIENCE,35,0.0,0.0,0.40930595735207936
2022,H1,KOREAN SOC GYNECOLOGY ONCOLOGY & COLPOSCOPY,58,0.0,0.0,0.20116094034977847
2022,H1,KOREAN SOC LABORATORY MEDICINE,33,0.0,0.0,0.2653444534513496
2022,H1,KOREAN SOC PHYCOLOGY,13,0.5336093953739732,0.20164085333904155,0.8382618180454997
2022,H1,KOREAN SOC PRECISION ENG,33,0.0,0.0,0.3250355156172455
2022,H1,KOREAN SOC OTORHINOLARYNGOL,24,0.1414461463719981,0.029296265956269853,0.4734999877780445
2022,H1,KOREAN SOC PEDIATRIC ENDOCRINOLOGY,43,0.1450095306432363,0.048007369231120235,0.36322846038269513
2022,H1,KOREAN SOC NEPHROLOGY,47,0.08384068692658087,0.017628314634280245,0.3181947643876271
2022,H1,KOREAN SOC STUDY OBESITY,20,0.3453810740193954,0.09512665605717907,0.7258714843969413
2022,H1,KOREAN INST METALS MATERIALS,111,0.0773151613069486,0.030031445638708232,0.1848576532934286
2022,H1,KOREAN SOC SEXUAL MEDICINE & ANDROLOGY,47,0.1496845165630186,0.051378289371826535,0.3639268330259571
2022,H1,LABORATORY KNOWLEDGE MANAGEMENT & E-LEARNING UNIV,10,0.0,0.0,0.7706031722405335
2022,H1,LAWBOOK CO LTD,10,0.0,0.0,0.577351989271573
2022,H1,Korean Pediatric Soc,39,0.0,0.0,0.33937468325921916
2022,H1,KOREAN SOCIETY ANIMAL SCIENCE & TECHNOLOGY,40,0.03476753692991506,0.004959622672982185,0.20653884616712803
2022,H1,KOREAN STROKE SOC,28,0.11648400990831449,0.02196491308048295,0.43629522359072986
2022,H1,KOREAN SPINAL NEUROSURGERY SOC,53,0.046924523807154506,0.004771615855152851,0.3358105891705614
2022,H1,KOREAN SOCIETY OF RADIOLOGY,101,0.034898711643175546,0.008992190792643092,0.12595574585279232
2022,H1,JOURNAL MATER SCI TECHNOL,357,0.028465550025754897,0.012305905984379728,0.0644605101090991
2022,H1,KOREAN NUCLEAR SOC,177,0.03142212756117084,0.010383332902984975,0.09116294315168696
2022,H1,LIFE SCIENCE ALLIANCE LLC,125,0.07136653570537693,0.024645438467362175,0.18945415190823106
2022,H1,KOREAN ACAD MEDICAL SCIENCES,297,0.048599757491056904,0.01933250561406491,0.11689303483565512
2021,H2,LIPPINCOTT WILLIAMS & WILKINS,20912,0.07235578297238782,0.06736964442817811,0.0776802165862041
2022,H1,KARGER,509,0.07096946079721116,0.04558003321899103,0.10888804032113385
2022,H1,IVYSPRING INT PUBL,996,0.13076932460463583,0.09937356747546074,0.17020954654613413
2022,H1,JOHN WILEY & SONS LTD,770,0.10500800361363083,0.0781595636786623,0.13968163847992696
2021,H2,WILEY-V C H VERLAG GMBH,8125,0.0355787105024993,0.02884773197970133,0.043809366120822084
2022,H1,"JMIR PUBLICATIONS, INC",783,0.07569534693481748,0.050965693460171865,0.1110206432714769
2022,H1,CELL PRESS,7001,0.07326012806389386,0.06287230190035885,0.08520818836240013
2021,H1,ELSEVIER SCI LTD,36405,0.03790397153589196,0.03492160221118067,0.04113018578559936
2022,H1,MAGNOLIA PRESS,36,0.0,0.0,0.2835152361244968
2022,H1,MARTINUS NIJHOFF PUBL,16,0.1766501929376409,0.010217248732148175,0.8168258784898399
2022,H1,MANAGED CARE & HEALTHCARE COMMUNICATIONS LLC,43,0.04992746839101501,0.00708131312337414,0.27913736173804243
2022,H1,"MASARYKOVA UNIV, FAC SOCIAL STUDIES",29,0.0,0.0,0.44058613906263444
2022,H1,MATHEMATICAL RESEARCH PRESS-MATH RES,43,0.0,0.0,0.43690678051104387
2022,H1,MATHEMATICAL SCIENCE PUBL,24,0.056961104625748,0.007894483984433036,0.3143602864247164
2022,H1,MASSON EDITEUR,54,0.058728500647862496,0.012661725738323661,0.23286856164889486
2022,H1,MASSACHUSETTS MEDICAL SOC,417,0.0410618101475139,0.016341492587243454,0.09939858620137476
2022,H1,KEAI PUBLISHING LTD,2036,0.032731202223695945,0.02220469747551174,0.048002983529633746
2022,H1,"MARY ANN LIEBERT, INC",845,0.09789525902991013,0.07142841680973719,0.13276684284161763
2022,H1,MEDICAL LIBRARY ASSOC,30,0.27209659077858295,0.09536165984257126,0.5699963214478835
2022,H1,MICH LAW REV ASSOC,43,0.0,0.0,0.17981751738521706
2022,H1,IEEE COMPUTER SOC,2123,0.03814719962977768,0.028439575938208894,0.050994520904680804
2022,H1,MEDYCYNA PRAKTYCZNA SP K SP ZOO,63,0.034417820675865414,0.004963759531477916,0.20299206480141704
2022,H1,MICROBIOLOGY SOC,105,0.04498512070855336,0.012289617742500059,0.1513366735253054
2022,H1,MYCOSPHERE PRESS,12,0.0,0.0,0.4641412820797621
2022,H1,Medical Journal Sweden AB,61,0.033279732806551075,0.005078858754039224,0.1884146745484738
2022,H1,NATL MINING UNIV,19,0.0,0.0,0.46074506922982433
2022,H1,NATL CENTRE MARINE RESEARCH,23,0.09020239134951086,0.008132311783725877,0.5452290330167943
2022,H1,NATL MED ASSOC,48,0.09700425970781221,0.01731612699255906,0.39573293654161645
2022,H1,NATL ATHLETIC TRAINERS ASSOC INC,59,0.11267791985085461,0.04302063653927273,0.2640065735303241
2022,H1,MIT PRESS,454,0.03375205130016651,0.01682053416569144,0.06657277420604019
2022,H1,"ND Zelinsky Inst Organic Chemistry, RAS - ZIOC RAS",11,0.13024142958051513,0.0013214214422895077,0.9442794640846681
2022,H1,NOW PUBLISHERS INC,10,0.0,0.0,0.6508439801923727
2022,H1,OCEANOGRAPHY SOC,21,0.0,0.0,0.44055755164058086
2022,H1,ONLINE LEARNING CONSORTIUM,36,0.0,0.0,0.29135163440081
2022,H1,NEW YORK BUSINESS GLOBAL LLC,57,0.0,0.0,0.13972823619660663
2022,H1,NIHR JOURNALS LIBRARY,32,0.05041268462791391,0.007775746821648539,0.26451548543210185
2022,H1,NATURE PUBL GROUP,96,0.18605009659993052,0.08755692134743058,0.35253174273634796
2022,H1,NONFERROUS METALS SOC CHINA,105,0.039738515344398706,0.00882207199195459,0.1613615478866441
2021,H2,SPRINGER,17258,0.04218540200751636,0.03785882256285607,0.04698228685035501
2022,H1,NORTHEAST FORESTRY UNIV,72,0.027751004061683918,0.003974341367984412,0.16955760283431692
2022,H1,OAE PUBLISHING INC,116,0.06682342606902646,0.02427739795799504,0.1708735422847067
2022,H1,PACIFIC AFFAIRS UNIV BRITISH COLUMBIA,10,0.0,0.0,0.8166175117881894
2022,H1,PAGEPRESS PUBL,12,0.0,0.0,0.6365177407854735
2022,H1,PACINI EDITORE,25,0.13147514364846993,0.02728381572515889,0.44963188647837476
2022,H1,PALGRAVE MACMILLAN LTD,123,0.0,0.0,0.18297069173105332
2022,H1,PEKING UNIV PRESS,69,0.0,0.0,0.18010636807491814
2022,H1,Optica Publishing Group,162,0.02124345484181569,0.004135571456168795,0.1018823300922639
2022,H1,PEERJ INC,210,0.05188728855928701,0.020402328248320598,0.12572410000876208
2022,H1,NATL ACAD SCIENCES,1749,0.042608358207671435,0.02820748863880646,0.06387808329842169
2022,H1,BMJ PUBLISHING GROUP,9128,0.04202290305035649,0.03669838425327332,0.048081389814129884
2022,H1,MOSBY-ELSEVIER,2243,0.08001997651279392,0.06499673887310181,0.09815114323916699
2022,H1,IOP Publishing Ltd,4848,0.014522492480649164,0.010283506602625368,0.020472694749688238
2022,H1,PHARMACEUTICAL SOC KOREA,26,0.5929389022557301,0.23172678773253952,0.8755384807231038
2022,H1,POLISH ACAD SCIENCES INST MATHEMATICS-IMPAN,11,0.0,0.0,0.5237904174004661
2022,H1,POLICY PRESS,30,0.0,0.0,0.5341125063959721
2022,H1,POLISH CARDIAC SOC,65,0.00505643955437923,6.789414752840063e-11,0.9999973713155917
2022,H1,PROJECT HOPE,110,0.0,0.0,0.20195702169098223
2022,H1,PHYSICIANS POSTGRADUATE PRESS,76,0.09156659196803318,0.03509803961777563,0.2183293181529179
2022,H1,PORTLAND PRESS LTD,120,0.11185541902581793,0.04649547120881273,0.24544309640175835
2022,H1,ELSEVIER SCIENCE SA,9894,0.03636602291501517,0.031032205198249143,0.042576334537897685
2022,H1,"Princeton Univ, Dept Mathematics",22,0.0,0.0,0.47745584298030885
2022,H1,R FOUNDATION STATISTICAL COMPUTING,11,0.11786468257738789,0.01600370638856692,0.5232794748921016
2022,H1,RADCLIFFE CARDIOLOGY,21,0.5148650793148136,0.19818800698677558,0.8200392949042485
2022,H1,REGIONAL EURO-ASIAN BIOLOGICAL INVASIONS CENTRE-REABIC,10,0.0,0.0,0.770131666838508
2021,H2,OXFORD UNIV PRESS,27049,0.04797727308450345,0.0443674775243713,0.05186482651103032
2022,H1,ROCKEFELLER UNIV PRESS,253,0.10827841963796073,0.0579278223194628,0.19340861591401037
2022,H1,RADIOLOGICAL SOC NORTH AMERICA (RSNA),297,0.044491007977490914,0.02027175463200348,0.09484455231401266
2022,H1,ROY COLL PHYS LONDON EDITORIAL OFFICE,67,0.0,0.0,0.23667351446876195
2022,H1,ROYAL COLL GENERAL PRACTITIONERS,104,0.0,0.0,0.17576334628538362
2021,H1,WILEY,39295,0.05599626587057719,0.05270874447272097,0.05947596081240148
2022,H1,RUSSELL SAGE FOUNDATION,34,0.0,0.0,0.42851494567938203
2022,H1,FRONTIERS MEDIA SA,15904,0.06627785664554199,0.06064449110068334,0.07239418562011665
2022,H1,Resilience Alliance,158,0.03229745104742686,0.006969249326230416,0.13697812761043723
2022,H1,SCANDINAVIAN JOURNAL WORK ENVIRONMENT & HEALTH,39,0.07480043944208717,0.011348989360753587,0.36281691539545274
2022,H1,ROYAL SOC,1343,0.025084659226218352,0.014484345755357031,0.043103469245776446
2021,H2,NATURE PORTFOLIO,18999,0.05548731965510644,0.050501774284319435,0.06093345411185856
2022,H1,SCUOLA NORMALE SUPERIORE,19,0.0,0.0,0.48220422029116666
2022,H1,SEPM-SOC SEDIMENTARY GEOLOGY,29,0.0,0.0,0.4141945755745018
2022,H1,SCIENDO,39,0.07915206755611728,0.01131268495964348,0.3923619714529584
2022,H1,SHANGHAI UNIV,57,0.0,0.0,0.2959723004395674
2022,H1,SHANGHAI UNIV SPORT,16,0.03543293462873219,1.0836217772817784e-06,0.9991976198096859
2022,H1,SHENYANG PHARMACEUTICAL UNIV,26,0.09121560565415011,0.012845134475081848,0.4363713712539957
2022,H1,SHANGHAI JIAO TONG UNIV PRESS,93,0.009230408865120603,1.6343911049057108e-06,0.9815176047557684
2022,H1,SOC CULTURAL ANTHROPOLOGY,14,0.0,0.0,0.6653219610455445
2022,H1,SOC BIOLGIA CHILE,22,0.09498437838485907,0.013692426181482219,0.4424180768853766
2022,H1,SOC BRASILEIRA ICTIOLOGIA,59,0.0,0.0,0.2816766249867284
2022,H1,SOC BRASIL PEDIATRIA,34,0.055000673474848015,0.007863067223549139,0.2994342846489039
2022,H1,SOC INFORM MANAGE-MIS RES CENT,12,0.00865790942719554,4.495969234771688e-21,0.9999999999999999
2022,H1,SOC LEARNING ANALYTICS RESEARCH-SOLAR,16,0.3213697169088823,0.0879100673223311,0.6994028207986892
2022,H1,"SOC ECONOMIC GEOLOGISTS, INC",36,0.04190501921695004,0.006049169115723552,0.2391553599231905
2022,H1,SOC MATHEMATIQUE FRANCE,11,0.0,0.0,0.8781609633017695
2022,H1,SOC VAUDOISE SCIENCES NATURELLES,31,0.0,0.0,0.4677214423341759
2022,H1,SOC SOCIOLOGICAL SCIENCE,18,0.10037401076863153,0.01343427359667046,0.47758233735315064
2022,H1,SOC PETROLEUM ENG,166,0.0,0.0,0.10095267114203127
2022,H1,SCIPOST FOUNDATION,211,0.012896616459292212,0.0023451169927219185,0.06770132571282803
2022,H1,SPIE-SOC PHOTO-OPTICAL INSTRUMENTATION ENGINEERS,49,0.12513642221485113,0.03715238499104713,0.3465000043915995
2022,H1,SOC EXPLORATION GEOPHYSICISTS - SEG,194,0.02603667943074421,0.005192850034889485,0.12041898270561464
2022,H1,SOC NUCLEAR MEDICINE INC,144,0.023260645452595152,0.004426306776273009,0.11313005298050165
2022,H1,SPANDIDOS PUBL LTD,177,0.10029183322723348,0.05436488839158217,0.1777254934219328
2022,H1,SOC NEUROSCIENCE,334,0.10104034129506033,0.06490720939512386,0.1539761872144836
2022,H1,SIAM PUBLICATIONS,353,0.003439516503908802,0.00020383213159687672,0.05520325438528167
2022,H1,ELSEVIER SCIENCE INC,13405,0.060589950533226716,0.05476945892957292,0.06698516570859131
2022,H1,OXFORD UNIV PRESS INC,6250,0.06800246504303031,0.05954474298813151,0.07756244217264115
2022,H1,SPRINGER FRANCE,121,0.03369934160346748,0.008647747386496719,0.12236500100769221
2022,H1,SCIENCE PRESS,1698,0.03737889373700617,0.026230294733953188,0.05300801255890364
2022,H1,SPRINGER VIEWEG-SPRINGER FACHMEDIEN WIESBADEN GMBH,16,0.07764645899221276,0.001361929117552056,0.8386158179596687
2022,H1,SPRINGER SINGAPORE PTE LTD,267,0.05161595354771404,0.021476011467649637,0.11891462542676372
2022,H1,SPRINGER LONDON LTD,357,0.06952134344142435,0.04075005816061978,0.11614678080052267
2022,H1,SPRINGER JAPAN KK,298,0.03954973661214024,0.01603550411308299,0.09424237862205442
2022,H1,STAATLICHES MUSEUM TIERKUNDE DRESDEN,19,0.0,0.0,0.5550567720713682
2022,H1,"Steklov Mathematical Inst, Russian Acad Sciences",19,0.0,0.0,0.5101117256096478
2022,H1,TARU PUBLICATIONS,91,0.0,0.0,0.21563176478477422
2022,H1,TAYLOR & FRANCIS AUSTRALIA,19,0.13207239976653234,0.02005468313869459,0.5308402947678076
2022,H1,TAYLOR & FRANCIS AS,46,0.12729485216347428,0.034077139433218245,0.3761959468855745
2022,H1,STATE GRID ELECTRIC POWER RESEARCH INST,169,0.05957196961357077,0.0145381911777554,0.21383388707020207
2022,H1,SPRINGER-VERLAG ITALIA SRL,443,0.011979846960555547,0.0038974808999105324,0.036213605637841415
2022,H1,SPRINGER BASEL AG,1107,0.04483631585945043,0.029918557349558936,0.06668096951308766
2022,H1,SPRINGER WIEN,585,0.014779829665350639,0.004302982914634423,0.049497484003661024
2022,H1,SPRINGER INT PUBL AG,926,0.030263694540986364,0.01782677225357926,0.05092738727258421
2022,H1,THIEME MEDICAL PUBL INC,59,0.09129644563866843,0.024227010425372883,0.28903974959635187
2022,H1,"UNIV ALICANTE, GRUPO INVESTIGACION EDUTIC-ADEI",10,0.0,0.0,0.34090485991548797
2022,H1,"UNIV BELGRADE, FAC ELECTRICAL ENGINEERING",31,0.0,0.0,0.47007981716534897
2022,H1,UBIQUITY PRESS LTD,38,0.0,0.0,0.23431789829212482
2022,H1,"UNIV CATOLICA NORTE, Inst Invest Arqueologicas y Museo RP Gustavo Le Paige",15,0.0,0.0,0.533586942017205
2022,H1,Tubitak Scientific & Technological Research Council Turkey,42,0.06954755505124338,0.013666495074502589,0.28735334588782835
2022,H1,SPRINGER/PLENUM PUBLISHERS,1164,0.052600056150659824,0.035247576035894394,0.07780625311189825
2022,H1,UNIV MURCIA,18,0.08885092297191492,0.0004217066294168501,0.9575188807835908
2022,H1,"UNIV NAVARRA, SERVICIO PUBLICACIONES",14,0.5,0.0,1.0
2022,H1,TERMEDIA PUBLISHING HOUSE LTD,128,0.034477043622851825,0.0058858432727588485,0.17719763619326234
2022,H1,UNIV ILLINOIS PRESS,29,0.0,0.0,0.3722069792615642
2022,H1,"UNIV KRAGUJEVAC, FAC SCIENCE",61,0.0,0.0,0.3736834581494201
2022,H1,UNIV NEWCASTLE,12,0.0,0.0,0.6819122096945353
2022,H1,"UNIV PITTSBURGH, UNIV LIBRARY SYSTEM",13,0.0,0.0,0.606262719713385
2022,H1,UNIV NIS,12,0.11943349782118629,0.01012127612327672,0.6427525649255813
2022,H1,UNIV CHICAGO PRESS,312,0.0,0.0,0.06743688381408096
2022,H1,"UNIV SZEGED, BOLYAI INSTITUTE",69,0.24600554533949906,0.12908742918998345,0.41799484674224363
2022,H1,SAGE PUBLICATIONS LTD,3780,0.03593302988496913,0.027349787425119027,0.04707958560376532
2022,H1,UNIV WISCONSIN PRESS,37,0.0,0.0,0.7829584628349077
2022,H1,Uspekhi Fizicheskikh Nauk,18,0.0,0.0,0.5605112045888558
2022,H1,VASYL STEFANYK PRECARPATHIAN NATL UNIV,27,0.05050141924459487,0.0034300021124311834,0.4511298477949569
2022,H1,VIETNAM NATL UNIV,49,0.08490893249393887,0.005824821756307322,0.5950535226196679
2022,H1,VILNIUS GEDIMINAS TECH UNIV,95,0.0,0.0,0.11621703258425638
2022,H1,US DEPT HEALTH HUMAN SCIENCES PUBLIC HEALTH SCIENCE,76,0.08928149076429887,0.030505528820233305,0.2339728566428097
2022,H1,VEREIN FORDERUNG OPEN ACCESS PUBLIZIERENS QUANTENWISSENSCHAF,142,0.0,0.0,0.14666716188819623
2022,H1,"VILNIUS UNIV, INST MATHEMATICS & INFORMATICS",52,0.09929852029238063,0.02815962752806073,0.29550735530326355
2022,H1,WAGENINGEN ACADEMIC PUBLISHERS,65,0.0,0.0,0.18285517219696817
2022,H1,WHITE HORSE PRESS,10,0.0,0.0,1.0
2022,H1,UNIV CALIFORNIA PRESS,242,0.01047062677348953,0.0016899387876378074,0.0620393275013463
2022,H1,W B SAUNDERS CO LTD,490,0.039447631846246424,0.020498439271230573,0.07458009813804682
2022,H1,TSINGHUA UNIV PRESS,851,0.03295651334286368,0.018423665013152877,0.05827252055114531
2022,H1,WALTER DE GRUYTER GMBH,660,0.03800410497287358,0.01895167681359966,0.07475083372698921
2022,H1,W B SAUNDERS CO-ELSEVIER INC,1358,0.07164707149696409,0.05281317298394052,0.09651302924748092
2022,H1,TAYLOR & FRANCIS INC,2590,0.06888184484965207,0.05440753925738411,0.08685313521868629
2022,H1,AMER CHEMICAL SOC,20160,0.026232584124583805,0.022795817578773196,0.030171490355302037
2022,H1,"WILEY PERIODICALS, INC",67,0.11599364817569559,0.03750584411139317,0.3064377419736434
2022,H1,WORLD HEALTH ORGANIZATION,24,0.0,0.0,0.6452781646089013
2022,H1,WROCLAW MEDICAL UNIV,36,0.0,0.0,0.3257895301221682
2022,H1,"ZAGREB UNIV, FAC FORESTRY",17,0.0,0.0,0.5085327544851462
2022,H1,Yandy Scientific Press,42,0.010932995135165735,3.3015536686240196e-05,0.7872696988870996
2022,H1,WORLD SCIENTIFIC PUBL CO PTE LTD,624,0.0,0.0,0.025199624504868273
2022,H2,ACAD CONFERENCES & PUBL INT LTD,17,0.0,0.0,0.3015067167424275
2022,H1,YONSEI UNIV COLL MEDICINE,141,0.07184521715542644,0.028716488196244568,0.1685103064779672
2022,H2,ACADEMIC & SCIENTIFIC PUBLISHERS-ASP,13,0.12187251074916333,0.0007322355105877669,0.9633514096225476
2022,H2,ACAD MANAGEMENT,80,0.05240974430645642,0.005991569563314626,0.33664819312485683
2022,H2,ACAD MEDICINE SINGAPORE,79,0.0982213451086706,0.02972977283537464,0.27911304427891587
2022,H1,ZHEJIANG UNIV PRESS,157,0.01832678953451085,0.002914740922424164,0.10652546145477416
2022,H1,SPRINGERNATURE,6399,0.08000595138273273,0.07016088901196166,0.09109714109775666
2021,H2,ELSEVIER SCI LTD,36287,0.03749214180114218,0.034492708688022775,0.04074139497544389
2022,H1,WOLTERS KLUWER MEDKNOW PUBLICATIONS,703,0.06564687765467431,0.044145427495873156,0.09656285642735267
2022,H2,"ADAM MICKIEWICZ UNIV, KALISZ",18,0.0,0.0,0.5980771040762604
2022,H2,ACTA DERMATO-VENEREOLOGICA,83,0.0,0.0,0.3445641590279908
2022,H1,eLIFE SCIENCES PUBL LTD,1008,0.06686274271651228,0.04464973907979333,0.09898164243700605
2022,H2,AMER ACCOUNTING ASSOC,49,0.0,0.0,0.22383207708691286
2022,H2,AKADEMIAI KIADO ZRT,45,0.05504739071004979,0.008261457323714777,0.289457120943898
2022,H2,AMER ACAD SLEEP MEDICINE,124,0.0,0.0,0.19511115085657807
2022,H2,AME PUBLISHING COMPANY,134,0.05348577430998844,0.02061787573148055,0.13170383519582488
2022,H2,AMER ACAD PEDIATRICS,247,0.0967833590134953,0.05598748954708036,0.16219805450260585
2022,H1,LIPPINCOTT WILLIAMS & WILKINS,19437,0.05836426848298745,0.053788718594567346,0.06330299915450778
2022,H2,AMER ASSOC INTELLECTUAL and DEVELOPMENTAL DISABILITIES-AAIDD,17,0.4244271303438014,0.13202334066093777,0.7814156238646628
2022,H2,AMER ASSOC CRITICAL CARE NURSES,33,0.0,0.0,0.3583466168573733
2022,H2,AMER BOARD FAMILY MEDICINE,61,0.0,0.0,0.30477553462684653
2022,H2,ADIS INT LTD,581,0.06181620912039055,0.03884305508397245,0.09700520964495417
2022,H1,WILEY-HINDAWI,1983,0.0667426457796398,0.05102502623127729,0.08685873270456597
2022,H1,TAYLOR & FRANCIS LTD,4746,0.061381768745688785,0.05131250197379775,0.07327435338982499
2022,H2,AMER ASSOC NEUROLOGICAL SURGEONS,367,0.052520336841334114,0.0285786242592641,0.09456665614560111
2022,H2,ACOUSTICAL SOC AMER AMER INST PHYSICS,1193,0.035838235370377176,0.022025758498571493,0.05780065579325032
2022,H1,IEEE-INST ELECTRICAL ELECTRONICS ENGINEERS INC,22176,0.04003004488062572,0.0360040867419824,0.04448540912203854
2022,H1,SPRINGER HEIDELBERG,4960,0.034061305217540756,0.027240090982056906,0.04251597007751659
2022,H1,SAGE PUBLICATIONS INC,5983,0.053159588646217434,0.04442089316519519,0.06350315874835735
2022,H1,"ROUTLEDGE JOURNALS, TAYLOR & FRANCIS LTD",7017,0.03175284292842536,0.02444142260472827,0.04115912923474305
2022,H2,AMER ASSOC CANCER RESEARCH,1522,0.1332390477400993,0.10987755813493073,0.1606709527007509
2022,H2,AMER COLL PHYSICIANS,267,0.07744835453724111,0.041376172586230595,0.14036393841977124
2022,H2,AMER INST AERONAUTICS ASTRONAUTICS,60,0.0,0.0,0.2509186927568773
2022,H2,AMER DIABETES ASSOC,280,0.15143074767195025,0.0951750981702516,0.23239737287249473
2022,H2,AMER ECONOMIC ASSOC,199,0.012549351736643557,0.0017920857119821402,0.08253942304793711
2022,H2,AMER MATHEMATICAL SOC,175,0.21398663536086976,0.13939744872093993,0.31392843905923007
2022,H2,AMER INST MATHEMATICAL SCIENCES-AIMS,409,0.022057403364825492,0.0076936494775576595,0.06157374496176613
2022,H2,"AMER OCCUPATIONAL THERAPY ASSOC, INC",310,0.2048271844347886,0.12105246915924432,0.32513228283159623
2022,H2,AMER ASSOC ADVANCEMENT SCIENCE,2185,0.06297369377821577,0.04643606878592019,0.08487674752156762
2022,H2,AMER SOC ENGINEERING EDUCATION,15,0.0,0.0,0.5566436556605128
2022,H2,AMER SOC CELL BIOLOGY,56,0.047915292340693055,0.003486205557924741,0.4199473496309368
2022,H2,AMER METEOROLOGICAL SOC,447,0.04741337445095962,0.025968061204505653,0.08502303508437783
2022,H2,"AMER PSYCHIATRIC PUBLISHING, INC",127,0.010751464036643897,0.00024555539648842196,0.3247417568247775
2022,H2,AMER ROENTGEN RAY SOC,185,0.1176791977730639,0.02716682869514342,0.3891299292187842
2022,H2,AMER PUBLIC HEALTH ASSOC INC,136,0.05578041364874816,0.013815385250752594,0.19943790275695075
2022,H2,AMER PHYSIOLOGICAL SOC,605,0.14621443418336325,0.10584260697315354,0.19856570630184842
2022,H2,AMER SPINAL INJURY ASSOC,14,0.4803945720942678,0.14308095468598256,0.8365814227416511
2022,H2,ANNALS FAMILY MEDICINE,57,0.0,0.0,0.24302631393800173
2022,H2,AMER SOC PHARMACOLOGY EXPERIMENTAL THERAPEUTICS,82,0.07710040613062694,0.02638772755676678,0.20477558492167047
2022,H2,AMER SOC NEURORADIOLOGY,151,0.03535384533668741,0.005872041117884942,0.1852696688651859
2022,H2,ASSOC BRASILEIRA PSIQUIATRIA,15,0.11772135690159731,0.015880575001400905,0.5245491539665109
2022,H2,ASIAN-AUSTRALASIAN ASSOC ANIMAL PRODUCTION SOC,61,0.06612240791523513,0.017367540817470342,0.22096645477703683
2022,H2,AMER SOC CLINICAL INVESTIGATION INC,478,0.2088704812007226,0.15644027674139213,0.27318191318914054
2022,H2,ASSOCIACAO BRASILEIRA PESQUISA POS-GRADUACAO FISIOTERAPIA-ABRAPG-FT,24,0.0,0.0,0.389967137842817
2022,H2,ATHABASCA UNIV PRESS,27,0.0,0.0,0.20281379562486818
2022,H2,AUSTRALIAN PHYSIOTHERAPY ASSOC,11,0.0,0.0,0.7116632839304198
2022,H2,ATOMIC SPECTROSCOPY PRESS LTD,12,0.0,0.0,0.7442179390882534
2022,H2,Accscience Publishing,62,0.0,0.0,0.1550861573109751
2022,H2,AUSTRALASIAN SOC COMPUTERS LEARNING TERTIARY EDUCATION-ASCILITE,41,0.08274720330912283,0.017871507828451493,0.30902716028081617
2022,H2,BASTAS PUBL LTD - UK,24,0.025789172441872583,0.00023436250996086103,0.7493335525916966
2022,H2,AMER THORACIC SOC,233,0.11130511941326031,0.05275313756345573,0.21976764697701495
2022,H2,AMER PSYCHOLOGICAL ASSOC,548,0.037489300435057604,0.01997449491725947,0.06927647837897746
2022,H2,BIOSCIENTIFICA LTD,65,0.11697293830998698,0.04201901789211338,0.2857489529314645
2022,H2,ASSOC RESEARCH VISION OPHTHALMOLOGY INC,162,0.15465819626671323,0.08808722598287716,0.2573418886165591
2022,H2,AMER PHYTOPATHOLOGICAL SOC,542,0.03464545253585489,0.017985259202924764,0.06570580486945309
2022,H2,BENTHAM SCIENCE PUBL LTD,94,0.11636371587402067,0.04224283269523899,0.28221721266336264
2022,H2,AMER SOC MICROBIOLOGY,790,0.08790633162089766,0.059784024307235735,0.12746392936431053
2022,H2,AMER SPEECH-LANGUAGE-HEARING ASSOC,303,0.051056195370158916,0.023608418166202166,0.10692098037465637
2022,H2,AMER SOC HEMATOLOGY,408,0.06505603505044576,0.033915684060809616,0.12120144592324936
2022,H1,PUBLIC LIBRARY SCIENCE,9210,0.055837869389884574,0.049345312874844546,0.06312795075009107
2022,H2,ASCE-AMER SOC CIVIL ENGINEERS,521,0.054250365465101036,0.0297597107094763,0.09688300217166383
2022,H2,AMER SOC NEPHROLOGY,1671,0.05744864721986017,0.035354088979398755,0.09203383381157772
2022,H2,BRILL,94,0.0,0.0,0.2070648498970546
2022,H2,BRITISH INST RADIOLOGY,20,0.0,0.0,0.6980972228636542
2022,H2,BRAZILIAN SOC UROL,47,0.10102176574997919,0.027952988014603095,0.30513451156765564
2022,H2,BAISHIDENG PUBLISHING GROUP INC,412,0.03279695219733399,0.01346672480277233,0.0776888797225522
2022,H2,ANNUAL REVIEWS,518,0.03739752691132469,0.01765306753764205,0.07748373762430193
2022,H2,"CAIRO UNIV, FAC COMPUTERS & INFORMATION",22,0.11869505090036772,0.02005395167811583,0.4698812819676751
2022,H2,AIP Publishing,2758,0.018279607274744876,0.012166658168380418,0.027378787339292773
2022,H2,ACADEMIC PRESS LTD- ELSEVIER SCIENCE LTD,4263,0.050390028399351215,0.041224603183299104,0.06146256364613632
2022,H2,BRITISH EDITORIAL SOC BONE & JOINT SURGERY,180,0.06727336997937942,0.030802464853180944,0.1406596825378776
2022,H2,"CAS, INST OPTICS & ELECTRONICS, ED OFF OPTO-ELECTRONIC JOURNALS",20,0.0,0.0,0.3893516430068961
2022,H2,CANADIAN OPHTHAL SOC,35,0.09149891859031394,0.023498459518723123,0.29652592187867527
2022,H2,C EJ PUBLISHING GROUP,108,0.018305960904845823,0.0026232924129255437,0.11676710362131906
2021,H2,PERGAMON-ELSEVIER SCIENCE LTD,29517,0.03415869885773978,0.030944479162571405,0.037693794870594086
2022,H1,OXFORD UNIV PRESS,17256,0.05015346774338518,0.04589810353874939,0.054780708501399475
2022,H2,CHINA ANTI-CANCER ASSOC,37,0.0,0.0,0.3154272750123385
2022,H2,"CHINA UNIV GEOSCIENCES, WUHAN",56,0.0,0.0,0.21080987945924748
2022,H2,ASSOC COMPUTING MACHINERY,894,0.015216010099955506,0.006974078001816157,0.03287575041736808
2022,H2,CHIN SOCIETY IMMUNOLOGY,39,0.17694757730905278,0.054346602037032815,0.44575465809563963
2022,H2,CHINESE JOURNAL NATURAL MEDICINES,42,0.15037010813599683,0.026571754202269603,0.5343390961454618
2022,H2,CHINESE LASER PRESS,133,0.023863850391234634,0.00280365066953393,0.17531035312294016
2022,H2,"CHINA UNIV GEOSCIENCES, BEIJING",74,0.020265536405592262,0.0028724765906365407,0.12931650393267127
2022,H2,CLEVELAND CLINIC,19,0.192310206840345,0.028669725111667092,0.6576159829458863
2022,H2,CODON PUBLICATIONS,30,0.20250962620521598,0.058694954979183776,0.5083864127029317
2022,H2,CONSEJO SUPERIOR INVESTIGACIONES CIENTIFICAS-CSIC,12,0.057867447408652996,0.0005702384472564341,0.8686304701835617
2022,H2,COLEGIO OFICIAL DE PSICOLOGOS DE ASTURIAS,30,0.04664416071583792,0.0032501027513567194,0.4233423241427921
2022,H2,CMA-CANADIAN MEDICAL ASSOC,149,0.09342311461418344,0.03838141329627599,0.21014866808694221
2022,H2,COLL FAMILY PHYSICIANS CANADA,58,0.07072296055504262,0.01148709637820192,0.3326339837491737
2022,H2,CROATIAN SOC MEDICAL BIOCHEMISTRY & LABORATORY MEDICINE,22,0.0,0.0,0.18620280157388744
2022,H2,"COLD SPRING HARBOR LAB PRESS, PUBLICATIONS DEPT",157,0.04956410695103076,0.012918323492155293,0.17204517214388199
2022,H2,COLL AMER PATHOLOGISTS,77,0.12040713209408371,0.047459341513428434,0.2733084002568275
2022,H2,DE GRUYTER POLAND SP Z O O,28,0.0,0.0,0.4372611082824434
2022,H2,DE GRUYTER MOUTON,27,0.0,0.0,0.45398692830059434
2022,H2,COGITATIO PRESS,123,0.03714172606631721,0.009929185979488667,0.12920205989271616
2022,H2,CENTERS DISEASE CONTROL & PREVENTION,286,0.012266983952576175,0.0017714474874768286,0.0799654345970259
2022,H2,CZECH ACADEMY AGRICULTURAL SCIENCES,31,0.08248925219393899,0.011775960475282274,0.40416433256049533
2022,H2,CHURCHILL LIVINGSTONE INC MEDICAL PUBLISHERS,245,0.08026194398661002,0.04557605613551467,0.13754151925169564
2022,H2,DEUTSCHER AERZTE-VERLAG GMBH,34,0.0489158792049665,0.0038282036318226915,0.4077011666579464
2022,H2,CURRENT MEDICINE GROUP,63,0.13371595733408195,0.044813769340066485,0.3367973566073814
2022,H2,Cherkas Global Univ Press,85,0.04751561347634629,0.011922008066753984,0.170986025440119
2022,H2,"E H ANGLE EDUCATION RESEARCH FOUNDATION, INC",13,0.0,0.0,0.7726957624854135
2022,H2,EDICIONES DOYMA S A,22,0.0,0.0,0.4602633199495901
2022,H2,EDITURA ASE,24,0.0,0.0,0.4812101541517386
2022,H2,CHINESE CHEMICAL SOC,97,0.013403488820119543,0.0019294861650663328,0.08715149239616604
2022,H2,EDICIONES PROFESIONALES INFORMACION SL-EPI,64,0.029841162563622067,0.004340285164641857,0.17833387371514317
2022,H2,COMPANY BIOLOGISTS LTD,303,0.11711142501428853,0.0660242977500309,0.19929303864710923
2022,H2,CURRENT BIOLOGY LTD,234,0.04158227699296019,0.01135917182353492,0.14076945862527906
2022,H2,CSIRO PUBLISHING,357,0.017163012519105698,0.0026413716322807117,0.1032558031601819
2022,H2,EDIZIONI MINERVA MEDICA,120,0.05938146687945662,0.01729856708338346,0.18460875159274517
2022,H2,EDUCATIONAL PUBLISHING FOUNDATION-AMERICAN PSYCHOLOGICAL ASSOC,139,0.09466555997452925,0.037756658390496606,0.21792446847689143
2022,H2,CHURCHILL LIVINGSTONE,747,0.10803803272769505,0.07846885717155552,0.14697258697564164
2022,H2,AMER GEOPHYSICAL UNION,2661,0.028717126747334988,0.020092650170606286,0.040889061685713275
2022,H2,DUKE UNIV PRESS,307,0.0032261218119622953,2.986389437952748e-05,0.25967548280507124
2022,H2,DOVE MEDICAL PRESS LTD,723,0.08149609953058068,0.05421739857898093,0.12074743794843779
2021,H2,MDPI,41997,0.05950969517423933,0.05607856013346925,0.06313672040569261
2022,H2,AMER MEDICAL ASSOC,3230,0.03555261308775878,0.026354889041529578,0.04780269846718128
2022,H2,COPERNICUS GESELLSCHAFT MBH,1467,0.02882403685346816,0.01951620519924513,0.04237916445582662
2022,H2,EDP SCIENCES S A,1158,0.006307577509591369,0.0024740136102897894,0.015986175247709376
2022,H1,ROYAL SOC CHEMISTRY,17528,0.030883733905361473,0.025052082247911285,0.03801994571475452
2022,H2,ACADEMIC PRESS INC ELSEVIER SCIENCE,7643,0.050733094544078546,0.04372668925657092,0.05879312648527607
2022,H1,WILEY-V C H VERLAG GMBH,7917,0.026890387008835018,0.020876157789327644,0.0345760750493508
2022,H2,BMJ PUBLISHING GROUP,4992,0.05293430662108166,0.043756466324807224,0.06390852674717727
2022,H2,ELSEVIER - DIVISION REED ELSEVIER INDIA PVT LTD,33,0.11606122874044918,0.02523717242234162,0.3997123872378402
2022,H2,ELSEVIER ESPANA SLU,40,0.02420087711730142,1.5319932414796293e-05,0.9756982437849879
2022,H2,ELSEVIER ESPANA,119,0.1600910880049777,0.07857660974315982,0.29875040495804195
2021,H1,ELSEVIER,65260,0.03991241500225767,0.037632258109723926,0.042324651661672555
2022,H2,"ELSEVIER MASSON, CORP OFF",124,0.05524918002382456,0.023220184967895106,0.12576918094971315
2022,H2,ELSEVIER INC,285,0.030055744811385673,0.01063100188526407,0.08203022858613333
2022,H2,ELSEVIER ADVANCED TECHNOLOGY,649,0.10266533805005607,0.07149110456665202,0.14530598985022464
2022,H2,ELSEVIER GMBH,910,0.13310293686280794,0.1033250653161265,0.1698372004880828
2022,H2,AMER PHYSICAL SOC,4703,0.008700954952226567,0.004956348741831798,0.015231369254616274
2022,H2,ELSEVIER FRANCE-EDITIONS SCIENTIFIQUES MEDICALES ELSEVIER,2192,0.08364138750220672,0.06682741196965772,0.10421336820290543
2022,H1,NATURE PORTFOLIO,20702,0.05126157846745617,0.04664457821966433,0.05630858905823581
2022,H2,CAMBRIDGE UNIV PRESS,3193,0.02255962242072624,0.015446070380544914,0.032839983966577
2022,H2,ELSEVIER SCIENCE LONDON,274,0.062333380337877047,0.028858523906440565,0.1294615478944211
2022,H2,ELSEVIER IRELAND LTD,3416,0.10347679482212652,0.08921713863043175,0.11971600867276622
2022,H2,"ESMON PUBLICIDAD S A, DEPT ALLERGY & CLIN IMMUNOL, CLIN UNIV NAVARRA",26,0.0,0.0,0.2851053350083397
2022,H2,EUROPA EDITION,53,0.0,0.0,0.2979222239822615
2022,H2,EUROPEAN ASSOC GEOCHEMISTRY,22,0.0,0.0,0.5706064145388147
2022,H2,"ETHNICITY & DISEASE, INC",24,0.11133131676179973,0.016700630316076378,0.480270094521226
2022,H2,EUR CENTRE DIS PREVENTION & CONTROL,96,0.0,0.0,0.06887526357327936
2022,H2,ELSEVIER SINGAPORE PTE LTD,138,0.02434118640249389,0.00398198109600753,0.13471466749357144
2022,H2,EUROPEAN RESEARCH CENTER,10,0.26012433033944204,0.05975500252737495,0.660437096298775
2022,H2,EUROPEAN MATHEMATICAL SOC-EMS,201,0.0,0.0,0.1335460850357586
2022,H2,ELSEVIER TAIWAN,296,0.08068117447167356,0.042731906444493734,0.1471516813140563
2022,H2,FRENCH CENTRE RESEARCH CONTEMPORARY CHINA,13,0.0,0.0,0.77169328471544
2022,H2,FOUNDATION REHABILITATION INFORMATION,53,0.14179156045110938,0.044442844604331976,0.36984374274373966
2022,H2,EXCERPTA MEDICA INC-ELSEVIER SCIENCE INC,168,0.09801575668566874,0.0484174052210213,0.18836479855770882
2022,H2,ENDOCRINE SOC,365,0.0604449116778915,0.03263078136986631,0.10928903388851488
2022,H2,FERRATA STORTI FOUNDATION,188,0.02155622884427662,0.0031116064034765775,0.13457520292018738
2022,H2,EUROPEAN RESPIRATORY SOC JOURNALS LTD,424,0.06929962371436771,0.04042264681907907,0.11630529076518725
2022,H2,GEOMETRY & TOPOLOGY PUBLICATIONS,45,0.0,0.0,0.3314123579118582
2022,H2,FUTURE MEDICINE LTD,64,0.1317198719363291,0.027260507807031972,0.45090951563640447
2022,H2,HANLEY & BELFUS-ELSEVIER INC,28,0.2960159718295464,0.11099883617529832,0.586106862713264
2022,H2,HOGREFE PUBLISHING CORP,12,0.0,0.0,0.6497066839357343
2022,H2,HARBORSIDE PRESS,53,0.13662214421858487,0.0498848098315194,0.3229166598741137
2022,H2,HONG KONG ACAD MEDICINE PRESS,26,0.0,0.0,0.5306270744972128
2022,H2,HIGHER EDUCATION PRESS,267,0.0,0.0,0.035467716661015
2022,H2,HUMANA PRESS INC,20,0.17357659798009406,0.045218077231680906,0.4822598303574172
2022,H1,ELSEVIER SCI LTD,35317,0.03840272763630511,0.035303379345878946,0.04176239409597518
2022,H2,HUMAN KINETICS PUBL INC,108,0.07441731430522057,0.027109029339372325,0.18830456536618878
2022,H2,"GEOLOGICAL SOC AMER, INC",205,0.027596435136596174,0.008266855716811251,0.0881071520232942
2022,H2,GEOSCIENCEWORLD,135,0.043157369423238966,0.014281232611107517,0.12312690798612715
2022,H2,HINDAWI LTD,221,0.029317918606400744,0.008895359575013393,0.09226313723123387
2022,H2,GEORG THIEME VERLAG KG,442,0.04103607501502792,0.016650909957496265,0.09758907118476702
2022,H2,BMC,11442,0.07347247196444284,0.06673523096029028,0.08083096066739898
2022,H2,INST BADAN GOSPODARCZYCH,18,0.0,0.0,0.3439366672558285
2022,H2,INST ECONOMIC RESEARCH-POLAND,16,0.07645840990482616,0.010645047834181258,0.38912792322885187
2022,H2,INT SOC BAYESIAN ANALYSIS,23,0.0,0.0,0.4244246286693911
2022,H2,"INT PRESS BOSTON, INC",20,0.0,0.0,0.35309277005050793
2022,H2,INT SCIENTIFIC RESEARCH PUBLICATIONS,60,0.0,0.0,0.11324556529331428
2022,H2,IGI GLOBAL,97,0.05050499317046276,0.011531695067534901,0.19518589867648292
2022,H2,INT RHINOLOGIC SOC,25,0.08489042192774122,0.002465750500722817,0.7768538276441362
2022,H2,INT COUNCIL RESEARCH & INNOVATION BUILDING & CONSTRUCTION,26,0.10799167682604324,0.01879380471205744,0.433499513812263
2022,H2,INT PRESS EDITING CENTRE INC,30,0.02241188968644437,0.00010829981344652225,0.8291344284964615
2022,H2,INST MATHEMATICAL STATISTICS-IMS,120,0.0,0.0,0.07231756042295265
2022,H2,INT SOC AGING & DISEASE,29,0.20431356926542044,0.06035576146613311,0.5065362289794519
2022,H2,EMERALD GROUP PUBLISHING LTD,2442,0.06541917714055005,0.05156561880773364,0.08267019872014024
2022,H2,INT UNION AGAINST TUBERCULOSIS LUNG DISEASE (I U A T L D),62,0.0011389260575902158,2.4908654377111138e-48,1.0
2022,H1,SPRINGER,20649,0.0396475770491862,0.035747476672934195,0.043953787925934566
2021,H2,WILEY,38257,0.047865094997686215,0.04475254647559888,0.05118252289588847
2022,H2,"INST MATERIA MEDICA, CHINESE ACAD MEDICAL SCIENCES",137,0.11690350399028543,0.04625542602313506,0.2654260984904156
2022,H2,INT SOC GLOBAL HEALTH,183,0.06693040841495738,0.02423479995292434,0.1716155714249906
2022,H2,INTER-RESEARCH,132,0.03247461330154289,0.008679658619938024,0.11400080988136356
2022,H2,INT UNION CRYSTALLOGRAPHY,202,0.05040601894571835,0.020739600900102337,0.11741968818549263
2022,H2,IOS PRESS,23,0.0,0.0,0.18586210379228205
2022,H2,J O S P T,15,0.0,0.0,0.4625871021110542
2022,H2,INFORMS,341,0.020201795829818465,0.006697413377701959,0.05930996676428497
2022,H2,JAPAN ACAD,12,0.0,0.0,0.4972474112215528
2022,H2,IRCA-BSSA,27,0.07148104283449491,0.010315656875239667,0.3624852071825289
2022,H2,JAPAN NEUROSURGICAL SOC,32,0.0,0.0,0.21879102276044976
2022,H2,JAPAN PROSTHODONTIC SOC,16,0.16658592701884958,0.012795293533317393,0.7550558156397413
2022,H2,JAPANESE SOC ALLERGOLOGY,42,0.006339553217331678,1.6430385608887623e-13,0.9999999959634861
2022,H2,JAPAN EPIDEMIOLOGICAL ASSOC,42,0.051698205456060575,0.007634106370813475,0.2786770314138361
2022,H2,IVYSPRING INT PUBL,71,0.03220002609925497,0.004609098039592038,0.19294089816774918
2022,H2,JOHN BENJAMINS PUBLISHING CO,95,0.00917039196066071,4.2990471585053787e-07,0.9950063236570911
2022,H2,JOHNS HOPKINS UNIV PRESS,16,0.0,0.0,0.5399360553617183
2022,H2,JOHN WILEY & SONS INC,116,0.1251291091585328,0.04974756155300381,0.2809621040360397
2022,H2,KOREAN ACAD MEDICAL SCIENCES,14,0.0,0.0,0.5250272846854068
2022,H2,KHAYYAM PUBL CO INC,17,0.0,0.0,0.6538863170621718
2022,H2,KOREAN ACAD REHABILITATION MEDICINE,20,0.0,0.0,0.4736939452114436
2022,H2,KOREA HEALTH PERSONNEL LICENSING EXAMINATION INST,24,0.11005827596374561,0.01088333478299836,0.5815860379275075
2022,H2,KOREAN ASSOC ORTHODONTISTS,14,0.12476028185262959,0.01803925521097838,0.5251771335969022
2022,H2,KOREAN DIABETES ASSOC,14,0.0,0.0,0.7880790719828893
2022,H2,KOREAN BIOCHIP SOCIETY-KBCS,26,0.51473618439477,0.2596127757542894,0.7624041645890738
2022,H2,KOREAN ASSOC STUDY LIVER,50,0.04709626088369474,0.0003323697113950364,0.8801962215477867
2022,H2,JOURNAL OF CENTRAL SOUTH UNIV,136,0.03455337758739709,0.007883185550106921,0.13882755181750797
2022,H2,KERMAN UNIV MEDICAL SCIENCES,76,0.0645321511420006,0.014269375568176326,0.24740529579808368
2022,H2,KOREAN SOC ANESTHESIOLOGISTS,50,0.0,0.0,0.2516780471486361
2022,H2,KOREAN SOC GYNECOLOGY ONCOLOGY & COLPOSCOPY,18,0.0,0.0,0.5436204126954709
2022,H2,KOREAN SOC LABORATORY MEDICINE,34,0.0,0.0,0.45010825643675834
2022,H2,KOREAN SOC NEPHROLOGY,30,0.0,0.0,0.30300801088400814
2022,H2,KOREAN SOC PEDIATRIC ENDOCRINOLOGY,16,0.0,0.0,0.4967650995688917
2022,H2,KOREAN SOC COLOPROCTOLOGY,27,0.12651185248706,0.019514369661409656,0.5131419143761339
2022,H2,KOREAN SOC PHYCOLOGY,11,0.0,0.0,0.7403139612582819
2022,H2,KOREAN SOC OTORHINOLARYNGOL,17,0.0,0.0,0.5245406468174075
2022,H2,KOREAN SOC HORTICULTURAL SCIENCE,38,0.02723542286758568,0.00014096251712066038,0.8475648694957306
2022,H2,KOREAN SOC GINSENG,46,0.25049563948379056,0.05535733592285011,0.6558955459501918
2022,H2,KARGER,136,0.01932432135740544,0.0030363980409768257,0.11307467519328471
2022,H2,KOREAN SOC STUDY OBESITY,17,0.0,0.0,0.24014244085942768
2022,H2,KOREAN SOC SEXUAL MEDICINE & ANDROLOGY,15,0.08803567811414433,0.012297317469820815,0.4280731933948046
2022,H2,KOREAN SOC PRECISION ENG,41,0.027251488970754034,0.00012488020675162782,0.8627115132788564
2022,H2,KOREAN INST METALS MATERIALS,97,0.07729962344523625,0.03019570573575044,0.18394628650570413
2022,H2,KOREAN NUCLEAR SOC,212,0.0,0.0,0.048797371415371014
2022,H2,KOREAN STROKE SOC,16,0.0,0.0,0.6027205667608052
2022,H2,LABORATORY KNOWLEDGE MANAGEMENT & E-LEARNING UNIV,14,0.0,0.0,0.4146759747853535
2022,H2,LAWBOOK CO LTD,19,0.0,0.0,0.4877317123464907
2022,H2,Korean Pediatric Soc,45,0.07174583571481634,0.010705079930061633,0.35569985008455757
2022,H2,KOREAN SPINAL NEUROSURGERY SOC,69,0.04267175924683715,0.006811846166313896,0.2246168824120223
2022,H2,KOREAN SOCIETY ANIMAL SCIENCE & TECHNOLOGY,87,0.13017565270662404,0.05582850302049761,0.27472308985151095
2022,H2,LIFE SCIENCE ALLIANCE LLC,156,0.12044958016953018,0.05581868945230016,0.24082718650194965
2022,H2,KOREAN FIBER SOC,163,0.03744127836788224,0.010486286421810747,0.1249357965746357
2022,H2,"JMIR PUBLICATIONS, INC",772,0.06918801047501394,0.046522078995819165,0.10171887500975131
2022,H2,JOURNAL MATER SCI TECHNOL,335,0.014163701498019777,0.0035413662187552585,0.054892566214316645
2022,H2,IEEE COMPUTER SOC,1354,0.0201390993138987,0.011851940805044012,0.03402133211071734
2022,H2,JOHN WILEY & SONS LTD,815,0.09558181847847286,0.06902156424653545,0.13092539495573843
2022,H2,CELL PRESS,8907,0.07081363848742879,0.0616697679544649,0.08119596612986422
2022,H2,MARTINUS NIJHOFF PUBL,12,0.0,0.0,0.4118493986945971
2022,H2,MAGNOLIA PRESS,38,0.09213583774219734,0.011156514774850307,0.47722848593570344
2022,H2,MANAGED CARE & HEALTHCARE COMMUNICATIONS LLC,74,0.05889109796003897,0.010513953859684828,0.2692845501221326
2022,H2,"MASARYKOVA UNIV, FAC SOCIAL STUDIES",23,0.0693745687388117,0.009736818838616792,0.3610945294899681
2022,H2,MASSON EDITEUR,33,0.04992247215498451,0.007155581302156228,0.27698565022998656
2022,H2,MATHEMATICAL SCIENCE PUBL,34,0.04789728253010939,0.006739374949861245,0.2716628268067714
2022,H2,MASSACHUSETTS MEDICAL SOC,406,0.0307258042835591,0.010332994051341818,0.08779477785804837
2022,H2,KEAI PUBLISHING LTD,1881,0.03447501034383048,0.023132040999168692,0.0510891968910736
2022,H2,"MARY ANN LIEBERT, INC",818,0.06969677486033343,0.04676879376672575,0.10265451926834009
2022,H2,MEDYCYNA PRAKTYCZNA SP K SP ZOO,54,0.0,0.0,0.15842738890280816
2022,H2,MEDICAL LIBRARY ASSOC,13,0.23916456090589225,0.06292672809168705,0.5953820471465409
2022,H2,MIT PRESS,161,0.0,0.0,0.06949760412615791
2022,H2,MICROBIOLOGY SOC,71,0.049226233284640694,0.010291939706723515,0.2049482078483375
2022,H2,Medical Journal Sweden AB,42,0.0,0.0,0.08478666343965534
2022,H2,NATL COUNCIL TEACHERS MATHEMATICS-NCTM,11,0.0,0.0,0.9914195213506225
2022,H2,NATL MINING UNIV,13,0.0,0.0,0.6028607394707967
2022,H2,NATL CENTRE MARINE RESEARCH,28,0.0,0.0,0.4030304420369817
2022,H2,NATL MED ASSOC,25,0.0959984144281086,0.01457135411548904,0.43266659268426655
2022,H2,NATL ATHLETIC TRAINERS ASSOC INC,52,0.151723160578826,0.040635784441824266,0.4302877419578809
2022,H2,NORTH UNIV BAIA MARE,16,0.0,0.0,0.6663175829402201
2022,H2,NEW YORK BUSINESS GLOBAL LLC,91,0.0,0.0,0.13551908442025248
2022,H2,ONLINE LEARNING CONSORTIUM,40,0.0,0.0,0.3366106262371136
2022,H2,NIHR JOURNALS LIBRARY,29,0.075875653213446,0.013766074333756232,0.32567435687988283
2022,H2,NATURE PUBL GROUP,94,0.07073154629260657,0.01843224310813889,0.2357789405840212
2022,H2,NORTHEAST FORESTRY UNIV,70,0.023081640056674367,0.0013552447021707953,0.2914578624487186
2022,H2,NONFERROUS METALS SOC CHINA,133,0.04188133447790971,0.008488701131800438,0.1824600636086528
2022,H1,PERGAMON-ELSEVIER SCIENCE LTD,29720,0.04004487166363883,0.03664836354951223,0.04374186938889371
2022,H2,IOP Publishing Ltd,4842,0.016490541200250893,0.0119373937977142,0.022740375648384954
2022,H2,MOSBY-ELSEVIER,2309,0.07322840239859076,0.05906155776838611,0.0904666730160041
2022,H2,PACIFIC AFFAIRS UNIV BRITISH COLUMBIA,11,0.0,0.0,0.6562659596933826
2022,H2,PACINI EDITORE,26,0.0,0.0,0.5448850723522596
2022,H2,PAGEPRESS PUBL,21,0.010802831942470073,4.997497085159471e-11,0.999999580972181
2022,H2,PALGRAVE MACMILLAN LTD,97,0.0,0.0,0.1546245241519979
2022,H2,ELSEVIER SCIENCE SA,10201,0.04027722442712376,0.03456370414149483,0.04688934180198308
2022,H2,Optica Publishing Group,149,0.015699608401934264,0.0022946908704529665,0.09959516136331949
2022,H2,PEERJ INC,161,0.025106506785983796,0.003386256960843527,0.16331534836605593
2022,H2,NATL ACAD SCIENCES,1961,0.029872329319676892,0.019440719643478602,0.04564085275974538
2022,H2,PHARMACEUTICAL SOC KOREA,24,0.018503679104605864,1.8109874168761184e-05,0.9515157741226933
2022,H2,POLISH CARDIAC SOC,50,0.05384895831477357,0.001971051663996571,0.6212310584170815
2022,H2,PHYSICIANS POSTGRADUATE PRESS,82,0.05007562298752016,0.013302294482072438,0.17089904388730168
2022,H2,PROJECT HOPE,107,0.047739959040457955,0.011645018770534577,0.17581316704554778
2022,H2,PORTLAND PRESS LTD,160,0.0232283807860034,0.0035148630388294956,0.13817605355018467
2022,H2,R FOUNDATION STATISTICAL COMPUTING,31,0.0,0.0,0.45146671673661104
2022,H2,"Princeton Univ, Dept Mathematics",12,0.0,0.0,0.6607087586268728
2022,H2,RADCLIFFE CARDIOLOGY,13,0.0,0.0,0.640034748315932
2022,H2,RADIOLOGICAL SOC NORTH AMERICA (RSNA),276,0.0,0.0,0.10136141789037587
2022,H2,ROY COLL PHYS LONDON EDITORIAL OFFICE,120,0.14832688720473933,0.052422360174225704,0.3541165804067886
2022,H2,ROCKEFELLER UNIV PRESS,290,0.09634365489891136,0.05002217323941191,0.1775430640856044
2022,H2,ROYAL COLL GENERAL PRACTITIONERS,100,0.038529465318147146,0.009957369298595399,0.13768571040771488
2022,H2,RUSSELL SAGE FOUNDATION,39,0.05827202991140686,0.005801745837827888,0.39617922775867787
2022,H2,SCANDINAVIAN JOURNAL WORK ENVIRONMENT & HEALTH,29,0.06556217667374697,0.00973799325585495,0.33359769813536666
2022,H2,SCIENDO,41,0.0,0.0,0.28217157404744725
2022,H2,SCUOLA NORMALE SUPERIORE,16,0.0,0.0,0.6995570100464701
2022,H2,SHENYANG PHARMACEUTICAL UNIV,29,0.0,0.0,0.27123954340417483
2022,H2,SHANGHAI UNIV,68,0.0,0.0,0.17672644642446472
2022,H2,SOC CULTURAL ANTHROPOLOGY,12,0.0,0.0,0.5639658581658932
2022,H2,SOC BIOLGIA CHILE,16,0.045403467819189726,0.00019742399788943708,0.9197207458077122
2022,H2,SHANGHAI UNIV SPORT,25,0.08955013450015949,0.01322836257101112,0.4191642976619449
2022,H2,SOC LEARNING ANALYTICS RESEARCH-SOLAR,19,0.0,0.0,0.42817929120160086
2022,H2,SEPM-SOC SEDIMENTARY GEOLOGY,32,0.06246907353608554,0.009336545973750719,0.3202294011984968
2022,H2,SOC BRASIL PEDIATRIA,41,0.0,0.0,0.33289022734445994
2022,H2,SOC VAUDOISE SCIENCES NATURELLES,10,0.08410499285192735,0.00032951288543284804,0.9623807372924814
2022,H2,SOC NUCLEAR MEDICINE INC,125,0.0,0.0,0.07359107442291223
2022,H2,SHANGHAI JIAO TONG UNIV PRESS,113,0.07295213573993614,0.02228693122075648,0.21362905228491777
2022,H2,SPIE-SOC PHOTO-OPTICAL INSTRUMENTATION ENGINEERS,36,0.14107500732806913,0.030038285359574604,0.4655556647198725
2022,H2,SOC PETROLEUM ENG,82,0.008171128816945436,2.75971527200714e-05,0.7109255240838581
2022,H2,SCIPOST FOUNDATION,124,0.018344304823857543,0.002817898398209571,0.10998435700503652
2022,H2,"SOC ECONOMIC GEOLOGISTS, INC",61,0.02552590126043169,0.0036408487054272864,0.1580888108555182
2022,H2,SPANDIDOS PUBL LTD,138,0.07474549580574025,0.02781785175820132,0.1857153982877116
2022,H2,SOC EXPLORATION GEOPHYSICISTS - SEG,184,0.03029987974182386,0.008237657236984306,0.10518288738554332
2022,H2,SOC NEUROSCIENCE,316,0.13462237518810194,0.09050457172257399,0.19562042956607448
2022,H2,SIAM PUBLICATIONS,325,0.005435855350671223,0.0007772371058477329,0.0369838853389316
2022,H2,AMER CHEMICAL SOC,21103,0.03459518484112772,0.030765412753971728,0.03888257325586849
2022,H2,SPRINGER VIEWEG-SPRINGER FACHMEDIEN WIESBADEN GMBH,14,0.0,0.0,0.7769225199428706
2022,H2,SPRINGER FRANCE,99,0.07396669636250945,0.02981020852331065,0.1719386239487944
2022,H2,SPRINGER JAPAN KK,250,0.1313191803101523,0.08111117727667672,0.20565049327652163
2022,H2,ROYAL SOC,1208,0.024203937950458373,0.013756236315634282,0.04224664857477902
2022,H2,STAATLICHES MUSEUM TIERKUNDE DRESDEN,23,0.0,0.0,0.2635520832880212
2022,H2,TAYLOR & FRANCIS AUSTRALIA,20,0.0,0.0,0.32113065013929076
2022,H2,TARU PUBLICATIONS,77,0.0,0.0,0.057806693978488276
2022,H2,TAYLOR & FRANCIS AS,51,0.04558387768302147,0.006502620241493373,0.25844525003183777
2022,H2,SPRINGER LONDON LTD,348,0.049706763451456665,0.025421451487297058,0.09493215407018275
2022,H2,SPRINGER SINGAPORE PTE LTD,277,0.017218773641118793,0.003389654845045431,0.08278152750054378
2022,H2,SPRINGER-VERLAG ITALIA SRL,490,0.04020276006021263,0.02141895162341005,0.07421022006544692
2022,H2,UBIQUITY PRESS LTD,20,0.2924164813573295,0.09119013659948211,0.629911229125803
2022,H2,"UNIV AGRICULTURE, FAC VETERINARY SCIENCE",17,0.07809127542458454,0.0006616799831017652,0.9155164016892576
2022,H2,TERMEDIA PUBLISHING HOUSE LTD,115,0.0807568123443953,0.02824910132225693,0.20979211810428766
2022,H2,"UNIV CATOLICA NORTE, Inst Invest Arqueologicas y Museo RP Gustavo Le Paige",16,0.19069418169336105,0.016770514249321133,0.7649853048170155
2022,H2,SPRINGER WIEN,633,0.016951296377272863,0.0063709415860057255,0.04431894389498756
2022,H2,"UNIV KRAGUJEVAC, FAC SCIENCE",39,0.0,0.0,0.24507576339063997
2022,H2,UNIV MURCIA,17,0.16162728911955276,0.022652925311815696,0.6159074832608353
2022,H2,UNIV NIS,27,0.0,0.0,0.2978304588203099
2022,H2,"UNIV TECHNOLOGY, SYDNEY-UTS EPRESS",12,0.010876817507978287,4.246782648112352e-24,1.0
2022,H2,"UNIV PITTSBURGH, UNIV LIBRARY SYSTEM",14,0.519718707319468,0.1377176697266832,0.8799765951533614
2022,H2,"UNIV WINDSOR, FAC EDUCATION",12,0.0,0.0,0.6315528437935273
2022,H2,UNIV WISCONSIN PRESS,22,0.0,0.0,0.9418950862693671
2022,H2,"UNIV TOMASE BATI & ZLINE, FAK MANAGEMENTU EKONOMIKY",11,0.09493565991226939,0.0067112601735411824,0.6195459313695288
2022,H2,UNIV CHICAGO PRESS,191,0.0,0.0,0.12387437220879537
2022,H2,Uspekhi Fizicheskikh Nauk,30,0.0,0.0,0.48717277715761476
2022,H2,UNIV ZAGREB FAC MECHANICAL ENGINEERING & NAVAL ARCHITECTURE,20,0.036862095776510055,0.0006257394994363741,0.700551384396843
2022,H2,THIEME MEDICAL PUBL INC,126,0.05108295741276116,0.01727009329338387,0.14156124594935435
2022,H2,VASYL STEFANYK PRECARPATHIAN NATL UNIV,25,0.0,0.0,0.2408642810771367
2022,H2,"VILNIUS UNIV, INST MATHEMATICS & INFORMATICS",38,0.0,0.0,0.32402224139014496
2022,H2,VIETNAM NATL UNIV,29,0.046480613121467465,0.0006842853507004898,0.7762946072030644
2022,H2,VEREIN FORDERUNG OPEN ACCESS PUBLIZIERENS QUANTENWISSENSCHAF,134,0.001354318159836248,1.903115969117738e-12,0.9999989652242149
2022,H2,US DEPT HEALTH HUMAN SCIENCES PUBLIC HEALTH SCIENCE,55,0.043783045821765856,0.007187012334172665,0.2245736012817855
2022,H2,VILNIUS GEDIMINAS TECH UNIV,78,0.03242589003766706,0.004941971774834509,0.18442762971321552
2022,H2,SCIENCE PRESS,1419,0.0328366531873985,0.020575102285028152,0.052017283661012124
2022,H2,WHITE HORSE PRESS,13,0.0,0.0,0.5047301418534326
2022,H2,SPRINGER BASEL AG,983,0.03819025384283034,0.02356907056834857,0.06131221162140632
2022,H2,WAGENINGEN ACADEMIC PUBLISHERS,49,0.05773640024259299,0.011542653720869921,0.24329511166423057
2022,H2,SPRINGER/PLENUM PUBLISHERS,1114,0.04851938064683672,0.03192378931634715,0.07309083011286374
2022,H2,OXFORD UNIV PRESS INC,6006,0.06747366088329589,0.05859343783022995,0.07758881771203571
2022,H2,W B SAUNDERS CO LTD,472,0.06754414888962554,0.041466595971090696,0.10817067192613423
2022,H2,SPRINGER INT PUBL AG,1012,0.02661653341175059,0.014868702261403475,0.04720164175977214
2022,H2,ROYAL SOC CHEMISTRY,2457,0.03800570380266768,0.023901647044492304,0.05992146881392365
2022,H2,WALTER DE GRUYTER GMBH,607,0.05352039513907315,0.03071271587286702,0.09166363909283987
2022,H2,ELSEVIER SCIENCE INC,13909,0.053756908331989255,0.048362298702039404,0.05971550411918921
2022,H2,W B SAUNDERS CO-ELSEVIER INC,1316,0.09539661282587042,0.0740659329488079,0.12206062344757719
2022,H2,SAGE PUBLICATIONS INC,4237,0.050578805797999137,0.04077575432259983,0.06258487615075467
2022,H2,TSINGHUA UNIV PRESS,1135,0.023004040525873726,0.011477162255866124,0.045574001226025444
2022,H2,SAGE PUBLICATIONS LTD,2973,0.027995265702450697,0.019641427932882642,0.03975804289973524
2022,H2,"WILEY PERIODICALS, INC",69,0.08591224345845712,0.021191430329293933,0.2897782553732587
2022,H2,TAYLOR & FRANCIS INC,2602,0.06267829453636717,0.048974477089194064,0.07989451725961616
2022,H2,WORLD HEALTH ORGANIZATION,22,0.0,0.0,0.6886456732677276
2022,H2,"ZAGREB UNIV, FAC FORESTRY",14,0.0,0.0,0.5495631558091876
2022,H2,Yandy Scientific Press,28,0.012754357101743545,1.8724086202049858e-10,0.9999988781534638
2022,H2,WROCLAW MEDICAL UNIV,38,0.03551378447766697,0.004967384362840518,0.21358207982508384
2023,H1,ACAD CONFERENCES & PUBL INT LTD,10,0.0,0.0,0.6981571542159803
2023,H1,ACAD MANAGEMENT,72,0.0,0.0,0.10973140866498728
2023,H1,ACAD MEDICINE SINGAPORE,53,0.004800096702989299,4.38106280959824e-13,0.9999999811678394
2022,H2,ZHEJIANG UNIV PRESS,140,0.06336940043990005,0.017591803913233603,0.2035841669298806
2021,H2,ELSEVIER,65875,0.04019102690245571,0.03790861936368299,0.04260476854202851
2023,H1,"ADAM MICKIEWICZ UNIV, KALISZ",19,0.0005427147575107387,0.0,0.1762219530872893
2023,H1,ACTA DERMATO-VENEREOLOGICA,120,0.1458978669412493,0.05992814239615371,0.31400147567494296
2023,H1,AGH UNIV SCIENCE & TECHNOLOGY PRESS,28,0.06928180143569089,0.006351859139576155,0.464332449860467
2022,H1,MDPI,44145,0.057553712364124765,0.054254613104293935,0.061040474471111224
2023,H1,AKADEMIAI KIADO ZRT,44,0.010588251822734478,6.920331757998543e-08,0.9993960928180918
2023,H1,ALEXANDER VON HUMBOLDT INST INTERNET & SOC,23,0.0,0.0,0.5328555097408986
2023,H1,AMER ACCOUNTING ASSOC,34,0.0,0.0,0.4028765347637023
2023,H1,AMER ACAD SLEEP MEDICINE,126,0.0,0.0,0.10007450030127406
2022,H2,WILEY-HINDAWI,1704,0.06841173007109137,0.05133116590462657,0.09063289809434505
2023,H1,AMER ACAD PEDIATRICS,206,0.027621689380486678,0.008070334307305672,0.0902299916483076
2023,H1,AME PUBLISHING COMPANY,184,0.06201203815246295,0.021526323786905225,0.1657434532727388
2023,H1,ADIS INT LTD,584,0.04701295120840822,0.0255397981966263,0.08496595268984163
2022,H2,eLIFE SCIENCES PUBL LTD,1023,0.053358569393824405,0.034433806200726426,0.08180317261576456
2022,H2,WORLD SCIENTIFIC PUBL CO PTE LTD,636,0.022046490624830273,0.010229914475371185,0.04686609375724342
2022,H2,WOLTERS KLUWER MEDKNOW PUBLICATIONS,554,0.07040159239971897,0.0469249286161789,0.10433786091234527
2023,H1,AMER ASSOC INTELLECTUAL and DEVELOPMENTAL DISABILITIES-AAIDD,11,0.0,0.0,0.7684514898948605
2023,H1,AMER ASSOC CRITICAL CARE NURSES,29,0.0,0.0,0.43177392215985244
2022,H2,"ROUTLEDGE JOURNALS, TAYLOR & FRANCIS LTD",6238,0.028351501947393307,0.021316503684332785,0.0376189882721177
2022,H2,SPRINGER HEIDELBERG,4629,0.0361721423432818,0.028794267112936395,0.045352153962980334
2022,H2,TAYLOR & FRANCIS LTD,4496,0.06087330918421851,0.050481662598904055,0.07323907901393116
2023,H1,AMER BOARD FAMILY MEDICINE,60,0.014667562048203221,1.229094495973108e-05,0.9474472618091586
2023,H1,AMER ASSOC NEUROLOGICAL SURGEONS,304,0.07337354719705397,0.041490977118262225,0.1265215185154284
2023,H1,ACOUSTICAL SOC AMER AMER INST PHYSICS,1447,0.03145191804316751,0.020018924238017616,0.04908733825296425
2022,H2,IEEE-INST ELECTRICAL ELECTRONICS ENGINEERS INC,15590,0.042967550276044306,0.03785781306515033,0.04873202645410112
2022,H2,SPRINGERNATURE,6077,0.06917366213879363,0.059768089216780264,0.07993353623094418
2022,H2,FRONTIERS MEDIA SA,16688,0.07249079371522381,0.06678430109530757,0.0786437958400946
2023,H1,AMER ECONOMIC ASSOC,191,0.0,0.0,0.08537917828780488
2023,H1,AMER INST AERONAUTICS ASTRONAUTICS,64,0.026966487177597885,0.0037770343879303496,0.16845519888886595
2023,H1,AMER COLL PHYSICIANS,270,0.04040408682614747,0.01587158834564124,0.09904001428769228
2023,H1,"AMER OCCUPATIONAL THERAPY ASSOC, INC",103,0.0,0.0,0.13973996279891807
2023,H1,AMER ASSOC ADVANCEMENT SCIENCE,2423,0.06767181222792848,0.051562168040745315,0.08834578382739135
2023,H1,AMER MATHEMATICAL SOC,212,0.15079571639262754,0.09269940627227821,0.23583781494196393
2023,H1,AMER DIABETES ASSOC,865,0.11541019822829904,0.08759645388254275,0.1505977148271864
2023,H1,AMER PUBLIC HEALTH ASSOC INC,94,0.032748460534674374,0.000647013081179794,0.6390611427674959
2023,H1,AMER SOC CELL BIOLOGY,33,0.09194259933244965,0.012189254568484223,0.4537947229464866
2023,H1,AMER SOC ENGINEERING EDUCATION,29,0.0035001148912881612,2.0676697682984893e-15,0.9999999998324012
2023,H1,AMER ROENTGEN RAY SOC,174,0.01244207322777522,0.0002752383601519834,0.36570084709154477
2023,H1,"AMER PSYCHIATRIC PUBLISHING, INC",127,0.059443918544088606,0.020006545776539767,0.1636400992586987
2023,H1,AMER METEOROLOGICAL SOC,394,0.046093640724548024,0.023923696927475552,0.08697760487249674
2023,H1,AMER SPINAL INJURY ASSOC,25,0.05868844796385877,0.00019873021900305076,0.9513532787774116
2023,H1,ANNALS FAMILY MEDICINE,72,0.08991457700970211,0.018445170413575455,0.3418588527252715
2023,H1,AMER SOC HEMATOLOGY,275,0.08814427987308154,0.046755216713404324,0.1600215650827768
2023,H1,ASOC ESPANOLA HISTORIA ECONOMICA,14,0.0,0.0,0.6834046611961669
2023,H1,AMER SOC NEURORADIOLOGY,128,0.11662441905654239,0.053640726392583465,0.23518349930763924
2023,H1,ASSOC INFORMATION SYSTEMS,32,0.0,0.0,0.2148700920602926
2023,H1,ASSOC BRASILEIRA PSIQUIATRIA,40,0.0654295407994756,0.009197290400033475,0.3455585955675185
2023,H1,ATOMIC SPECTROSCOPY PRESS LTD,14,0.0,0.0,0.6555091927255623
2023,H1,AUSTRALASIAN SOC COMPUTERS LEARNING TERTIARY EDUCATION-ASCILITE,10,0.0,0.0,0.7261809694961154
2023,H1,AUSTRALIAN PHYSIOTHERAPY ASSOC,11,0.0,0.0,0.5957761687862116
2023,H1,ATHABASCA UNIV PRESS,24,0.10885510096417245,0.018916769533188722,0.436256180169096
2023,H1,ASSOCIACAO BRASILEIRA PESQUISA POS-GRADUACAO FISIOTERAPIA-ABRAPG-FT,20,0.08473750653669998,0.012289761197974994,0.4078930467059323
2023,H1,AMER SOC PHARMACOLOGY EXPERIMENTAL THERAPEUTICS,100,0.029168556016642037,0.004725119320860373,0.15976239720348842
2023,H1,AMER THORACIC SOC,316,0.0877669328952307,0.032755660048429516,0.21466258406721256
2023,H1,BASTAS PUBL LTD - UK,48,0.0,0.0,0.12238433886800693
2023,H1,BIEMDAS ACAD PUBLISHERS INC,35,0.0,0.0,0.4649810620324817
2023,H1,ASIAN-AUSTRALASIAN ASSOC ANIMAL PRODUCTION SOC,97,0.03203774653684973,0.008147886760997126,0.11766385844441987
2023,H1,BIOSCIENTIFICA LTD,54,0.47865373615533346,0.3133098100101403,0.6488109607285949
2023,H1,AMER SOC CLINICAL INVESTIGATION INC,513,0.1955343030076017,0.14542949076845893,0.25769617457610455
2023,H1,BENTHAM SCIENCE PUBL LTD,55,0.06855398892118665,0.010690586600064401,0.33390189778214135
2023,H1,Accscience Publishing,111,0.011141751185697813,0.0001735865529055056,0.42237226618746665
2023,H1,AMER SPEECH-LANGUAGE-HEARING ASSOC,303,0.028940895537231316,0.008643198759338565,0.09245999599352644
2023,H1,ASSOC RESEARCH VISION OPHTHALMOLOGY INC,181,0.09802104031985916,0.048555219090078275,0.18792677561432297
2023,H1,AMER SOC NEPHROLOGY,420,0.11279732645940163,0.07678378652982033,0.16272489641121876
2023,H1,ASCE-AMER SOC CIVIL ENGINEERS,413,0.06683540769688666,0.0368247075301587,0.11829971735419627
2023,H1,AMER PSYCHOLOGICAL ASSOC,728,0.033986515222627287,0.01779562608823939,0.06394917115089822
2023,H1,BAISHIDENG PUBLISHING GROUP INC,386,0.09034609098765153,0.0528140024229702,0.15031740313219125
2023,H1,ANNUAL REVIEWS,581,0.041075141932956326,0.020383293958024015,0.08103450983996675
2023,H1,AMER PHYTOPATHOLOGICAL SOC,534,0.021503377340701464,0.009706512362304895,0.046957778414450604
2023,H1,AMER SOC MICROBIOLOGY,768,0.08890841645209539,0.05963212165083628,0.13056226887964226
2022,H2,PUBLIC LIBRARY SCIENCE,9874,0.056492795054961985,0.0502093171373341,0.06351004175251353
2023,H1,AIP Publishing,2891,0.01950971069493917,0.013445809664667352,0.028230104919290507
2023,H1,BRAZILIAN SOC UROL,38,0.0,0.0,0.39434146823972466
2023,H1,BRISTOL UNIV PRESS & POLICY PRESS,25,0.0,0.0,0.32224518602557384
2023,H1,ASSOC COMPUTING MACHINERY,609,0.03159993229254613,0.015532497120425662,0.06322080503473149
2023,H1,BRITISH INST RADIOLOGY,33,0.09493670697229169,0.014963201683994808,0.42006565726769635
2023,H1,"CAIRO UNIV, FAC COMPUTERS & INFORMATION",28,0.0,0.0,0.44622383106573543
2023,H1,BRILL,119,0.0,0.0,0.13520092931552832
2023,H1,C EJ PUBLISHING GROUP,110,0.039033713486024704,0.007888785076337198,0.1718411986065121
2023,H1,AMER PHYSIOLOGICAL SOC,2428,0.1643146803738627,0.14501553666636807,0.18562459683770222
2023,H1,"CAS, INST OPTICS & ELECTRONICS, ED OFF OPTO-ELECTRONIC JOURNALS",34,0.0,0.0,0.4022434670628138
2023,H1,CANADIAN OPHTHAL SOC,56,0.14536031475006964,0.059113682946560435,0.3152756877840731
2023,H1,CANADIAN SCIENCE PUBLISHING,65,0.013480104378332238,6.951024584704615e-05,0.7286985543115271
2023,H1,BRITISH EDITORIAL SOC BONE & JOINT SURGERY,186,0.023638507541181183,0.005351988979981978,0.09823503156107519
2023,H1,AMER INST MATHEMATICAL SCIENCES-AIMS,2012,0.027227031801351345,0.016725162198422176,0.04402784605276544
2023,H1,CHIN SOCIETY IMMUNOLOGY,53,0.11307887472487574,0.01750471648184832,0.4770871187568116
2023,H1,CHINA ANTI-CANCER ASSOC,39,0.1031362113086781,0.006118711380243732,0.682342802401761
2023,H1,"CHINA UNIV GEOSCIENCES, WUHAN",72,0.0,0.0,0.260101412395298
2023,H1,CHINA ELECTRIC POWER RESEARCH INST,57,0.01260579413481067,3.592894353701984e-08,0.9997796112271219
2023,H1,CHINESE LASER PRESS,106,0.0,0.0,0.07235616186698855
2023,H1,CHINESE JOURNAL NATURAL MEDICINES,37,0.23127347980955082,0.07630903413075849,0.5228135210800047
2023,H1,CHINESE CHEMICAL SOC,90,0.0,0.0,0.14085266348027042
2023,H1,CHINESE JOURNAL CANCER RESEARCH CO,43,0.23416312287410482,0.09451223738535815,0.47248831811765735
2023,H1,"CHINA UNIV GEOSCIENCES, BEIJING",63,0.0478030025509805,0.008288283200271952,0.23169278519941233
2023,H1,CODON PUBLICATIONS,43,0.0,0.0,0.3917400681509181
2023,H1,CLEVELAND CLINIC,34,0.09198872626508663,0.005657194918720711,0.6433587942212325
2023,H1,COLEGIO OFICIAL PSICOLOGOS MADRID,10,0.16124046559428482,0.018682774146929274,0.6599876959218064
2023,H1,CONSEJO SUPERIOR INVESTIGACIONES CIENTIFICAS-CSIC,13,0.0,0.0,0.661721166401202
2023,H1,COLEGIO OFICIAL DE PSICOLOGOS DE ASTURIAS,39,0.0016935067849947023,3.372614309263814e-44,1.0
2023,H1,COLL FAMILY PHYSICIANS CANADA,57,0.025734904059605556,2.6329089286143703e-05,0.9636361759257909
2023,H1,COGITATIO PRESS,154,0.0,0.0,0.060008277506493034
2023,H1,CMA-CANADIAN MEDICAL ASSOC,147,0.12370070979717392,0.05763254182107307,0.24575587380662461
2023,H1,CROATIAN SOC MEDICAL BIOCHEMISTRY & LABORATORY MEDICINE,14,0.0,0.0,0.33468061588817105
2023,H1,CZECH ACADEMY AGRICULTURAL SCIENCES,30,0.0,0.0,0.29217904435253006
2023,H1,Cherkas Global Univ Press,91,0.0,0.0,0.14071026529102146
2023,H1,CRACOW UNIV ECONOMICS,37,0.06033110187510362,0.010526235031948335,0.2792757215372334
2023,H1,DE GRUYTER MOUTON,31,0.12430485234924252,0.030722820663819202,0.38864366691347424
2023,H1,CURRENT MEDICINE GROUP,98,0.08519641104684457,0.016067246971212458,0.34689280774435854
2023,H1,DEUTSCHER AERZTE-VERLAG GMBH,43,0.0,0.0,0.4366727720405978
2023,H1,Chinese Center for Disease Control and Prevention,85,0.28578733042872523,0.1406067529184586,0.49459869153045766
2023,H1,COLL AMER PATHOLOGISTS,91,0.04084941574439398,0.007502997163540367,0.19350572478692832
2023,H1,COMPANY BIOLOGISTS LTD,300,0.1222249420750742,0.07097860320104807,0.20240970682641762
2023,H1,"COLD SPRING HARBOR LAB PRESS, PUBLICATIONS DEPT",157,0.030782997426130058,0.007833920165550044,0.11328422371768095
2023,H1,"E H ANGLE EDUCATION RESEARCH FOUNDATION, INC",16,0.39605266299193453,0.11833416711498164,0.7621350934781689
2023,H1,ECOLE POLYTECHNIQUE,17,0.0,0.0,0.6549611348621597
2023,H1,E SCHWEIZERBARTSCHE VERLAGSBUCHHANDLUNG,14,0.05442545598515592,0.0008782777850079945,0.790302121863771
2023,H1,EDICIONES DOYMA S A,18,0.03790895141020555,5.7125337317542814e-05,0.9645097535038599
2023,H1,EDICIONES PROFESIONALES INFORMACION SL-EPI,63,0.0,0.0,0.11471185338235881
2023,H1,EDITURA ACAD ROMANE,17,0.08843110981598441,0.0011207458176795229,0.8934763509843452
2023,H1,CSIRO PUBLISHING,116,0.07046413714114118,0.023761343656997135,0.19100147138421028
2023,H1,AMER GEOPHYSICAL UNION,2427,0.026691629959926095,0.01817494579931291,0.03904049772853622
2023,H1,CENTERS DISEASE CONTROL & PREVENTION,282,0.021002000370843623,0.005391145810469275,0.07825959287697844
2023,H1,EDITURA ASE,35,0.0625515256527084,0.005962648438547293,0.4260263465907727
2023,H1,DUKE UNIV PRESS,345,0.0,0.0,0.12156879338223033
2023,H1,EDIZIONI MINERVA MEDICA,134,0.042773053593006226,0.013963084966297029,0.1235766489236687
2023,H1,CURRENT BIOLOGY LTD,308,0.07912330040648842,0.03629681876262243,0.16388732185791552
2023,H1,EDUCATIONAL PUBLISHING FOUNDATION-AMERICAN PSYCHOLOGICAL ASSOC,233,0.03606892988135532,0.009104345826092463,0.1322374955380936
2023,H1,CHURCHILL LIVINGSTONE INC MEDICAL PUBLISHERS,468,0.10495522768830594,0.07161441569862068,0.1512887172773779
2023,H1,CHURCHILL LIVINGSTONE,734,0.09558813989976916,0.06806808715017708,0.13265087144320065
2023,H1,DE GRUYTER POLAND SP Z O O,530,0.0041699689345310684,7.888558604420813e-05,0.18184414645453767
2023,H1,AMER MEDICAL ASSOC,3287,0.04321552097101107,0.032402184069918065,0.05742335113521025
2023,H1,DOVE MEDICAL PRESS LTD,681,0.09490851710923626,0.06417800470340956,0.13818105222116506
2023,H1,COPERNICUS GESELLSCHAFT MBH,1205,0.025600315466090134,0.015719744478078296,0.041429867890721304
2023,H1,ACADEMIC PRESS LTD- ELSEVIER SCIENCE LTD,3886,0.05597336048007434,0.0456844828890901,0.06841334040055648
2023,H1,EDP SCIENCES S A,1142,0.009501284207947507,0.004332638113645066,0.02070765868430557
2023,H1,ACADEMIC PRESS INC ELSEVIER SCIENCE,7768,0.05063248279028107,0.04332843387571663,0.05909175134961544
2023,H1,ELSEVIER - DIVISION REED ELSEVIER INDIA PVT LTD,68,0.05418800103833197,0.004382247874358647,0.42717976126663254
2022,H2,WILEY-V C H VERLAG GMBH,8468,0.03517921357930146,0.028490393896217266,0.043368296704067534
2023,H1,ELSEVIER ESPANA SLU,51,0.028957318453726354,0.004092620319421469,0.17790210138769286
2023,H1,ELSEVIER ESPANA,174,0.09134382045765367,0.03987208802034774,0.1957168659203189
2022,H2,LIPPINCOTT WILLIAMS & WILKINS,23058,0.0736335076395461,0.06900870593196869,0.07854210466904234
2023,H1,"ELSEVIER MASSON, CORP OFF",115,0.08851403461327387,0.03872437882107577,0.1896880649309031
2023,H1,ELSEVIER INC,296,0.11439843124572556,0.0702959105060124,0.1807896264754074
2023,H1,AMER PHYSICAL SOC,4688,0.010309044414046337,0.006317338627969891,0.016780376896073857
2023,H1,ELSEVIER ADVANCED TECHNOLOGY,554,0.117077665722921,0.08043169271474547,0.16738101587917825
2023,H1,ELSEVIER GMBH,878,0.10633611698093667,0.07914980255685217,0.14142622532991214
2023,H1,ELSEVIER FRANCE-EDITIONS SCIENTIFIQUES MEDICALES ELSEVIER,2401,0.08480895956873645,0.06835775538755827,0.1047741064539124
2023,H1,AMER ASSOC CANCER RESEARCH,9037,0.10541309276807916,0.09713553878176302,0.11430672635364549
2023,H1,ELSEVIER SCIENCE LONDON,325,0.09235669114399103,0.04980651260592266,0.16494758493736364
2023,H1,CAMBRIDGE UNIV PRESS,6831,0.027431915190175602,0.021791428549017847,0.03448092068396702
2023,H1,EMW PUBLISHING,21,0.0,0.0,0.5168762613479044
2023,H1,EQUINOX PUBLISHING LTD,16,0.0,0.0,0.597493706413611
2023,H1,"ESMON PUBLICIDAD S A, DEPT ALLERGY & CLIN IMMUNOL, CLIN UNIV NAVARRA",27,0.0,0.0,0.4947125020075056
2023,H1,"ETHNICITY & DISEASE, INC",18,0.11115998370430939,0.015204546890904372,0.5032364131425895
2023,H1,EUROPA EDITION,49,0.0,0.0,0.6273389198216286
2023,H1,EUROPEAN ASSOC GEOCHEMISTRY,21,0.0,0.0,0.551779012920626
2023,H1,EUR CENTRE DIS PREVENTION & CONTROL,112,0.0,0.0,0.07889507303447553
2023,H1,ELSEVIER SINGAPORE PTE LTD,143,0.039518566417157015,0.010570292722320804,0.13678577483301876
2023,H1,FEDERAL RESERVE BANK ST LOUIS,12,0.0,0.0,0.8843189332272345
2023,H1,"FORUM MULTIMEDIA PUBLISHING, LLC",10,0.0,0.0,0.576854561314159
2023,H1,FRANZ STEINER VERLAG GMBH,12,0.0,0.0,0.7410825372810856
2023,H1,FOUNDATION REHABILITATION INFORMATION,42,0.08958270343822178,0.022339766519071744,0.2976135856886038
2023,H1,EXCERPTA MEDICA INC-ELSEVIER SCIENCE INC,110,0.06552363920307634,0.024945898311626902,0.16119449911519243
2023,H1,ELSEVIER TAIWAN,302,0.1478082947583852,0.09444987790881981,0.22385906677476286
2023,H1,EUROPEAN MATHEMATICAL SOC-EMS,178,0.008527639817690762,0.0011850011191412418,0.058693985793259996
2023,H1,ELSEVIER IRELAND LTD,3537,0.10180515496327255,0.08762241468246419,0.11798667407980036
2023,H1,FERRATA STORTI FOUNDATION,205,0.07912975122032505,0.028624135393104558,0.20036779702036317
2023,H1,ENDOCRINE SOC,385,0.052274672526800785,0.026375064841060853,0.10096950825583467
2023,H1,EUROPEAN RESPIRATORY SOC JOURNALS LTD,419,0.08412055324715514,0.049698866779918804,0.1388982701441789
2023,H1,GEOMETRY & TOPOLOGY PUBLICATIONS,25,0.0,0.0,0.500810998320429
2023,H1,FUTURE MEDICINE LTD,59,0.009698580468288686,2.2198248343563615e-08,0.9997686142173583
2023,H1,GEOSCIENCEWORLD,24,0.0,0.0,0.4741869386218314
2023,H1,HARVARD GRADUATE SCHOOL EDUCATION,12,0.0,0.0,0.9711151933718578
2023,H1,GUILFORD PUBLICATIONS INC,17,0.06327683026288235,0.0022522630702213452,0.6690359039246419
2023,H1,HANLEY & BELFUS-ELSEVIER INC,35,0.0,0.0,0.2675292520054951
2023,H1,HUMANA PRESS INC,29,0.0,0.0,0.3438561344415994
2023,H1,HONG KONG ACAD MEDICINE PRESS,31,0.10989743396592815,0.006277335852979327,0.7070157566327939
2023,H1,HUMAN KINETICS PUBL INC,145,0.0,0.0,0.13641310971422052
2023,H1,GLOBAL SCIENCE PRESS,74,0.02155130598026326,0.0029955848387104647,0.1390206357706017
2023,H1,HARBORSIDE PRESS,139,0.027285056454962174,0.003912500559638283,0.16688796633255107
2023,H1,"GEOLOGICAL SOC AMER, INC",241,0.01897517371322862,0.0049758616526524,0.06960556284156526
2023,H1,HIGHER EDUCATION PRESS,239,0.02538086685790883,0.007047534498363856,0.0872171251653344
2023,H1,HINDAWI LTD,307,0.01303137925220645,0.002267411706086766,0.07124570471865257
2023,H1,INDERSCIENCE ENTERPRISES LTD,13,0.0,0.0,0.7251006394599036
2023,H1,INDIANA UNIV MATH JOURNAL,20,0.0,0.0,0.577116416812574
2023,H1,INST ECONOMIC RESEARCH-POLAND,16,0.0811256362076942,0.011387238412953287,0.4035990229765519
2023,H1,INT COUNCIL RESEARCH & INNOVATION BUILDING & CONSTRUCTION,18,0.31365671138954837,0.1095399876059538,0.6293177124148874
2023,H1,"INT PRESS BOSTON, INC",50,0.0,0.0,0.2989694175432954
2023,H1,INT SCIENTIFIC RESEARCH PUBLICATIONS,48,0.0,0.0,0.2540133990243757
2023,H1,INST BADAN GOSPODARCZYCH,15,0.1145817116459233,0.016560237326893306,0.498626996287126
2023,H1,INT RHINOLOGIC SOC,28,0.03464745526190307,0.00011628926276447652,0.9171907246362501
2023,H1,INT SOC ENVIRON INFORM SCI,10,0.20255761919747575,0.028948903780434,0.6839698804025871
2023,H1,INT PRESS EDITING CENTRE INC,27,0.2521063864607484,0.07674648867676014,0.577514171084006
2023,H1,INT SOC BAYESIAN ANALYSIS,47,0.0,0.0,0.33860281757700156
2023,H1,INST MATHEMATICS & INFORMATICS,34,0.1868555234416086,0.06395819138892854,0.43592533758342633
2023,H1,IGI GLOBAL,119,0.03320107961575319,0.0018824628594641484,0.3847283952845913
2023,H1,INT UNION AGAINST TUBERCULOSIS LUNG DISEASE (I U A T L D),56,0.009607463762360558,2.1009317718978412e-10,0.9999977674140529
2023,H1,INTER-RESEARCH,145,0.0,0.0,0.08390019675108468
2023,H1,"INST MATERIA MEDICA, CHINESE ACAD MEDICAL SCIENCES",128,0.1603515358764057,0.06942104307150096,0.32835982281570353
2023,H1,GEORG THIEME VERLAG KG,1492,0.02303834557785531,0.010140690065188208,0.05148691044685503
2023,H1,INT SOC GLOBAL HEALTH,109,0.10081420167865815,0.04446566106802489,0.21267642601641035
2022,H2,OXFORD UNIV PRESS,23589,0.047806272120755056,0.04400192369752681,0.0519216754255491
2023,H1,INT SOC AGING & DISEASE,144,0.09053246577250822,0.03180184218906528,0.23176192886533084
2023,H1,INST MATHEMATICAL STATISTICS-IMS,104,0.013078107282391635,0.0018443783280904331,0.08678515338571458
2023,H1,IRCA-BSSA,30,0.08235540260235807,0.007066173357137898,0.5309137002240134
2023,H1,IWA PUBLISHING,13,0.0,0.0,0.7311922792914424
2023,H1,JAPAN ACAD,10,0.0,0.0,1.0
2023,H1,J O S P T,21,0.0,0.0,0.6343900939217556
2023,H1,INT UNION CRYSTALLOGRAPHY,203,0.026862102094774312,0.0073820510940094996,0.09293410755482169
2023,H1,JAPAN EPIDEMIOLOGICAL ASSOC,23,0.12749666073664062,0.004126687564081991,0.8374794670273705
2023,H1,J A S S S,41,0.009198283975676519,7.185994130643542e-07,0.9917312277071463
2023,H1,JAPANESE SOC HYGIENE,78,0.0,0.0,0.12405768048868011
2023,H1,JAPAN NEUROSURGICAL SOC,42,0.24520381006195238,0.11116405820361734,0.45764909836564255
2023,H1,Inst Navigation - ION,68,0.25153677086444026,0.11515310950717438,0.4646307260426575
2023,H1,JAPAN PROSTHODONTIC SOC,71,0.25005009554950824,0.10309109885675548,0.4916635187769924
2023,H1,JAPANESE SOC ALLERGOLOGY,26,0.0825400980119739,0.01346121501028404,0.3723240915182422
2022,H1,WILEY,41170,0.0633233304271958,0.0599462892498543,0.06687708108204153
2023,H1,JOHN BENJAMINS PUBLISHING CO,88,0.0,0.0,0.2739154010549835
2023,H1,IOS PRESS,32,0.060546843609115664,0.007983393854150428,0.34042855831165075
2023,H1,JOHNS HOPKINS UNIV PRESS,17,0.0,0.0,0.7473648487052917
2023,H1,JOHN WILEY & SONS INC,99,0.1161448335766562,0.045694876397911526,0.2650443110297334
2023,H1,JOURNAL STATISTICAL SOFTWARE,31,0.2027461318046024,0.07965908118404741,0.42764917341145553
2023,H1,INFORMS,405,0.014094292958912295,0.003804693296089766,0.05079274839027138
2023,H1,EMERALD GROUP PUBLISHING LTD,2700,0.07278101012404167,0.05909414790027023,0.08933691469123461
2023,H1,KHAYYAM PUBL CO INC,11,0.0,0.0,0.7728330498481645
2023,H1,KOREA HEALTH PERSONNEL LICENSING EXAMINATION INST,20,0.18980561327746856,0.027800285491952258,0.6574536919933947
2023,H1,KOREAN BIOCHIP SOCIETY-KBCS,15,0.5071966324031947,0.13835333183513623,0.8683686970582012
2023,H1,KOREAN ACAD PROSTHODONTICS,31,0.19772149172285589,0.03570045317421391,0.6212943792962027
2023,H1,KOREAN DIABETES ASSOC,48,0.0,0.0,0.3755767865586439
2023,H1,KOREAN ACAD REHABILITATION MEDICINE,24,0.1534463088732406,0.0203527915512091,0.6126176072142321
2023,H1,KOREAN ASSOC STUDY LIVER,55,0.33691093712516856,0.16126864629663654,0.5731310816976455
2023,H1,KOREAN ASSOC ORTHODONTISTS,29,0.082315724417246,0.014344127791483727,0.3560348770190255
2023,H1,KERMAN UNIV MEDICAL SCIENCES,84,0.16543933887093615,0.07119998079378917,0.3388998351641446
2023,H1,KOREAN SOC COLOPROCTOLOGY,21,0.1304916314770647,0.002515253440346971,0.8993140071916073
2023,H1,KOREAN SOC GINSENG,28,0.32722030057103113,0.09125940911275275,0.701988510619399
2023,H1,KOREAN SOC GYNECOLOGY ONCOLOGY & COLPOSCOPY,62,0.0,0.0,0.2233831939051859
2023,H1,KOREAN SOC PHYCOLOGY,11,0.0,0.0,0.26627794427375107
2023,H1,KOREAN SOC HORTICULTURAL SCIENCE,56,0.0,0.0,0.20534324005275414
2023,H1,KOREAN SOC LABORATORY MEDICINE,31,0.25302708753366,0.046285898420969925,0.7027571387951084
2023,H1,KOREAN SOC PEDIATRIC ENDOCRINOLOGY,20,0.0,0.0,0.6328291639541601
2023,H1,KOREAN SOC OTORHINOLARYNGOL,16,0.0,0.0,0.7432794112240033
2023,H1,KOREAN SOC PRECISION ENG,32,0.0,0.0,0.34053511457098673
2023,H1,JOURNAL OF CENTRAL SOUTH UNIV,145,0.016902672481453326,0.0020585423299203393,0.12534317064261805
2023,H1,KOREAN SOC STUDY OBESITY,15,0.1811465434618905,0.02021846547812362,0.7033988335686457
2023,H1,KOREAN INST METALS MATERIALS,114,0.12400816203575862,0.059274884214602995,0.24130219587287535
2023,H1,KOREAN SOC NEPHROLOGY,49,0.1180495409645686,0.03225976329357232,0.3495722281106794
2023,H1,KOREAN SOC ANESTHESIOLOGISTS,45,0.04062920486692828,0.005667621284649923,0.23934407055903884
2023,H1,KOREAN SOCIETY ANIMAL SCIENCE & TECHNOLOGY,58,0.08691708963004223,0.016221533326456455,0.3546450894883875
2022,H2,NATURE PORTFOLIO,22082,0.0514111439623944,0.0468971059723665,0.056333995355617214
2023,H1,KOREAN SOC SEXUAL MEDICINE & ANDROLOGY,53,0.15136450447937233,0.04830729762738341,0.38527486023696217
2023,H1,LABORATORY KNOWLEDGE MANAGEMENT & E-LEARNING UNIV,13,0.15401755657729962,0.02121639960903568,0.6046007031609006
2023,H1,Korean Pediatric Soc,44,0.13320367181936188,0.03144488274149891,0.4210949121299725
2023,H1,LAWBOOK CO LTD,16,0.12875681508563525,0.019302834967462282,0.5259816766342257
2023,H1,LINGUISTIC SOC AMER,10,0.0,0.0,0.9382099106189102
2023,H1,KOREAN STROKE SOC,30,0.05978886181548459,0.008662379781989964,0.31636998692994095
2023,H1,KOREAN SOCIETY OF RADIOLOGY,103,0.14077904006551983,0.06114581713876213,0.29188008999091325
2023,H1,KOREAN SPINAL NEUROSURGERY SOC,80,0.08014004253381815,0.02193903584916383,0.2528277897965161
2023,H1,KOREAN FIBER SOC,207,0.006847863633753229,8.495113176852859e-05,0.35880723582183055
2023,H1,LIFE SCIENCE ALLIANCE LLC,179,0.10837899106777749,0.04757192276046476,0.22828121603267476
2023,H1,IVYSPRING INT PUBL,760,0.17301568672703227,0.13083601417040547,0.2252691362457615
2023,H1,KOREAN ACAD MEDICAL SCIENCES,358,0.12006046229778383,0.07770327565882765,0.18097645754593056
2023,H1,KOREAN NUCLEAR SOC,225,0.05658144848247138,0.024101592770422328,0.1271299191706661
2023,H1,JOHN WILEY & SONS LTD,717,0.07439038815063556,0.05170215639403226,0.1059227152356189
2023,H1,KARGER,393,0.066384309337091,0.03624478980896708,0.11850474273632687
2023,H1,JOURNAL MATER SCI TECHNOL,430,0.06837885037678322,0.040986675781035674,0.11194088411842334
2023,H1,"JMIR PUBLICATIONS, INC",994,0.10218644383123433,0.07713800060200608,0.13418600979788023
2023,H1,BMC,11909,0.07325268156415762,0.06663435020506216,0.08047169140112888
2022,H2,SPRINGER,19677,0.047950400093637845,0.043652369303182864,0.0526483198205736
2023,H1,MARTINUS NIJHOFF PUBL,20,0.0,0.0,0.40498818560108707
2023,H1,MAGNOLIA PRESS,36,0.22307507735067564,0.06314863874450713,0.5501712581029709
2023,H1,MATHEMATICAL SCIENCE PUBL,31,0.0,0.0,0.4587930532590086
2023,H1,"MASARYKOVA UNIV, FAC SOCIAL STUDIES",25,0.11990838230131493,0.018529032125093752,0.4957794858514642
2023,H1,MANAGED CARE & HEALTHCARE COMMUNICATIONS LLC,69,0.05321938441719847,0.009571770016368997,0.2463879943249516
2023,H1,MASSON EDITEUR,33,0.20323759354199836,0.060554452737346914,0.5023462867187857
2023,H1,IEEE COMPUTER SOC,1937,0.034007749140244084,0.024344963966581812,0.04731978805873979
2023,H1,KEAI PUBLISHING LTD,1898,0.0535468810568263,0.03920809058950911,0.07273254857298171
2023,H1,CELL PRESS,11324,0.07713316737319112,0.06874857413600724,0.08644542383824612
2023,H1,MASSACHUSETTS MEDICAL SOC,405,0.011666787420202185,0.0017256558682339034,0.07459716651449996
2023,H1,BMJ PUBLISHING GROUP,7310,0.050926511938699376,0.04413098772034615,0.05870418235331974
2023,H1,"MARY ANN LIEBERT, INC",857,0.042841788136057664,0.025340488991006212,0.07154304595465001
2023,H1,MEDYCYNA PRAKTYCZNA SP K SP ZOO,75,0.0,0.0,0.24282480375349652
2023,H1,MICH LAW REV ASSOC,38,0.0,0.0,0.39905593129533584
2023,H1,MEDICAL LIBRARY ASSOC,31,0.15200502304887142,0.029500935781402754,0.5138629867519943
2023,H1,Medical Journal Sweden AB,43,0.0,0.0,0.16360281515357142
2023,H1,MYCOSPHERE PRESS,41,0.0,0.0,0.37503091797042437
2023,H1,NATL CENTRE MARINE RESEARCH,33,0.0,0.0,0.2795317970911272
2023,H1,NATL COUNCIL TEACHERS MATHEMATICS-NCTM,13,0.0,0.0,0.4601212186177471
2023,H1,NATL MINING UNIV,18,0.0,0.0,0.4642309531259569
2023,H1,MICROBIOLOGY SOC,136,0.02330685210016103,0.0026867696105149614,0.17449129605273556
2023,H1,NATL ATHLETIC TRAINERS ASSOC INC,69,0.20239840579263824,0.07205279441934814,0.45334447631207203
2023,H1,NATL MED ASSOC,42,0.05074715726533381,0.0073039123152252375,0.2797655688273196
2023,H1,MIT PRESS,463,0.0183908520612715,0.006933964393756422,0.04786536682815275
2023,H1,NIHR JOURNALS LIBRARY,15,0.10155827410878908,0.01414906289980675,0.47098229420149745
2023,H1,"ND Zelinsky Inst Organic Chemistry, RAS - ZIOC RAS",20,0.14841111554739686,0.028965598180619292,0.5045043134076739
2023,H1,NOW PUBLISHERS INC,10,0.20769929826817132,0.030735581659636853,0.6842596331610429
2023,H1,OAE PUBLISHING INC,46,0.0,0.0,0.16394972683970715
2023,H1,ONLINE LEARNING CONSORTIUM,36,0.0,0.0,0.27009145194129136
2023,H1,NEW YORK BUSINESS GLOBAL LLC,96,0.0,0.0,0.27154174231964007
2023,H1,NORTHEAST FORESTRY UNIV,49,0.12023908214285758,0.03121119923298911,0.36700977507668114
2023,H1,NATURE PUBL GROUP,76,0.1169011237873915,0.040788611300171994,0.29183081127020033
2023,H1,OCEANOGRAPHY SOC,62,0.07475015141172481,0.015661087014275134,0.29089649643328536
2023,H1,NONFERROUS METALS SOC CHINA,96,0.03821249509803119,0.007150417166439157,0.17977782262880135
2022,H1,ELSEVIER,65604,0.042311697127614595,0.03995538983642816,0.044800479446993065
2023,H1,PACIFIC AFFAIRS UNIV BRITISH COLUMBIA,12,0.0,0.0,0.35226061740979936
2023,H1,PAGEPRESS PUBL,17,0.0,0.0,0.5539495228944942
2023,H1,PACINI EDITORE,23,0.0,0.0,0.4315490285914408
2023,H1,PALGRAVE MACMILLAN LTD,91,0.0,0.0,0.08379640824371479
2023,H1,MOSBY-ELSEVIER,2151,0.07830613555582261,0.06284086506269466,0.09718275868291174
2023,H1,PEKING UNIV PRESS,77,0.14630332409805896,0.06601351656684804,0.2935539509563149
2023,H1,Optica Publishing Group,187,0.052808323739857416,0.01871783927062062,0.1401213670859326
2023,H1,PEERJ INC,252,0.04306761987591193,0.0165194108926514,0.10761277342117113
2023,H1,NATL ACAD SCIENCES,1793,0.049379622886611275,0.03485261526396115,0.06952548805196802
2023,H1,IOP Publishing Ltd,5082,0.015981676448977064,0.011389153150722538,0.022384143040181628
2023,H1,POLICY PRESS,29,0.0,0.0,0.2206975856309911
2023,H1,PHYSICIANS POSTGRADUATE PRESS,62,0.0,0.0,0.1251706312653365
2023,H1,PHARMACEUTICAL SOC KOREA,24,0.2008473187167604,0.044429828957615304,0.5760021768847879
2023,H1,POLISH CARDIAC SOC,53,0.0,0.0,0.17774275642774873
2023,H1,PROJECT HOPE,95,0.030824916868724073,0.004123135465361428,0.196354879947674
2023,H1,PORTLAND PRESS LTD,117,0.1545880198656961,0.07871827375808213,0.2812579570583032
2023,H1,R FOUNDATION STATISTICAL COMPUTING,20,0.0,0.0,0.2715984462836448
2023,H1,"Princeton Univ, Dept Mathematics",11,0.0,0.0,0.711810152208902
2023,H1,RAMAZAN YAMAN,12,0.08469175768427602,0.0017846041909449265,0.8272536793739524
2023,H1,REGIONAL EURO-ASIAN BIOLOGICAL INVASIONS CENTRE-REABIC,16,0.0,0.0,0.5915979040414813
2023,H1,ROYAL COLL GENERAL PRACTITIONERS,83,0.0,0.0,0.12382224296532805
2023,H1,ROY COLL PHYS LONDON EDITORIAL OFFICE,62,0.006668513046875532,1.3602732418977733e-10,0.9999969817497997
2023,H1,ROCKEFELLER UNIV PRESS,309,0.0841766743999372,0.04265624861528225,0.15938347697465352
2023,H1,RADIOLOGICAL SOC NORTH AMERICA (RSNA),254,0.02289574299620255,0.006679258081730479,0.07549179014705025
2023,H1,RUSSELL SAGE FOUNDATION,28,0.0,0.0,0.3478528128844217
2023,H1,Resilience Alliance,71,0.03452018533894793,0.005461228915467991,0.18884130956392878
2023,H1,SCANDINAVIAN UNIV PRESS-UNIVERSITETSFORLAGET AS,18,0.03785740835338815,0.00021405215063775837,0.8785110160250165
2023,H1,SCANDINAVIAN JOURNAL WORK ENVIRONMENT & HEALTH,24,0.03965553870163341,0.00152370124115629,0.5277128699972921
2023,H1,SCIENDO,23,0.0,0.0,0.2780592300023171
2023,H1,SCUOLA NORMALE SUPERIORE,21,0.0,0.0,0.5053753897833236
2023,H1,SEPM-SOC SEDIMENTARY GEOLOGY,20,0.0,0.0,0.14197058612762994
2023,H1,SHANGHAI UNIV,55,0.0,0.0,0.2653797271617738
2023,H1,AMER CHEMICAL SOC,21942,0.04072661701354973,0.0365022841398658,0.04541677886889752
2023,H1,SHENYANG PHARMACEUTICAL UNIV,28,0.0797969659768831,0.010306706284259672,0.41930735995500784
2023,H1,SHANGHAI UNIV SPORT,25,0.08035490799177206,0.011681917286951869,0.3924305694101033
2023,H1,"SOC ECONOMIC GEOLOGISTS, INC",26,0.0,0.0,0.23435570952109216
2023,H1,SOC BIOLGIA CHILE,34,0.14952467336535655,0.04438424506810964,0.399584507157861
2023,H1,SOC LEARNING ANALYTICS RESEARCH-SOLAR,15,0.0,0.0,0.5359004342838198
2023,H1,SOC BRASILEIRA ICTIOLOGIA,57,0.024423939567439202,4.1213740982773126e-05,0.9382990235675974
2023,H1,SCIPOST FOUNDATION,175,0.004639371560067276,3.082304128957463e-05,0.4134223951448916
2023,H1,SOC SOCIOLOGICAL SCIENCE,14,0.0,0.0,0.588010769676305
2023,H1,SOC VAUDOISE SCIENCES NATURELLES,23,0.0,0.0,0.4902089597933951
2023,H1,SOC BRASIL PEDIATRIA,45,0.03532992516851386,0.004981316973451593,0.21131044673317673
2023,H1,ELSEVIER SCIENCE SA,10688,0.04867402179222486,0.04252613212788746,0.05565902947951158
2023,H1,SPIE-SOC PHOTO-OPTICAL INSTRUMENTATION ENGINEERS,57,0.1299811053884441,0.03975320692810462,0.3502929298792733
2023,H1,SOC PETROLEUM ENG,84,0.03177180707821295,0.003788045055631596,0.22068706660269002
2023,H1,SHANGHAI JIAO TONG UNIV PRESS,137,0.04911544126595076,0.012204954182326762,0.17758363596703708
2023,H1,SPANDIDOS PUBL LTD,125,0.09738661753148581,0.04449269034991884,0.20000013466431907
2023,H1,SOC NUCLEAR MEDICINE INC,122,0.028697532745967196,0.0035631072034506797,0.1962181734374481
2023,H1,SOC EXPLORATION GEOPHYSICISTS - SEG,179,0.053122708993809296,0.019445655973870452,0.13697613313269166
2023,H1,SOC NEUROSCIENCE,334,0.08181142879490534,0.046992500669295535,0.1386752281567361
2023,H1,ROYAL SOC,1235,0.02661697460800183,0.01622880774447595,0.04336158473691057
2023,H1,FRONTIERS MEDIA SA,13700,0.07361046402134587,0.06704913271301823,0.08075829765873443
2023,H1,SIAM PUBLICATIONS,527,0.0032061002445129922,0.00045290576522949454,0.022322080515833346
2023,H1,SPRINGER FRANCE,90,0.03531461989911105,0.006122510013208612,0.17867239165473842
2023,H1,SPRINGER VIEWEG-SPRINGER FACHMEDIEN WIESBADEN GMBH,25,0.0,0.0,0.31885304455533936
2023,H1,SCIENCE PRESS,1673,0.04435374121914351,0.03160485119944912,0.061916519044295355
2023,H1,STAATLICHES MUSEUM TIERKUNDE DRESDEN,21,0.0,0.0,0.4866973744423646
2023,H1,Shahin Digital Publisher,19,0.0,0.0,0.5892468540112435
2023,H1,"Steklov Mathematical Inst, Russian Acad Sciences",22,0.0,0.0,0.5360605984717802
2023,H1,TAYLOR & FRANCIS AS,69,0.0,0.0,0.21027382948909018
2023,H1,STATE GRID ELECTRIC POWER RESEARCH INST,176,0.16116355222682838,0.08234843111168802,0.2914538049973315
2023,H1,SPRINGER JAPAN KK,263,0.015527523883350639,0.0024214807397366063,0.09295876697198675
2023,H1,SPRINGER LONDON LTD,409,0.059374379933795914,0.03499272504255399,0.09900143499957272
2023,H1,SPRINGER SINGAPORE PTE LTD,249,0.010675261791929526,0.001593007466395833,0.06801111082172547
2023,H1,Tubitak Scientific & Technological Research Council Turkey,16,0.0,0.0,0.6922233420263222
2023,H1,THIEME MEDICAL PUBL INC,68,0.04018510827485056,0.0031978149489721207,0.3533369296569775
2023,H1,"UNIV ALICANTE, GRUPO INVESTIGACION EDUTIC-ADEI",10,0.0,0.0,0.49632759901354345
2023,H1,"UNIV BELGRADE, FAC ELECTRICAL ENGINEERING",20,0.0,0.0,0.5767406103681966
2023,H1,"UNIV CATOLICA NORTE, Inst Invest Arqueologicas y Museo RP Gustavo Le Paige",10,0.0,0.0,1.0
2023,H1,TERMEDIA PUBLISHING HOUSE LTD,122,0.10250274927486552,0.04596226875488734,0.21306330686159072
2023,H1,UBIQUITY PRESS LTD,62,0.13332756111592065,0.04407316557559731,0.3391971599051426
2023,H1,UNIV NACIONAL EDUCACION DISTANCIA,10,0.0,0.0,0.5480408779511694
2023,H1,UNIV MURCIA,26,0.0,0.0,0.48538900876326757
2023,H1,"UNIV NAVARRA, SERVICIO PUBLICACIONES",10,0.0,0.0,1.0
2023,H1,"UNIV KRAGUJEVAC, FAC SCIENCE",64,0.0,0.0,0.35199808744422717
2023,H1,UNIV PRESOV,12,0.0,0.0,0.41974644671430666
2023,H1,"UNIV TECHNOLOGY, SYDNEY-UTS EPRESS",10,0.0,0.0,1.0
2023,H1,"UNIV WINDSOR, FAC EDUCATION",10,0.0,0.0,1.0
2023,H1,"UNIV AGRICULTURE, FAC VETERINARY SCIENCE",75,0.07050739730937544,0.009759007291319958,0.3686332238589761
2023,H1,UNIV WISCONSIN PRESS,17,0.0,0.0,0.6993969993914901
2023,H1,SPRINGER-VERLAG ITALIA SRL,526,0.010872468950097493,0.0035522531695240003,0.03278136594764112
2023,H1,UNIV ZAGREB FAC MECHANICAL ENGINEERING & NAVAL ARCHITECTURE,19,0.0,0.0,0.4089438977444814
2023,H1,"UNIV PITTSBURGH, UNIV LIBRARY SYSTEM",12,0.18610259072948415,0.007755588540789943,0.8699462150771282
2023,H1,"UNIV SZEGED, BOLYAI INSTITUTE",59,0.1898550047513222,0.08107542840544518,0.38365076404223286
2023,H1,VASYL STEFANYK PRECARPATHIAN NATL UNIV,27,0.0,0.0,0.4947263951232304
2023,H1,Uspekhi Fizicheskikh Nauk,22,0.028792151186112388,4.6476181130789995e-06,0.9947396092653129
2023,H1,SPRINGER WIEN,648,0.03455093419426321,0.017509730254405335,0.06704557024577998
2023,H1,VIETNAM NATL UNIV,48,0.04774459449200799,0.007184345733531514,0.25782685591143517
2023,H1,SPRINGER BASEL AG,1034,0.04103126109790634,0.025267029062273592,0.06596526824700619
2023,H1,US DEPT HEALTH HUMAN SCIENCES PUBLIC HEALTH SCIENCE,81,0.08716726299437948,0.030624684496174486,0.22398336697983162
2023,H1,"VILNIUS UNIV, INST MATHEMATICS & INFORMATICS",48,0.028831452424439706,0.0018032947367790841,0.3278927538273466
2023,H1,UNIV CHICAGO PRESS,228,0.005832584658258509,0.00015745995346819875,0.1793571637248797
2023,H1,VILNIUS GEDIMINAS TECH UNIV,73,0.038478934576896336,0.005738322726328154,0.2172137798576231
2023,H1,VEREIN FORDERUNG OPEN ACCESS PUBLIZIERENS QUANTENWISSENSCHAF,152,0.03474047435890075,0.011672654866138448,0.09883664323220176
2023,H1,WAGENINGEN ACADEMIC PUBLISHERS,60,0.04565719747537609,0.003961775351499242,0.36525445229186887
2023,H1,OXFORD UNIV PRESS INC,5883,0.07559593043906368,0.06597779785581567,0.08648634853647677
2023,H1,SPRINGER INT PUBL AG,1145,0.05998973117658411,0.042545237007644836,0.08395963882344222
2023,H1,UNIV CALIFORNIA PRESS,280,0.005929965184072648,0.0008403788304142127,0.040591370352949234
2022,H2,PERGAMON-ELSEVIER SCIENCE LTD,31978,0.04393537565871755,0.04049590685863878,0.04765246331880778
2023,H1,SPRINGER/PLENUM PUBLISHERS,1187,0.03720238962160877,0.023576935109530423,0.058232577208709065
2023,H1,ELSEVIER SCIENCE INC,14411,0.06054933051666374,0.054768362370116494,0.06689731164707467
2023,H1,W B SAUNDERS CO LTD,510,0.04250181062600222,0.021578024405754525,0.08201426411772393
2023,H1,WALTER DE GRUYTER GMBH,742,0.03668784995038276,0.01910888377694066,0.06929590238058582
2023,H1,W B SAUNDERS CO-ELSEVIER INC,1439,0.09076839249370862,0.07000957135069122,0.11690871765688005
2023,H1,TSINGHUA UNIV PRESS,956,0.0448955713524121,0.02778171887484644,0.07177346884455091
2023,H1,SAGE PUBLICATIONS LTD,3616,0.03270146884557869,0.0246113462051449,0.04333279287025569
2023,H1,"WILEY PERIODICALS, INC",68,0.0,0.0,0.1302926207683945
2023,H1,TAYLOR & FRANCIS INC,2489,0.07543187678811775,0.059652271822222845,0.09496406759102304
2023,H1,WORLD HEALTH ORGANIZATION,19,0.0,0.0,0.43828426865901154
2023,H1,"ZAGREB UNIV, FAC FORESTRY",17,0.0,0.0,0.5458643131814466
2023,H1,Yandy Scientific Press,30,0.20725410697906707,0.0677758130222301,0.4845683260414514
2023,H1,WROCLAW MEDICAL UNIV,47,0.05333392980895916,0.00847090974224523,0.27088501304708634
2023,H1,YONSEI UNIV COLL MEDICINE,86,0.141961176161505,0.06314681920380648,0.28881887781519067
2023,H2,ACADEMIC & SCIENTIFIC PUBLISHERS-ASP,13,0.0,0.0,0.29494874534312526
2023,H2,ACAD CONFERENCES & PUBL INT LTD,28,0.19040099674272926,0.04952631596340886,0.5149063042165217
2023,H2,ACAD MEDICINE SINGAPORE,76,0.0,0.0,0.14443463921777297
2023,H2,ACAD MANAGEMENT,59,0.007187777285101653,5.323645819437441e-08,0.9989853568999393
2023,H1,SAGE PUBLICATIONS INC,5399,0.048493602457079024,0.03943027424710712,0.05951113402066681
2023,H1,ZHEJIANG UNIV PRESS,211,0.05175543210137387,0.022291257584791987,0.11556162892379303
2023,H1,WILEY-HINDAWI,772,0.0701483436646593,0.046453850357833906,0.10460278409772786
2023,H1,WOLTERS KLUWER MEDKNOW PUBLICATIONS,546,0.09648948371789812,0.0668797109563007,0.13727983155440077
2023,H2,"ADAM MICKIEWICZ UNIV, KALISZ",18,0.0,0.0,0.5236490968244712
2023,H2,ACTA DERMATO-VENEREOLOGICA,104,0.09340697070671847,0.02267192275946098,0.31394064058233667
2023,H2,ALEXANDER VON HUMBOLDT INST INTERNET & SOC,12,0.0,0.0,1.0
2023,H2,AKADEMIAI KIADO ZRT,40,0.16913613294183108,0.05470502108518043,0.41727191754261445
2023,H2,AMER ACCOUNTING ASSOC,71,0.0,0.0,0.09279590053774547
2023,H2,AMER ACAD SLEEP MEDICINE,120,0.017832149834149172,4.093974881890792e-06,0.9877326604884575
2023,H2,AMER ASSOC INTELLECTUAL and DEVELOPMENTAL DISABILITIES-AAIDD,21,0.0,0.0,0.5692552384225428
2023,H2,AMER ASSOC CRITICAL CARE NURSES,30,0.06785085860096704,0.010013260162095453,0.34376058334090515
2023,H2,AME PUBLISHING COMPANY,124,0.02485179783258712,0.0037555994660238446,0.14696902163608777
2023,H2,AMER BOARD FAMILY MEDICINE,79,0.0,0.0,0.08214629772133518
2023,H2,AMER ACAD PEDIATRICS,222,0.052558833596266584,0.021994488532413706,0.12036905956510482
2023,H2,ADIS INT LTD,552,0.04699246703197616,0.025735261518560395,0.08428895595617933
2023,H1,eLIFE SCIENCES PUBL LTD,1172,0.07484812879569172,0.05447164523596051,0.10202448076853218
2023,H1,WORLD SCIENTIFIC PUBL CO PTE LTD,925,0.01217253705296935,0.004791393725127093,0.030575002137619767
2023,H2,AMER ASSOC NEUROLOGICAL SURGEONS,356,0.06550824836457814,0.03693983532159483,0.1135654366085673
2023,H1,SPRINGERNATURE,6173,0.08770688754597733,0.07736501720593213,0.09928245757457808
2023,H1,"ROUTLEDGE JOURNALS, TAYLOR & FRANCIS LTD",7390,0.03672242912127768,0.02890013690768838,0.04656043905298691
2023,H1,SPRINGER HEIDELBERG,4693,0.04054093897338047,0.032718261118872057,0.0501370121650812
2023,H2,AMER ASSOC ADVANCEMENT SCIENCE,2024,0.05771107916699087,0.041041299586508796,0.08058267904422413
2022,H2,ELSEVIER SCI LTD,38157,0.04033783601588217,0.03726041797188788,0.04365789861634956
2023,H1,TAYLOR & FRANCIS LTD,5003,0.07319832683132989,0.06213997072125557,0.08604406685722762
2023,H2,ACOUSTICAL SOC AMER AMER INST PHYSICS,1364,0.05773461545719422,0.04052383491559928,0.0816330426180971
2023,H2,AMER ASSOC CANCER RESEARCH,1960,0.13548139427061845,0.11451199229755105,0.1595986089872884
2023,H1,PUBLIC LIBRARY SCIENCE,8874,0.05162260317637277,0.04522015559791365,0.05887563697744426
2023,H2,ACADEMIC PRESS LTD- ELSEVIER SCIENCE LTD,4264,0.09257371723264649,0.07974638700465418,0.10722393720398196
2023,H2,AIP Publishing,3289,0.032665982793764065,0.024062023420823073,0.044207137362955215
2022,H2,WILEY,36180,0.05021685930540934,0.04693385482117761,0.053716565440324
2023,H2,AMER ECONOMIC ASSOC,202,0.0,0.0,0.15729679540630193
2023,H2,AMER INST AERONAUTICS ASTRONAUTICS,50,0.0,0.0,0.33742551350126804
2023,H2,AMER DIABETES ASSOC,220,0.19729826064057426,0.1264019791852067,0.29455147513530316
2023,H2,AMER MATHEMATICAL SOC,152,0.18784231765963794,0.12176339243847692,0.278413069154541
2023,H2,AMER INST MATHEMATICAL SCIENCES-AIMS,210,0.0011629085532568618,3.422685206220186e-16,0.9999999997474978
2023,H2,AMER COLL PHYSICIANS,257,0.057373176566178595,0.025287588740084257,0.12495097913671911
2023,H2,"AMER OCCUPATIONAL THERAPY ASSOC, INC",425,0.22920440217100124,0.13958400794417106,0.3527738176105148
2023,H2,AMER SOC CELL BIOLOGY,29,0.1909301135327131,0.05106948553378408,0.5085473514856504
2023,H2,AMER SOC ENGINEERING EDUCATION,30,0.0,0.0,0.20466523935229167
2023,H2,"AMER PSYCHIATRIC PUBLISHING, INC",91,0.13822655985678012,0.04880294276361519,0.3339738985848298
2023,H2,AMER ROENTGEN RAY SOC,103,0.05479608240336453,0.004447052918468908,0.4293491049531347
2023,H2,AMER PUBLIC HEALTH ASSOC INC,127,0.1307040203582165,0.03599963474403442,0.37709105035753226
2023,H2,ANNALS FAMILY MEDICINE,51,0.002193534485014511,2.998774672012437e-23,1.0
2023,H2,AMER SPINAL INJURY ASSOC,101,0.210490575807847,0.10104525806800074,0.3873945036408833
2023,H2,ASIAN-AUSTRALASIAN ASSOC ANIMAL PRODUCTION SOC,81,0.001998251193141382,2.489352996832823e-28,1.0
2023,H2,AMER SOC PHARMACOLOGY EXPERIMENTAL THERAPEUTICS,82,0.1239459875533609,0.054406430802672316,0.2581065336819606
2023,H2,ASSOCIACAO BRASILEIRA PESQUISA POS-GRADUACAO FISIOTERAPIA-ABRAPG-FT,32,0.0,0.0,0.23506588152560964
2023,H2,ATHABASCA UNIV PRESS,30,0.0,0.0,0.29172712980987275
2023,H2,ATOMIC SPECTROSCOPY PRESS LTD,33,0.0,0.0,0.2000321818009514
2023,H2,AUSTRALIAN PHYSIOTHERAPY ASSOC,13,0.08553343154157847,0.0029888921484245304,0.7447855048217022
2023,H2,AMER SOC NEURORADIOLOGY,125,0.036250330062584574,0.006193316181449031,0.18502082679192422
2023,H2,AUSTRALASIAN SOC COMPUTERS LEARNING TERTIARY EDUCATION-ASCILITE,38,0.08158270752472785,0.018630233152110116,0.2936120096711425
2023,H2,AMER THORACIC SOC,318,0.08746957880561386,0.028520229467030797,0.2383668895757541
2023,H2,BASTAS PUBL LTD - UK,38,0.17928254202314214,0.057522882030051764,0.4387829217852426
2023,H2,BIOSCIENTIFICA LTD,44,0.35054630804181425,0.18150758025675545,0.567802081640464
2023,H2,BENTHAM SCIENCE PUBL LTD,80,0.11108651389682328,0.04456786988473242,0.2508224497153872
2023,H2,AMER SOC CLINICAL INVESTIGATION INC,464,0.22629305505774694,0.1677188269169818,0.2979993080332129
2023,H2,AMER PHYSIOLOGICAL SOC,709,0.1626285885364512,0.1204511820912772,0.21594881473107805
2023,H2,AMER METEOROLOGICAL SOC,368,0.03808835800837786,0.016738486150151253,0.08433424740642051
2023,H2,ASSOC RESEARCH VISION OPHTHALMOLOGY INC,257,0.15572064322680038,0.09876189883252406,0.23689439813610175
2023,H2,BAISHIDENG PUBLISHING GROUP INC,304,0.07217164579314467,0.03624207708682571,0.1385984759571106
2023,H2,ASCE-AMER SOC CIVIL ENGINEERS,432,0.09201031540504942,0.05699600878295423,0.14522234814768661
2023,H2,AMER SOC HEMATOLOGY,384,0.0632861931265701,0.03181805634077554,0.12195613350308604
2023,H2,AMER SPEECH-LANGUAGE-HEARING ASSOC,355,0.04673363915003902,0.01968498886401158,0.10689637934319321
2023,H2,AMER PHYTOPATHOLOGICAL SOC,471,0.03674457908708007,0.01908542409449175,0.06958411675808104
2023,H2,AMER SOC MICROBIOLOGY,872,0.0693379973648232,0.04386173170943349,0.10794115326079921
2023,H2,BRAZILIAN SOC UROL,42,0.0,0.0,0.21293491731145844
2023,H2,BRISTOL UNIV PRESS & POLICY PRESS,19,0.06561322254615674,0.0024945716764950936,0.6634962936764227
2023,H2,"CAIRO UNIV, FAC COMPUTERS & INFORMATION",30,0.23874213260774893,0.07748449130498702,0.5393807962004578
2023,H2,BRILL,97,0.007238834063574763,8.703774344890545e-07,0.9838932360505263
2023,H2,BRITISH INST RADIOLOGY,44,0.047525459414716,0.006387230352533664,0.2791767592776062
2023,H2,C EJ PUBLISHING GROUP,119,0.12462700564847486,0.057930686200186036,0.24790484230104975
2023,H2,CANADIAN OPHTHAL SOC,41,0.0,0.0,0.3226892010796297
2023,H2,ANNUAL REVIEWS,558,0.04660100473264552,0.02245250155909215,0.09421880944541695
2023,H2,BRITISH EDITORIAL SOC BONE & JOINT SURGERY,179,0.026819783508366335,0.007085225248368619,0.09619590976874269
2023,H2,AMER SOC NEPHROLOGY,1914,0.056140694792590734,0.0324971954836745,0.09529187713079239
2023,H2,ASSOC COMPUTING MACHINERY,984,0.035973234531629705,0.022062409605211664,0.05813373582445825
2023,H2,CHIN SOCIETY IMMUNOLOGY,45,0.2405538526386674,0.09785294451379307,0.4805150959614506
2023,H2,"CHINA UNIV GEOSCIENCES, WUHAN",60,0.0,0.0,0.1712815707108721
2023,H2,CHINA ANTI-CANCER ASSOC,56,0.23874141623250433,0.08023773299186471,0.5299484087787576
2023,H2,CHINESE JOURNAL NATURAL MEDICINES,38,0.2869869315401636,0.10526909426492789,0.5792942749988281
2023,H2,CLEVELAND CLINIC,37,0.0,0.0,0.3616156104140954
2023,H2,"CHINA UNIV GEOSCIENCES, BEIJING",82,0.02686958692093086,0.002715828076174845,0.21872580398184358
2023,H2,CODON PUBLICATIONS,29,0.09397600194610849,0.011084559198257933,0.48975220200084557
2023,H2,COLL AMER PATHOLOGISTS,89,0.0,0.0,0.11529235578889713
2023,H2,AMER PSYCHOLOGICAL ASSOC,710,0.020077349048722087,0.007509323788517645,0.052565860751408844
2023,H2,COLL FAMILY PHYSICIANS CANADA,53,0.0824039298409012,0.004661078140510979,0.6326467318086509
2023,H2,COGITATIO PRESS,152,0.0,0.0,0.06508403567361781
2023,H2,CHINESE CHEMICAL SOC,102,0.0775873116729817,0.02273682435951864,0.23318606585854867
2023,H2,"COLD SPRING HARBOR LAB PRESS, PUBLICATIONS DEPT",188,0.04398895640082289,0.005053261719320191,0.29421363900813197
2023,H1,ROYAL SOC CHEMISTRY,18192,0.05100405884772827,0.043055445470999966,0.060327584022734616
2023,H2,CROATIAN SOC MEDICAL BIOCHEMISTRY & LABORATORY MEDICINE,26,0.06861990865518532,0.0010040105346265117,0.8437737024374014
2023,H2,CHINESE LASER PRESS,112,0.05553255733951484,0.016409085358097084,0.1716570611472314
2023,H2,CMA-CANADIAN MEDICAL ASSOC,144,0.051682416037024635,0.016810230278136173,0.14800568398779265
2023,H2,CSIRO PUBLISHING,269,0.0,0.0,0.05696507189798548
2023,H2,DE GRUYTER MOUTON,26,0.03331327970607239,0.00017000929403778494,0.8747526631151558
2023,H2,CZECH ACADEMY AGRICULTURAL SCIENCES,30,0.0978980624553473,0.021903174031807884,0.34465352538904653
2023,H2,CURRENT MEDICINE GROUP,94,0.2870495058282348,0.16745616425689447,0.44627067675111204
2023,H2,Cherkas Global Univ Press,97,0.02377121514090783,0.00128541779013235,0.3153859984908959
2023,H2,DEUTSCHER AERZTE-VERLAG GMBH,41,0.05364168082141487,0.007582063178091879,0.29603920348652263
2023,H2,CHURCHILL LIVINGSTONE INC MEDICAL PUBLISHERS,284,0.09289778969354312,0.051884745996343844,0.1608308198713701
2023,H2,E SCHWEIZERBARTSCHE VERLAGSBUCHHANDLUNG,20,0.07609986106944906,0.004681663221006096,0.5905631956225806
2023,H2,"E H ANGLE EDUCATION RESEARCH FOUNDATION, INC",37,0.1574089266371232,0.025317520525561164,0.5733043356275267
2023,H2,EDICIONES DOYMA S A,23,0.16366651549015676,0.03782693395989655,0.49344535133493544
2023,H2,EDITURA ASE,24,0.015305499259927781,1.4554857592821975e-07,0.9993979196014292
2023,H2,COMPANY BIOLOGISTS LTD,287,0.11920203474758674,0.0665961008420275,0.20426875874841965
2023,H2,EDICIONES PROFESIONALES INFORMACION SL-EPI,67,0.02745590908544024,0.0018436931412427891,0.3014234204771575
2023,H2,EDIZIONI MINERVA MEDICA,112,0.09239613065754548,0.03493183171870691,0.2225884047386173
2023,H2,CENTERS DISEASE CONTROL & PREVENTION,248,0.012277302700071924,0.001728042128322123,0.08194095464534566
2023,H2,EDUCATIONAL PUBLISHING FOUNDATION-AMERICAN PSYCHOLOGICAL ASSOC,199,0.0706214211405332,0.02080007200759716,0.21373013282499465
2023,H2,CURRENT BIOLOGY LTD,249,0.045386513038165155,0.011288383659982875,0.16526630717487698
2023,H2,AMER MEDICAL ASSOC,3205,0.049318042438332245,0.03761394818045682,0.06442024470895616
2023,H2,AMER GEOPHYSICAL UNION,2386,0.02706725766648845,0.018254834565484542,0.039960670891084495
2023,H2,DOVE MEDICAL PRESS LTD,748,0.1855301507948647,0.14510525849296466,0.23413266679457106
2023,H2,CHURCHILL LIVINGSTONE,776,0.138641146011903,0.10436357763498516,0.18189058282454681
2023,H2,DUKE UNIV PRESS,367,0.006984177652428958,0.0010190752258992897,0.04624918584926947
2023,H2,ACADEMIC PRESS INC ELSEVIER SCIENCE,8135,0.10714242385860415,0.0968715593850638,0.11835954721127115
2023,H1,LIPPINCOTT WILLIAMS & WILKINS,24361,0.08183964995681722,0.07710903557836606,0.08683317955334052
2023,H2,COPERNICUS GESELLSCHAFT MBH,1031,0.021679329420830725,0.01137606715892211,0.040927899813750945
2023,H2,EDP SCIENCES S A,947,0.010858779373881777,0.005078052168266659,0.0230675674044662
2023,H1,IEEE-INST ELECTRICAL ELECTRONICS ENGINEERS INC,24234,0.04929147671446777,0.04489537533868666,0.05409365932357771
2023,H1,NATURE PORTFOLIO,21019,0.05608002095761178,0.05116655648811358,0.06143476948840923
2023,H2,ELSEVIER - DIVISION REED ELSEVIER INDIA PVT LTD,81,0.07649861267794884,0.022676857840395193,0.2282310064993349
2023,H2,ELSEVIER ESPANA SLU,56,0.056017200492704484,0.009686708999532159,0.2647096888199731
2023,H2,ELSEVIER ESPANA,103,0.12618616826196158,0.05254681956892939,0.27325999963000946
2023,H2,CAMBRIDGE UNIV PRESS,3803,0.02669239892351456,0.01937978916142341,0.036661131035222894
2023,H2,ELSEVIER ADVANCED TECHNOLOGY,680,0.1807743450916661,0.14037842517595717,0.2296887346902822
2023,H2,"ELSEVIER MASSON, CORP OFF",140,0.08364301714654798,0.039960148364377945,0.16678252099590643
2023,H2,ELSEVIER INC,284,0.03800541432857705,0.013280321242737656,0.10391539929873927
2023,H2,BMJ PUBLISHING GROUP,4407,0.06505674308382314,0.053933038867894044,0.07828486904411838
2023,H2,ELSEVIER GMBH,892,0.12779465821077765,0.09657279827561965,0.16724191193801663
2023,H1,WILEY-V C H VERLAG GMBH,11116,0.03888665130796961,0.03273236806349556,0.046142852724032436
2023,H2,ELSEVIER FRANCE-EDITIONS SCIENTIFIQUES MEDICALES ELSEVIER,2626,0.17448339224573825,0.15237174867187644,0.1990502781925298
2023,H1,OXFORD UNIV PRESS,20509,0.052688399527228466,0.04853618570872852,0.05717448499922979
2023,H2,ELSEVIER SCIENCE LONDON,385,0.19155221824869387,0.13893374958156268,0.25812495666698154
2023,H2,ELSEVIER SINGAPORE PTE LTD,143,0.09534805624154441,0.03690905617587745,0.22472475792460678
2023,H2,"ESMON PUBLICIDAD S A, DEPT ALLERGY & CLIN IMMUNOL, CLIN UNIV NAVARRA",30,0.0,0.0,0.5016912738665762
2023,H2,EUROPEAN ASSOC GEOCHEMISTRY,20,0.0,0.0,0.6109621328165635
2023,H2,"ETHNICITY & DISEASE, INC",25,0.12851684018441475,0.0070378075918029704,0.7541969066768435
2023,H2,EUROPA EDITION,63,0.0,0.0,0.18899672859394204
2023,H2,AMER PHYSICAL SOC,5010,0.013944297734785909,0.008925236903671353,0.021723934735840923
2023,H2,ELSEVIER TAIWAN,286,0.14099665312611626,0.082485290006134,0.23058255809470748
2023,H2,FOUNDATION REHABILITATION INFORMATION,41,0.042402972112113926,0.0028406655584540296,0.4076847048749898
2023,H2,EUR CENTRE DIS PREVENTION & CONTROL,99,0.0440492469519267,0.011305005870138527,0.15661195805701295
2023,H2,EXCERPTA MEDICA INC-ELSEVIER SCIENCE INC,168,0.13824125323682926,0.07365432663033258,0.2445146077123223
2023,H2,FERRATA STORTI FOUNDATION,229,0.03124472949904174,0.008006462373019323,0.11416812324660111
2023,H2,ENDOCRINE SOC,373,0.06551076608865815,0.03445769142918394,0.12104050935445064
2023,H2,EUROPEAN MATHEMATICAL SOC-EMS,221,0.018794455735524112,0.00492962982555582,0.06895262233229088
2023,H2,ELSEVIER IRELAND LTD,3790,0.1322699437008431,0.11602357079008638,0.15040417242283907
2023,H2,GEOMETRY & TOPOLOGY PUBLICATIONS,35,0.0,0.0,0.3861993582736993
2023,H2,GEOLOGICAL SURVEY DENMARK & GREENLAND,17,0.18077807371297355,0.037773658312680716,0.5536595611633967
2023,H2,FUTURE MEDICINE LTD,69,0.20905635934725633,0.08042351080602084,0.44407522761091406
2023,H2,HARVARD GRADUATE SCHOOL EDUCATION,13,0.0,0.0,0.6868091250386777
2023,H2,EUROPEAN RESPIRATORY SOC JOURNALS LTD,344,0.0702819152525604,0.03733792631512335,0.12841558688453542
2023,H2,HONG KONG ACAD MEDICINE PRESS,35,0.0,0.0,0.23087996697405344
2023,H2,GEOSCIENCEWORLD,40,0.06172836399324578,0.009074019375861353,0.32095915569331
2023,H2,HINDAWI LTD,154,0.0,0.0,0.1519533754526752
2023,H2,HANLEY & BELFUS-ELSEVIER INC,49,0.12059666037705097,0.03552956601629992,0.3379663296476686
2023,H2,HUMANA PRESS INC,20,0.08118118104906832,0.011438468185853663,0.40286488589701325
2023,H2,HARBORSIDE PRESS,74,0.05703913207611632,0.006918664433346668,0.34434636477963865
2023,H2,"GEOLOGICAL SOC AMER, INC",227,0.026364809230448382,0.006884875307330187,0.09565235566633919
2023,H2,HIGHER EDUCATION PRESS,225,0.049372533235873116,0.017965425664460667,0.1285009374133416
2023,H2,HUMAN KINETICS PUBL INC,132,0.07834594734029249,0.028939430121208073,0.19514997699232597
2023,H2,GEORG THIEME VERLAG KG,435,0.06620242154402516,0.02963476683578114,0.1413210327477345
2023,H2,IMPRINT ACADEMIC,12,0.0,0.0,0.5797374354240962
2023,H2,INST BADAN GOSPODARCZYCH,20,0.2125705705299382,0.035782154472585426,0.662592441916545
2023,H2,INST ECONOMIC RESEARCH-POLAND,23,0.2667754899889993,0.08862063293613244,0.5765204360904669
2023,H2,"INT PRESS BOSTON, INC",18,0.0,0.0,0.63062720128306
2023,H2,INT RHINOLOGIC SOC,26,0.43009917619946597,0.1921454903025701,0.7054186118897219
2023,H2,INT PRESS EDITING CENTRE INC,20,0.059776627074470096,0.0011392970576225149,0.7799196829596698
2023,H2,INT SCIENTIFIC RESEARCH PUBLICATIONS,43,0.0,0.0,0.36561664068224786
2023,H2,INT COUNCIL RESEARCH & INNOVATION BUILDING & CONSTRUCTION,29,0.03581716945833821,0.0002615356806726254,0.8406364405089886
2023,H2,INT SOC AGING & DISEASE,40,0.02753853613387088,0.00026316404512228734,0.7528706507072229
2023,H2,INT UNION AGAINST TUBERCULOSIS LUNG DISEASE (I U A T L D),41,0.044460709570235145,0.0021981895735453537,0.49564524497883056
2023,H2,IGI GLOBAL,145,0.15696316236384558,0.07473682349400251,0.3002949492265374
2023,H2,INST MATHEMATICAL STATISTICS-IMS,75,0.017415897852868595,0.002440023700371204,0.1138201407291684
2023,H2,"INST MATERIA MEDICA, CHINESE ACAD MEDICAL SCIENCES",149,0.2724576536151192,0.1617373733931449,0.42091449618575216
2023,H2,INT UNION CRYSTALLOGRAPHY,154,0.011997578346341603,0.0003230377393491992,0.3133417352940159
2022,H2,MDPI,54853,0.05795328490245817,0.054974594457631136,0.06108293789815311
2023,H2,INT SOC GLOBAL HEALTH,166,0.11740201572018943,0.06160435658358147,0.2123041019543861
2023,H2,INTER-RESEARCH,152,0.028020279335367264,0.007281800712343731,0.10176694574463566
2023,H2,JAPAN ACAD,18,0.0,0.0,0.7072956549678779
2023,H2,J O S P T,40,0.0,0.0,0.3983287834747862
2023,H2,JAPAN EPIDEMIOLOGICAL ASSOC,24,0.0,0.0,0.9698010059920844
2023,H2,JAPANESE SOC ALLERGOLOGY,29,0.0,0.0,0.22715657285680027
2023,H2,IRCA-BSSA,28,0.17595746523226466,0.04284472316920263,0.5046057263001446
2023,H2,JAPAN NEUROSURGICAL SOC,29,0.009021475481848618,1.821107472866104e-09,0.9999780264931275
2023,H2,IWA PUBLISHING,24,0.06468390249366866,0.0036971045907141556,0.5631010097873358
2023,H2,IOS PRESS,27,0.12840812002447038,0.033252932159199104,0.38688586891115323
2023,H2,IVYSPRING INT PUBL,109,0.2867785201890937,0.15403433465648977,0.4703198497794325
2023,H2,JOHNS HOPKINS UNIV PRESS,12,0.0,0.0,0.6492995523778882
2023,H2,JOHN WILEY & SONS INC,96,0.05024374034647681,0.008217662168917178,0.2524815287476442
2023,H2,KOREAN ACAD MEDICAL SCIENCES,21,0.03315970270847231,9.31315626868971e-06,0.992144674771773
2023,H2,KOREAN ASSOC STUDY LIVER,11,0.4184037933269353,0.12651521666138804,0.7813360509891039
2023,H2,KERMAN UNIV MEDICAL SCIENCES,59,0.0,0.0,0.1739199103085761
2023,H2,KOREA HEALTH PERSONNEL LICENSING EXAMINATION INST,18,0.07986861030422819,0.0007808538132832723,0.9060280832479377
2023,H2,KOREAN DIABETES ASSOC,22,0.22945182624589158,0.05152179290310834,0.6201148613118688
2023,H2,KOREAN ASSOC ORTHODONTISTS,17,0.1240193539191124,0.019496408372991825,0.5020058188808459
2023,H2,KOREAN SOC COLOPROCTOLOGY,15,0.0,0.0,0.7309023504163127
2023,H2,KOREAN BIOCHIP SOCIETY-KBCS,24,0.25818585320383297,0.0685625825548282,0.6220230566026979
2023,H2,JOHN BENJAMINS PUBLISHING CO,102,0.05164206518989698,0.00910448129798347,0.24398609585308212
2023,H2,KOREAN ACAD REHABILITATION MEDICINE,31,0.09010456584653813,0.006216407378582204,0.6105464154570056
2023,H2,KOREAN SOC LABORATORY MEDICINE,27,0.0,0.0,0.4984176608417495
2023,H2,KOREAN SOC GYNECOLOGY ONCOLOGY & COLPOSCOPY,33,0.0,0.0,0.7438674217791563
2023,H2,KOREAN SOC GINSENG,29,0.5942163821362711,0.29102793287108886,0.8393289813221323
2023,H2,KOREAN SOC PHYCOLOGY,11,0.0,0.0,0.8533661657655316
2023,H2,KOREAN SOC PEDIATRIC ENDOCRINOLOGY,24,0.14865229318590312,0.02103674429068169,0.5865696029166962
2023,H2,KOREAN SOC NEPHROLOGY,55,0.0,0.0,0.19826892475942495
2023,H2,KOREAN SOC SEXUAL MEDICINE & ANDROLOGY,34,0.37063731838473607,0.11975691046436128,0.7182437773111129
2023,H2,KOREAN SOC OTORHINOLARYNGOL,22,0.11210351903516537,0.016674962545248147,0.48454654842006223
2023,H2,KOREAN SOC ANESTHESIOLOGISTS,15,0.8659628415754561,0.22992976363471085,0.9928973385853789
2023,H2,KOREAN SOC PRECISION ENG,43,0.29461300441327193,0.12681990775923574,0.545673800716135
2023,H2,KOREAN SOC HORTICULTURAL SCIENCE,30,0.05136696966400073,0.005043342992912413,0.3664624201176165
2023,H2,KOREAN SOC STUDY OBESITY,17,0.3355489585970851,0.07251292229840851,0.7653660233011214
2023,H2,KOREAN STROKE SOC,10,0.0,0.0,0.6221614124477358
2023,H2,JOURNAL OF CENTRAL SOUTH UNIV,140,0.05315971111703567,0.015321302344616067,0.16845902410591507
2023,H2,LABORATORY KNOWLEDGE MANAGEMENT & E-LEARNING UNIV,20,0.15876271512291576,0.023990924615006043,0.5916692312865157
2023,H2,KARGER,169,0.028372677923496452,0.0072672959410806206,0.10432989733709892
2023,H2,Korean Pediatric Soc,29,0.13033450062678245,0.019019388534572124,0.5367050842113639
2023,H2,KOREAN SOCIETY ANIMAL SCIENCE & TECHNOLOGY,87,0.1303484417452208,0.05484119956369069,0.27911582353577885
2023,H2,KOREAN INST METALS MATERIALS,77,0.04521708107766356,0.008236414795337746,0.2126377246562157
2023,H2,LAWBOOK CO LTD,34,0.09706531194879853,0.013584825425150378,0.45626000201004946
2023,H2,KOREAN SPINAL NEUROSURGERY SOC,82,0.19002808957801515,0.07475630815914028,0.40520305169870924
2023,H2,INFORMS,422,0.03827020053034785,0.018522517214934482,0.07741120680128193
2023,H2,KOREAN FIBER SOC,157,0.045733880919941405,0.012629920209267446,0.15222829329210125
2023,H2,LIFE SCIENCE ALLIANCE LLC,181,0.13924777410495823,0.0763752092758002,0.24040583407306865
2023,H2,EMERALD GROUP PUBLISHING LTD,2516,0.12358747989195563,0.10497100975128061,0.1449707844260886
2023,H2,JOURNAL MATER SCI TECHNOL,369,0.08349381479628559,0.048406350242467595,0.140265637450535
2023,H2,"JMIR PUBLICATIONS, INC",909,0.16028022731337857,0.1265871959867665,0.200878600968944
2023,H2,KOREAN NUCLEAR SOC,289,0.022220476667766845,0.004382111648035441,0.10501468373566326
2023,H2,JOHN WILEY & SONS LTD,827,0.1268918634097287,0.09711672353318869,0.164136265850393
2023,H2,CELL PRESS,13060,0.12712750387533922,0.11747699795781047,0.13744731111575176
2023,H2,MARTINUS NIJHOFF PUBL,17,0.09566554635836505,0.002212222087482161,0.8346379925519061
2023,H2,MANAGED CARE & HEALTHCARE COMMUNICATIONS LLC,65,0.0,0.0,0.1481888550657877
2023,H2,MAGNOLIA PRESS,35,0.0,0.0,0.3160189596380645
2023,H2,IEEE COMPUTER SOC,1855,0.047270545003494,0.03449676101793148,0.06445854330126831
2023,H2,"MASARYKOVA UNIV, FAC SOCIAL STUDIES",15,0.0302701236292874,2.82691228492898e-06,0.9971071324743614
2023,H2,MASSON EDITEUR,46,0.3681078700366018,0.1903763442315412,0.5907051731123284
2023,H2,MATHEMATICAL SCIENCE PUBL,41,0.0370256280183678,0.005185740658487843,0.22094125783578097
2023,H1,SPRINGER,20278,0.042551793862637854,0.03846978472964111,0.04704575022299243
2023,H2,KEAI PUBLISHING LTD,1806,0.10825021314772451,0.08748465927423194,0.13322510882414226
2023,H2,MASSACHUSETTS MEDICAL SOC,412,0.011016156952676662,0.0015615038490280756,0.07350285061684285
2023,H2,MEDICAL LIBRARY ASSOC,30,0.0,0.0,0.3329187979532803
2023,H2,"MARY ANN LIEBERT, INC",823,0.0574583659845552,0.034284507592698764,0.09475909590738835
2023,H2,MEDYCYNA PRAKTYCZNA SP K SP ZOO,31,0.14344624573608988,0.022426375468986494,0.550062309728974
2023,H2,Medical Journal Sweden AB,46,0.0,0.0,0.19937668715577814
2023,H2,NATL MINING UNIV,10,0.0,0.0,0.5050651573343293
2023,H2,NATL CENTRE MARINE RESEARCH,26,0.0,0.0,0.23665490699391672
2023,H2,NATL MED ASSOC,41,0.007244318506305147,9.69311135301976e-16,0.9999999999817966
2023,H2,NATL ATHLETIC TRAINERS ASSOC INC,63,0.22701266837337786,0.10726276301322542,0.4178749808293706
2023,H2,MICROBIOLOGY SOC,117,0.05814795923469388,0.01658348326866428,0.1843590118326392
2023,H2,MIT PRESS,126,0.01805552217210268,0.002715526181975412,0.11045360813862592
2023,H2,BMC,12628,0.10834844784832665,0.1004970958279375,0.11673358517270113
2023,H2,"ND Zelinsky Inst Organic Chemistry, RAS - ZIOC RAS",21,0.1157789372975857,0.015600248372068935,0.5196639391601116
2023,H2,NIHR JOURNALS LIBRARY,27,0.0,0.0,0.17660436314620764
2023,H2,NATURE PUBL GROUP,78,0.4462985991518435,0.2785686639148151,0.6272174426272084
2023,H2,NEW YORK BUSINESS GLOBAL LLC,89,0.0,0.0,0.26028020568829685
2023,H2,OAE PUBLISHING INC,30,0.5427255016088177,0.30106805220593635,0.7658199216949535
2023,H2,ONLINE LEARNING CONSORTIUM,40,0.07966559604958783,0.009668796380407354,0.43421780658417913
2023,H2,NORTHEAST FORESTRY UNIV,44,0.044806541166019453,0.0038375221099845387,0.36353912653251846
2023,H2,NONFERROUS METALS SOC CHINA,186,0.06086408682552399,0.024316203078762526,0.14422434701081394
2023,H2,PACINI EDITORE,17,0.0,0.0,0.6281067654701605
2023,H2,PAGEPRESS PUBL,15,0.030598742820333525,4.8574045570773866e-05,0.9535109116707329
2023,H2,PALGRAVE MACMILLAN LTD,102,0.0,0.0,0.11145882878337428
2023,H2,PEERJ INC,289,0.1579446786395719,0.10402555692802577,0.232557424433211
2023,H2,Optica Publishing Group,189,0.05025936602155369,0.019042303635783072,0.12607498801345332
2023,H2,NATL ACAD SCIENCES,1652,0.04320868493503823,0.029541777445574777,0.06278922780902543
2023,H2,MOSBY-ELSEVIER,2145,0.07848420960658624,0.06300239905623586,0.09737505955932133
2023,H2,PHARMACEUTICAL SOC KOREA,29,0.28289095263096264,0.09254267633751877,0.6041157131425884
2023,H2,POLISH CARDIAC SOC,72,0.0,0.0,0.2468434404511956
2023,H2,PROJECT HOPE,102,0.0,0.0,0.07369713865468495
2023,H2,PHYSICIANS POSTGRADUATE PRESS,58,0.10485739959315082,0.028741287220268138,0.31680254779142275
2023,H2,PORTLAND PRESS LTD,94,0.23553164589613626,0.1333611010983348,0.38151829738937365
2023,H2,"Princeton Univ, Dept Mathematics",20,0.0,0.0,0.5385812497553533
2023,H2,RAMAZAN YAMAN,19,0.0,0.0,0.5942128400395656
2023,H2,REGIONAL EURO-ASIAN BIOLOGICAL INVASIONS CENTRE-REABIC,14,0.0,0.0,0.5126655306036527
2023,H2,R FOUNDATION STATISTICAL COMPUTING,47,0.05751567776487815,0.010020060485104478,0.2689752621203465
2023,H2,ROY COLL PHYS LONDON EDITORIAL OFFICE,72,0.0,0.0,0.1588012817032328
2023,H2,RUSSELL SAGE FOUNDATION,16,0.07209598198821236,0.0015966339685057306,0.7905758126693598
2023,H2,ROCKEFELLER UNIV PRESS,234,0.09769440757436289,0.045767198661675494,0.19641110754953245
2023,H2,RADIOLOGICAL SOC NORTH AMERICA (RSNA),259,0.05487860910205358,0.024850044570386365,0.11684548433527332
2023,H2,ROYAL COLL GENERAL PRACTITIONERS,165,0.048087291657923074,0.014148728735904123,0.15096785945507438
2023,H2,SCANDINAVIAN JOURNAL WORK ENVIRONMENT & HEALTH,36,0.10222793065660678,0.027934775429710443,0.31090922972974716
2023,H2,FRONTIERS MEDIA SA,10187,0.13337947350440416,0.12323924495638144,0.1442168084046602
2023,H2,SCIENDO,41,0.0,0.0,0.4240170132090886
2023,H2,SCUOLA NORMALE SUPERIORE,14,0.0,0.0,0.6352712288117073
2023,H2,SEPM-SOC SEDIMENTARY GEOLOGY,39,0.0,0.0,0.3569507431244932
2023,H2,SHANGHAI UNIV,69,0.0,0.0,0.14321107220159887
2023,H2,"SOC ECONOMIC GEOLOGISTS, INC",21,0.0,0.0,0.351713035464589
2023,H2,SHANGHAI UNIV SPORT,31,0.2092275542445476,0.06907898547480755,0.48544117782774315
2023,H2,SHENYANG PHARMACEUTICAL UNIV,34,0.23399609387326845,0.0845010292238407,0.5027349307135498
2023,H2,SOC LEARNING ANALYTICS RESEARCH-SOLAR,17,0.0,0.0,0.5883793964392381
2023,H2,SOC MATHEMATIQUE FRANCE,10,0.0,0.0,0.6722868336726172
2023,H2,SOC BIOLGIA CHILE,30,0.32984615070751366,0.1266758128293352,0.6254892685501394
2023,H2,SOC VAUDOISE SCIENCES NATURELLES,14,0.0,0.0,0.7341952628228754
2023,H2,SOC NUCLEAR MEDICINE INC,153,0.0,0.0,0.17641027298443576
2023,H2,SOC BRASIL PEDIATRIA,46,0.07845200033726957,0.00877815325169093,0.4500512929181475
2023,H2,SPIE-SOC PHOTO-OPTICAL INSTRUMENTATION ENGINEERS,34,0.21963227203669886,0.06839357342559133,0.5189934504023469
2023,H2,SHANGHAI JIAO TONG UNIV PRESS,137,0.10647803109091547,0.04393936042754323,0.23605091027669536
2023,H2,SPANDIDOS PUBL LTD,137,0.16980982980589351,0.10262887780808312,0.2678416035726277
2023,H2,SOC EXPLORATION GEOPHYSICISTS - SEG,194,0.08849055823117627,0.040400518377824435,0.18291242240434605
2023,H2,SOC NEUROSCIENCE,352,0.1255116220026152,0.08326595043793705,0.18486866572091218
2023,H2,SOC PETROLEUM ENG,166,0.03307059915211052,0.009943734555535703,0.10431790177623117
2023,H2,SCIPOST FOUNDATION,256,0.01332532458259838,0.0034679033480637944,0.04980191983039665
2023,H2,SPRINGER FRANCE,89,0.03867353682682153,0.009720278965004452,0.14154168351012325
2023,H2,ROYAL SOC,1230,0.027982307426260105,0.016240147039988686,0.04780189967314657
2023,H2,SPRINGER VIEWEG-SPRINGER FACHMEDIEN WIESBADEN GMBH,14,0.3864286930222249,0.10919827899877486,0.7639138614345237
2023,H2,SIAM PUBLICATIONS,653,0.01164930500895442,0.0045274306611045355,0.029640666565074917
2023,H2,SPRINGER SINGAPORE PTE LTD,272,0.0776465168179445,0.04188165540057935,0.13950584754466908
2023,H2,ROYAL SOC CHEMISTRY,2597,0.12474158297817363,0.09245091917201408,0.1662445714100302
2023,H2,Shahin Digital Publisher,13,0.0,0.0,0.6078073142292727
2023,H2,STAATLICHES MUSEUM TIERKUNDE DRESDEN,12,0.0,0.0,0.34578121938921025
2023,H2,SPRINGER LONDON LTD,307,0.11594082006877669,0.07614572537685754,0.17264693870501666
2023,H2,TAYLOR & FRANCIS AUSTRALIA,25,0.0,0.0,0.3927643614183776
2023,H2,SPRINGER JAPAN KK,229,0.047114264227376065,0.01752015439546071,0.12056289825335346
2023,H2,TAYLOR & FRANCIS AS,68,0.07185808527281175,0.006743938638407987,0.4688806143082509
2023,H2,Tuncer ACAR,10,0.0,0.0,0.7766481478388955
2023,H2,Tubitak Scientific & Technological Research Council Turkey,25,0.0,0.0,0.39943248108877255
2023,H2,"UNIV BARCELONA, DEPT HISTORIA, INST ECONOMIQUES",14,0.0,0.0,0.600641955060101
2023,H2,UBIQUITY PRESS LTD,17,0.16413861531383564,0.02443363662392634,0.6062447941431792
2023,H2,"UNIV CATOLICA NORTE, Inst Invest Arqueologicas y Museo RP Gustavo Le Paige",13,0.07755385173633018,0.0006255610922110223,0.918648397341742
2023,H2,UNIV NEWCASTLE,12,0.0,0.0,0.8542239645944315
2023,H2,UNIV MURCIA,15,0.0,0.0,0.761952192725554
2023,H2,"UNIV KRAGUJEVAC, FAC SCIENCE",49,0.0,0.0,0.2122864732295767
2023,H2,THIEME MEDICAL PUBL INC,75,0.1163333759666066,0.040027138015457694,0.29361471614332507
2023,H2,"UNIV PITTSBURGH, UNIV LIBRARY SYSTEM",12,0.4250013651673426,0.11216899964636988,0.8121779019692023
2023,H2,UNIV ZAGREB FAC MECHANICAL ENGINEERING & NAVAL ARCHITECTURE,14,0.0,0.0,0.24539592676211217
2023,H2,UNIV WISCONSIN PRESS,29,0.0,0.0,0.6039538602242536
2023,H2,Uspekhi Fizicheskikh Nauk,24,0.0,0.0,0.5015148728846394
2023,H2,VASYL STEFANYK PRECARPATHIAN NATL UNIV,24,0.0,0.0,0.552175652708435
2023,H2,UNIV NIS,32,0.08130971957100193,0.010103899847766027,0.43421153289638614
2023,H2,"VILNIUS UNIV, INST MATHEMATICS & INFORMATICS",34,0.0,0.0,0.17678239255357622
2023,H2,TERMEDIA PUBLISHING HOUSE LTD,108,0.07246896109981407,0.024170029201794584,0.19772712569851883
2023,H2,SPRINGER-VERLAG ITALIA SRL,486,0.04078946950434189,0.021856925444245907,0.07486624943323354
2023,H2,VEREIN FORDERUNG OPEN ACCESS PUBLIZIERENS QUANTENWISSENSCHAF,171,0.0,0.0,0.13529617083926498
2023,H2,VIETNAM NATL UNIV,60,0.16265777129825637,0.057315997893844776,0.38295664260111884
2023,H2,UNIV CHICAGO PRESS,152,0.01375890005085762,0.0019412621360402793,0.09096108464439277
2023,H2,VILNIUS GEDIMINAS TECH UNIV,74,0.1063510755131692,0.03897533037189125,0.2588290500263483
2023,H2,US DEPT HEALTH HUMAN SCIENCES PUBLIC HEALTH SCIENCE,104,0.07662563102419083,0.025355187321736847,0.20930554844899316
2023,H2,SCIENCE PRESS,1608,0.06164886595372413,0.044851911761815806,0.08418184112061158
2023,H2,WHITE HORSE PRESS,22,0.0,0.0,0.551773819839294
2023,H2,IOP Publishing Ltd,5680,0.030371215433657776,0.02381076264899789,0.038667635719630014
2023,H2,SPRINGER INT PUBL AG,1060,0.05248505983992218,0.034137687683336415,0.079877765136066
2023,H2,WAGENINGEN ACADEMIC PUBLISHERS,99,0.13097545786900927,0.054860721142585715,0.2812664751128887
2023,H2,SPRINGER BASEL AG,782,0.027856093362371177,0.01444178901505141,0.05305951444130873
2023,H2,WALTER DE GRUYTER GMBH,513,0.06178139606379379,0.035479682683991404,0.10544935798527542
2023,H2,W B SAUNDERS CO LTD,628,0.06851993212458189,0.04168083703129734,0.11064586429520183
2023,H2,SPRINGER/PLENUM PUBLISHERS,1083,0.07915877126411394,0.05792353689462962,0.10729238459180951
2023,H2,SPRINGER WIEN,687,0.03165113888721119,0.01654726684875669,0.05970443590086611
2023,H2,TSINGHUA UNIV PRESS,807,0.09055303401767786,0.0639570252941524,0.12671162649041348
2023,H2,ELSEVIER SCIENCE SA,11040,0.10327958671720074,0.0946200675936912,0.11263302358072108
2023,H2,W B SAUNDERS CO-ELSEVIER INC,1343,0.10761802569552952,0.08491298827657051,0.13549526135896073
2023,H2,"WILEY PERIODICALS, INC",68,0.1394573950811064,0.05059242284478669,0.33013565006097234
2023,H2,WORLD HEALTH ORGANIZATION,20,0.0,0.0,0.4578009221383661
2023,H2,"ZAGREB UNIV, FAC FORESTRY",16,0.0,0.0,0.4223864504596999
2023,H2,WROCLAW MEDICAL UNIV,38,0.0,0.0,0.3209965077269261
2023,H2,Yandy Scientific Press,45,0.2590763501538719,0.10890669623862324,0.5001020171186367
2024,H1,ACAD MEDICINE SINGAPORE,75,0.0,0.0,0.25536113183295606
2024,H1,ACAD CONFERENCES & PUBL INT LTD,32,0.20822071564957204,0.07159435206667482,0.4727980165733215
2023,H2,WILEY-HINDAWI,625,0.12129605332300962,0.08695423949972513,0.16672423089002716
2024,H1,ACAD MANAGEMENT,68,0.0800735456643117,0.015807542511546542,0.32052457395194767
2023,H2,ZHEJIANG UNIV PRESS,113,0.036987527468792164,0.006739274134449416,0.17858992125956563
2024,H1,"ADAM MICKIEWICZ UNIV, KALISZ",18,0.0,0.0,0.46924456705853895
2023,H2,WORLD SCIENTIFIC PUBL CO PTE LTD,368,0.009447013598396848,0.0008032883492533544,0.1016397762520621
2024,H1,AGH UNIV SCIENCE & TECHNOLOGY PRESS,19,0.0,0.0,0.6647079528841084
2024,H1,ACTA DERMATO-VENEREOLOGICA,122,0.05106396466321796,0.00791164518572133,0.26638372643633673
2023,H2,OXFORD UNIV PRESS INC,7382,0.09294430603665844,0.08331721720843949,0.1035581133511533
2024,H1,ALEXANDER VON HUMBOLDT INST INTERNET & SOC,24,0.0,0.0,0.3058380235196549
2024,H1,AKADEMIAI KIADO ZRT,53,0.23698092088617811,0.08967519888368904,0.49475029711028357
2024,H1,AMER ACCOUNTING ASSOC,39,0.0,0.0,0.17101509846320892
2024,H1,AMER ACAD SLEEP MEDICINE,114,0.0,0.0,0.1897864800950905
2024,H1,AME PUBLISHING COMPANY,152,0.13194597694519974,0.05585708030687524,0.280851564406298
2023,H2,WOLTERS KLUWER MEDKNOW PUBLICATIONS,485,0.12040482664060745,0.08152334662197107,0.1743109816728683
2023,H2,TAYLOR & FRANCIS INC,2528,0.09542182919351282,0.07738880368116614,0.11712344557484287
2024,H1,AMER ACAD PEDIATRICS,232,0.04719331677238596,0.017667417316493923,0.12003363702642414
2024,H1,ADIS INT LTD,588,0.09079434604431172,0.059083333577761035,0.13704621965573377
2023,H2,eLIFE SCIENCES PUBL LTD,1440,0.08371690506347418,0.06338641023822955,0.10980372001621613
2024,H1,AMER ASSOC CRITICAL CARE NURSES,30,0.0,0.0,0.37154370927826674
2024,H1,AMER ASSOC INTELLECTUAL and DEVELOPMENTAL DISABILITIES-AAIDD,17,0.022697219140076653,5.733198083161411e-08,0.9998937170062797
2024,H1,AMER BOARD FAMILY MEDICINE,58,0.05301263429835448,0.005280273965062955,0.3712103411884455
2024,H1,AMER ASSOC NEUROLOGICAL SURGEONS,358,0.07654275389491386,0.04543602552883963,0.12613195919760656
2022,H2,ELSEVIER,67401,0.04680802720038604,0.04436609481944658,0.04937742008847433
2023,H2,SPRINGER HEIDELBERG,4464,0.05544539123253009,0.04546798545562212,0.06745749129515526
2023,H1,ELSEVIER SCI LTD,35503,0.04702425621892106,0.04352956450503109,0.0507846160486392
2023,H2,SAGE PUBLICATIONS LTD,3060,0.05083432307594734,0.03921463198996805,0.06566174308464164
2024,H1,AMER ECONOMIC ASSOC,210,0.0,0.0,0.17547232511819266
2023,H2,ELSEVIER SCIENCE INC,14285,0.08396780876440463,0.07706004051092308,0.09143345405676323
2024,H1,ACOUSTICAL SOC AMER AMER INST PHYSICS,1369,0.059175705283011935,0.04073075461717747,0.08523131555822898
2023,H2,TAYLOR & FRANCIS LTD,4920,0.11274885305062526,0.09810312004869418,0.1292676545186705
2024,H1,AMER INST AERONAUTICS ASTRONAUTICS,70,0.0167007581892158,2.9785241805982928e-05,0.906408370992685
2024,H1,AMER COLL PHYSICIANS,197,0.06833510618961573,0.024064496886973086,0.1791024665044619
2024,H1,AMER ASSOC ADVANCEMENT SCIENCE,2475,0.12221570859456518,0.1002388020262031,0.1482172306004627
2024,H1,AMER MATHEMATICAL SOC,128,0.21401789114749825,0.13269515303482438,0.3264220133768022
2024,H1,"AMER OCCUPATIONAL THERAPY ASSOC, INC",98,0.1257713816953873,0.05085069706376165,0.27866769744213726
2024,H1,AMER SOC CELL BIOLOGY,36,0.0,0.0,0.2932669440990297
2024,H1,"AMER PSYCHIATRIC PUBLISHING, INC",120,0.0510317362423761,0.0026922119913500232,0.5172034573571526
2024,H1,AMER PUBLIC HEALTH ASSOC INC,122,0.013383668376091892,4.711689153923133e-07,0.997446049261546
2024,H1,AMER SOC ENGINEERING EDUCATION,26,0.11609725755780217,0.01164127981929212,0.5942711899971277
2024,H1,AMER ROENTGEN RAY SOC,102,0.029236866201036896,0.0001247710275400098,0.8790645515712306
2024,H1,AMER METEOROLOGICAL SOC,338,0.04660858864426846,0.021664149103833796,0.09741460384399407
2024,H1,AMER SPINAL INJURY ASSOC,14,0.24155124099819722,0.05138741924793738,0.6518588093523902
2024,H1,AMER SOC NEURORADIOLOGY,213,0.0,0.0,0.10933398371149196
2024,H1,ANNALS FAMILY MEDICINE,50,0.07474288239519966,0.01209720447352929,0.34764083061141315
2024,H1,AMER SOC PHARMACOLOGY EXPERIMENTAL THERAPEUTICS,102,0.15960228538898952,0.07715740071692273,0.3013727847255087
2024,H1,ASSOCIACAO BRASILEIRA PESQUISA POS-GRADUACAO FISIOTERAPIA-ABRAPG-FT,27,0.0,0.0,0.38882328723788107
2024,H1,ASSOC BRASILEIRA PSIQUIATRIA,72,0.18360182920742624,0.036092791257748086,0.574598077281385
2024,H1,ASSOC INFORMATION SYSTEMS,26,0.15227523878705854,0.030542515597275548,0.5059707824642824
2023,H1,PERGAMON-ELSEVIER SCIENCE LTD,31007,0.048033922908841925,0.04425845260923478,0.0521138985641964
2024,H1,ASIAN-AUSTRALASIAN ASSOC ANIMAL PRODUCTION SOC,125,0.044019240663971324,0.005303544832833849,0.2845180380863847
2024,H1,ATHABASCA UNIV PRESS,19,0.3878706891013652,0.1512997916929796,0.6925141669010852
2024,H1,ATOMIC SPECTROSCOPY PRESS LTD,22,0.2391905477464236,0.05363091144239277,0.6355872409962154
2024,H1,AUSTRALIAN PHYSIOTHERAPY ASSOC,14,0.11729455176341505,0.006879122210089474,0.7182413528085924
2024,H1,AUSTRALASIAN SOC COMPUTERS LEARNING TERTIARY EDUCATION-ASCILITE,18,0.13043551963122715,0.01821750961554279,0.5480412430682955
2024,H1,BIEMDAS ACAD PUBLISHERS INC,20,0.0,0.0,0.35267150104075823
2024,H1,AMER DIABETES ASSOC,918,0.15389819254680007,0.1196208526334717,0.19581306301016857
2024,H1,BASTAS PUBL LTD - UK,28,0.5038721173676556,0.2553542834696614,0.7504912837003269
2024,H1,BENTHAM SCIENCE PUBL LTD,40,0.25523254830764314,0.11435913370257185,0.47631121121523123
2024,H1,AMER SOC CLINICAL INVESTIGATION INC,533,0.20433445496757818,0.15102513886434263,0.27046624946733905
2024,H1,BIOSCIENTIFICA LTD,52,0.5401106036566519,0.32819749489441663,0.7384493780757914
2024,H1,AMER THORACIC SOC,337,0.11634441415026482,0.051091816234404265,0.24354574260930656
2024,H1,AMER SPEECH-LANGUAGE-HEARING ASSOC,271,0.018134839902151513,0.0021853753387662284,0.13476621950031323
2023,H2,"ROUTLEDGE JOURNALS, TAYLOR & FRANCIS LTD",6509,0.04964145970498693,0.040226726102045675,0.06111931678899841
2024,H1,AMER SOC HEMATOLOGY,282,0.11378553115367664,0.06510512899912396,0.1914127533386055
2024,H1,ASSOC RESEARCH VISION OPHTHALMOLOGY INC,254,0.1758290138008629,0.11237417373413477,0.26444036326943965
2024,H1,AMER SOC NEPHROLOGY,353,0.110297144723626,0.06790831099043738,0.17420033317399988
2024,H1,BAISHIDENG PUBLISHING GROUP INC,522,0.18628076392963638,0.1322536607108968,0.25587060853795746
2024,H1,ASCE-AMER SOC CIVIL ENGINEERS,412,0.18349840055870772,0.1326985789251787,0.24818058733535742
2024,H1,AMER SOC MICROBIOLOGY,900,0.17040979751825622,0.13266567170885138,0.21621538836374193
2024,H1,ANNUAL REVIEWS,503,0.10010813713321488,0.061026824713207424,0.15995353126404369
2024,H1,AMER PSYCHOLOGICAL ASSOC,667,0.026869381074013356,0.011921380037005703,0.05943301341779092
2024,H1,AMER PHYTOPATHOLOGICAL SOC,489,0.022923653505241413,0.008920380504494724,0.05763108409804734
2024,H1,BRISTOL UNIV PRESS & POLICY PRESS,20,0.0,0.0,0.625399717342184
2024,H1,BRILL,91,0.0,0.0,0.2079573984102052
2024,H1,BRITISH INST RADIOLOGY,28,0.05964646226202039,0.00014857888462762125,0.9643808818283818
2024,H1,BRAZILIAN SOC UROL,42,0.1651459680887937,0.04486237889723419,0.4544768066208142
2024,H1,"CAIRO UNIV, FAC COMPUTERS & INFORMATION",38,0.25290421108388716,0.10105466794862757,0.504798697235104
2024,H1,C EJ PUBLISHING GROUP,128,0.2403897427069069,0.14923102620711423,0.3634449879686612
2024,H1,"CAS, INST OPTICS & ELECTRONICS, ED OFF OPTO-ELECTRONIC JOURNALS",36,0.2276231176023254,0.0860564272389898,0.47981171068850464
2024,H1,CANADIAN SCIENCE PUBLISHING,83,0.13399312156555138,0.04979272149925529,0.31358812259594054
2023,H2,PUBLIC LIBRARY SCIENCE,8789,0.0780195521190884,0.0699252043638256,0.08696327027865772
2024,H1,ASSOC COMPUTING MACHINERY,868,0.06899138834193114,0.04606416424704928,0.10210856428518772
2024,H1,CANADIAN OPHTHAL SOC,56,0.038106703675528486,0.00587463665538034,0.20985369732897785
2024,H1,BRITISH EDITORIAL SOC BONE & JOINT SURGERY,207,0.06343763946744903,0.02655576892583778,0.14396710662068257
2024,H1,CHINA ELECTRIC POWER RESEARCH INST,29,0.0,0.0,0.46167065101758276
2024,H1,CHIN SOCIETY IMMUNOLOGY,52,0.6549408554298369,0.379787668375847,0.8547195955460746
2024,H1,CHINA ANTI-CANCER ASSOC,48,0.19987038650105102,0.04053735810776628,0.5962682851547408
2024,H1,CHINESE JOURNAL NATURAL MEDICINES,44,0.439290024704217,0.20563602569381592,0.7033592805267971
2024,H1,CHINESE JOURNAL CANCER RESEARCH CO,44,0.049566147187911594,0.00042792909359502584,0.8639983755193685
2024,H1,AMER INST MATHEMATICAL SCIENCES-AIMS,2124,0.06157206537082502,0.04512544856682462,0.08348878835505395
2024,H1,"CHINA UNIV GEOSCIENCES, WUHAN",65,0.10539325392513903,0.034198246760114424,0.2815902690861449
2023,H2,SPRINGERNATURE,6556,0.12403947861838889,0.11190804647545247,0.13728273079610373
2024,H1,CLEVELAND CLINIC,34,0.0,0.0,0.6664560555202231
2024,H1,CODON PUBLICATIONS,14,0.31229625873455186,0.06389170516395451,0.7513321801225473
2024,H1,COLL FAMILY PHYSICIANS CANADA,52,0.0,0.0,0.3436857020833017
2024,H1,COLEGIO OFICIAL PSICOLOGOS MADRID,18,0.1985870860518533,0.028408957828869284,0.6774184687940707
2024,H1,"CHINA UNIV GEOSCIENCES, BEIJING",68,0.045138674210969294,0.009193666173689405,0.19409015100962604
2024,H1,CMA-CANADIAN MEDICAL ASSOC,128,0.0,0.0,0.1267513384184785
2024,H1,COLEGIO OFICIAL DE PSICOLOGOS DE ASTURIAS,37,0.056543243159667085,0.007946162865406777,0.3095975593244232
2024,H1,CSIRO PUBLISHING,15,0.0,0.0,0.443187132087719
2024,H1,COGITATIO PRESS,112,0.01205129529691684,7.3746352331347e-05,0.668606236173745
2024,H1,CRACOW UNIV ECONOMICS,11,0.05388403106223164,6.63502255500176e-05,0.9799531960323051
2024,H1,CROATIAN SOC MEDICAL BIOCHEMISTRY & LABORATORY MEDICINE,32,0.33789952519826233,0.10251379560227909,0.6951404870099153
2024,H1,CZECH ACADEMY AGRICULTURAL SCIENCES,41,0.0,0.0,0.1947353661406523
2024,H1,DE GRUYTER MOUTON,32,0.0,0.0,0.42739882088795983
2024,H1,Cherkas Global Univ Press,45,0.0,0.0,0.22388349168566885
2024,H1,CHINESE LASER PRESS,137,0.11967269778545901,0.05941114528560862,0.22634909499680636
2024,H1,DEUTSCHER AERZTE-VERLAG GMBH,43,0.0,0.0,0.418795401829925
2024,H1,COLL AMER PATHOLOGISTS,88,0.05126044680642737,0.013128804673858593,0.17994814102350887
2024,H1,CURRENT MEDICINE GROUP,79,0.12754193773152986,0.0433569198511226,0.3204347345814787
2024,H1,"COLD SPRING HARBOR LAB PRESS, PUBLICATIONS DEPT",201,0.09251106541999708,0.039907837105729885,0.20000715245006706
2024,H1,CHINESE CHEMICAL SOC,140,0.12717709778457073,0.0599924082543356,0.2496210739000814
2024,H1,E SCHWEIZERBARTSCHE VERLAGSBUCHHANDLUNG,13,0.0,0.0,0.2537998776473088
2024,H1,CENTERS DISEASE CONTROL & PREVENTION,190,0.020124295234767182,0.0029338296449570186,0.12537485102824328
2024,H1,EDICIONES PROFESIONALES INFORMACION SL-EPI,18,0.0,0.0,0.258766012128687
2024,H1,EDICIONES DOYMA S A,22,0.0,0.0,0.5047958121042756
2024,H1,EDITURA ASE,32,0.0,0.0,0.1521510460754784
2024,H1,"E H ANGLE EDUCATION RESEARCH FOUNDATION, INC",35,0.24738453864357693,0.07506019080944844,0.5710698411093816
2024,H1,DUKE UNIV PRESS,324,0.0,0.0,0.06025335706022743
2024,H1,CURRENT BIOLOGY LTD,233,0.15031147607999612,0.08598882789289218,0.24960970098463192
2024,H1,COMPANY BIOLOGISTS LTD,270,0.15399744448194272,0.09640581906778042,0.23697087418278576
2024,H1,EDIZIONI MINERVA MEDICA,125,0.14656810735265646,0.06716342852041544,0.2906045111584381
2023,H2,SAGE PUBLICATIONS INC,4762,0.06784372244076073,0.05635041086492601,0.08147881872565144
2024,H1,CHURCHILL LIVINGSTONE,812,0.18093413244820158,0.14219951302882125,0.22742256240513647
2024,H1,AMER PHYSIOLOGICAL SOC,2585,0.17851510456141162,0.15840831176863018,0.2005658323973623
2024,H1,CHURCHILL LIVINGSTONE INC MEDICAL PUBLISHERS,405,0.07791990542562724,0.046618721776467344,0.12742856418529833
2024,H1,EDUCATIONAL PUBLISHING FOUNDATION-AMERICAN PSYCHOLOGICAL ASSOC,221,0.02373193394604214,0.003755878162634108,0.1355021775121521
2024,H1,AMER MEDICAL ASSOC,3168,0.054410474636870244,0.04154809491532256,0.07095996044175552
2024,H1,AMER GEOPHYSICAL UNION,2691,0.050596308023514995,0.0380563312366144,0.06698062673044436
2024,H1,DOVE MEDICAL PRESS LTD,862,0.21837577847482026,0.17669268673165633,0.26670674674842015
2024,H1,DE GRUYTER POLAND SP Z O O,578,0.0969088305998919,0.06360239674939504,0.14495674026788277
2024,H1,COPERNICUS GESELLSCHAFT MBH,1054,0.041234659010985754,0.026764133363778923,0.06302231215258942
2024,H1,ACADEMIC PRESS INC ELSEVIER SCIENCE,8392,0.12914186133117767,0.11799888535719366,0.14116868073323002
2024,H1,AIP Publishing,4003,0.05525062537741567,0.044760831124996445,0.06802366611516115
2024,H1,EDP SCIENCES S A,1205,0.008971614958199134,0.00408985345218621,0.019565902384693794
2024,H1,ACADEMIC PRESS LTD- ELSEVIER SCIENCE LTD,4325,0.13522407077247015,0.1200079785775454,0.15203612470541675
2024,H1,ELSEVIER - DIVISION REED ELSEVIER INDIA PVT LTD,82,0.3012573217596736,0.17910708303367387,0.4600288023431196
2024,H1,ELSEVIER ESPANA,87,0.1454199639367612,0.057315836556214986,0.32260753980517254
2024,H1,ELSEVIER ESPANA SLU,80,0.03146203991066084,0.004757862474536631,0.18081666031620242
2024,H1,ELSEVIER ADVANCED TECHNOLOGY,664,0.256782901107671,0.20994341960585125,0.309972489140319
2024,H1,"ELSEVIER MASSON, CORP OFF",123,0.09259066131056537,0.040353131726483776,0.19846523835667823
2024,H1,ELSEVIER INC,308,0.12688585260772914,0.07836601970875735,0.19896127501043986
2024,H1,ELSEVIER GMBH,1124,0.23009369252245224,0.19335170147654104,0.271467947686796
2023,H2,AMER CHEMICAL SOC,22613,0.0818154987926062,0.07595576036267694,0.08808420443964357
2024,H1,BMJ PUBLISHING GROUP,7099,0.0742327531191,0.06545313928329585,0.08408407028798726
2024,H1,ELSEVIER FRANCE-EDITIONS SCIENTIFIQUES MEDICALES ELSEVIER,2622,0.22446424343466284,0.1997529768059749,0.25127263723639554
2024,H1,AMER PHYSICAL SOC,5512,0.041425709922370504,0.03350495536279749,0.051119933217382736
2023,H2,WILEY-V C H VERLAG GMBH,11284,0.09512544403190759,0.08604861884732884,0.10504968527760232
2024,H1,ELSEVIER SCIENCE LONDON,366,0.42654370374002754,0.35428547434638863,0.5020801606170088
2024,H1,EQUINOX PUBLISHING LTD,12,0.0,0.0,0.6664752951502361
2024,H1,ELSEVIER SINGAPORE PTE LTD,142,0.18664530124760584,0.09932718175373284,0.32318091279870254
2024,H1,"ETHNICITY & DISEASE, INC",15,0.0,0.0,0.3712745644132726
2024,H1,"ESMON PUBLICIDAD S A, DEPT ALLERGY & CLIN IMMUNOL, CLIN UNIV NAVARRA",13,0.1867933570451767,0.021937815117819514,0.7016980200423956
2024,H1,EUROPEAN ASSOC GEOCHEMISTRY,23,0.0,0.0,0.4160153836942154
2024,H1,EUROPA EDITION,62,0.2031081894151355,0.054431789737750085,0.5301826098120629
2024,H1,FRANZ STEINER VERLAG GMBH,14,0.0,0.0,0.7968287646738682
2024,H1,ELSEVIER TAIWAN,281,0.21055286856707425,0.13833775012526706,0.307033038669121
2024,H1,FOUNDATION REHABILITATION INFORMATION,65,0.13643659663420712,0.054671492226484736,0.30148749775086403
2024,H1,EUR CENTRE DIS PREVENTION & CONTROL,122,0.050708194806283455,0.012705346727275286,0.1814860285658979
2024,H1,EXCERPTA MEDICA INC-ELSEVIER SCIENCE INC,124,0.05114028429795735,0.015256723781351131,0.15788944856816814
2024,H1,FERRATA STORTI FOUNDATION,253,0.10879007962846468,0.04736085536317292,0.2306083054325035
2024,H1,ENDOCRINE SOC,448,0.08385386201133965,0.04821265761908985,0.1419142963411647
2024,H1,EUROPEAN MATHEMATICAL SOC-EMS,217,0.009607301360992866,0.0013733752923707954,0.06404108258502676
2024,H1,GEOMETRY & TOPOLOGY PUBLICATIONS,27,0.0,0.0,0.49705652625221713
2024,H1,FUTURE MEDICINE LTD,78,0.44848524288760794,0.24056197544303543,0.6761239048862806
2024,H1,HARVARD GRADUATE SCHOOL EDUCATION,12,0.0,0.0,0.8735255061781495
2024,H1,HANLEY & BELFUS-ELSEVIER INC,40,0.0,0.0,0.16654262102211884
2024,H1,GLOBAL SCIENCE PRESS,32,0.04492209041651356,0.0062660334014760476,0.25972458912786206
2024,H1,HUMANA PRESS INC,33,0.0,0.0,0.19111281745871184
2024,H1,HONG KONG ACAD MEDICINE PRESS,30,0.02688997144512427,0.0002991073627375745,0.7184773603119525
2024,H1,GEOSCIENCEWORLD,65,0.046595036091615465,0.008276146342026083,0.22252289211405707
2024,H1,HARBORSIDE PRESS,161,0.1443685964078616,0.05190597395266242,0.3421066928651942
2024,H1,EUROPEAN RESPIRATORY SOC JOURNALS LTD,432,0.06367966175737765,0.032435913423543704,0.12124749272564135
2024,H1,HIGHER EDUCATION PRESS,201,0.1492104569172325,0.08762148229296828,0.242580197111067
2024,H1,"GEOLOGICAL SOC AMER, INC",231,0.03261857999351932,0.009787685167901879,0.10315714244504873
2024,H1,HINDAWI LTD,239,0.10305686703173607,0.05306971572732998,0.19064817345340054
2023,H2,LIPPINCOTT WILLIAMS & WILKINS,23316,0.09016030833597667,0.084860685295144,0.09575626653873608
2024,H1,HUMAN KINETICS PUBL INC,218,0.04327191652506063,0.014159668405337899,0.12466964041273634
2024,H1,EMERALD GROUP PUBLISHING LTD,1625,0.1571799656430962,0.13217998528714323,0.18589547191360617
2024,H1,IMPRINT ACADEMIC,15,0.0,0.0,0.3652255271331325
2024,H1,INST ECONOMIC RESEARCH-POLAND,17,0.2572183259041927,0.09411950567898185,0.5357857694870218
2024,H1,INST BADAN GOSPODARCZYCH,22,0.09477486961234613,0.004441466169963422,0.7107358587484698
2024,H1,INT COUNCIL RESEARCH & INNOVATION BUILDING & CONSTRUCTION,21,0.49056308994713027,0.18395673373272595,0.8044373880032792
2024,H1,INST MATHEMATICS & INFORMATICS,17,0.16396642408689655,0.02184497114664638,0.6326688150376295
2024,H1,IGI GLOBAL,109,0.4608084791002899,0.323112397775151,0.6047575701656533
2024,H1,INT SCIENTIFIC RESEARCH PUBLICATIONS,86,0.0,0.0,0.13407282957279393
2024,H1,INT SOC BAYESIAN ANALYSIS,34,0.0,0.0,0.4086158028896737
2024,H1,INT RHINOLOGIC SOC,29,0.09887406688566534,0.008493178504441496,0.5842795368572854
2024,H1,"INT PRESS BOSTON, INC",49,0.0,0.0,0.2454953118217689
2024,H1,INT PRESS EDITING CENTRE INC,49,0.3557508223105898,0.19082510960896568,0.5638858147818001
2024,H1,INT UNION AGAINST TUBERCULOSIS LUNG DISEASE (I U A T L D),34,0.11476969367767295,0.019351478075505673,0.45998687999605986
2024,H1,INTER-RESEARCH,135,0.0,0.0,0.040748040251245086
2024,H1,"INST MATERIA MEDICA, CHINESE ACAD MEDICAL SCIENCES",170,0.36414600557827237,0.24066066938038888,0.5085573365635087
2024,H1,INT SOC GLOBAL HEALTH,143,0.18403264106865075,0.09132712760404868,0.33604146410790187
2024,H1,INST MATHEMATICAL STATISTICS-IMS,103,0.013034401173067749,0.0018335535248852407,0.0867149283848325
2024,H1,INT SOC AGING & DISEASE,225,0.42834982204160665,0.3373488958437189,0.5244696542044809
2024,H1,IOS PRESS,21,0.08234807147493675,0.0012696194742491114,0.8636616462255949
2024,H1,IWA PUBLISHING,19,0.0,0.0,0.5719881533702742
2024,H1,IRCA-BSSA,38,0.14344221443152308,0.030158243142791776,0.47419684308780796
2024,H1,J A S S S,33,0.0,0.0,0.1866291708220901
2024,H1,J O S P T,18,0.17866150023632246,0.025586832295545356,0.6431064749021435
2024,H1,JAPAN ACAD,33,0.0,0.0,0.2587726789464969
2024,H1,GEORG THIEME VERLAG KG,1698,0.08327300105789533,0.052759476120289965,0.12903017655089155
2024,H1,JAPAN EPIDEMIOLOGICAL ASSOC,61,0.0,0.0,0.27876608856307306
2024,H1,Inst Navigation - ION,33,0.08392212524285743,0.0028365194872684986,0.7468557891512896
2024,H1,JAPANESE SOC ALLERGOLOGY,28,0.11216275434747332,0.011964642140331026,0.5685868225478586
2024,H1,JAPAN PROSTHODONTIC SOC,51,0.274080104615716,0.08912944075708888,0.5929737823658148
2024,H1,JAPAN NEUROSURGICAL SOC,56,0.11400743036399845,0.022683129259976315,0.4163681871488861
2024,H1,JAPANESE SOC HYGIENE,75,0.07573638863724469,0.012683807974933618,0.3432570655808116
2024,H1,INT UNION CRYSTALLOGRAPHY,193,0.028045179437002257,0.005010373461914685,0.14187988471847768
2024,H1,JOURNAL STATISTICAL SOFTWARE,20,0.12043849135716257,0.020960907714272496,0.46688449042568037
2024,H1,JOHN BENJAMINS PUBLISHING CO,84,0.06383032902749576,0.013171350779823487,0.2583266178342551
2024,H1,KOREA HEALTH PERSONNEL LICENSING EXAMINATION INST,15,0.0,0.0,0.42817141340151904
2024,H1,KOREAN ACAD REHABILITATION MEDICINE,20,0.3689256412916984,0.1142481562519474,0.725996985857856
2024,H1,KOREAN ASSOC ORTHODONTISTS,17,0.08207423464132509,0.0016583751856974838,0.8279649291321698
2024,H1,KOREAN BIOCHIP SOCIETY-KBCS,25,0.4065219709027086,0.16652774502031295,0.701345667687034
2024,H1,KERMAN UNIV MEDICAL SCIENCES,58,0.1712538211157083,0.06208897221477418,0.39211094141624864
2024,H1,KOREAN ACAD PROSTHODONTICS,33,0.14186458561574083,0.0010944339923404823,0.9614558775882294
2024,H1,KOREAN SOC COLOPROCTOLOGY,25,0.0,0.0,0.4758320194545844
2024,H1,JOHN WILEY & SONS INC,165,0.07279065809218531,0.021008979358867825,0.2231139686092349
2024,H1,KOREAN ASSOC STUDY LIVER,35,0.10248368705314781,0.016091838875722807,0.4435825257245052
2024,H1,JOURNAL OF CENTRAL SOUTH UNIV,124,0.10128155903058463,0.04298567741163826,0.2204270438653464
2024,H1,KOREAN DIABETES ASSOC,64,0.30344621543138844,0.16784048352465553,0.48478691247127337
2024,H1,KOREAN SOC LABORATORY MEDICINE,23,0.3708804364253718,0.10714807616225311,0.74332559824655
2024,H1,KOREAN SOC GINSENG,34,0.24689321635414563,0.05632107195084871,0.6429554856949256
2024,H1,CAMBRIDGE UNIV PRESS,4290,0.037623210156445236,0.029044310958554708,0.048609223743638574
2024,H1,KOREAN SOC OTORHINOLARYNGOL,17,0.5598355028826493,0.23381450970194226,0.8412936531073291
2024,H1,KOREAN SOC PEDIATRIC ENDOCRINOLOGY,31,0.0,0.0,0.4286832668809502
2024,H1,KOREAN SOC ANESTHESIOLOGISTS,37,0.18931989282976477,0.05329740214398851,0.49205732263450797
2024,H1,KOREAN SOC STUDY OBESITY,15,0.03309810522766895,6.796123340741303e-12,0.9999999942001093
2024,H1,KOREAN SOC GYNECOLOGY ONCOLOGY & COLPOSCOPY,77,0.229079768009863,0.05787334766382577,0.5897310071642219
2024,H1,KOREAN SOC HORTICULTURAL SCIENCE,44,0.03190428039148398,0.0006960873546353402,0.6092492322779444
2024,H1,KOREAN SOC NEPHROLOGY,55,0.3088117948398093,0.155404244016367,0.5203557652168272
2024,H1,KOREAN STROKE SOC,31,0.1591712489355097,0.03331628700894551,0.5097513325687218
2024,H1,Korean Pediatric Soc,22,0.37443763745800906,0.07262671895406574,0.8206226598103011
2024,H1,LABORATORY KNOWLEDGE MANAGEMENT & E-LEARNING UNIV,10,0.09915864819342109,0.0024181211306680047,0.8332901754942985
2024,H1,KOREAN SOC PRECISION ENG,54,0.21169850992580688,0.08387028220835573,0.44064412158911453
2024,H1,KOREAN SOC SEXUAL MEDICINE & ANDROLOGY,82,0.2873857864084365,0.0937323486165245,0.6112719503597256
2024,H1,KOREAN SPINAL NEUROSURGERY SOC,77,0.3645579586585245,0.17158847765117344,0.6137588837690517
2024,H1,KOREAN SOCIETY ANIMAL SCIENCE & TECHNOLOGY,64,0.21523704889036982,0.09633304957052116,0.4137137044861531
2024,H1,LAWBOOK CO LTD,23,0.029018241138536252,0.0001031764833897121,0.8964325844415125
2024,H1,KOREAN SOCIETY OF RADIOLOGY,93,0.15694883250867542,0.03947049320784528,0.4575314960725422
2024,H1,KOREAN ACAD MEDICAL SCIENCES,227,0.26223061884034526,0.16183395024053326,0.3955197043686075
2024,H1,KOREAN FIBER SOC,132,0.14907357901816665,0.08016334943527507,0.26044794837116964
2024,H1,KARGER,281,0.12687324461226746,0.06561391984476153,0.23117602585251926
2024,H1,KOREAN INST METALS MATERIALS,128,0.10426175814261526,0.04742664180240354,0.21391197340161797
2024,H1,LIFE SCIENCE ALLIANCE LLC,158,0.17546052835902923,0.09525797515891121,0.30074332788240227
2024,H1,KOREAN NUCLEAR SOC,293,0.13937614846978846,0.08664562858353496,0.21658747082181337
2024,H1,IVYSPRING INT PUBL,832,0.3497225228209418,0.2934879898885832,0.41047194184522656
2024,H1,"JMIR PUBLICATIONS, INC",1090,0.23860740299179628,0.2012205724682193,0.2805013716473838
2024,H1,INFORMS,429,0.03271562392399074,0.012084475521735392,0.08552010657977147
2024,H1,JOURNAL MATER SCI TECHNOL,551,0.1356942209774018,0.09886841266890292,0.1834443396701937
2024,H1,BMC,15082,0.15290449802160758,0.14419389629823437,0.1620416656024672
2023,H2,NATURE PORTFOLIO,23551,0.08576623484157286,0.08002023167444347,0.09188363159500644
2024,H1,JOHN WILEY & SONS LTD,811,0.18831863023578063,0.1513389923169573,0.2318654861712844
2024,H1,MAGNOLIA PRESS,37,0.0,0.0,0.46523980920486324
2024,H1,"MASARYKOVA UNIV, FAC SOCIAL STUDIES",23,0.0,0.0,0.38368572002115126
2024,H1,MATHEMATICAL SCIENCE PUBL,41,0.0,0.0,0.3482740853520839
2024,H1,MASSON EDITEUR,27,0.3159755438181279,0.11148813202321661,0.6297098221504573
2024,H1,MANAGED CARE & HEALTHCARE COMMUNICATIONS LLC,66,0.08092084804469486,0.020642385220631897,0.2688920461762158
2024,H1,KEAI PUBLISHING LTD,2271,0.19017006064307587,0.1664189500321438,0.21643079230317633
2024,H1,MASSACHUSETTS MEDICAL SOC,408,0.0033448878427840933,8.969829870673927e-09,0.9992042710313275
2024,H1,IEEE COMPUTER SOC,3108,0.1136825929350904,0.09770366130941016,0.13189280270014744
2024,H1,CELL PRESS,16698,0.19788171662286053,0.18753646905443166,0.2086510895331566
2024,H1,"MARY ANN LIEBERT, INC",953,0.12187057225424752,0.08598740823855983,0.16994384241654076
2024,H1,MICH LAW REV ASSOC,29,0.0,0.0,0.5129820666849799
2024,H1,MEDICAL LIBRARY ASSOC,28,0.010054761245444967,6.567161462079829e-15,0.9999999999363415
2024,H1,MEDYCYNA PRAKTYCZNA SP K SP ZOO,85,0.16163763813203846,0.05504275300673584,0.3895611421593007
2024,H1,Medical Journal Sweden AB,49,0.0,0.0,0.26004722957689025
2024,H1,NATL CENTRE MARINE RESEARCH,24,0.0,0.0,0.20151122542041885
2024,H1,MICROBIOLOGY SOC,103,0.12106317325643377,0.04977570597110601,0.2658794924938922
2024,H1,NATL MED ASSOC,30,0.012157727263118366,4.864732858777489e-12,0.9999999678834118
2024,H1,NATL ATHLETIC TRAINERS ASSOC INC,69,0.2020356789697401,0.09043304893006225,0.3920077967581346
2024,H1,MIT PRESS,440,0.03903089281056054,0.01951705893654397,0.07653241903828453
2024,H1,"ND Zelinsky Inst Organic Chemistry, RAS - ZIOC RAS",18,0.0,0.0,0.6122960613204511
2024,H1,NEW YORK BUSINESS GLOBAL LLC,83,0.0,0.0,0.17330324775569944
2024,H1,NIHR JOURNALS LIBRARY,30,0.10038444061871593,0.017148303483086217,0.41645051922629006
2024,H1,OCEANOGRAPHY SOC,18,0.14504719095554716,0.036279268427572946,0.4332952292318781
2024,H1,ONLINE LEARNING CONSORTIUM,28,0.12619607925660054,0.016394355424959508,0.5558286647573515
2024,H1,NATURE PUBL GROUP,116,0.2784780434545033,0.16515358120783788,0.42955297287928534
2024,H1,OAE PUBLISHING INC,81,0.24054732871972723,0.12822557428478565,0.4054945162499233
2024,H1,NORTHEAST FORESTRY UNIV,69,0.08579123574728419,0.025667469548886362,0.25053594413844454
2024,H1,NONFERROUS METALS SOC CHINA,256,0.1532427393746672,0.09579629680795083,0.23614154724973524
2024,H1,MOSBY-ELSEVIER,2111,0.07139116453919131,0.05657069812273865,0.08972505271879724
2024,H1,PAGEPRESS PUBL,13,0.0,0.0,0.6926199930186152
2024,H1,PACIFIC AFFAIRS UNIV BRITISH COLUMBIA,14,0.0,0.0,0.5436845990071971
2024,H1,PACINI EDITORE,21,0.016770796944026705,8.204153473152349e-08,0.9997180880416391
2024,H1,PALGRAVE MACMILLAN LTD,78,0.039827931480208946,0.004854402798471179,0.260747869026406
2024,H1,Optica Publishing Group,164,0.09664844836475722,0.04430372820235911,0.1980237597865996
2023,H2,SPRINGER,19914,0.06906940056037127,0.06378096456292512,0.07476131461718401
2024,H1,PEERJ INC,366,0.3306171855350446,0.2614980501717756,0.4079146146184501
2024,H1,NATL ACAD SCIENCES,1721,0.056571963435835884,0.040948143130999176,0.07767426489880482
2024,H1,ELSEVIER IRELAND LTD,3916,0.18778491641060102,0.16908829757492996,0.208031287928794
2024,H1,FRONTIERS MEDIA SA,9957,0.1799997704177381,0.168158565270333,0.19248185663502682
2024,H1,PHARMACEUTICAL SOC KOREA,17,0.35641538936664063,0.10186613496692958,0.7300243895852164
2024,H1,POLICY PRESS,42,0.0,0.0,0.21156973640579396
2024,H1,POLISH CARDIAC SOC,71,0.0,0.0,0.2547836915412032
2024,H1,PHYSICIANS POSTGRADUATE PRESS,49,0.16163604657253514,0.0322110755661884,0.5275952758525768
2024,H1,PROJECT HOPE,102,0.0,0.0,0.16787079176187275
2024,H1,PORTLAND PRESS LTD,65,0.10090615051849196,0.020054591096250192,0.38098857892422794
2024,H1,AMER CHEMICAL SOC,25668,0.1280690127633291,0.1212790171641846,0.13518067560518057
2024,H1,"Princeton Univ, Dept Mathematics",15,0.0,0.0,0.7961040740317468
2024,H1,REGIONAL EURO-ASIAN BIOLOGICAL INVASIONS CENTRE-REABIC,13,0.0,0.0,0.5358440332666143
2024,H1,RAMAZAN YAMAN,12,0.14768831742952251,0.01043462667555708,0.7400906335249694
2024,H1,IOP Publishing Ltd,5708,0.0485554843300334,0.040229101439861754,0.05850017123753234
2024,H1,ROCKEFELLER UNIV PRESS,283,0.1224154495149312,0.06697430274589701,0.21326067839373125
2024,H1,ROY COLL PHYS LONDON EDITORIAL OFFICE,134,0.09862305276766907,0.04722787121382727,0.19452907867999847
2024,H1,ROYAL COLL GENERAL PRACTITIONERS,130,0.0893370761947612,0.03239540055632605,0.22327097274698163
2024,H1,Resilience Alliance,30,0.17884761625742288,0.06432015190959121,0.408311793447664
2024,H1,RADIOLOGICAL SOC NORTH AMERICA (RSNA),302,0.04673361739275821,0.01770045314896122,0.11768317139416545
2024,H1,SCANDINAVIAN JOURNAL WORK ENVIRONMENT & HEALTH,38,0.0,0.0,0.23357236924829247
2024,H1,SCANDINAVIAN UNIV PRESS-UNIVERSITETSFORLAGET AS,14,0.10969601147145853,0.014606910430283051,0.5059612151514418
2024,H1,SCIENDO,15,0.30065865083319354,0.05735680864350575,0.7523284445125469
2024,H1,SEPM-SOC SEDIMENTARY GEOLOGY,14,0.0,0.0,0.5561629384347324
2024,H1,SHANGHAI UNIV SPORT,35,0.0,0.0,0.2688998756659089
2024,H1,SHENYANG PHARMACEUTICAL UNIV,33,0.4345031754580352,0.19873681887366879,0.7041638200676389
2024,H1,SHANGHAI UNIV,41,0.12091522169650239,0.03433208267364606,0.3473192684510985
2024,H1,"SOC ECONOMIC GEOLOGISTS, INC",39,0.0,0.0,0.3352102086351008
2024,H1,SOC LEARNING ANALYTICS RESEARCH-SOLAR,14,0.19829676501411958,0.04873293206262448,0.5442569371524749
2024,H1,SOC BRASIL PEDIATRIA,38,0.10528795567676258,0.014542208024112102,0.4841166419806301
2024,H1,SOC BIOLGIA CHILE,42,0.1491868886146489,0.04458492745145519,0.397178495226726
2024,H1,SOC BRASILEIRA ICTIOLOGIA,63,0.00794699492878462,1.4507738145743282e-09,0.9999773924358072
2024,H1,SOC VAUDOISE SCIENCES NATURELLES,17,0.0,0.0,0.6548131172337751
2024,H1,SPIE-SOC PHOTO-OPTICAL INSTRUMENTATION ENGINEERS,57,0.22254211805818408,0.10439310748434458,0.4127791551944654
2024,H1,SHANGHAI JIAO TONG UNIV PRESS,168,0.21767392354961654,0.13460967678525243,0.33231225445689394
2024,H1,SPANDIDOS PUBL LTD,110,0.15392743720359608,0.07451369957328306,0.29133454546819104
2024,H1,SOC PETROLEUM ENG,194,0.0810820633365119,0.039821671473378215,0.15805623294589904
2024,H1,SOC NUCLEAR MEDICINE INC,176,0.06427677523653687,0.02143516595677339,0.17723581127260002
2024,H1,SOC EXPLORATION GEOPHYSICISTS - SEG,197,0.09305447980644352,0.043718653789082844,0.18716809400601941
2024,H1,SCIPOST FOUNDATION,159,0.010138949590565442,0.0014277469934465277,0.06836172585149673
2024,H1,SOC NEUROSCIENCE,329,0.10365429002294771,0.061039456019249774,0.1706147161537585
2024,H1,SPRINGER FRANCE,86,0.09555216615727784,0.03671993393280018,0.22648258198122864
2023,H2,OXFORD UNIV PRESS,24038,0.06297325406682551,0.05848345232209243,0.0677829250072457
2024,H1,SIAM PUBLICATIONS,629,0.00842575161015797,0.0027718730338219966,0.025319225165544336
2024,H1,SPRINGER VIEWEG-SPRINGER FACHMEDIEN WIESBADEN GMBH,24,0.0,0.0,0.43444448241331957
2024,H1,SCIENCE PRESS,1716,0.13430705432452678,0.11022301301836836,0.16269131750608787
2024,H1,SPRINGER JAPAN KK,279,0.034062385857775,0.011315228943300138,0.09800548215672729
2024,H1,ROYAL SOC,1162,0.032026403147343716,0.018401830336008056,0.05517152649545625
2024,H1,SPRINGER SINGAPORE PTE LTD,336,0.22454614313393864,0.16228790321250083,0.30207591644177856
2024,H1,SPRINGER LONDON LTD,416,0.09663275836925247,0.059343312632759916,0.15352932968677893
2024,H1,STAATLICHES MUSEUM TIERKUNDE DRESDEN,19,0.0,0.0,0.5585298151266284
2024,H1,Soc Espanola Medicina Urgencias & Emergencias - SEMES,27,0.0,0.0,0.8748588803870958
2024,H1,"Steklov Mathematical Inst, Russian Acad Sciences",23,0.0,0.0,0.4849438760562277
2024,H1,TAYLOR & FRANCIS AUSTRALIA,18,0.13536514172921882,0.012633947479106275,0.6570083429054978
2024,H1,TAYLOR & FRANCIS AS,53,0.16401009517086299,0.03688765897996773,0.5012289727795458
2024,H1,STATE GRID ELECTRIC POWER RESEARCH INST,85,0.23642702528784626,0.10667780694737893,0.4453185718586214
2024,H1,SPRINGER-VERLAG ITALIA SRL,549,0.053175283853027215,0.030731660914752795,0.09047964316305988
2024,H1,Tubitak Scientific & Technological Research Council Turkey,13,0.00633307287161498,5.093909401489939e-19,0.9999999999999875
2024,H1,"UNIV BELGRADE, FAC ELECTRICAL ENGINEERING",26,0.0,0.0,0.5320150371807995
2024,H1,UNIV ILLINOIS PRESS,18,0.0,0.0,0.479836698980704
2024,H1,UNIV NEWCASTLE,12,0.0,0.0,0.525926881594595
2024,H1,"UNIV AGRICULTURE, FAC VETERINARY SCIENCE",33,0.10549366001847496,0.019919418229438757,0.4062951317389291
2024,H1,"UNIV PITTSBURGH, UNIV LIBRARY SYSTEM",11,0.6914777918242712,0.0996398694659649,0.9784439473957997
2024,H1,THIEME MEDICAL PUBL INC,76,0.1998414568890792,0.08927986867499883,0.3888588581505766
2024,H1,UNIV WISCONSIN PRESS,12,0.0,0.0,1.0
2024,H1,UNIV ZAGREB FAC MECHANICAL ENGINEERING & NAVAL ARCHITECTURE,14,0.5088193877162306,0.142574884724009,0.8658355720397305
2024,H1,Uspekhi Fizicheskikh Nauk,19,0.0,0.0,0.6153713897905032
2024,H1,VASYL STEFANYK PRECARPATHIAN NATL UNIV,18,0.0,0.0,0.6499128473196932
2024,H1,US DEPT HEALTH HUMAN SCIENCES PUBLIC HEALTH SCIENCE,77,0.0,0.0,0.23595034268965745
2024,H1,"VILNIUS UNIV, INST MATHEMATICS & INFORMATICS",42,0.015173497709742243,1.6310489517327887e-07,0.9993133794207638
2024,H1,UBIQUITY PRESS LTD,77,0.0659478690133151,0.007499454046715453,0.39748915095845644
2024,H1,"UNIV SZEGED, BOLYAI INSTITUTE",81,0.20580052898441123,0.1022561648295138,0.37087827825446346
2024,H1,VIETNAM NATL UNIV,72,0.18306544850171272,0.07929490766473982,0.36831213083677666
2024,H1,SPRINGER BASEL AG,1133,0.11887188786600106,0.09155186224808683,0.15297169671677732
2024,H1,TERMEDIA PUBLISHING HOUSE LTD,178,0.1295960612626955,0.06460397175646931,0.24298636939312077
2024,H1,"UNIV KRAGUJEVAC, FAC SCIENCE",108,0.01293808814498269,0.0002060604567977566,0.4546302391178605
2024,H1,SPRINGER WIEN,906,0.12832143065990123,0.09977955189289248,0.16354445918057792
2024,H1,UNIV CHICAGO PRESS,105,0.03137684228007074,0.0051302292210490584,0.16908168600149248
2024,H1,WHITE HORSE PRESS,15,0.0,0.0,0.5254426898439768
2024,H1,VILNIUS GEDIMINAS TECH UNIV,109,0.04610623346932921,0.007551838688514092,0.23490396473565267
2024,H1,WAGENINGEN ACADEMIC PUBLISHERS,77,0.05268477114776999,0.0043910370232284855,0.41221364113250974
2024,H1,VEREIN FORDERUNG OPEN ACCESS PUBLIZIERENS QUANTENWISSENSCHAF,173,0.04446874759151995,0.01700932614187934,0.11124132342790694
2024,H1,UNIV CALIFORNIA PRESS,273,0.0344383866431713,0.014050987166020538,0.08194837303936633
2024,H1,TSINGHUA UNIV PRESS,675,0.15158311247365777,0.11436326187857314,0.19820531437664923
2024,H1,WALTER DE GRUYTER GMBH,777,0.09441822590326623,0.06508200202128869,0.13506757970188005
2024,H1,SPRINGER/PLENUM PUBLISHERS,1217,0.06285739149247964,0.04439447221717632,0.08828931384794132
2024,H1,W B SAUNDERS CO LTD,618,0.07330798173686337,0.04525494397248236,0.11662654557944364
2024,H1,SPRINGER INT PUBL AG,1233,0.10192241188312405,0.07689912589278207,0.13390718011972327
2024,H1,ELSEVIER SCIENCE SA,12040,0.16227562645146415,0.1524546164618089,0.17260045840848717
2024,H1,W B SAUNDERS CO-ELSEVIER INC,1530,0.13432185482079434,0.10931484180895577,0.1639962015496699
2024,H1,"WILEY PERIODICALS, INC",73,0.13110693271069856,0.05168861033062885,0.29463707248115256
2024,H1,TAYLOR & FRANCIS INC,2529,0.16617972571100614,0.14326812976219158,0.1919345088658757
2024,H1,WROCLAW MEDICAL UNIV,58,0.0,0.0,0.2723516338032929
2024,H1,"ZAGREB UNIV, FAC FORESTRY",16,0.02485661120086893,5.153275325339491e-06,0.9921312124501382
2024,H1,WORLD HEALTH ORGANIZATION,40,0.10471312858727662,0.024537590510783684,0.35225676817191115
2024,H1,SAGE PUBLICATIONS LTD,3458,0.06719405428808281,0.05436904934078175,0.08277949535218143
2024,H1,AMER ASSOC CANCER RESEARCH,10556,0.14477321758928546,0.13563941791402684,0.15441220042729678
2024,H1,Yandy Scientific Press,45,0.24838197428124983,0.10632149480926863,0.47860249748889744
2024,H1,YONSEI UNIV COLL MEDICINE,87,0.16231223616268803,0.03122772696847032,0.5380453306459888
2024,H2,ACAD CONFERENCES & PUBL INT LTD,26,0.17417573790962756,0.03615127331826302,0.5425438199301207
2024,H2,ACAD MANAGEMENT,43,0.1977509172696226,0.07570641313556949,0.42588633653876923
2024,H2,ACAD MEDICINE SINGAPORE,62,0.0707728355791492,0.004236188668028014,0.5769072666930417
2024,H1,ZHEJIANG UNIV PRESS,155,0.14469184904480753,0.07291627282239801,0.2667883068797727
2024,H1,WOLTERS KLUWER MEDKNOW PUBLICATIONS,477,0.16369787694730656,0.11567199806159413,0.22655525006165364
2024,H2,"ADAM MICKIEWICZ UNIV, KALISZ",13,0.015224645224305266,1.845748545598276e-13,0.9999999992277596
2024,H1,WILEY-HINDAWI,1003,0.1810802350974111,0.14646915149102088,0.2217452118789659
2024,H2,ACTA DERMATO-VENEREOLOGICA,108,0.07671875913281465,0.009934217804777224,0.40762577822357504
2023,H2,IEEE-INST ELECTRICAL ELECTRONICS ENGINEERS INC,18271,0.08654796403145755,0.07994509466370835,0.09364067721538163
2024,H2,AMER ACCOUNTING ASSOC,47,0.0,0.0,0.15619686532813018
2024,H2,AKADEMIAI KIADO ZRT,28,0.16355084453307334,0.032345187300793964,0.5335312334822174
2024,H2,AME PUBLISHING COMPANY,193,0.25947545547253104,0.15227006231286833,0.4060094718428647
2024,H2,AMER ACAD SLEEP MEDICINE,107,0.02295931586207129,5.257515938131101e-06,0.9905686282944377
2024,H2,AMER ASSOC INTELLECTUAL and DEVELOPMENTAL DISABILITIES-AAIDD,17,0.0,0.0,0.48356277837331324
2024,H2,AMER ASSOC CRITICAL CARE NURSES,25,0.0,0.0,0.3643367057193435
2024,H2,AMER BOARD FAMILY MEDICINE,83,0.13768545968244478,0.047781073840716205,0.3369018824190183
2024,H1,WORLD SCIENTIFIC PUBL CO PTE LTD,541,0.07003528093103717,0.04186617496232156,0.11488501530014077
2024,H2,ADIS INT LTD,555,0.17437944059741783,0.13012765141712382,0.22970586636280618
2024,H2,AMER ACAD PEDIATRICS,259,0.08040898857204727,0.044820731091030484,0.14010985592319103
2024,H2,AMER ASSOC NEUROLOGICAL SURGEONS,300,0.09841216825477347,0.057555425040856305,0.16324798765646428
2024,H2,AMER ECONOMIC ASSOC,217,0.0,0.0,0.06813341720609017
2024,H2,AMER COLL PHYSICIANS,136,0.17235535375351146,0.03597588847354624,0.5374836134360419
2024,H2,AMER INST MATHEMATICAL SCIENCES-AIMS,72,0.0,0.0,0.09845904305014358
2024,H2,AMER MATHEMATICAL SOC,39,0.15331998164789815,0.055916364810673934,0.35635182021752293
2024,H2,ACOUSTICAL SOC AMER AMER INST PHYSICS,711,0.06664323097549328,0.040447300805789,0.10789736399398125
2024,H2,AMER INST AERONAUTICS ASTRONAUTICS,60,0.1334031215523705,0.04022217646975268,0.3612106538892769
2024,H2,AMER DIABETES ASSOC,197,0.1224630860637983,0.06416725395584924,0.22120206829749203
2024,H2,"AMER OCCUPATIONAL THERAPY ASSOC, INC",408,0.17590960238503978,0.09370938716823257,0.3058786541215104
2024,H2,AMER SOC CELL BIOLOGY,48,0.33673357228588513,0.09817499292802093,0.7030573629351834
2024,H2,AMER SOC ENGINEERING EDUCATION,17,0.0,0.0,0.410783431815312
2024,H2,AMER METEOROLOGICAL SOC,302,0.06593620163399422,0.03611115009569997,0.1173943293698455
2024,H2,AMER ROENTGEN RAY SOC,91,0.16010088449745877,0.03943303190674769,0.46952895301394715
2024,H2,"AMER PSYCHIATRIC PUBLISHING, INC",97,0.09531359802674876,0.023900321434495015,0.31191987326407966
2024,H2,AMER SPINAL INJURY ASSOC,13,0.33636594160994826,0.0687065380987588,0.7768958630525556
2024,H2,AMER PUBLIC HEALTH ASSOC INC,91,0.05701401843371187,0.011795894629365306,0.23444666224327249
2024,H2,ANNALS FAMILY MEDICINE,49,0.0,0.0,0.24096819389637222
2024,H2,AMER SOC PHARMACOLOGY EXPERIMENTAL THERAPEUTICS,98,0.1618833672166687,0.07623435638354792,0.31132842042341385
2024,H2,AUSTRALASIAN SOC COMPUTERS LEARNING TERTIARY EDUCATION-ASCILITE,17,0.0,0.0,0.5847156724892872
2024,H2,AUSTRALIAN PHYSIOTHERAPY ASSOC,12,0.0,0.0,0.4237640090745721
2024,H2,AMER SOC NEURORADIOLOGY,197,0.12713016965600066,0.05788093058885508,0.2566590731657299
2024,H2,AMER THORACIC SOC,181,0.1803743213644917,0.09053808821221294,0.3272730935339698
2024,H2,ATHABASCA UNIV PRESS,29,0.2536220679169062,0.09809304400915998,0.5149508449520778
2024,H2,ASSOCIACAO BRASILEIRA PESQUISA POS-GRADUACAO FISIOTERAPIA-ABRAPG-FT,34,0.11205464082261665,0.017950982666560925,0.4655917659178191
2024,H2,ASIAN-AUSTRALASIAN ASSOC ANIMAL PRODUCTION SOC,98,0.08947599681989961,0.025301721361311837,0.27114043135203175
2024,H1,SAGE PUBLICATIONS INC,5865,0.08821003242267926,0.07648782351379815,0.10153123128426299
2024,H2,BENTHAM SCIENCE PUBL LTD,47,0.36211107166979556,0.18020960232945502,0.5944763405750516
2024,H2,BASTAS PUBL LTD - UK,43,0.1848632789129506,0.06286568663185732,0.43397469773497577
2024,H2,BIOSCIENTIFICA LTD,77,0.4422710464788735,0.2750515224798088,0.6236903804310696
2024,H2,ASSOC RESEARCH VISION OPHTHALMOLOGY INC,286,0.24251968218371656,0.16050635816278108,0.34901674469916766
2024,H2,AMER PHYSIOLOGICAL SOC,702,0.21283410114757575,0.16269855762224844,0.27337479901913925
2024,H1,eLIFE SCIENCES PUBL LTD,1346,0.10062864009505064,0.0775192026220139,0.12965897736163806
2024,H2,BAISHIDENG PUBLISHING GROUP INC,614,0.23493356772482968,0.1784854804683949,0.30265696442133744
2024,H2,AMER PHYTOPATHOLOGICAL SOC,424,0.051542108200134995,0.0269656836124357,0.09630059415980496
2024,H2,ASCE-AMER SOC CIVIL ENGINEERS,432,0.22742692432199005,0.17445756501426515,0.2908135525070512
2024,H2,AMER SOC CLINICAL INVESTIGATION INC,481,0.2360791459337514,0.17972255933903658,0.3035677180549283
2024,H2,AMER SOC HEMATOLOGY,394,0.13296972471767773,0.08700703286597017,0.19794854679173562
2024,H2,AMER SOC NEPHROLOGY,391,0.09288638026482741,0.05452677118036925,0.15384101234427194
2023,H2,ELSEVIER SCI LTD,38392,0.09473853544091244,0.09000572892493483,0.099692944754389
2024,H2,BRISTOL UNIV PRESS & POLICY PRESS,19,0.0,0.0,0.4380332231471477
2024,H2,BRAZILIAN SOC UROL,28,0.21259256437656446,0.05654814543981235,0.5487734773070587
2024,H2,BRITISH INST RADIOLOGY,40,0.0,0.0,0.4110296283740236
2024,H2,BRILL,89,0.0,0.0,0.09148995349856656
2024,H2,"CAIRO UNIV, FAC COMPUTERS & INFORMATION",15,0.26378942585614185,0.05193161009914148,0.7009380824161696
2023,H2,MDPI,44388,0.12680147266365285,0.12197547204278225,0.13178975555422878
2024,H2,CANADIAN OPHTHAL SOC,36,0.0,0.0,0.26375396671103984
2024,H2,ANNUAL REVIEWS,578,0.04956130862059043,0.02383783751214137,0.10019391673966664
2024,H2,AMER SPEECH-LANGUAGE-HEARING ASSOC,293,0.021838795759561047,0.0037113697646436843,0.11801774253497281
2024,H1,TAYLOR & FRANCIS LTD,5067,0.18382886716770647,0.164760013562607,0.20456417062896884
2024,H2,"CHINA UNIV GEOSCIENCES, BEIJING",17,0.0,0.0,0.33848122490503757
2024,H2,BRITISH EDITORIAL SOC BONE & JOINT SURGERY,222,0.08979759832292769,0.04635509095427441,0.1668307104705353
2024,H2,CHIN SOCIETY IMMUNOLOGY,42,0.2564948070273146,0.10334354093321413,0.5080191497678291
2024,H2,CHINA ANTI-CANCER ASSOC,34,0.5365636947274246,0.2374255528651161,0.8115141174840018
2024,H2,CHINESE JOURNAL NATURAL MEDICINES,43,0.6553678657002738,0.40210042915920585,0.8431902312085726
2024,H2,AMER SOC MICROBIOLOGY,985,0.1766398536850524,0.13954607691465362,0.22106060947380057
2024,H2,CENTERS DISEASE CONTROL & PREVENTION,104,0.017456781755566506,0.00013838543294556767,0.6951901237539844
2024,H2,CLEVELAND CLINIC,28,0.0,0.0,0.5794321759250562
2024,H2,CODON PUBLICATIONS,14,0.04982907990248326,0.0001233841891170846,0.9570573542833567
2024,H2,COGITATIO PRESS,65,0.0,0.0,0.08419640269590505
2024,H2,CHINESE LASER PRESS,59,0.12321436010316243,0.044202310424754594,0.29924311885712584
2024,H2,COLL FAMILY PHYSICIANS CANADA,15,0.21762515133695423,8.262311006741459e-05,0.9989331939835583
2024,H1,SPRINGERNATURE,7975,0.15484261167233046,0.14265212890617043,0.16787086725442887
2024,H1,PUBLIC LIBRARY SCIENCE,10175,0.10843283397959556,0.09931140448316382,0.11828201733476135
2024,H2,ASSOC COMPUTING MACHINERY,1125,0.11542297551847498,0.08874403441548057,0.14881257648666038
2024,H2,COLL AMER PATHOLOGISTS,71,0.04986385471761018,0.0030073507146952724,0.47728216945818747
2024,H2,CMA-CANADIAN MEDICAL ASSOC,89,0.09244108596397788,0.013047376744672363,0.43971003150487836
2024,H2,CHINESE CHEMICAL SOC,92,0.12359742581735517,0.05415555741060344,0.25781158093905954
2024,H2,CZECH ACADEMY AGRICULTURAL SCIENCES,14,0.0,0.0,0.4075867794828742
2024,H2,CROATIAN SOC MEDICAL BIOCHEMISTRY & LABORATORY MEDICINE,13,0.14474494889647707,0.005483819707616821,0.8385666178953897
2024,H2,DEUTSCHER AERZTE-VERLAG GMBH,15,0.023940138159812104,1.6678328551191368e-09,0.9999972276317001
2024,H1,SPRINGER HEIDELBERG,5250,0.10042541838432968,0.08818824956492839,0.11414806381143448
2024,H2,DE GRUYTER MOUTON,29,0.04391052460213013,0.00032142098291053725,0.8677308136250113
2024,H2,CURRENT MEDICINE GROUP,102,0.3018480202035118,0.17571263428546494,0.46720788171986183
2024,H2,EDICIONES PROFESIONALES INFORMACION SL-EPI,19,0.32304200455660426,0.07044047077285971,0.7503142797701533
2024,H2,EDICIONES DOYMA S A,16,0.015685108923585083,2.6405379862419657e-11,0.9999998960114777
2024,H2,CURRENT BIOLOGY LTD,227,0.12659303992164017,0.06694242200466335,0.22649414889513333
2024,H1,ROYAL SOC CHEMISTRY,19550,0.16635907670768754,0.15146396837579487,0.18240410592290304
2024,H2,AMER PSYCHOLOGICAL ASSOC,865,0.029752833718269645,0.013980471162595726,0.06219670357114059
2024,H2,ACADEMIC PRESS LTD- ELSEVIER SCIENCE LTD,3573,0.24101834733368324,0.21995079868433098,0.2634223605125424
2024,H2,CSIRO PUBLISHING,226,0.018271121599763962,0.002538326904254506,0.11980497600925775
2024,H2,COMPANY BIOLOGISTS LTD,248,0.12051120897167397,0.06540801562906731,0.21152944384250488
2024,H2,"COLD SPRING HARBOR LAB PRESS, PUBLICATIONS DEPT",247,0.10698637176343462,0.05518323274715194,0.1972662254903432
2023,H1,WILEY,36003,0.05397651502364503,0.05050921874707399,0.05766737401243048
2024,H2,EDIZIONI MINERVA MEDICA,151,0.13603831924258353,0.0449009653765058,0.3452854479061727
2024,H1,"ROUTLEDGE JOURNALS, TAYLOR & FRANCIS LTD",6980,0.08113597423859492,0.06925582721221042,0.09484637021992345
2024,H2,DUKE UNIV PRESS,168,0.014366264937512035,0.0020706533163633665,0.09287836285101171
2024,H2,CHURCHILL LIVINGSTONE INC MEDICAL PUBLISHERS,266,0.14417482888429245,0.09291276219607725,0.216954812537532
2024,H2,AMER ASSOC CANCER RESEARCH,2271,0.18279921067645416,0.16081720804673233,0.2070445932215743
2024,H2,EDUCATIONAL PUBLISHING FOUNDATION-AMERICAN PSYCHOLOGICAL ASSOC,245,0.08337584429717716,0.02928224007130323,0.2152401739595402
2024,H2,DOVE MEDICAL PRESS LTD,980,0.36938463588536585,0.31329481045570656,0.42923945356558646
2024,H2,CHURCHILL LIVINGSTONE,840,0.21157982852925153,0.16948677768329118,0.2608435786838105
2024,H2,COPERNICUS GESELLSCHAFT MBH,715,0.06510646478242182,0.04328510585484784,0.09681540928818358
2023,H1,MDPI,55925,0.06661139836975431,0.06338726355376748,0.0699872716799899
2024,H2,AMER MEDICAL ASSOC,3176,0.05387064147099005,0.04056796625811454,0.07121164165350895
2024,H2,EDP SCIENCES S A,460,0.00960771972494845,0.0021428263662469638,0.04198367669866401
2024,H2,ELSEVIER - DIVISION REED ELSEVIER INDIA PVT LTD,22,0.09853550164890251,0.0010255794927622134,0.9208726994087882
2024,H2,ELSEVIER ESPANA SLU,67,0.12899426760013147,0.04202852260042697,0.33330122378683424
2024,H2,ELSEVIER ESPANA,84,0.2287886067429272,0.10724669968191365,0.4228341569506717
2024,H2,AIP Publishing,3679,0.06428788835563422,0.052151446592899046,0.07901322794963798
2024,H2,AMER GEOPHYSICAL UNION,2692,0.08068186526682262,0.06452818096265313,0.10044518531408025
2024,H2,ACADEMIC PRESS INC ELSEVIER SCIENCE,6050,0.21106055138084573,0.1951462139846709,0.22790521893652016
2024,H2,ELSEVIER INC,192,0.13603857735779254,0.07728792436537635,0.22839437615047412
2024,H2,ELSEVIER ADVANCED TECHNOLOGY,513,0.3633524014354263,0.30524897216456326,0.42573828731354024
2024,H2,"ELSEVIER MASSON, CORP OFF",124,0.026634218132054903,0.00674754481342727,0.09927375347090851
2024,H2,ELSEVIER GMBH,875,0.2847984568761298,0.24001547548236798,0.33426211368213027
2024,H2,CAMBRIDGE UNIV PRESS,2127,0.0263900812793196,0.017165981247361163,0.04036715362509476
2024,H2,ELSEVIER FRANCE-EDITIONS SCIENTIFIQUES MEDICALES ELSEVIER,1581,0.27711832524461305,0.24296497689531718,0.3140807646032731
2024,H2,ELSEVIER SCIENCE LONDON,159,0.28160686844423155,0.18458940071823937,0.4043308308508837
2024,H2,"ESMON PUBLICIDAD S A, DEPT ALLERGY & CLIN IMMUNOL, CLIN UNIV NAVARRA",13,0.14763865907541665,0.00415743513356311,0.8778477920187222
2024,H2,"ETHNICITY & DISEASE, INC",14,0.0,0.0,0.5622980300291918
2024,H2,EUR CENTRE DIS PREVENTION & CONTROL,116,0.0,0.0,0.1810126761715028
2024,H2,ELSEVIER SINGAPORE PTE LTD,112,0.15799593304709134,0.06827087798068916,0.3245647454517961
2024,H2,EUROPA EDITION,58,0.05237432312734788,0.0008408639036863795,0.7840038405948037
2024,H2,FOUNDATION REHABILITATION INFORMATION,51,0.09635968877127223,0.013942408487523596,0.4457377196130707
2024,H2,FERRATA STORTI FOUNDATION,196,0.1238750775241634,0.04522573911630245,0.2967835667947787
2024,H2,ELSEVIER TAIWAN,268,0.26291914653300724,0.1834970734005653,0.36149753990843475
2024,H2,EXCERPTA MEDICA INC-ELSEVIER SCIENCE INC,172,0.08784404015180743,0.04117489075998798,0.17761126220755075
2024,H2,GEOMETRY & TOPOLOGY PUBLICATIONS,43,0.0,0.0,0.3644177495812017
2024,H2,GEOSCIENCEWORLD,46,0.0,0.0,0.12649940854289538
2024,H2,HARVARD GRADUATE SCHOOL EDUCATION,10,0.36086947453920554,0.016219138931486105,0.9508288246069246
2024,H2,HARBORSIDE PRESS,62,0.0,0.0,0.25822496739922784
2024,H2,HOGREFE PUBLISHING CORP,11,0.06337919117658124,0.001362821244218735,0.7703960191047713
2024,H2,FUTURE MEDICINE LTD,115,0.3135384758860191,0.16507670357382187,0.5134151383199708
2024,H2,HONG KONG ACAD MEDICINE PRESS,21,0.05533636009688429,0.00040631987965139224,0.8940851898036548
2024,H2,HUMANA PRESS INC,36,0.17145629415190988,0.05078684157644204,0.44455734697065324
2024,H2,BMJ PUBLISHING GROUP,4208,0.10741375868130956,0.09163063690203016,0.1255397595276649
2024,H2,HUMAN KINETICS PUBL INC,69,0.03877405242682448,0.0028185659220812593,0.3653513747069308
2024,H2,HIGHER EDUCATION PRESS,135,0.1885720930290405,0.10656729724466331,0.3116673096864375
2024,H2,EUROPEAN MATHEMATICAL SOC-EMS,243,0.0061698934252254435,0.0008686948208252046,0.0424472041479619
2024,H2,ENDOCRINE SOC,402,0.11287108247622644,0.06725775126316309,0.1833383697666473
2024,H2,IMPRINT ACADEMIC,11,0.0,0.0,0.9084710389877203
2024,H2,EUROPEAN RESPIRATORY SOC JOURNALS LTD,394,0.08455273049573706,0.04846295411388545,0.1434660117340231
2024,H2,INST ECONOMIC RESEARCH-POLAND,11,0.0,0.0,0.6216959448707345
2024,H2,"INT PRESS BOSTON, INC",29,0.0,0.0,0.47525480350229204
2024,H2,INST MATHEMATICAL STATISTICS-IMS,72,0.0,0.0,0.2714632655076512
2024,H2,INT RHINOLOGIC SOC,40,0.28898338212703545,0.07436926412555663,0.6727786249444574
2024,H2,INT SCIENTIFIC RESEARCH PUBLICATIONS,27,0.14497402808501375,0.025083076439422505,0.5277226435917678
2024,H2,INT UNION AGAINST TUBERCULOSIS LUNG DISEASE (I U A T L D),32,0.018563981108025596,1.2377447570929926e-07,0.9996541699871505
2024,H2,"INST MATERIA MEDICA, CHINESE ACAD MEDICAL SCIENCES",128,0.2875520063264808,0.15707244611042223,0.4664424006324524
2024,H2,IGI GLOBAL,137,0.4053183155646984,0.2783527396073559,0.5463515793642707
2024,H2,IOS PRESS,21,0.0,0.0,0.3854864482938114
2024,H2,INTER-RESEARCH,63,0.043465857515837945,0.00919276778672639,0.18204125795038179
2024,H2,JAPAN NEUROSURGICAL SOC,10,0.0,0.0,0.5762999915035786
2024,H2,IRCA-BSSA,23,0.27971412442697147,0.10056555291213926,0.5742460145202307
2024,H2,IWA PUBLISHING,22,0.5218901352703142,0.18644170041053906,0.8386925600196034
2024,H2,J O S P T,27,0.11898766150809544,0.01124736489528287,0.6159059096979121
2024,H2,INT SOC GLOBAL HEALTH,158,0.11206283257741922,0.044575621167294514,0.254507644074313
2024,H2,JAPANESE SOC ALLERGOLOGY,32,0.10443157477746493,0.016416097877712293,0.4489503517230729
2024,H2,"GEOLOGICAL SOC AMER, INC",221,0.038169852499921046,0.013741030505189157,0.10155626902570002
2024,H2,INT UNION CRYSTALLOGRAPHY,159,0.08409476814979207,0.03779340833905872,0.17670358735421893
2024,H2,JOHN BENJAMINS PUBLISHING CO,89,0.0,0.0,0.17679240426809847
2024,H2,GEORG THIEME VERLAG KG,423,0.05737994556355937,0.023444833883461226,0.13370891918008498
2024,H2,JOURNAL OF CENTRAL SOUTH UNIV,10,0.07940581672087206,3.0676539168726093e-05,0.9958935699204329
2024,H2,IVYSPRING INT PUBL,285,0.4369147064289812,0.33880389571042946,0.5402235830287552
2024,H2,AMER PHYSICAL SOC,5591,0.05902864211822965,0.04996550931186723,0.06961525409171491
2024,H2,JOURNAL MATER SCI TECHNOL,59,0.21354134611492412,0.09744487042563842,0.40577086387185085
2024,H2,JOHN WILEY & SONS INC,111,0.22563572177065722,0.11877083315552531,0.3864831951896692
2024,H2,KOREAN ASSOC ORTHODONTISTS,25,0.2273821959681644,0.025238877741498716,0.7698567371888139
2024,H2,KOREAN ACAD REHABILITATION MEDICINE,17,0.5353594377581076,0.1949042741239431,0.8457698276509401
2024,H2,KOREA HEALTH PERSONNEL LICENSING EXAMINATION INST,23,0.39048992427608475,0.15825873353948988,0.6858384604101465
2024,H2,KOREAN BIOCHIP SOCIETY-KBCS,16,0.10092838566503541,0.006127316302193746,0.6714938502784005
2024,H2,KERMAN UNIV MEDICAL SCIENCES,69,0.0524216863870117,0.00263158403282255,0.5370210814416411
2024,H2,KOREAN DIABETES ASSOC,37,0.36407500261648595,0.1455305201447288,0.658058350626547
2024,H2,KOREAN ASSOC STUDY LIVER,64,0.4472673428153636,0.23904609123572668,0.6757877195543578
2024,H2,KOREAN SOC GINSENG,25,0.3655797115170183,0.10791972229192132,0.7329641504430361
2024,H2,KOREAN SOC COLOPROCTOLOGY,28,0.29455048848594684,0.10757681874798264,0.5912090306656674
2024,H2,KOREAN ACAD MEDICAL SCIENCES,59,0.2247633594294714,0.10472094807864214,0.4181422927805753
2024,H2,KOREAN SOC HORTICULTURAL SCIENCE,22,0.072590100113727,0.002625055682050073,0.6994942049713376
2024,H2,KOREAN SOC ANESTHESIOLOGISTS,23,0.249721056793372,0.05633470125070537,0.6498226545857446
2024,H2,KOREAN SOC OTORHINOLARYNGOL,23,0.6611897697932617,0.2632714316947985,0.9142160851216843
2024,H2,KOREAN SOC PEDIATRIC ENDOCRINOLOGY,21,0.09545222938123357,0.003911507211142979,0.7392925664463574
2024,H2,KOREAN SOC STUDY OBESITY,17,0.1558293052465119,0.01501278290064617,0.6909447105641524
2024,H2,KOREAN SOCIETY ANIMAL SCIENCE & TECHNOLOGY,24,0.24782107524358898,0.07677681305278566,0.566217225268258
2024,H2,KOREAN SOC GYNECOLOGY ONCOLOGY & COLPOSCOPY,42,0.05634582004317609,0.0014306032325010162,0.7133528261496584
2024,H2,KOREAN SOC PRECISION ENG,30,0.6165232474471862,0.32496600813857895,0.8429940931400376
2024,H2,LAWBOOK CO LTD,30,0.0,0.0,0.2737998599912907
2024,H2,KOREAN SOC NEPHROLOGY,68,0.3390455787009562,0.1609059209636758,0.5784472184556356
2024,H2,KOREAN SOC LABORATORY MEDICINE,27,0.13614233484564855,0.0014928056858924392,0.9432239844561632
2024,H2,KOREAN FIBER SOC,113,0.21649047124572354,0.11521196906164867,0.3696079874974574
2024,H2,EMERALD GROUP PUBLISHING LTD,1220,0.18554406132816226,0.15426895627534004,0.2214990255235301
2024,H2,KOREAN SPINAL NEUROSURGERY SOC,53,0.15644426080003848,0.05125140759925574,0.3890156839237458
2024,H2,KOREAN INST METALS MATERIALS,104,0.27089589198497166,0.16380820499781548,0.41338190017165904
2024,H2,Korean Pediatric Soc,58,0.27825740910719654,0.10631263415032324,0.5554529498987562
2024,H2,KOREAN NUCLEAR SOC,102,0.14671815187993803,0.05748025708877159,0.3265044812321212
2024,H2,IEEE COMPUTER SOC,730,0.12959147848802638,0.09619072267483386,0.1723781371049514
2024,H2,LIFE SCIENCE ALLIANCE LLC,126,0.270263562462332,0.15596492237139853,0.426044359911517
2024,H2,KARGER,209,0.1447171794324134,0.07813579465716727,0.25249453053055687
2024,H2,ELSEVIER IRELAND LTD,3657,0.2144689589702524,0.19385723809735592,0.23662892171187916
2024,H2,AMER ASSOC ADVANCEMENT SCIENCE,2182,0.09855364290266279,0.07711001859400314,0.1251518791582131
2024,H2,JOHN WILEY & SONS LTD,785,0.19854373576289688,0.15840410111375497,0.24588305977685004
2024,H2,INFORMS,422,0.06609011003164758,0.03761365458124149,0.11358106714860128
2024,H2,MARTINUS NIJHOFF PUBL,38,0.0,0.0,0.2710453018219864
2024,H2,MANAGED CARE & HEALTHCARE COMMUNICATIONS LLC,61,0.03191122249885813,0.00011777510329989009,0.9021975414204669
2024,H2,MATHEMATICAL SCIENCE PUBL,35,0.0,0.0,0.3942942378559215
2024,H2,MAGNOLIA PRESS,39,0.0548148784167018,0.006786469233408138,0.3298588733520335
2024,H2,MASSON EDITEUR,40,0.10429671240022448,0.02141437726430197,0.38256080781463103
2024,H2,"JMIR PUBLICATIONS, INC",1262,0.22323158366309606,0.19070413361534008,0.2595279112854383
2024,H2,KEAI PUBLISHING LTD,882,0.22390077317829282,0.1844938533438002,0.268948893084667
2024,H2,MASSACHUSETTS MEDICAL SOC,310,0.020080364077464996,0.002955206286847328,0.1240929564961913
2024,H2,"MARY ANN LIEBERT, INC",751,0.16848354625760692,0.12031391194208958,0.23087712246895722
2024,H2,ELSEVIER SCIENCE SA,2619,0.20819403193663422,0.18597606876024816,0.23230880848910274
2024,H2,MEDICAL LIBRARY ASSOC,23,0.0,0.0,0.5591866737824405
2024,H2,MEDYCYNA PRAKTYCZNA SP K SP ZOO,26,0.0,0.0,0.509113358805046
2024,H2,MICROBIOLOGY SOC,69,0.034001291044515915,0.004847010556536568,0.20278248524692336
2023,H2,PERGAMON-ELSEVIER SCIENCE LTD,32514,0.09402739197214677,0.08895476715246474,0.09935773504211907
2024,H2,NATL CENTRE MARINE RESEARCH,21,0.0,0.0,0.5097075902123663
2024,H2,NATL MED ASSOC,20,0.08914562461499367,0.00517964143607645,0.6478501914041157
2024,H2,Medical Journal Sweden AB,54,0.08616191626886226,0.020438757421113285,0.2987665253450403
2024,H2,NATL ATHLETIC TRAINERS ASSOC INC,57,0.1306299948579689,0.03434133733067285,0.3883295571008751
2024,H2,MIT PRESS,204,0.04116415021900892,0.014856361884233733,0.10890791759266455
2024,H1,WILEY-V C H VERLAG GMBH,12273,0.1644121791094006,0.15376208423004614,0.17564682577935145
2024,H2,"ND Zelinsky Inst Organic Chemistry, RAS - ZIOC RAS",25,0.14034485875768726,0.023091763341721343,0.5299788623483254
2024,H2,CELL PRESS,10676,0.2372051114312218,0.22316472522681766,0.251842473770306
2024,H2,OAE PUBLISHING INC,40,0.521192394636826,0.29871080494556024,0.7355731312381827
2024,H2,NORTHEAST FORESTRY UNIV,33,0.2856608753029206,0.12301777196454,0.5327164333400456
2024,H2,ONLINE LEARNING CONSORTIUM,38,0.2141206169504496,0.08143860129646693,0.4557241996493709
2024,H2,NATURE PUBL GROUP,93,0.3346510573460196,0.19815538891710885,0.5058539331156996
2024,H2,NIHR JOURNALS LIBRARY,58,0.11873603876125904,0.0508439205174298,0.25310957999066996
2024,H2,NONFERROUS METALS SOC CHINA,131,0.31881701702501625,0.21905086055461948,0.4385075730783238
2024,H2,NEW YORK BUSINESS GLOBAL LLC,132,0.07560393476080306,0.026707921266261685,0.1959911828414471
2024,H2,IOP Publishing Ltd,2743,0.03932523070542518,0.02853150320666203,0.05397544906137665
2024,H1,OXFORD UNIV PRESS INC,6972,0.11038829877121921,0.09933530880721114,0.12250386993813031
2024,H2,MOSBY-ELSEVIER,1770,0.10121039729981521,0.08066722312908436,0.1262666681390015
2024,H2,NATL ACAD SCIENCES,1879,0.10461962301177913,0.08349483833989564,0.1303290964215741
2024,H2,PACINI EDITORE,24,0.18503168944416148,0.03829875314922111,0.5641549745457165
2024,H2,PALGRAVE MACMILLAN LTD,55,0.0,0.0,0.11160953593696839
2024,H2,Optica Publishing Group,96,0.12297605296564147,0.05195589034519726,0.26403840497174846
2024,H2,PEERJ INC,439,0.37889161849744946,0.3166286624449013,0.4454178612544934
2024,H2,PHARMACEUTICAL SOC KOREA,22,0.580428855657307,0.27352030425875373,0.835607609424
2024,H2,PHYSICIANS POSTGRADUATE PRESS,45,0.0,0.0,0.3640657805983363
2024,H2,POLICY PRESS,12,0.13165157063656094,0.002041685168535625,0.9182697879863718
2024,H2,IEEE-INST ELECTRICAL ELECTRONICS ENGINEERS INC,5957,0.20287060226740167,0.18696759648412528,0.2197606552066954
2024,H2,PORTLAND PRESS LTD,83,0.21932093637801264,0.10727232639618715,0.3964341591512985
2024,H2,POLISH CARDIAC SOC,61,0.02949680850247562,0.0004070688789904257,0.6940358672596753
2024,H2,PROJECT HOPE,91,0.05753397183672051,0.012084435060334088,0.23351485835400593
2024,H2,"Princeton Univ, Dept Mathematics",15,0.0,0.0,0.5093810977761719
2024,H2,RADCLIFFE CARDIOLOGY,11,0.28906631660053494,0.038836815517668925,0.8035970438600968
2024,H2,RAMAZAN YAMAN,21,0.004462870461054726,1.546012984828395e-22,1.0
2024,H2,ROY COLL PHYS LONDON EDITORIAL OFFICE,43,0.4401788334573141,0.1872151098234204,0.7285613332708771
2024,H2,RUSSELL SAGE FOUNDATION,19,0.0,0.0,0.32209290350635267
2024,H2,ROCKEFELLER UNIV PRESS,267,0.19378553200299595,0.1175600162012762,0.30249314870959904
2024,H2,RADIOLOGICAL SOC NORTH AMERICA (RSNA),276,0.04838460827715933,0.016947023218910885,0.13040443382083072
2024,H2,ROYAL COLL GENERAL PRACTITIONERS,71,0.03828172477265742,0.005627719846236635,0.2187286582197496
2024,H2,SCANDINAVIAN UNIV PRESS-UNIVERSITETSFORLAGET AS,14,0.0,0.0,0.6156868816526965
2024,H2,SCANDINAVIAN JOURNAL WORK ENVIRONMENT & HEALTH,30,0.09206608482424294,0.009347151059695582,0.5214774374045233
2024,H1,OXFORD UNIV PRESS,20987,0.08466247084069262,0.07911349186488689,0.09056237711616608
2024,H2,SCIENDO,38,0.0,0.0,0.16324825840439489
2024,H2,SEPM-SOC SEDIMENTARY GEOLOGY,29,0.0,0.0,0.38722174768922235
2024,H2,SHANGHAI UNIV,48,0.005300747026025938,1.954126617170781e-09,0.9999311930599559
2024,H2,SHANGHAI UNIV SPORT,34,0.30583682682037977,0.1016009603635509,0.6318707279437247
2024,H2,SOC CULTURAL ANTHROPOLOGY,11,0.0,0.0,0.8294835426151557
2024,H2,SHENYANG PHARMACEUTICAL UNIV,35,0.3652684017062105,0.1450558444929167,0.6612294230917527
2024,H2,"SOC ECONOMIC GEOLOGISTS, INC",36,0.0,0.0,0.12714335591427012
2024,H2,SOC LEARNING ANALYTICS RESEARCH-SOLAR,26,0.0,0.0,0.4855970710864426
2024,H2,SCIPOST FOUNDATION,168,0.0,0.0,0.021757074783414605
2024,H2,SOC VAUDOISE SCIENCES NATURELLES,12,0.0,0.0,0.6506609879483188
2024,H2,SHANGHAI JIAO TONG UNIV PRESS,147,0.22016937408077275,0.133265975437439,0.3414196812602403
2024,H2,SOC BIOLGIA CHILE,56,0.22244443572130979,0.09759343273671184,0.4307723768147399
2024,H2,SPIE-SOC PHOTO-OPTICAL INSTRUMENTATION ENGINEERS,36,0.15817896510563956,0.04244391999788721,0.4433739489152642
2024,H2,SOC BRASIL PEDIATRIA,49,0.09138622065452345,0.013602989288548658,0.42314367133792397
2024,H2,SOC NUCLEAR MEDICINE INC,128,0.0961192313047072,0.022495955237835465,0.32947750146100335
2024,H2,SOC EXPLORATION GEOPHYSICISTS - SEG,164,0.2171043697328918,0.1287142254514533,0.34234375792762206
2024,H2,SPANDIDOS PUBL LTD,135,0.2184982863126893,0.1247910403381367,0.3541020582713961
2024,H2,ROYAL SOC CHEMISTRY,1545,0.2387655055233763,0.1857403269997529,0.30132645846730366
2024,H2,SOC NEUROSCIENCE,289,0.17743070717177015,0.12061501744719966,0.25330052413139953
2024,H2,SOC PETROLEUM ENG,215,0.18774910387543398,0.1261070445784466,0.2702057902419978
2024,H2,BMC,15488,0.20838902032254308,0.19835235546436206,0.21879493201794323
2024,H2,SPRINGER FRANCE,60,0.0,0.0,0.2652962391461503
2024,H2,ELSEVIER SCIENCE INC,8703,0.12695681416602528,0.11611642570096822,0.13865048564080373
2024,H2,SPRINGER VIEWEG-SPRINGER FACHMEDIEN WIESBADEN GMBH,19,0.10756816424750076,0.011482483162768935,0.55570106528406
2024,H2,SCIENCE PRESS,1188,0.19779543515491038,0.16384215582151063,0.23679232205653428
2024,H2,SPRINGER JAPAN KK,240,0.1657827812370013,0.10315690779923326,0.2555930823456506
2024,H2,SPRINGER SINGAPORE PTE LTD,187,0.2564351292431094,0.17031050447628984,0.3668551104356164
2024,H2,ROYAL SOC,1245,0.06306044617673341,0.04380202609334603,0.08998933323426335
2024,H2,Soc Espanola Medicina Urgencias & Emergencias - SEMES,30,0.0,0.0,0.41893195889244556
2024,H2,TAYLOR & FRANCIS AUSTRALIA,28,0.29400301082656305,0.0736616497030182,0.6856187557920566
2024,H2,TAYLOR & FRANCIS AS,60,0.4054955527802601,0.20489677761777514,0.643532402977247
2024,H1,LIPPINCOTT WILLIAMS & WILKINS,21940,0.08243983508458337,0.07683511557206435,0.08841423421562303
2024,H2,SIAM PUBLICATIONS,516,0.010625741799500276,0.0029998169505894446,0.03691987382728749
2024,H2,SPRINGER LONDON LTD,295,0.10142689891066214,0.05570790352982547,0.17760980272785942
2024,H2,Tuncer ACAR,17,0.0,0.0,0.30461964104419365
2024,H2,UBIQUITY PRESS LTD,19,0.0,0.0,0.2839389928387189
2024,H2,"UNIV WINDSOR, FAC EDUCATION",11,1.0,0.3996990598786153,1.0
2024,H2,UNIV CHICAGO PRESS,39,0.0,0.0,0.19373557372364084
2024,H2,VASYL STEFANYK PRECARPATHIAN NATL UNIV,23,0.0,0.0,0.1982021412370357
2024,H2,Uspekhi Fizicheskikh Nauk,21,0.19402532977805803,0.021612428635489876,0.7240238997958529
2024,H2,"VILNIUS UNIV, INST MATHEMATICS & INFORMATICS",23,0.0,0.0,0.5781779908611331
2024,H2,VIETNAM NATL UNIV,14,0.17118744433906244,0.025542853951529602,0.6194119860300153
2024,H2,THIEME MEDICAL PUBL INC,77,0.032377631210621934,0.0013226364312838986,0.4581125349800925
2024,H2,SPRINGER-VERLAG ITALIA SRL,521,0.08210042987609079,0.04910518065060114,0.13413868220959177
2024,H2,US DEPT HEALTH HUMAN SCIENCES PUBLIC HEALTH SCIENCE,63,0.06404725423982209,0.002196307883969377,0.6802435267601473
2024,H2,VILNIUS GEDIMINAS TECH UNIV,85,0.11782935407725116,0.04201943267705445,0.28913252439693093
2024,H2,WHITE HORSE PRESS,10,0.0,0.0,0.806877912563771
2024,H2,TERMEDIA PUBLISHING HOUSE LTD,155,0.1361825845452017,0.07400613521004373,0.23721483920445777
2024,H2,SPRINGER INT PUBL AG,1005,0.1463658337051289,0.1142617014967087,0.1856001298317856
2024,H2,WAGENINGEN ACADEMIC PUBLISHERS,98,0.09063822977392372,0.02563822216789382,0.2740768819289011
2024,H2,SPRINGER BASEL AG,729,0.1184906445094579,0.08427821715112487,0.16410259670576408
2024,H2,VEREIN FORDERUNG OPEN ACCESS PUBLIZIERENS QUANTENWISSENSCHAF,190,0.00959964920367374,0.001161104277898812,0.07477568710480595
2024,H2,TSINGHUA UNIV PRESS,407,0.18184406387191748,0.1318068076831934,0.2455052748868523
2024,H2,SPRINGER WIEN,809,0.15460760597615109,0.12007501797312659,0.19684973448190818
2024,H2,WALTER DE GRUYTER GMBH,477,0.10626566360560846,0.0688316770310158,0.1605479507643475
2024,H2,W B SAUNDERS CO LTD,608,0.14161501007112923,0.1004352696422036,0.19600017875385775
2024,H2,SPRINGER/PLENUM PUBLISHERS,1078,0.0919071023713438,0.06663069951034135,0.12548302346570833
2023,H1,ELSEVIER,70674,0.05693279289194306,0.0542602523633667,0.059728653645504254
2024,H2,"WILEY PERIODICALS, INC",85,0.2371789019124341,0.1241229886487589,0.40553253928979305
2024,H2,W B SAUNDERS CO-ELSEVIER INC,1206,0.1470456192887453,0.11675664285863786,0.18355916461060925
2024,H2,SAGE PUBLICATIONS LTD,3260,0.07512229606338108,0.06087536089609939,0.09237553497614273
2024,H2,ELSEVIER SCI LTD,14805,0.19586283196942414,0.18578389972357434,0.20634997946971537
2024,H2,TAYLOR & FRANCIS INC,2705,0.20465701312808815,0.18006764818471427,0.23165552148572557
2024,H2,SPRINGER HEIDELBERG,3948,0.13538912595217156,0.11934825833384834,0.15321086729183833
2024,H1,IEEE-INST ELECTRICAL ELECTRONICS ENGINEERS INC,37627,0.1582760553433396,0.15246334849201643,0.1642674211390398
2024,H1,ELSEVIER SCIENCE INC,15654,0.10262800992398273,0.09515716503883699,0.11061369282797244
2024,H2,SAGE PUBLICATIONS INC,4958,0.08840101629274548,0.0754075619423147,0.10338302712490505
2024,H1,ELSEVIER SCI LTD,38829,0.14073136209226747,0.13530171447695238,0.14634202500276217
2024,H2,"ROUTLEDGE JOURNALS, TAYLOR & FRANCIS LTD",6732,0.1104523651319458,0.09693190918831089,0.1255964245859206
2024,H2,AMER CHEMICAL SOC,26166,0.19097235548487468,0.1827346698427985,0.19949075019032883
2024,H2,SPRINGERNATURE,6824,0.20339552897368296,0.18849615382258247,0.2191545526253975
2024,H2,OXFORD UNIV PRESS INC,7242,0.1276094882023072,0.11613721329679438,0.140035470093893
2024,H2,PUBLIC LIBRARY SCIENCE,9738,0.14801933284870902,0.13704600160644909,0.15970869176183983
2024,H1,NATURE PORTFOLIO,28323,0.12096494775505183,0.1147693854321216,0.12744681202206506
2024,H2,TAYLOR & FRANCIS LTD,5446,0.23765844544762238,0.2174109561408758,0.2591671205649497
2024,H1,SPRINGER,22355,0.10451455111710264,0.09833841598705288,0.11103081278386152
2024,H2,PERGAMON-ELSEVIER SCIENCE LTD,12276,0.18488314332556324,0.17424652118360948,0.1960149341973699
2024,H1,MDPI,40289,0.17124370463218835,0.1654462788649802,0.17720114420755237
2024,H2,WORLD HEALTH ORGANIZATION,41,0.0,0.0,0.4843384744955704
2024,H2,YONSEI UNIV COLL MEDICINE,24,0.0,0.0,0.350496770357305
2024,H2,"ZAGREB UNIV, FAC FORESTRY",13,0.0,0.0,0.4667866119793436
2024,H2,Yandy Scientific Press,17,0.0,0.0,0.23101520237425685
2024,H2,WROCLAW MEDICAL UNIV,50,0.018404027223998344,1.9578419182827666e-06,0.9944613213159469
2024,H2,ZHEJIANG UNIV PRESS,79,0.2592794577537333,0.12808845552934817,0.4547573347200471
2025,H1,ACAD MANAGEMENT,20,0.17410409355690834,0.04045978124274138,0.5131257425094145
2025,H1,ACAD MEDICINE SINGAPORE,59,0.0637033277116554,0.004261753334091197,0.5195931113565331
2024,H2,WORLD SCIENTIFIC PUBL CO PTE LTD,253,0.10878462425996036,0.06048797728260543,0.18793011386889633
2025,H1,"ADAM MICKIEWICZ UNIV, KALISZ",15,0.0,0.0,0.5735146853419705
2024,H2,WOLTERS KLUWER MEDKNOW PUBLICATIONS,421,0.1413663475319698,0.09118891515859599,0.21269251622314367
2025,H1,AMER ACCOUNTING ASSOC,43,0.0211117506128779,2.4843448405678615e-05,0.9492960184966376
2025,H1,ACTA DERMATO-VENEREOLOGICA,79,0.033202452675560726,0.0035481950223590995,0.24881001518975857
2025,H1,AME PUBLISHING COMPANY,131,0.2222994997180046,0.12226467217578874,0.36970679351656577
2025,H1,AKADEMIAI KIADO ZRT,73,0.17342318561313058,0.0793441386919772,0.3380884387657935
2024,H1,PERGAMON-ELSEVIER SCIENCE LTD,32000,0.13838278620648956,0.13244867990425768,0.14453846398658782
2025,H1,AMER ACAD SLEEP MEDICINE,96,0.07284176386346515,0.016252120189207814,0.27199518769247344
2025,H1,ADIS INT LTD,572,0.15465468906775898,0.1151967024988828,0.2045042871014602
2025,H1,AMER ACAD PEDIATRICS,225,0.0684209781171801,0.03292743450738454,0.13676347652449614
2025,H1,AMER ASSOC INTELLECTUAL and DEVELOPMENTAL DISABILITIES-AAIDD,18,0.29930216008231075,0.06601988392778577,0.7207636943265118
2025,H1,ACOUSTICAL SOC AMER AMER INST PHYSICS,372,0.06244407052511728,0.030554824710429345,0.12337952866997594
2025,H1,AMER ASSOC CRITICAL CARE NURSES,36,0.15821667758459323,0.04406895361097585,0.43384413196497473
2025,H1,AMER BOARD FAMILY MEDICINE,19,0.18956111138543177,0.03355034002448874,0.6117925177233413
2024,H2,eLIFE SCIENCES PUBL LTD,1102,0.12732643541523606,0.09825364024935157,0.16344252195856687
2025,H1,AMER ASSOC NEUROLOGICAL SURGEONS,319,0.09540580705017894,0.060341173021632194,0.14764507145136788
2025,H1,AMER COLL PHYSICIANS,167,0.0,0.0,0.10903343039173884
2024,H2,LIPPINCOTT WILLIAMS & WILKINS,14271,0.12973739087947422,0.12116796748106806,0.13881714293801262
2025,H1,AMER INST AERONAUTICS ASTRONAUTICS,75,0.0,0.0,0.16170626274344196
2025,H1,AMER ECONOMIC ASSOC,171,0.031303953315244284,0.008299781775355258,0.11093544982622476
2025,H1,AMER INST MATHEMATICAL SCIENCES-AIMS,270,0.0,0.0,0.054823501061501835
2025,H1,"AMER OCCUPATIONAL THERAPY ASSOC, INC",71,0.36569936736692205,0.23204714464314286,0.5238231784962828
2025,H1,AMER SOC CELL BIOLOGY,27,0.03409886713676543,3.789689236419138e-06,0.9969683986900386
2025,H1,AMER SOC ENGINEERING EDUCATION,20,0.06745416009361123,0.001126978462095565,0.8226123238515027
2025,H1,"AMER PSYCHIATRIC PUBLISHING, INC",105,0.10146889240856996,0.031074881763546083,0.284503610221452
2025,H1,AMER ROENTGEN RAY SOC,66,0.07934116190681148,0.014657699317776983,0.33300131868761346
2025,H1,AMER SPINAL INJURY ASSOC,18,0.0,0.0,0.6347574101527461
2025,H1,AMER PUBLIC HEALTH ASSOC INC,104,0.056419306215790894,0.011546658539779474,0.23433453598776782
2025,H1,ANNALS FAMILY MEDICINE,43,0.2553411935080921,0.07791139324652478,0.5818611236488802
2025,H1,ACADEMIC PRESS LTD- ELSEVIER SCIENCE LTD,3065,0.27495071577369296,0.25111673046067556,0.30014020665550756
2025,H1,ASSOC BRASILEIRA PSIQUIATRIA,21,0.10684006229934162,0.01817790216324738,0.43593853908515323
2025,H1,AMER SOC PHARMACOLOGY EXPERIMENTAL THERAPEUTICS,77,0.19028847822122774,0.09197628873847442,0.35285025720828617
2025,H1,AMER THORACIC SOC,167,0.21819155918349692,0.12684020956993353,0.34903532366209655
2025,H1,AMER SOC HEMATOLOGY,168,0.10390253453066901,0.04401438133223553,0.2260125121353177
2025,H1,AUSTRALIAN PHYSIOTHERAPY ASSOC,11,0.0,0.0,0.7585435805485334
2025,H1,BASTAS PUBL LTD - UK,26,0.47202476532615756,0.19460266285733607,0.7678730567932559
2025,H1,AMER SOC NEURORADIOLOGY,173,0.2124312477406911,0.13269154574155625,0.3222835810028549
2025,H1,ASSOCIACAO BRASILEIRA PESQUISA POS-GRADUACAO FISIOTERAPIA-ABRAPG-FT,27,0.06832813028561197,0.0069263139149291905,0.43540275140067003
2025,H1,AMER SPEECH-LANGUAGE-HEARING ASSOC,343,0.15459618249185966,0.10488459099421564,0.22202509098073067
2025,H1,BIOSCIENTIFICA LTD,81,0.2797782278524061,0.1479797564895633,0.4649105100205676
2025,H1,BENTHAM SCIENCE PUBL LTD,95,0.22238303350275573,0.11596911872526901,0.3840252791450919
2025,H1,ASIAN-AUSTRALASIAN ASSOC ANIMAL PRODUCTION SOC,145,0.12534287021957838,0.06867773181297686,0.21782650696631617
2025,H1,AMER SOC CLINICAL INVESTIGATION INC,544,0.2893989008420133,0.22854678350327268,0.3589152605551262
2025,H1,ASSOC RESEARCH VISION OPHTHALMOLOGY INC,388,0.20423854280029802,0.14589949408595937,0.27830383765781747
2025,H1,AMER SOC NEPHROLOGY,330,0.10992656349957051,0.06351493532027119,0.1836030845458802
2025,H1,AMER METEOROLOGICAL SOC,341,0.052394981241876186,0.027008178078311802,0.09921137504557262
2025,H1,BAISHIDENG PUBLISHING GROUP INC,399,0.3382811459567979,0.26952241969502655,0.4146245801883271
2025,H1,ASCE-AMER SOC CIVIL ENGINEERS,376,0.285046888616059,0.22265429969955017,0.3568960705901167
2025,H1,AMER PHYTOPATHOLOGICAL SOC,436,0.05979020025686898,0.032528061190895095,0.10736540848072361
2025,H1,AMER DIABETES ASSOC,918,0.15704507304838766,0.12323132910577775,0.19804131832216845
2025,H1,AMER PHYSIOLOGICAL SOC,724,0.25595640859601315,0.2086089480356224,0.3098428353516435
2025,H1,ANNUAL REVIEWS,568,0.10264090578383848,0.06391736737910621,0.1607947658277719
2025,H1,AMER SOC MICROBIOLOGY,826,0.222666461161766,0.18477277043918944,0.2657977135728767
2025,H1,AMER ASSOC ADVANCEMENT SCIENCE,2616,0.1079124732460379,0.08825202987735205,0.13132194604365116
2025,H1,ASSOC COMPUTING MACHINERY,1052,0.17265499922916394,0.13909321847805464,0.21231773073503474
2025,H1,BRISTOL UNIV PRESS & POLICY PRESS,22,0.0,0.0,0.3877799568317384
2025,H1,BRILL,103,0.0,0.0,0.16479488129670433
2025,H1,BRAZILIAN SOC UROL,32,0.10098568167257334,0.014992244814621025,0.45325590519162623
2025,H1,AMER PSYCHOLOGICAL ASSOC,831,0.07271809423089605,0.05050784839013691,0.10362908717044939
2025,H1,BRITISH INST RADIOLOGY,54,0.15150648777825562,0.052861028663140436,0.3635732545903233
2025,H1,CANADIAN OPHTHAL SOC,32,0.19193652460752358,0.057973172770112616,0.47828905865293136
2025,H1,CANADIAN SCIENCE PUBLISHING,47,0.13162148205419294,0.04039293618904319,0.35308046462249953
2025,H1,CENTERS DISEASE CONTROL & PREVENTION,32,0.0,0.0,0.3034100318403343
2025,H1,CHINA ANTI-CANCER ASSOC,39,0.38175152626178227,0.15416557703073486,0.6765704863662828
2025,H1,CHIN SOCIETY IMMUNOLOGY,43,0.4007837010560368,0.20375591188124678,0.636124266727977
2025,H1,CHINESE JOURNAL NATURAL MEDICINES,47,0.8084649104648945,0.5622552852662341,0.9327557840751486
2025,H1,CHINESE JOURNAL CANCER RESEARCH CO,19,0.18416151385798793,0.018595848941732915,0.7289376831639536
2025,H1,CLEVELAND CLINIC,28,0.0,0.0,0.42055752182732603
2025,H1,CHINESE CHEMICAL SOC,34,0.09378472526554688,0.018273895234801184,0.36523567099246135
2025,H1,COLEGIO OFICIAL DE PSICOLOGOS DE ASTURIAS,17,0.3317657192795023,0.08116278580086149,0.7361848513409245
2025,H1,COLL FAMILY PHYSICIANS CANADA,21,0.0,0.0,0.4398675964932776
2025,H1,CROATIAN SOC MEDICAL BIOCHEMISTRY & LABORATORY MEDICINE,12,0.0,0.0,1.0
2025,H1,CMA-CANADIAN MEDICAL ASSOC,73,0.06376970726374527,0.010982592818959866,0.2946790712144434
2025,H1,CSIRO PUBLISHING,22,0.32405339492187923,0.08945886430678607,0.7005353828375951
2025,H1,DE GRUYTER MOUTON,24,0.0,0.0,0.27056363626137003
2025,H1,COLL AMER PATHOLOGISTS,57,0.0722440004303043,0.015529810494571066,0.27766036450969833
2025,H1,"E H ANGLE EDUCATION RESEARCH FOUNDATION, INC",14,0.12975573856268696,0.0022135787724408777,0.909264579977494
2025,H1,CURRENT MEDICINE GROUP,73,0.3629010162033572,0.2038151360592948,0.5589811599048239
2025,H1,EDICIONES DOYMA S A,13,0.131319609905195,0.018423407809398603,0.549055618707385
2025,H1,ACADEMIC PRESS INC ELSEVIER SCIENCE,4886,0.28164992623312846,0.26255606072082055,0.3015645268638907
2025,H1,DUKE UNIV PRESS,129,0.0014604544430245382,1.6984746418345143e-16,0.9999999999206013
2025,H1,CHURCHILL LIVINGSTONE INC MEDICAL PUBLISHERS,213,0.0941389745630019,0.049275896320705434,0.17243908853913512
2025,H1,COPERNICUS GESELLSCHAFT MBH,124,0.12006803795685132,0.05864979397760696,0.23008330611265596
2025,H1,DE GRUYTER POLAND SP Z O O,174,0.14324196471727593,0.07621052470136769,0.253079341447778
2025,H1,EDIZIONI MINERVA MEDICA,114,0.1336498499369637,0.06385325464487529,0.2586596003132942
2025,H1,"COLD SPRING HARBOR LAB PRESS, PUBLICATIONS DEPT",205,0.0709569458035791,0.02602200386817375,0.17920877104981467
2025,H1,BRITISH EDITORIAL SOC BONE & JOINT SURGERY,251,0.04179176620893695,0.012130259541745111,0.1341348169549105
2025,H1,CURRENT BIOLOGY LTD,242,0.11547608919559134,0.05542716777893998,0.22507907859994872
2025,H1,EDP SCIENCES S A,92,0.05393845768402961,0.013569772180430874,0.1911306959522565
2025,H1,COMPANY BIOLOGISTS LTD,201,0.09784873338674534,0.04404446971589776,0.20339527978260222
2025,H1,EDUCATIONAL PUBLISHING FOUNDATION-AMERICAN PSYCHOLOGICAL ASSOC,208,0.15316151029954145,0.09189223304745651,0.24429262149451506
2025,H1,CHURCHILL LIVINGSTONE,781,0.2604472150152158,0.21388841662230648,0.31310418997287054
2025,H1,ELSEVIER ESPANA SLU,41,0.016082627983775914,5.158785041996515e-06,0.9810570693767721
2025,H1,ELSEVIER ESPANA,61,0.13931586055844444,0.049119672888199975,0.33652045042557055
2024,H2,FRONTIERS MEDIA SA,9170,0.24305859367122992,0.22852915338716565,0.25820261763229213
2025,H1,DOVE MEDICAL PRESS LTD,1041,0.30332620174124125,0.259664983072169,0.3508496771877433
2025,H1,"ELSEVIER MASSON, CORP OFF",78,0.0,0.0,0.15440351661695131
2025,H1,ELSEVIER ADVANCED TECHNOLOGY,367,0.487930108692182,0.4134457158977564,0.5629544019380333
2025,H1,ELSEVIER INC,132,0.1391842059251079,0.07298468073387264,0.24928224381988243
2025,H1,CAMBRIDGE UNIV PRESS,1308,0.04722451753555591,0.030872992309044483,0.07159663193454342
2025,H1,EQUINOX PUBLISHING LTD,14,0.0,0.0,0.5352458828603684
2025,H1,"ETHNICITY & DISEASE, INC",12,0.0973369565010216,0.0009676643293215826,0.9231059826760412
2025,H1,EUROPA EDITION,43,0.0,0.0,0.27692431518635496
2025,H1,ELSEVIER GMBH,767,0.40438793243403565,0.3488865620962338,0.46244765102736785
2025,H1,ELSEVIER SCIENCE LONDON,160,0.15521549358324685,0.08351349241123529,0.27032088757888445
2025,H1,FOUNDATION REHABILITATION INFORMATION,63,0.19963605013273877,0.0796821660828178,0.41812677541152304
2025,H1,EXCERPTA MEDICA INC-ELSEVIER SCIENCE INC,100,0.1321273541663189,0.05688459852881533,0.2776008734837882
2025,H1,ELSEVIER TAIWAN,144,0.25810211180794923,0.15773987439372028,0.3925583188769023
2025,H1,ELSEVIER SCIENCE SA,173,0.2909414208527331,0.19780107177307035,0.40575609468594465
2025,H1,EUR CENTRE DIS PREVENTION & CONTROL,98,0.07304595104028332,0.020474407191940092,0.22904034417513436
2025,H1,FERRATA STORTI FOUNDATION,223,0.06820991042943521,0.015026054948826677,0.2599543390326656
2025,H1,AIP Publishing,3207,0.08396676922574985,0.06901527186245694,0.10180316983048335
2025,H1,AMER GEOPHYSICAL UNION,2940,0.07576941832965826,0.06029304617553425,0.09481751982174168
2025,H1,EMERALD GROUP PUBLISHING LTD,256,0.24489533263727228,0.1751201255178011,0.33130573483711473
2025,H1,AMER MEDICAL ASSOC,2685,0.04187277280556813,0.03069256744506168,0.05688651845062587
2025,H1,EUROPEAN RESPIRATORY SOC JOURNALS LTD,201,0.08070267579773248,0.03521774594181705,0.1743187324169303
2025,H1,ENDOCRINE SOC,367,0.07740758712428904,0.042655080245571915,0.13643885608221104
2025,H1,HONG KONG ACAD MEDICINE PRESS,17,0.0,0.0,0.784451521031338
2025,H1,HOGREFE PUBLISHING CORP,11,0.22451372971419536,0.051316342829219694,0.6077726637607912
2025,H1,HINDAWI LTD,32,0.0,0.0,0.1974376596093494
2025,H1,HANLEY & BELFUS-ELSEVIER INC,24,0.06402101590023045,0.0009918488671225585,0.8249403390699654
2025,H1,HARBORSIDE PRESS,165,0.0,0.0,0.21087885766213402
2025,H1,FUTURE MEDICINE LTD,87,0.5694616410325466,0.3759412723640703,0.7438586408938849
2025,H1,HIGHER EDUCATION PRESS,23,0.2805335083465768,0.09785037308692568,0.5836334988069993
2025,H1,GEOSCIENCEWORLD,36,0.0789933018884793,0.0022723990154290934,0.763584996514845
2025,H1,ELSEVIER FRANCE-EDITIONS SCIENTIFIQUES MEDICALES ELSEVIER,1035,0.2534538273477159,0.21291093712934753,0.29878629007179974
2025,H1,HUMANA PRESS INC,66,0.3140262686081548,0.16065358694034218,0.5226464219660947
2025,H1,EUROPEAN MATHEMATICAL SOC-EMS,240,0.03257549959395799,0.013375733852986552,0.0771790823362076
2025,H1,HUMAN KINETICS PUBL INC,138,0.022400564736325363,0.0018596830659313305,0.2198501402596676
2025,H1,"GEOLOGICAL SOC AMER, INC",244,0.03533630702252154,0.0099502216881712,0.1177848033669694
2025,H1,"INT PRESS BOSTON, INC",26,0.0,0.0,0.5273811737519666
2025,H1,INT PRESS EDITING CENTRE INC,18,0.1961800827548664,0.04724406459619011,0.5457088434440984
2025,H1,INST MATHEMATICAL STATISTICS-IMS,69,0.0,0.0,0.20246288088593373
2025,H1,"INST MATERIA MEDICA, CHINESE ACAD MEDICAL SCIENCES",50,0.3240661055343056,0.1480647570423052,0.5694396426247941
2025,H1,INT RHINOLOGIC SOC,29,0.1311164328236244,0.022974998872437875,0.49196539582193016
2025,H1,GEORG THIEME VERLAG KG,328,0.0663252262512844,0.025585974300028427,0.16120036790203793
2025,H1,INT SOC AGING & DISEASE,51,0.6308167396471533,0.4105244430952605,0.8074059923852501
2025,H1,INT UNION AGAINST TUBERCULOSIS LUNG DISEASE (I U A T L D),35,0.0382006292464056,0.0003105200856646008,0.8354895338326488
2025,H1,IRCA-BSSA,29,0.41566706034643974,0.199859108079981,0.6695172644983202
2025,H1,IWA PUBLISHING,18,0.04051732230170016,5.4021737176519904e-05,0.9705948897003013
2025,H1,J O S P T,38,0.0,0.0,0.21060838430968815
2025,H1,IGI GLOBAL,107,0.4549610424963172,0.3084870377239031,0.6096666255438193
2025,H1,INT SOC GLOBAL HEALTH,195,0.3038311368181929,0.21262692741912564,0.41360619513090513
2025,H1,IOS PRESS,35,0.12403964114248488,0.029217747838891486,0.3998444181292734
2025,H1,JAPAN ACAD,20,0.11752109870364502,0.01877693328989111,0.48099332727996474
2025,H1,JAPANESE SOC ALLERGOLOGY,23,0.2104944122930621,0.034186076844674014,0.6675793626119861
2025,H1,JAPAN PROSTHODONTIC SOC,31,0.1453750586433516,0.030284655727178485,0.4809267619706213
2025,H1,JAPAN NEUROSURGICAL SOC,27,0.11814642963126931,0.021518504286181968,0.44939539843994797
2025,H1,JAPAN EPIDEMIOLOGICAL ASSOC,18,0.023183656055720793,1.7631580653721282e-08,0.9999687003380426
2025,H1,JAPANESE SOC HYGIENE,43,0.2534158123328793,0.1057013193078572,0.4936175963500519
2025,H1,JOHN WILEY & SONS INC,83,0.018829131373898144,3.088871239888677e-05,0.9226140688911089
2025,H1,JOHN BENJAMINS PUBLISHING CO,78,0.10564550957427371,0.03222050556910314,0.29533238795982875
2025,H1,INT UNION CRYSTALLOGRAPHY,110,0.05103613524773972,0.011159922060347095,0.20400149840117934
2025,H1,KOREA HEALTH PERSONNEL LICENSING EXAMINATION INST,14,0.11009422322923584,0.008420927145416193,0.6431404246798316
2025,H1,KOREAN ACAD PROSTHODONTICS,11,0.5992368709378544,0.06432670456559396,0.9701673264848608
2025,H1,KOREAN ACAD REHABILITATION MEDICINE,17,0.2209157809295225,0.05366144004220382,0.5864309648408025
2025,H1,KOREAN ASSOC ORTHODONTISTS,17,0.5667357406983801,0.16073849862365405,0.899332888458652
2025,H1,KOREAN FIBER SOC,15,0.3701163236230768,0.1224973216910339,0.7120897602083116
2025,H1,KOREAN SOC HORTICULTURAL SCIENCE,10,0.0,0.0,0.5778724111390295
2025,H1,KOREAN INST METALS MATERIALS,16,0.059747056794433255,0.001843725754144893,0.686124667928595
2025,H1,KOREAN SOC COLOPROCTOLOGY,26,0.04772174692577791,0.0002694191259184925,0.9030894050860907
2025,H1,KOREAN ASSOC STUDY LIVER,44,0.45905052066701074,0.22330058704010955,0.7146758930948716
2025,H1,KERMAN UNIV MEDICAL SCIENCES,45,0.15389420238735094,0.044301649576615885,0.41645633562646184
2025,H1,KOREAN ACAD MEDICAL SCIENCES,58,0.2640157495926155,0.11887982584639317,0.48817245327469244
2025,H1,KOREAN SOC STUDY OBESITY,19,0.544912394994118,0.2103134015542378,0.8433420085179693
2025,H1,KOREAN SOCIETY ANIMAL SCIENCE & TECHNOLOGY,10,0.5623458963058388,0.12617993349206535,0.9195717105346827
2025,H1,KOREAN SOC ANESTHESIOLOGISTS,35,0.16884794225660635,0.03777643831572493,0.5124806152973905
2025,H1,KOREAN SOC OTORHINOLARYNGOL,24,0.40103929411067873,0.14700536485043936,0.7223224322842192
2025,H1,KOREAN SOC SEXUAL MEDICINE & ANDROLOGY,18,0.3784912357027574,0.11389416901339737,0.7426241368645258
2025,H1,KOREAN SOC NEPHROLOGY,41,0.2569624844581172,0.1050470584466669,0.5046823231362959
2025,H1,KOREAN SOC PEDIATRIC ENDOCRINOLOGY,24,0.44134354203308696,0.21085048724406713,0.7002280877712178
2025,H1,KOREAN SOC LABORATORY MEDICINE,35,0.23413683950558753,0.058873295634801884,0.599046702997396
2025,H1,KOREAN STROKE SOC,10,0.015524445548654573,1.5089757839098286e-16,0.9999999999993932
2025,H1,KOREAN SOCIETY OF RADIOLOGY,49,0.0,0.0,0.14562221753775326
2025,H1,LAWBOOK CO LTD,17,0.4068945911096657,0.16749114649459496,0.7005414259004167
2025,H1,KOREAN DIABETES ASSOC,54,0.1646794116802049,0.049657470182104,0.4265462983934867
2025,H1,KARGER,78,0.10147655767283799,0.036169411117872474,0.2536672475752159
2025,H1,KOREAN SPINAL NEUROSURGERY SOC,49,0.2639025273883707,0.1094888282829857,0.5111000955983833
2025,H1,KOREAN SOC GYNECOLOGY ONCOLOGY & COLPOSCOPY,56,0.1878163275784393,0.06000228761222194,0.45585790630676976
2025,H1,Korean Pediatric Soc,40,0.1511402017161473,0.045548814123837246,0.3991470413172289
2025,H1,KEAI PUBLISHING LTD,266,0.3973490757311206,0.3086078428458535,0.49339786506509514
2025,H1,LIFE SCIENCE ALLIANCE LLC,80,0.13115012741526869,0.04076824738532074,0.34900262437401036
2025,H1,IVYSPRING INT PUBL,660,0.3815104797861072,0.3239157552527562,0.44264121392428774
2025,H1,IOP Publishing Ltd,660,0.1730033667180272,0.13188782420279868,0.22363457818753124
2025,H1,CELL PRESS,4970,0.241468693021034,0.22037056433910285,0.26390300319762683
2025,H1,ELSEVIER IRELAND LTD,3165,0.24454885774949733,0.22181441557485324,0.2688085288573957
2025,H1,MARTINUS NIJHOFF PUBL,18,0.0,0.0,0.6386363856506128
2025,H1,MANAGED CARE & HEALTHCARE COMMUNICATIONS LLC,55,0.20479019826798206,0.08488613408611077,0.4169024689372909
2025,H1,MASSACHUSETTS MEDICAL SOC,196,0.0,0.0,0.06824625768219258
2025,H1,JOHN WILEY & SONS LTD,810,0.27658961095702134,0.2323825562739706,0.32563879173159843
2025,H1,MASSON EDITEUR,43,0.05845503977759831,0.008754814642392278,0.30382054211837395
2025,H1,IEEE COMPUTER SOC,1307,0.14886399891977484,0.12099841754062832,0.18181952508319474
2025,H1,"JMIR PUBLICATIONS, INC",893,0.19356508470482203,0.16012365906793916,0.23206091988072422
2025,H1,AMER ASSOC CANCER RESEARCH,7567,0.20755558590602685,0.19480450307158323,0.2209123124245336
2025,H1,INFORMS,373,0.024238642084344026,0.0064937772919219285,0.0862628541070477
2025,H1,"MARY ANN LIEBERT, INC",763,0.0982499507558904,0.0690852879935001,0.13790274666021052
2025,H1,MICH LAW REV ASSOC,11,0.0,0.0,0.6100548890575458
2025,H1,MEDYCYNA PRAKTYCZNA SP K SP ZOO,10,0.25494838007667703,0.024416010591910176,0.8239022048614417
2025,H1,MEDICAL LIBRARY ASSOC,27,0.13263943007511703,0.01670792649876557,0.5791736814943659
2025,H1,MICROBIOLOGY SOC,96,0.15950368858127978,0.07933476774442703,0.2947487110367765
2025,H1,NATL COUNCIL TEACHERS MATHEMATICS-NCTM,10,0.009797210564434165,8.697435206959636e-20,0.9999999999999991
2025,H1,Medical Journal Sweden AB,62,0.0192418309377566,0.00013832278309835184,0.7356156092249664
2025,H1,NATL MED ASSOC,16,0.3286324433282893,0.09788795621761232,0.688295268992982
2025,H1,NATL ATHLETIC TRAINERS ASSOC INC,45,0.22321971693181844,0.091167529528381,0.45151781701640986
2023,H2,ELSEVIER,77653,0.1066383926830441,0.103206589848664,0.11017029031998915
2025,H1,MIT PRESS,214,0.11157986529060246,0.06524485031650705,0.18433172197136663
2025,H1,AMER PHYSICAL SOC,5482,0.06346969179768486,0.05391250748214198,0.0745875295171003
2025,H1,"ND Zelinsky Inst Organic Chemistry, RAS - ZIOC RAS",15,0.0,0.0,0.34735865615700806
2025,H1,NONFERROUS METALS SOC CHINA,31,0.0,0.0,0.24893113066361433
2025,H1,NEW YORK BUSINESS GLOBAL LLC,26,0.14235802053355376,0.022183757989793787,0.5484173557755686
2025,H1,OAE PUBLISHING INC,36,0.32367244160603414,0.14320389041841342,0.5781148851732894
2025,H1,NIHR JOURNALS LIBRARY,31,0.0,0.0,0.290298148483009
2025,H1,NATURE PUBL GROUP,142,0.3882903071712162,0.2747178284118966,0.5154468863014391
2025,H1,MOSBY-ELSEVIER,1273,0.10553730873445843,0.08160973546124685,0.13544567943836638
2025,H1,ELSEVIER SCIENCE INC,5679,0.1467249594082779,0.13248265135189496,0.16221207068897764
2025,H1,NATL ACAD SCIENCES,1791,0.09346115760087632,0.07370361127167742,0.11784127071295131
2025,H1,PACINI EDITORE,20,0.0,0.0,0.3725745923264555
2025,H1,Optica Publishing Group,15,0.061448464510746745,0.00029096417151604697,0.936418597124877
2025,H1,PEERJ INC,315,0.4554664904473625,0.3768369910032781,0.5363807816388817
2025,H1,POLICY PRESS,21,0.0,0.0,0.5242630867926688
2025,H1,PHARMACEUTICAL SOC KOREA,20,0.4500420429825428,0.16023530735198327,0.7782464584110756
2025,H1,PHYSICIANS POSTGRADUATE PRESS,58,0.0,0.0,0.21363511114929307
2025,H1,POLISH CARDIAC SOC,28,0.26301319458718864,0.07517184750701769,0.6104251272414327
2025,H1,PORTLAND PRESS LTD,51,0.27342518591931875,0.11728252480501768,0.5159427419786572
2025,H1,PROJECT HOPE,79,0.04532466832290631,0.006949465484028674,0.24362208460946963
2025,H1,BMJ PUBLISHING GROUP,4657,0.1094265801027662,0.09572426720144563,0.12481955402094033
2025,H1,R FOUNDATION STATISTICAL COMPUTING,12,0.0,0.0,0.33026717888128226
2025,H1,RADCLIFFE CARDIOLOGY,16,1.0,0.6559186087297844,1.0
2025,H1,"Princeton Univ, Dept Mathematics",15,0.06078443025016345,0.002432315851788297,0.6320574471062117
2025,H1,REGIONAL EURO-ASIAN BIOLOGICAL INVASIONS CENTRE-REABIC,16,0.0,0.0,0.5917186401206456
2025,H1,RIJKSHERBARIUM,11,0.0,0.0,0.5944255035625946
2025,H1,ROY COLL PHYS LONDON EDITORIAL OFFICE,43,0.15465209385554038,0.033485893151661686,0.49135865780121424
2025,H1,ROCKEFELLER UNIV PRESS,249,0.12500532146351978,0.06069401079772852,0.24004611114889013
2025,H1,ELSEVIER SCI LTD,7336,0.233178546877687,0.21763443372710928,0.2494788474632148
2025,H1,RUSSELL SAGE FOUNDATION,15,0.0,0.0,0.6602835155076082
2025,H1,ROYAL COLL GENERAL PRACTITIONERS,124,0.19770958306130534,0.11220075948738117,0.324561506785692
2025,H1,RADIOLOGICAL SOC NORTH AMERICA (RSNA),349,0.13250968578908284,0.06718962204732577,0.24467560121514723
2025,H1,SCANDINAVIAN UNIV PRESS-UNIVERSITETSFORLAGET AS,14,0.12412980100687872,0.016427495934926623,0.5459833559733258
2025,H1,SCIENDO,19,0.20932101321250254,0.029807491152863283,0.695230715490831
2025,H1,SHENYANG PHARMACEUTICAL UNIV,10,0.5038859248840388,0.10927709744479283,0.8937123218899274
2025,H1,SHANGHAI UNIV,12,0.18845016578655205,0.015294475049873114,0.7763683124534355
2025,H1,SCANDINAVIAN JOURNAL WORK ENVIRONMENT & HEALTH,29,0.08800461895232052,0.016296665895157637,0.3598241585652153
2025,H1,SOC BRASILEIRA ICTIOLOGIA,24,0.024843407117966895,5.9558264889313156e-05,0.9159449721318754
2025,H1,SHANGHAI UNIV SPORT,32,0.04361068285267319,0.0004557657140867494,0.8201479148785308
2025,H1,SOC BRASIL PEDIATRIA,39,0.06930335725758016,0.012649262602137343,0.3020713445307102
2025,H1,"SOC ECONOMIC GEOLOGISTS, INC",42,0.0,0.0,0.3569005332542234
2025,H1,SOC BIOLGIA CHILE,34,0.41759545201279763,0.2119297846350433,0.656565907041361
2025,H1,SEPM-SOC SEDIMENTARY GEOLOGY,33,0.037608581623886396,0.00496612946635744,0.23429033840633337
2025,H1,SPIE-SOC PHOTO-OPTICAL INSTRUMENTATION ENGINEERS,44,0.3266164871170829,0.15473425548215536,0.5623943614321705
2025,H1,SCIPOST FOUNDATION,207,0.0,0.0,0.061968712080280625
2025,H1,SHANGHAI JIAO TONG UNIV PRESS,200,0.33195330701245057,0.24627561859914332,0.4304164976932816
2025,H1,SPANDIDOS PUBL LTD,131,0.14919295411639058,0.07525913347862229,0.2742205397839158
2025,H1,SOC EXPLORATION GEOPHYSICISTS - SEG,197,0.2825356213679544,0.19532121051576515,0.38982697299042324
2025,H1,SOC PETROLEUM ENG,252,0.1744369668944864,0.11365688817780303,0.25824996235688996
2025,H1,SOC NUCLEAR MEDICINE INC,148,0.07645656311502867,0.02952209592064755,0.18387062943407664
2025,H1,SCIENCE PRESS,449,0.21266456365222527,0.1572970690992643,0.281021914723207
2025,H1,SPRINGER FRANCE,22,0.05997785194341728,0.0019148489842964872,0.6796891607803995
2025,H1,SOC NEUROSCIENCE,337,0.11927352605766656,0.07796313817876435,0.17824162246966532
2025,H1,SPRINGER SINGAPORE PTE LTD,75,0.17385895022868983,0.07035228169571667,0.3691763593395825
2025,H1,TAYLOR & FRANCIS AUSTRALIA,12,0.0,0.0,0.6579350118626582
2025,H1,SPRINGER JAPAN KK,171,0.08512923594272469,0.031372929545507175,0.210936392395799
2025,H1,TAYLOR & FRANCIS AS,63,0.19110832836379876,0.06785559444854955,0.4340015493114772
2025,H1,SPRINGER INT PUBL AG,334,0.19771057911836723,0.14002285209580917,0.271657331250417
2025,H1,SIAM PUBLICATIONS,488,0.030935921681082463,0.015090715588949569,0.06236505514516276
2025,H1,SPRINGER LONDON LTD,309,0.193884979829156,0.13676674834749553,0.2674665180974296
2025,H1,"UNIV BELGRADE, FAC ELECTRICAL ENGINEERING",13,0.0,0.0,0.7525613726316839
2025,H1,"UNIV SZEGED, BOLYAI INSTITUTE",11,0.34877437116351684,0.08665532601426329,0.751441089019565
2025,H1,"UNIV PITTSBURGH, UNIV LIBRARY SYSTEM",18,0.6809995787364383,0.25138129269682624,0.9313745106180581
2025,H1,SPRINGER BASEL AG,588,0.3249766315096852,0.26843262661704737,0.38712847738168876
2025,H1,UBIQUITY PRESS LTD,41,0.16755877098826535,0.05437816167888683,0.41333954406524137
2025,H1,"VILNIUS UNIV, INST MATHEMATICS & INFORMATICS",11,0.0,0.0,0.9402208722855501
2025,H1,THIEME MEDICAL PUBL INC,68,0.20202468712722627,0.08565012912616705,0.40626366801505237
2025,H1,UNIV CHICAGO PRESS,32,0.07332283789107968,0.010597691508218302,0.36888540938300013
2025,H1,TERMEDIA PUBLISHING HOUSE LTD,118,0.36552466847457094,0.2375622721099578,0.5157851956457502
2025,H1,TSINGHUA UNIV PRESS,134,0.2211072903103573,0.12477356636574537,0.36112873091284015
2025,H1,VILNIUS GEDIMINAS TECH UNIV,80,0.14518803868833047,0.04719142569464085,0.3680708605419126
2025,H1,WHITE HORSE PRESS,13,0.0,0.0,0.7143799398672745
2025,H1,IEEE-INST ELECTRICAL ELECTRONICS ENGINEERS INC,9161,0.22935608212183697,0.21616194381219328,0.24310579040720015
2025,H1,US DEPT HEALTH HUMAN SCIENCES PUBLIC HEALTH SCIENCE,131,0.12503957638366034,0.05311394539476846,0.2669098992737091
2025,H1,UNIV CALIFORNIA PRESS,76,0.037554134101557224,0.00638306253845644,0.19159414015370033
2025,H1,SPRINGER WIEN,600,0.23254609295487702,0.18784084890822372,0.28416824812804425
2025,H1,WAGENINGEN ACADEMIC PUBLISHERS,105,0.16565593092463657,0.07457080749038239,0.32850437064695515
2025,H1,SPRINGER/PLENUM PUBLISHERS,702,0.1410316685618598,0.10555898638022547,0.18594664524552137
2025,H1,VEREIN FORDERUNG OPEN ACCESS PUBLIZIERENS QUANTENWISSENSCHAF,198,0.01835038223264968,0.0034632700124252974,0.09136381237726228
2025,H1,SPRINGER-VERLAG ITALIA SRL,427,0.08621469099284484,0.0521093710078052,0.13935999911344116
2025,H1,W B SAUNDERS CO LTD,539,0.16048156128055943,0.11652786858411532,0.21694323065554993
2025,H1,WALTER DE GRUYTER GMBH,637,0.12111863660733381,0.08660652936078565,0.16687102787590724
2025,H1,W B SAUNDERS CO-ELSEVIER INC,912,0.17130941693450769,0.13555787933206837,0.21415402972978587
2025,H1,ROYAL SOC,1365,0.0626058380027173,0.04371833888115519,0.08889471059212913
2025,H1,FRONTIERS MEDIA SA,9331,0.24380857808881562,0.23064418080694934,0.2574728980683883
2025,H1,"WILEY PERIODICALS, INC",118,0.2166779310867283,0.11878948653257229,0.3620863727407497
2025,H1,WILEY-HINDAWI,214,0.2072642017826693,0.13860494382630767,0.29816194944386204
2025,H1,SPRINGER HEIDELBERG,2443,0.14550620061838015,0.12498931618473044,0.16874144440795957
2025,H1,ROYAL SOC CHEMISTRY,6076,0.23275814499992764,0.20744324554803134,0.26014828145120045
2025,H1,"ZAGREB UNIV, FAC FORESTRY",12,0.5295753629822624,0.21557490407086546,0.8217899744161786
2025,H1,YONSEI UNIV COLL MEDICINE,27,0.11354877498892606,0.006794549481003708,0.7057496321075406
2025,H1,WORLD HEALTH ORGANIZATION,36,0.16374506678279793,0.04966495869606803,0.42318050827623827
2025,H1,TAYLOR & FRANCIS INC,2334,0.22422800585247638,0.19790159167592106,0.25295211830604847
2025,H1,WROCLAW MEDICAL UNIV,75,0.21342898961554474,0.0991070512061015,0.4009347537137957
2025,H1,ZHEJIANG UNIV PRESS,81,0.2550660164688448,0.1396268035352914,0.4194203568865741
2025,H1,WORLD SCIENTIFIC PUBL CO PTE LTD,195,0.10102691342171478,0.04529278146967664,0.2102406840890769
2025,H1,WOLTERS KLUWER MEDKNOW PUBLICATIONS,418,0.22027391927199347,0.16356308456344495,0.28983422820929555
2025,H1,eLIFE SCIENCES PUBL LTD,750,0.09248417834936319,0.06275603760886012,0.13427725090584455
2025,H1,SAGE PUBLICATIONS INC,5071,0.11745145381856821,0.10352682500136488,0.13297118014403594
2025,H1,PERGAMON-ELSEVIER SCIENCE LTD,6722,0.2440400542036714,0.22830009056731593,0.2604988783678183
2025,H1,SAGE PUBLICATIONS LTD,3433,0.09837463755748836,0.08330329628076401,0.11582817313206868
2025,H1,TAYLOR & FRANCIS LTD,5365,0.24658999275097432,0.22715139933447856,0.2671171147154916
2025,H1,OXFORD UNIV PRESS INC,5557,0.10788016159364265,0.09588770192002076,0.12117147481421658
2024,H2,SPRINGER,18378,0.12839590275769097,0.1209097518015183,0.13627370894674287
2025,H1,SPRINGERNATURE,5445,0.23308093347858888,0.21581611761434086,0.2512843210897569
2024,H2,NATURE PORTFOLIO,29307,0.17006157123278676,0.16308909282523712,0.17726900126309894
2024,H2,OXFORD UNIV PRESS,25640,0.11091100892133587,0.10515525613239139,0.11694063624509479
2025,H1,"ROUTLEDGE JOURNALS, TAYLOR & FRANCIS LTD",6408,0.13160399100277545,0.11677112026017017,0.14800527735879618
2025,H1,ELSEVIER,21734,0.27016675758410885,0.26088072649830174,0.2796582605570178
2025,H1,LIPPINCOTT WILLIAMS & WILKINS,11295,0.10413424804207082,0.09590742340695868,0.1129785747559084
2025,H1,PUBLIC LIBRARY SCIENCE,10924,0.16712691374677496,0.1566880191144608,0.17811438290908968
2025,H1,BMC,16566,0.21238711589471862,0.2031224262935896,0.22195667947504505
2023,H2,WILEY,44767,0.07023156496518594,0.06669053079028395,0.07394571921065259
2025,H1,SPRINGER,11864,0.15612594550007047,0.1463196795645479,0.1664612709287795
2025,H1,AMER CHEMICAL SOC,26794,0.226734547063698,0.21877066078727694,0.23490117176510023
2024,H2,WILEY-V C H VERLAG GMBH,13513,0.206759407190619,0.1958273563836345,0.21813619703622045
2024,H2,ELSEVIER,38724,0.21176344823096402,0.20540645847554315,0.21826313517948762
2024,H1,WILEY,39015,0.10791766204638109,0.10289563699389402,0.11315388068026103
2025,H1,WILEY-V C H VERLAG GMBH,13903,0.26552292338211875,0.2542713577718088,0.2770873764650604
2025,H1,OXFORD UNIV PRESS,17234,0.10586443790809243,0.09914287522129822,0.11298454715419773
2025,H1,NATURE PORTFOLIO,29665,0.20588522049621272,0.19855621792184514,0.2134127107103264
2024,H1,ELSEVIER,83753,0.1600388138458998,0.1561712397448189,0.16398355500521325
2024,H2,MDPI,44836,0.2295188932715455,0.22297017955339113,0.23620147813649414
2024,H2,WILEY,44920,0.11863950853308744,0.11389869250656183,0.12355013839843967
2025,H1,WILEY,40779,0.1469361945439812,0.14151982735513796,0.15252303134520762
2025,H1,MDPI,43057,0.2303772299832845,0.2241537762751813,0.23672075273936904
