count,mean,ci_lower,ci_upper,ci_width,year,half_year,country_list
10,0.0,0.0,0.8512881123001069,0.8512881123001069,2021,H1,AO
134,0.0028320110184704,7.537637264278865e-09,0.9990663666528192,0.999066359115182,2021,H1,AM
46,0.0367771720709437,0.0051632837802002,0.2192899428951107,0.2141266591149105,2021,H1,AF
104,0.0374843549006762,0.0085306197163254,0.149856460435014,0.1413258407186886,2021,H1,AL
27,0.0,0.0,0.5233812293863699,0.5233812293863699,2021,H1,BB
97,0.0,0.0,0.1550802373449596,0.1550802373449596,2021,H1,AZ
155,0.0722087663651251,0.0267392739844679,0.1806467285048845,0.1539074545204165,2021,H1,BA
12,0.0,0.0,0.3442607980088021,0.3442607980088021,2021,H1,BM
118,0.0,0.0,0.1205347456774895,0.1205347456774895,2021,H1,BF
36,0.0,0.0,0.4616495690856292,0.4616495690856292,2021,H1,BI
82,0.0,0.0,0.0952004630340464,0.0952004630340464,2021,H1,BN
78,0.0,0.0,0.1751124993024844,0.1751124993024844,2021,H1,BO
135,0.0,0.0,0.0495445687430366,0.0495445687430366,2021,H1,BJ
107,0.1087045396608315,0.0476473623558437,0.2291747762086559,0.1815274138528123,2021,H1,BH
23,0.0,0.0,0.1362615553447652,0.1362615553447652,2021,H1,BT
23,0.0357174878727848,9.763234995725851e-05,0.9335606388505626,0.9334630065006052,2021,H1,BS
91,0.0,0.0,0.1163237683247405,0.1163237683247405,2021,H1,BW
199,0.0466243096894985,0.0164325516607237,0.1252252888709855,0.1087927372102617,2021,H1,BY
124,0.051591188778761,0.0160216536192844,0.1537864549254965,0.1377648013062121,2021,H1,CD
70,0.0341171703613287,0.0050115324633871,0.1985321045098518,0.1935205720464647,2021,H1,CG
543,0.0279320086363899,0.0120326084662998,0.0634901324264478,0.0514575239601479,2021,H1,BG
1383,0.0586826534664286,0.0412993082015814,0.0827512836044398,0.0414519754028584,2021,H1,AE
95,0.0795008198457707,0.025821262040344,0.2196167748506409,0.1937955128102969,2021,H1,CI
277,0.0456492194282413,0.0153610025436484,0.1279009910675162,0.1125399885238677,2021,H1,CM
1205,0.0469660054092041,0.0302912949907696,0.0721369532963512,0.0418456583055815,2021,H1,BD
1858,0.0362255686007069,0.0254308729606427,0.0513608324323224,0.0259299594716797,2021,H1,AR
12,0.0123128983543492,4.052654190624919e-10,0.9999973923062204,0.999997391900955,2021,H1,CV
10,0.2593735985424708,0.0348731025606849,0.7724311595914022,0.7375580570307173,2021,H1,CW
192,0.0372856669878734,0.0116477672276991,0.1129084543971356,0.1012606871694365,2021,H1,CR
152,0.0393571054798228,0.009917491409761,0.1435190680340504,0.1336015766242894,2021,H1,CU
653,0.0441428235288011,0.0233085412509445,0.0820355970000694,0.0587270557491248,2021,H1,CY
41,0.0,0.0,0.3497150841823986,0.3497150841823986,2021,H1,DO
460,0.03833955209932,0.0180814611998519,0.0794577432875561,0.0613762820877041,2021,H1,DZ
483,0.0203751631815599,0.0070419847308975,0.0574915073418214,0.0504495226109239,2021,H1,EC
603,0.0639150220749743,0.0396710480445686,0.1014105206823198,0.0617394726377511,2021,H1,EE
20,0.280846459840797,0.0951346339917245,0.591932387763427,0.4967977537717024,2021,H1,FO
75,0.0985326079620405,0.0263256693795493,0.3064560488665447,0.2801303794869955,2021,H1,FJ
52,0.0,0.0,0.343858255764568,0.343858255764568,2021,H1,GA
1499,0.018788648575644,0.0104772385023613,0.0334703384525665,0.0229930999502051,2021,H1,CO
2722,0.023651561627856,0.0164291842425417,0.0339393859375401,0.0175102016949984,2021,H1,CL
1121,0.0460966479071218,0.0302213951769857,0.0697116872409324,0.0394902920639467,2021,H1,ET
29,0.0496160093196218,0.0029324221316065,0.4809803552948262,0.4780479331632197,2021,H1,GD
22,0.0,0.0,0.5587112396298215,0.5587112396298215,2021,H1,GN
42,0.0,0.0,0.2116842838048206,0.2116842838048206,2021,H1,GL
40,0.0619463191879051,0.0110689824407755,0.2803754107437018,0.2693064283029263,2021,H1,GF
41,0.0892570766382233,0.0177451476588005,0.3471158252116401,0.3293706775528395,2021,H1,GP
12,0.0,0.0,0.7765384961054775,0.7765384961054775,2021,H1,GW
13,0.022260413783659,1.1195823382194744e-06,0.9978447411846366,0.9978436216022984,2021,H1,GU
80,0.0404270718112632,0.0094941442369905,0.1562450154710624,0.1467508712340719,2021,H1,GM
179,0.026448796429979,0.0035583497748235,0.1712795536442834,0.1677212038694599,2021,H1,GE
89,0.0123548125620192,0.0001340431029242,0.538587965520908,0.5384539224179838,2021,H1,GT
45,0.0,0.0,0.143141161256608,0.143141161256608,2021,H1,HN
23,0.0,0.0,0.3993538157024026,0.3993538157024026,2021,H1,HT
663,0.0611353117736663,0.0374651455114295,0.098233861679069,0.0607687161676394,2021,H1,GH
3938,0.0486865332932482,0.0394769625967132,0.0599105943771372,0.0204336317804239,2021,H1,CZ
6019,0.0327255304086528,0.0264622863011051,0.0404096622926644,0.0139473759915593,2021,H1,AT
46,0.0,0.0,0.3782052027633801,0.3782052027633801,2021,H1,JM
377,0.0356294667804598,0.0166546045076519,0.0745830272610201,0.0579284227533681,2021,H1,IS
495,0.0284006207272327,0.0115959660961153,0.0678856489149491,0.0562896828188337,2021,H1,IQ
1054,0.0527214111236265,0.0352394764850659,0.0781732209293193,0.0429337444442534,2021,H1,HR
17,0.1127901697176598,0.0076385568249662,0.6773836710049926,0.6697451141800264,2021,H1,KP
30,0.1160948511928312,0.0141088682017835,0.5465790361077443,0.5324701679059608,2021,H1,KN
42,0.078854636095663,0.020145376125202,0.2627751774700286,0.2426298013448265,2021,H1,KG
118,0.0651693811769666,0.0159311509321905,0.2308830504062939,0.2149518994741034,2021,H1,KH
1372,0.0747597313654862,0.0544850106299898,0.1017669631319912,0.0472819525020014,2021,H1,ID
10,0.1994214157363099,0.0334136192663005,0.6422120843710027,0.6087984651047023,2021,H1,KY
15,0.003560695200105,1.7622770257683686e-38,1.0,1.0,2021,H1,LR
11,0.0,0.0,0.725184088449501,0.725184088449501,2021,H1,LS
3691,0.054896059994862,0.0439796201750522,0.0683284711362894,0.0243488509612372,2021,H1,EG
37,0.0221617362418592,0.0001288141715923,0.7994814797449302,0.799352665573338,2021,H1,LA
61,0.0,0.0,0.0951194197108911,0.0951194197108911,2021,H1,LY
39,0.049371646525774,0.0071918136281466,0.2713271297528478,0.2641353161247011,2021,H1,LI
14,0.0,0.0,0.6434235250376851,0.6434235250376851,2021,H1,MV
11,0.1153926171266646,0.0074281678212932,0.6945362148070489,0.6871080469857557,2021,H1,MS
617,0.040590273964293,0.0220086428473856,0.0736782570630746,0.0516696142156889,2021,H1,JO
73,0.0261275368203541,0.0037519767210481,0.1604521547133262,0.1567001779922781,2021,H1,MG
32,0.099854938081263,0.0178512448982033,0.4037160242210372,0.3858647793228338,2021,H1,MQ
89,0.0382717628244185,0.0068816039043901,0.1860261528102887,0.1791445489058986,2021,H1,ML
58,0.0387900633509237,0.0056154982901134,0.2238336321814641,0.2182181338913506,2021,H1,MD
51,0.0686290316077851,0.0114823916401184,0.3185393981787958,0.3070570065386774,2021,H1,MC
53,0.0709592543094145,0.0149648145803767,0.2774556050678676,0.2624907904874908,2021,H1,MU
85,0.0483392925155672,0.0080737497583838,0.2406906205233026,0.2326168707649187,2021,H1,ME
24,0.0,0.0,0.2730938850888135,0.2730938850888135,2021,H1,NE
42,0.0,0.0,0.1339972951270544,0.1339972951270544,2021,H1,NC
96,0.050058382437782,0.0110701601196084,0.1987618361584296,0.1876916760388212,2021,H1,MN
30,0.0,0.0,0.4119157564653448,0.4119157564653448,2021,H1,NI
133,0.0,0.0,0.0696804081319838,0.0696804081319838,2021,H1,MZ
106,0.0584644272467735,0.0165964716914665,0.1859781725029532,0.1693817008114866,2021,H1,MM
60,0.1042628426652135,0.0345076199361406,0.2748793248223434,0.2403717048862028,2021,H1,
109,0.0692377030798296,0.0238972831988931,0.1843553418230248,0.1604580586241316,2021,H1,MK
312,0.050825795354199,0.0228703103921798,0.1091360090722858,0.086265698680106,2021,H1,KW
153,0.0710150772285662,0.0307486806259447,0.1555492850124787,0.1248006043865339,2021,H1,MT
297,0.0478528988014523,0.0214201266925523,0.1034556952607682,0.0820355685682158,2021,H1,KZ
223,0.0353934969850886,0.0117744124499363,0.101524249527954,0.0897498370780177,2021,H1,MW
334,0.0296249284236215,0.0101919774677149,0.0830033500014251,0.0728113725337101,2021,H1,LK
563,0.0266151831662976,0.0097541002171318,0.0705461705322866,0.0607920703151548,2021,H1,LB
320,0.0638915554811448,0.0344656159099303,0.1154370082566294,0.0809713923466991,2021,H1,LV
503,0.0516259487883033,0.0290311479384022,0.0901730300234059,0.0611418820850036,2021,H1,LU
27,0.0862609363105659,0.0125956523453169,0.4112964585452314,0.3987008061999145,2021,H1,PG
891,0.0536047046696294,0.0348005187660131,0.0817094257542936,0.0469089069882804,2021,H1,KE
36,0.0538087598094378,0.0082128402023975,0.2808585032620208,0.2726456630596232,2021,H1,PF
772,0.0259648499881652,0.0120916168688122,0.0548713443235153,0.042779727454703,2021,H1,LT
172,0.0126086357619551,0.0019003523540352,0.0788878013043851,0.0769874489503499,2021,H1,PA
148,0.0,0.0,0.1390596680607644,0.1390596680607644,2021,H1,PS
845,0.0509394677737649,0.0299613548484819,0.0853140530607804,0.0553526982122984,2021,H1,MO
357,0.0604900136920468,0.0312877657870427,0.1137475951518336,0.0824598293647909,2021,H1,NP
678,0.0170819531108035,0.0067654783060498,0.0424572541375909,0.035691775831541,2021,H1,MA
277,0.0429661195466703,0.0179220195408539,0.0994623139491658,0.0815402944083119,2021,H1,OM
72,0.1159257906607329,0.049554770069193,0.2479959121212906,0.1984411420520976,2021,H1,RE
52,0.0497499760050317,0.0096949469844652,0.2187403583777894,0.2090454113933241,2021,H1,PY
251,0.0592572002412347,0.0273514594147776,0.123649839317799,0.0962983799030213,2021,H1,PR
2424,0.0420839157072828,0.0316807314961894,0.05570672451551,0.0240259930193205,2021,H1,HU
20,0.0,0.0,0.5442008150718904,0.5442008150718904,2021,H1,SC
681,0.0402653714157644,0.0198060900658642,0.0801309592120243,0.06032486914616,2021,H1,PH
135,0.0464911530930055,0.0156235029179096,0.1302736634981248,0.1146501605802152,2021,H1,SD
134,0.0241165824247527,0.0042490685170642,0.1251992643949481,0.1209501958778838,2021,H1,RW
1260,0.0635822488365616,0.0445185342838607,0.0900401355861604,0.0455216013022997,2021,H1,NG
574,0.0050084485527273,0.00055644150118,0.0435289543816986,0.0429725128805185,2021,H1,PE
22,0.0,0.0,0.4395238206934178,0.4395238206934178,2021,H1,SV
18,0.0,0.0,0.2415741319749503,0.2415741319749503,2021,H1,SZ
15,0.0,0.0,0.567268142256732,0.567268142256732,2021,H1,TD
129,0.0,0.0,0.0727704420235827,0.0727704420235827,2021,H1,SN
35,0.0905433632332581,0.0163217260374541,0.3739671042485641,0.35764537821111,2021,H1,TG
7556,0.043378506202686,0.0368019773435094,0.0510679539088533,0.0142659765653439,2021,H1,BE
11,0.0,0.0,0.5788827437336324,0.5788827437336324,2021,H1,TL
47,0.0545868672445906,0.0079088215190121,0.2948755036110554,0.2869666820920433,2021,H1,SL
57,0.0397930117877984,0.0056675262738125,0.2315470529938116,0.2258795267199991,2021,H1,SS
53,0.0599878263558024,0.0098047340048713,0.2914265906173163,0.2816218566124449,2021,H1,TJ
85,0.0212292384120214,0.0030722111728308,0.1324399575681516,0.1293677463953208,2021,H1,SY
888,0.0523286620289553,0.0325457421357743,0.083103680863248,0.0505579387274736,2021,H1,QA
51,0.0693184132316588,0.0095428036260763,0.3653926487887832,0.3558498451627069,2021,H1,TT
8809,0.0372846479749059,0.0318644306990919,0.0435853494330324,0.0117209187339404,2021,H1,BR
3724,0.0418361954536624,0.0332014379023095,0.0525944447649335,0.019393006862624,2021,H1,GR
969,0.0628026015316416,0.0431804038491628,0.0904982195276621,0.0473178156784993,2021,H1,RS
4002,0.0443797831692173,0.0346704813501607,0.0566485663409202,0.0219780849907595,2021,H1,IE
4952,0.045083027743491,0.0371343115056015,0.0546366451198157,0.0175023336142142,2021,H1,FI
2854,0.0553197028755915,0.0419943030730772,0.0725532172277391,0.0305589141546618,2021,H1,MY
444,0.0156122546418032,0.0033899289937034,0.0688572673455831,0.0654673383518796,2021,H1,TZ
767,0.0271630357666833,0.0142223594545834,0.0512658686730626,0.0370435092184791,2021,H1,UA
571,0.0484072256881789,0.0258312127746606,0.0889133944102833,0.0630821816356226,2021,H1,UG
1021,0.0525018489419298,0.0350271120100708,0.077989990937441,0.0429628789273702,2021,H1,SK
1209,0.049322382153913,0.0337189786324846,0.0716111278766244,0.0378921492441397,2021,H1,SI
7075,0.0430472799206079,0.0364393357138731,0.0507903518428303,0.0143510161289571,2021,H1,DK
4846,0.0514258295745112,0.0424782528513681,0.0621358117924806,0.0196575589411124,2021,H1,IL
4644,0.0478873021112928,0.0385148788202776,0.0593995610416016,0.0208846822213239,2021,H1,IR
1147,0.0373500611796711,0.0242311249314995,0.0571556597910159,0.0329245348595164,2021,H1,TN
3354,0.0375429210558564,0.0289250129367957,0.0485999427059188,0.019674929769123,2021,H1,MX
2876,0.0394006316089733,0.0294602528101262,0.0525135798282842,0.023053327018158,2021,H1,NZ
2124,0.0311698111939163,0.0213140479928692,0.0453716686344144,0.0240576206415452,2021,H1,RO
3184,0.0756041074671987,0.0618343229011001,0.0921391085563592,0.0303047856552591,2021,H1,PK
2433,0.0653451869083495,0.051269664981789,0.0829471358717862,0.0316774708899972,2021,H1,TH
14,0.0,0.0,0.6727821022654926,0.6727821022654926,2021,H1,WS
26,0.0926279330444719,0.0217236461123029,0.3193995018655398,0.2976758557532368,2021,H1,VI
136,0.0,0.0,0.0577439605490581,0.0577439605490581,2021,H1,VE
46,0.0513282251226547,0.0078749376599541,0.2694371224274418,0.2615621847674876,2021,H1,XK
89,0.0499687868602869,0.0106432177378523,0.2045557149329588,0.1939124971951065,2021,H1,UZ
163,0.0218970301871125,0.0034457463940067,0.1265995920823219,0.1231538456883152,2021,H1,YE
183,0.074263331338253,0.0305368348498069,0.1696462826442515,0.1391094477944445,2021,H1,ZM
175,0.04639245103104,0.0165080628655002,0.123578517089652,0.1070704542241517,2021,H1,ZW
280,0.0220669950698959,0.0067265882956455,0.0699291403137084,0.0632025520180628,2021,H1,UY
6298,0.0459138209085639,0.0381837654354193,0.0551190957634716,0.0169353303280522,2021,H1,HK
1339,0.0518023891105378,0.0350244324154644,0.0759847140128589,0.0409602815973945,2021,H1,VN
5507,0.0421920335975027,0.0340106289163329,0.0522350888348198,0.0182244599184868,2021,H1,SA
5775,0.0349858656726551,0.0283426320894618,0.0431171113313405,0.0147744792418787,2021,H1,NO
4273,0.0365658376668279,0.0285684498291376,0.0466943839949146,0.0181259341657769,2021,H1,TR
4736,0.0396934751500065,0.0313986514381318,0.0500663391813402,0.0186676877432083,2021,H1,SG
5326,0.0394197895163103,0.0321819751529929,0.0482043317388918,0.0160223565858989,2021,H1,PT
42,0.0,0.0,0.2140993717111818,0.2140993717111818,2021,H2,AF
13,0.2742361853004366,0.0671931495995398,0.664665871559883,0.5974727219603431,2021,H2,AO
74,0.026648212474574,0.0038272473332849,0.1632459627271343,0.1594187153938494,2021,H2,AL
12602,0.0365410613497752,0.0319157264007343,0.0418077670148358,0.0098920406141014,2021,H1,CH
132,0.0911007816373183,0.0374509985588055,0.2052197893636135,0.167768790804808,2021,H2,AM
3749,0.0471982288848066,0.0368939568456455,0.060200535992347,0.0233065791467014,2021,H1,ZA
32,0.0,0.0,0.2342077830125342,0.2342077830125342,2021,H2,BB
121,0.0,0.0,0.1783326220769565,0.1783326220769565,2021,H2,AZ
119,0.0455585374768671,0.0112471408974252,0.1668767470117878,0.1556296061143625,2021,H2,BA
28,0.0,0.0,0.1666954212629211,0.1666954212629211,2021,H2,BI
10,0.0,0.0,0.719207303737097,0.719207303737097,2021,H2,BM
58,0.0,0.0,0.1540955432964189,0.1540955432964189,2021,H2,BO
73,0.0348063599255951,0.0029237074862215,0.307234034666575,0.3043103271803534,2021,H2,BN
107,0.0324302056077438,0.0064892706926197,0.1467527845917742,0.1402635138991544,2021,H2,BF
93,0.0449440776178948,0.0050129828518841,0.3053385960773294,0.3003256132254452,2021,H2,BH
14,0.0,0.0,0.6868216221938231,0.6868216221938231,2021,H2,BS
94,0.0331740413836986,0.0054364090493808,0.1772171741484325,0.1717807650990516,2021,H2,BJ
9203,0.0542780331452294,0.0476091779310608,0.0618203924918929,0.0142112145608321,2021,H1,PL
10,0.0,0.0,0.8250390694869606,0.8250390694869606,2021,H2,BZ
28,0.0640026268940605,0.00914880419149,0.336164021560674,0.3270152173691839,2021,H2,BT
92,0.0214994687532666,0.0031169901279144,0.1337477458129654,0.130630755685051,2021,H2,BW
1352,0.0585234736715787,0.0414891581994208,0.0819536349348201,0.0404644767353993,2021,H2,AE
156,0.0461101336882497,0.0134274923058249,0.146527725100627,0.1331002327948021,2021,H2,BY
6711,0.0304419662155969,0.0247394902410125,0.0374084503541417,0.0126689601131291,2021,H1,RU
45,0.0,0.0,0.3590965406768033,0.3590965406768033,2021,H2,CG
7108,0.05788006358739,0.0498005478626074,0.0671777079766772,0.0173771601140697,2021,H1,TW
112,0.0321576958554452,0.0055791499374653,0.1644188060070832,0.1588396560696179,2021,H2,CD
1250,0.0510382153943547,0.0347752998811084,0.0743209879740326,0.0395456880929242,2021,H2,BD
538,0.0225320234876016,0.0088124037228795,0.0563957866820585,0.0475833829591789,2021,H2,BG
90,0.0028374121847973,3.15833327886922e-09,0.9996100798510064,0.999610076692673,2021,H2,CI
275,0.0582699467255661,0.0278590013004816,0.1178530997418277,0.0899940984413461,2021,H2,CM
1632,0.0237176387703872,0.0150315563806764,0.0372332927769274,0.0222017363962509,2021,H2,AR
12,0.0,0.0,0.6953990851832222,0.6953990851832222,2021,H2,CW
166,0.0,0.0,0.0720279307392825,0.0720279307392825,2021,H2,CR
167,0.0097924024943701,0.0013947056908604,0.0654401679717607,0.0640454622809002,2021,H2,CU
692,0.0427944843234952,0.0241595211055509,0.0747028136000402,0.0505432924944893,2021,H2,CY
46,0.0301157636062311,0.0042174073866841,0.1854353373774373,0.1812179299907531,2021,H2,DO
2540,0.0292208832839109,0.0210139771759453,0.0405003596661305,0.0194863824901851,2021,H2,CL
12708,0.050188493869644,0.0439316880251949,0.057283011263813,0.0133513232386181,2021,H1,IN
437,0.0217122156739047,0.0072980577892016,0.0627944759958247,0.055496418206623,2021,H2,EC
1459,0.0468419269971746,0.0325471907522009,0.0669802497364718,0.0344330589842708,2021,H2,CO
34,0.0585016831327358,0.0089841550502659,0.2986853382918192,0.2897011832415532,2021,H2,FO
10851,0.0464796711484557,0.0409085617971355,0.0527677364576249,0.0118591746604893,2021,H1,SE
67,0.0498164939761484,0.0083509002153645,0.2460821434391039,0.2377312432237394,2021,H2,FJ
399,0.0071551786871712,0.0010503401541061,0.047070893801249,0.0460205536471428,2021,H2,DZ
635,0.028892389465259,0.0145522524900414,0.0565526861083936,0.0420004336183522,2021,H2,EE
69,0.0,0.0,0.2571884965584815,0.2571884965584815,2021,H2,GA
20808,0.0449437638483523,0.040533060616855,0.0498095118555703,0.0092764512387152,2021,H1,AU
1049,0.032211793678866,0.0190346453363279,0.0540088723842381,0.0349742270479102,2021,H2,ET
50,0.0,0.0,0.3499173477740276,0.3499173477740276,2021,H2,GD
11,0.1092006042072385,0.0015125928337804,0.908424742996948,0.9069121501631676,2021,H2,GI
29,0.0,0.0,0.1360644746036109,0.1360644746036109,2021,H2,GN
31,0.0,0.0,0.2576732168167687,0.2576732168167687,2021,H2,GP
43,0.0,0.0,0.2174775040286291,0.2174775040286291,2021,H2,GL
76,0.0,0.0,0.0965330064949614,0.0965330064949614,2021,H2,GM
36,0.1064407909490363,0.0175898432103522,0.4421205807070916,0.4245307374967394,2021,H2,GF
11,0.0,0.0,0.7344800340797488,0.7344800340797488,2021,H2,GW
12,0.0,0.0,0.6250082738289394,0.6250082738289394,2021,H2,GY
22,0.3255507529331286,0.1281683182711258,0.6131318067831573,0.4849634885120314,2021,H2,GU
169,0.0717467450288031,0.0271104793462133,0.1765390490487234,0.1494285697025101,2021,H2,GE
57,0.0581668449355885,0.0102732609082477,0.2687171749580722,0.2584439140498245,2021,H2,GT
11,0.0,0.0,0.8199707151476457,0.8199707151476457,2021,H2,HT
22339,0.0529508904554171,0.0485131593852793,0.057769915197907,0.0092567558126277,2021,H1,CA
21,0.0808839619099509,0.0114567663134517,0.4005577318121384,0.3891009654986866,2021,H2,HN
16025,0.0715798777826157,0.0651705327908969,0.0785665881675992,0.0133960553767022,2021,H1,KR
644,0.0204664879674951,0.0071398722293603,0.0572334401851178,0.0500935679557575,2021,H2,GH
347,0.0222588138873006,0.0083433921059879,0.0580248868216104,0.0496814947156225,2021,H2,IS
41,0.0164006243778381,7.106599588063898e-05,0.7964142195886608,0.7963431535927801,2021,H2,JM
503,0.0092678369181879,0.0014932950700867,0.0552781567478921,0.0537848616778053,2021,H2,IQ
1028,0.0379753489772644,0.0221760296310919,0.064290814076772,0.04211478444568,2021,H2,HR
12,0.0,0.0,0.5781467303924201,0.5781467303924201,2021,H2,KP
26,0.2356086356565148,0.0826306822383656,0.5133252063343647,0.430694524095999,2021,H2,KN
38,0.0632850962332747,0.0095390290886515,0.3215452560216698,0.3120062269330182,2021,H2,KG
93,0.1242362264083564,0.0526357766244986,0.2658979242192679,0.2132621475947693,2021,H2,KH
598,0.0530691678024885,0.0299619420882494,0.0923014444165498,0.0623395023283004,2021,H2,JO
3701,0.0406146405539504,0.0321927690702666,0.0511233542626027,0.0189305851923361,2021,H2,CZ
33,0.0,0.0,0.3408484630825979,0.3408484630825979,2021,H2,LI
14,0.0905717902507678,0.0005387604756779,0.9484537733578434,0.9479150128821656,2021,H2,LR
47,0.0620603283943798,0.008731678637724,0.3320052038915013,0.3232735252537772,2021,H2,LA
1369,0.0431168551898222,0.0285984089994492,0.0645163075874291,0.0359178985879798,2021,H2,ID
65,0.0,0.0,0.126781305219249,0.126781305219249,2021,H2,LY
80,0.0,0.0,0.1465974679252586,0.1465974679252586,2021,H2,MM
18,0.0,0.0,0.3434995808923151,0.3434995808923151,2021,H2,MQ
11,0.3313021675547375,0.0871250175502487,0.7200383809869723,0.6329133634367236,2021,H2,MR
122,0.0,0.0,0.204763601997675,0.204763601997675,2021,H2,MN
16,0.0480059869898659,0.0001719334012817,0.9366577494750316,0.93648581607375,2021,H2,MV
44,0.0491765256435308,0.0071159722344795,0.2717915214219739,0.2646755491874943,2021,H2,MD
78,0.048887599238505,0.0076756064754146,0.2546024859125372,0.2469268794371226,2021,H2,MG
65,0.0358127878467041,0.005170628711835,0.2097581318629319,0.2045875031510969,2021,H2,ML
63,0.1366369496565113,0.0479328028213415,0.3322158170267296,0.284283014205388,2021,H2,ME
48,0.0580300533231907,0.0096464037352337,0.2803859872409808,0.2707395835057471,2021,H2,MU
54,0.0317931619304983,0.0044996057792356,0.1926109518512386,0.188111346072003,2021,H2,MC
91,0.0523567261188231,0.0156683192449409,0.1609099245365614,0.1452416052916205,2021,H2,MK
6752,0.0468437659055053,0.0400201092175831,0.0547645216728826,0.0147444124552994,2021,H2,BE
55,0.0,0.0,0.207732872039864,0.207732872039864,2021,H2,
16,0.0,0.0,0.6195702278056897,0.6195702278056897,2021,H2,NI
331,0.0461323246626465,0.0199043215116924,0.1032791766926255,0.083374855180933,2021,H2,LK
139,0.0018696544268631,7.572978979739457e-12,0.9999978416709884,0.9999978416634152,2021,H2,MZ
39,0.0544950692640502,0.0089559747660503,0.2687881549624598,0.2598321801964095,2021,H2,NE
372,0.0436931687472544,0.0200005381846018,0.0927945313132091,0.0727939931286072,2021,H2,KZ
167,0.073877938571857,0.0300171601929029,0.1705584736607897,0.1405413134678868,2021,H2,MT
47,0.0315805746457132,0.0027739822210456,0.276567440513088,0.2737934582920424,2021,H2,NC
224,0.0527851996989201,0.0188870483472596,0.1389092669594012,0.1200222186121415,2021,H2,MW
335,0.0647544529923944,0.0350538386345574,0.1165796812463699,0.0815258426118124,2021,H2,LV
442,0.0473217637010762,0.0247888140163567,0.0884787688490648,0.063689954832708,2021,H2,LU
318,0.0452013080697101,0.0203368507958346,0.0974420760503896,0.077105225254555,2021,H2,KW
442,0.0689583301516903,0.0409689712372866,0.113800538481598,0.0728315672443114,2021,H2,LB
4332,0.0625771805119048,0.0521531031124067,0.0749200801515433,0.0227669770391365,2021,H2,EG
833,0.0439521765931417,0.0262214878406904,0.0727761365597907,0.0465546487191003,2021,H2,KE
17125,0.0473061193104075,0.0427475588295572,0.0523242287319461,0.0095766699023888,2021,H1,NL
22,0.0,0.0,0.3135398986648383,0.3135398986648383,2021,H2,PF
42,0.1571673180318984,0.0549585280354113,0.3741942304560309,0.3192357024206195,2021,H2,PG
597,0.0268739126017734,0.0128359669646239,0.0554027088038198,0.0425667418391959,2021,H2,MA
282,0.0429672387900418,0.0166380639074984,0.1064511126511405,0.0898130487436421,2021,H2,OM
293,0.0351768761193916,0.0115334038707325,0.1022744630580365,0.090741059187304,2021,H2,NP
2238,0.0408364807706276,0.0303170775338231,0.0547996277126105,0.0244825501787874,2021,H2,HU
732,0.0203528023227527,0.0090673596451767,0.0450458553682232,0.0359784957230464,2021,H2,LT
11,0.0,0.0,0.4162579592126502,0.4162579592126502,2021,H2,PW
63,0.0569373702401378,0.0102239325521289,0.2608386574325314,0.2506147248804024,2021,H2,PY
179,0.0219729144130274,0.004683526862513,0.0968745747129257,0.0921910478504126,2021,H2,PA
51,0.0341932083324176,0.0049501204552428,0.2012512070307999,0.196301086575557,2021,H2,RE
574,0.0593693068095889,0.0342627679212175,0.1009499409081405,0.0666871729869229,2021,H2,PH
3446,0.0433909848796567,0.0331233578257655,0.0566548889073887,0.0235315310816232,2021,H2,IE
128,0.033090131581681,0.0087137832355932,0.1175702542730411,0.1088564710374479,2021,H2,PS
321,0.060151026363332,0.0309076898760126,0.1138134752846287,0.082905785408616,2021,H2,PR
130,0.0,0.0,0.0777206543621722,0.0777206543621722,2021,H2,RW
24,0.0070058743666471,5.725439943714749e-14,0.999999998849789,0.9999999988497316,2021,H2,SC
1133,0.0604709153521319,0.0411507886412662,0.0880290073818172,0.046878218740551,2021,H2,NG
830,0.0305037720234919,0.0153340377149943,0.059769753151982,0.0444357154369876,2021,H2,MO
537,0.0442052593220185,0.023963246127788,0.0801419574224447,0.0561787112946566,2021,H2,PE
130,0.0473455782469283,0.0134873145171101,0.1530170819423003,0.1395297674251902,2021,H2,SD
11,0.0195077734586914,1.3004487334760836e-08,0.9999671487516824,0.999967135747195,2021,H2,SM
13,0.0,0.0,0.768989761753025,0.768989761753025,2021,H2,SO
43,0.0,0.0,0.1940762969752782,0.1940762969752782,2021,H2,SL
14,0.0,0.0,0.6633033944941957,0.6633033944941957,2021,H2,SV
96,0.0,0.0,0.1270639883176313,0.1270639883176313,2021,H2,SN
12,0.0,0.0,0.6760574783796607,0.6760574783796607,2021,H2,TD
18,0.0,0.0,0.3048227299135568,0.3048227299135568,2021,H2,SZ
30,0.0,0.0,0.190117653897384,0.190117653897384,2021,H2,TG
46,0.0,0.0,0.1391214041730677,0.1391214041730677,2021,H2,SY
44,0.0556174252027502,0.0084676953146796,0.2888293387565208,0.2803616434418412,2021,H2,SS
18,0.0,0.0,0.5870681267072035,0.5870681267072035,2021,H2,TJ
54,0.0,0.0,0.1621740632324115,0.1621740632324115,2021,H2,TT
7874,0.0365389496254537,0.0308932580419149,0.043170421412013,0.012277163370098,2021,H2,BR
3322,0.0368258980574555,0.0281513411692542,0.048041300612145,0.0198899594428907,2021,H2,GR
955,0.03468628116558,0.0200495925554973,0.0593608512068521,0.0393112586513548,2021,H2,RS
974,0.0568237964946752,0.038441495938997,0.0832354035716566,0.0447939076326595,2021,H2,SK
857,0.0634108839104592,0.0426859860856142,0.0932183130866895,0.0505323270010752,2021,H2,QA
701,0.0220365601276686,0.0105623091093576,0.045403744395403,0.0348414352860453,2021,H2,TN
4354,0.0396249719636341,0.0312889052622116,0.050067167472332,0.0187782622101204,2021,H2,IL
4644,0.0385021072049387,0.0309607392994704,0.0477897990532834,0.0168290597538129,2021,H2,FI
468,0.0480923180143558,0.0246642457446297,0.0916823653594685,0.0670181196148387,2021,H2,UG
412,0.0398626460936891,0.0176506270698394,0.0875360717764528,0.0698854447066133,2021,H2,TZ
4377,0.0382532074550929,0.0298665311209691,0.0488762575810878,0.0190097264601186,2021,H2,IR
632,0.036633222048193,0.0204371067051314,0.0648152548121956,0.0443781481070641,2021,H2,UA
6984,0.0477491981491474,0.0409598718058281,0.0555986518102076,0.0146387800043794,2021,H2,DK
1253,0.0330131827840146,0.0204722153452898,0.0528222725160253,0.0323500571707355,2021,H2,SI
2688,0.0482024126173337,0.0368110766923097,0.0628886822775036,0.0260776055851939,2021,H2,NZ
22183,0.0283167766974398,0.0252198490150824,0.0317815994720264,0.0065617504569439,2021,H1,ES
2950,0.0653146905064227,0.0517758407716237,0.0820873306261298,0.0303114898545061,2021,H2,MY
2155,0.0324618067474707,0.0229217247194829,0.0457864311104722,0.0228647063909893,2021,H2,RO
19240,0.0461589592815602,0.0417171508708869,0.051048512715699,0.009331361844812,2021,H1,JP
2590,0.0587445739332967,0.046152555079032,0.0745037870084998,0.0283512319294678,2021,H2,TH
3126,0.0380412785075221,0.028977290379884,0.0497950571750641,0.02081776679518,2021,H2,MX
5750,0.0421712276565827,0.0345977653449092,0.051314403910654,0.0167166385657448,2021,H2,HK
3407,0.062363792578416,0.0501468929771197,0.0773147397388759,0.0271678467617561,2021,H2,PK
3714,0.0454521393948387,0.0357296738364068,0.0576619994905354,0.0219323256541285,2021,H2,TR
4200,0.0444630565608354,0.0352708230856867,0.0559121133401909,0.0206412902545042,2021,H2,SG
10,0.0654913985147615,2.364331449305217e-05,0.9952089469887728,0.9951853036742798,2021,H2,VI
90,0.0,0.0,0.1497824275159812,0.1497824275159812,2021,H2,UZ
13,0.0,0.0,0.8536622592255444,0.8536622592255444,2021,H2,VU
32,0.0,0.0,0.4170007000561205,0.4170007000561205,2021,H2,XK
115,0.0449515356191755,0.0126528191406604,0.1473909367212301,0.1347381175805697,2021,H2,VE
174,0.0488825633102437,0.0182539344573075,0.1243919018355329,0.1061379673782253,2021,H2,YE
153,0.0965154799642214,0.0402069021098678,0.2140923091238941,0.1738854070140262,2021,H2,ZW
184,0.0380308428981286,0.008400515253489,0.1557569602672826,0.1473564450137935,2021,H2,ZM
239,0.0227365057139279,0.0074013050655125,0.0676791477549768,0.0602778426894643,2021,H2,UY
4643,0.0336747237745042,0.0267433555916911,0.0423244462500127,0.0155810906583215,2021,H2,PT
5266,0.0410293365305953,0.0337987415900354,0.0497271679902845,0.0159284264002491,2021,H2,NO
5805,0.0597691800937761,0.0505302430104342,0.0705718046217673,0.020041561611333,2021,H2,SA
11111,0.037753038936564,0.0327830820452951,0.0434426062750592,0.010659524229764,2021,H2,CH
6124,0.0308489611709105,0.0249386393539705,0.0381052573905547,0.0131666180365841,2021,H2,RU
1185,0.0223948797229967,0.0118514626085851,0.041920121642351,0.0300686590337659,2021,H2,VN
5649,0.0347163729494639,0.028118520852797,0.0427942051797059,0.0146756843269089,2021,H2,AT
20850,0.0344457464860698,0.0308699118058151,0.0384193695657806,0.0075494577599655,2021,H1,FR
7335,0.0608726743753937,0.0528376930474588,0.0700391752326376,0.0172014821851788,2021,H2,TW
11687,0.0543748564566239,0.0478238673794701,0.0617650008435287,0.0139411334640585,2021,H2,IN
3453,0.0467436108350534,0.0367209517964374,0.059333366425488,0.0226124146290505,2021,H2,ZA
12,0.0,0.0,0.4533181755881721,0.4533181755881721,2022,H1,AO
52,0.1271875811571907,0.0401079793610558,0.3369602884205922,0.2968523090595363,2022,H1,AF
137,0.0,0.0,0.1002212218126689,0.1002212218126689,2022,H1,AM
98,0.0275286330991634,0.0027852149038768,0.2229448683860062,0.2201596534821294,2022,H1,AL
9391,0.0503621052068961,0.0439992257711826,0.0575897120036789,0.0135904862324963,2021,H2,PL
25670,0.0325932476123286,0.0294945267765366,0.0360054448130949,0.0065109180365582,2021,H1,IT
1652,0.0720463884356509,0.0545586961574154,0.0945786710305511,0.0400199748731357,2022,H1,AE
29,0.1706465843483683,0.0512548595038042,0.4393566004313056,0.3881017409275014,2022,H1,BB
101,0.0314487151820343,0.0057539586225749,0.1541012287326967,0.1483472701101218,2022,H1,AZ
152,0.0569645983037009,0.0177325591237752,0.1681372999528077,0.1504047408290324,2022,H1,BA
35,0.0,0.0,0.2901369831487326,0.2901369831487326,2022,H1,BI
10203,0.0434175964420888,0.0378514373287078,0.049759942944579,0.0119085056158711,2021,H2,SE
93,0.012842720091921,1.972068604658029e-05,0.8956424393687256,0.895622718682679,2022,H1,BN
19237,0.0545936673439611,0.0496165350818099,0.0600385254358116,0.0104219903540017,2021,H2,AU
79,0.028452221086689,2.6847773727640574e-05,0.9696451056461864,0.9696182578724588,2022,H1,BO
123,0.0786793676347434,0.0300097360217571,0.1907583489548194,0.1607486129330622,2022,H1,BH
20066,0.0582495677195242,0.0533680447288871,0.0635476246598521,0.010179579930965,2021,H2,CA
125,0.0104550651669456,0.0006875622696904,0.1395963182899853,0.1389087560202949,2022,H1,BF
107,0.0173987701642159,0.0017625263107295,0.1507968744175666,0.149034348106837,2022,H1,BJ
1725,0.0275200694150726,0.0183903673743274,0.04099284035584,0.0226024729815126,2022,H1,AR
11,0.0,0.0,0.6765191979508229,0.6765191979508229,2022,H1,BS
22,0.0,0.0,0.5502242667121593,0.5502242667121593,2022,H1,BT
14720,0.070177251259011,0.0635916255783056,0.0773885278293843,0.0137969022510787,2021,H2,KR
93,0.0,0.0,0.2167642592108524,0.2167642592108524,2022,H1,BW
173,0.0624159046263678,0.0263730273998832,0.1406035376398203,0.114230510239937,2022,H1,BY
1340,0.0593717676346912,0.0417904040283382,0.0837035519649916,0.0419131479366533,2022,H1,BD
598,0.0180852914440051,0.0070407697731454,0.0456581926040828,0.0386174228309374,2022,H1,BG
68,0.0,0.0,0.1995947445017565,0.1995947445017565,2022,H1,CG
138,0.0702123789294404,0.0296995697673564,0.1570438414974831,0.1273442717301267,2022,H1,CD
81,0.0,0.0,0.081442212506707,0.081442212506707,2022,H1,CI
271,0.0170705932244779,0.0028898037147707,0.0942606871542602,0.0913708834394894,2022,H1,CM
17916,0.0316482483146522,0.0280792667855604,0.035654219826275,0.0075749530407145,2021,H2,FR
17614,0.0439362784200124,0.0393245731855228,0.0490611917283374,0.0097366185428146,2021,H2,JP
6056,0.0382732928235701,0.0318566948881273,0.0459210235610239,0.0140643286728966,2022,H1,AT
2644,0.0237469290075976,0.0162758250988407,0.0345271304816253,0.0182513053827845,2022,H1,CL
20238,0.0285172713586099,0.0253059058528992,0.032122734195042,0.0068168283421427,2021,H2,ES
11,0.0,0.0,0.7117848365407339,0.7117848365407339,2022,H1,CV
12,0.0,0.0,0.7021216466206956,0.7021216466206956,2022,H1,CW
117,0.0265703301558513,0.0043543106646066,0.1455627705107899,0.1412084598461832,2022,H1,CU
180,0.031125320301458,0.009695146997694,0.0953632774435861,0.0856681304458921,2022,H1,CR
673,0.0547351944723007,0.0333137651763339,0.0886676048071543,0.0553538396308203,2022,H1,CY
7279,0.0409991497928743,0.0345842646345079,0.0485440738747808,0.0139598092402729,2022,H1,BE
49,0.1184545664474766,0.037492325045185,0.3167196325594766,0.2792273075142915,2022,H1,DO
1376,0.0299966596007868,0.0183341618111131,0.0487096532067413,0.0303754913956282,2022,H1,CO
15374,0.0389398137849187,0.0346490064894786,0.0437379044448659,0.0090888979553872,2021,H2,NL
624,0.0405436692477718,0.0222659365695852,0.0727095164079535,0.0504435798383682,2022,H1,EE
521,0.0435567905178309,0.0219401310422686,0.0846285592308595,0.0626884281885909,2022,H1,EC
477,0.0118165484587467,0.0031086235286824,0.0438444268542106,0.0407358033255281,2022,H1,DZ
35218,0.0358380140585001,0.0330026793571875,0.0389071379219081,0.0059044585647206,2021,H1,DE
69,0.0193500946098224,0.0003533278580582,0.5241622507124115,0.5238089228543532,2022,H1,FJ
32,0.0491785583775382,0.0069220339660134,0.2773514355483099,0.2704294015822965,2022,H1,FO
49,0.0457041171552731,0.006979940079253,0.2460372078510009,0.2390572677717478,2022,H1,GA
7865,0.0391319095966613,0.0331667795651398,0.0461187080027664,0.0129519284376265,2022,H1,BR
22,0.0,0.0,0.4705343177359946,0.4705343177359946,2022,H1,GN
48,0.0,0.0,0.2715698476441223,0.2715698476441223,2022,H1,GF
36,0.0,0.0,0.4001477515754162,0.4001477515754162,2022,H1,GL
57,0.0,0.0,0.3028149114669303,0.3028149114669303,2022,H1,GM
41,0.0,0.0,0.3618630254084186,0.3618630254084186,2022,H1,GP
41,0.1236721283461215,0.0407691585748064,0.3190791560967467,0.2783099975219402,2022,H1,GD
1217,0.0377208579887189,0.0234096528402015,0.060241359201614,0.0368317063614124,2022,H1,ET
16,0.0,0.0,0.6171884322282496,0.6171884322282496,2022,H1,GY
11,0.2737039500187701,0.0555325219471315,0.7072015243547329,0.6516690024076014,2022,H1,GW
17,0.117742294425645,0.0108587131691673,0.6186678018421664,0.6078090886729991,2022,H1,GU
70,0.0297545939717513,0.0042524099546849,0.1804764168188641,0.1762240068641792,2022,H1,GT
194,0.0654975713582038,0.028670140109074,0.1426817754764483,0.1140116353673742,2022,H1,GE
37,0.0,0.0,0.1775555085453551,0.1775555085453551,2022,H1,HN
31,0.0,0.0,0.4871065483098821,0.4871065483098821,2022,H1,HT
694,0.0618178830635482,0.0377516335799999,0.0996374930137566,0.0618858594337567,2022,H1,GH
3835,0.0349862616319832,0.027254809015113,0.0448098875685975,0.0175550785534845,2022,H1,CZ
43,0.1461286494746015,0.0458686198284857,0.3785832087320786,0.3327145889035929,2022,H1,JM
357,0.039934297463808,0.018343064126319,0.0847460837196937,0.0664030195933747,2022,H1,IS
1433,0.0659636831574465,0.0473599263500089,0.0911758757691418,0.0438159494191329,2022,H1,ID
640,0.0309613793531588,0.0140752157295126,0.0667347802050269,0.0526595644755142,2022,H1,IQ
34,0.0,0.0,0.2128806602494476,0.2128806602494476,2022,H1,KG
11,0.0,0.0,0.7863912102187534,0.7863912102187534,2022,H1,KP
24,0.1026770515526803,0.0164250323625897,0.4394813951211382,0.4230563627585486,2022,H1,KN
117,0.1095402273681746,0.0493305512690715,0.2257844890732668,0.1764539378041953,2022,H1,KH
1264,0.0332622094747602,0.0213606372062847,0.0514464179182307,0.0300857807119459,2022,H1,HR
732,0.058908883731804,0.0349341074062265,0.0976719814060742,0.0627378739998476,2022,H1,JO
10,0.0,0.0,0.6467224060654791,0.6467224060654791,2022,H1,KY
17,0.0,0.0,0.5646395035514401,0.5646395035514401,2022,H1,LR
45,0.0898306712607532,0.0174416019069331,0.3543192448065827,0.3368776428996495,2022,H1,LA
12,0.1271650784915427,0.0172132762434233,0.5479002561039715,0.5306869798605481,2022,H1,LS
45,0.0321022785856929,0.0045019979200269,0.1956547470556145,0.1911527491355876,2022,H1,LI
39,0.0,0.0,0.2964478265343783,0.2964478265343783,2022,H1,LY
50,0.0,0.0,0.076873150069709,0.076873150069709,2022,H1,MC
22283,0.0312833397556606,0.0280166854208174,0.0349171927071549,0.0069005072863374,2021,H2,IT
84,0.0,0.0,0.123744298214608,0.123744298214608,2022,H1,ME
10,0.3099147969034732,0.0691076309623602,0.7309490872806909,0.6618414563183306,2022,H1,MS
37,0.0,0.0,0.3666532624385476,0.3666532624385476,2022,H1,MQ
74,0.057467126609434,0.0120935136733668,0.2329377596477741,0.2208442459744072,2022,H1,MG
108,0.1182754130408777,0.0516209344255646,0.2484491484058228,0.1968282139802583,2022,H1,MK
51,0.0537143969774439,0.0092329766083737,0.2569219388429462,0.2476889622345724,2022,H1,MD
64,0.0522801250847016,0.0113381245719769,0.20970510339269,0.198366978820713,2022,H1,ML
37,0.0230535954224409,0.0005395800606635,0.507739270761963,0.5071996907012994,2022,H1,MU
86,0.0419425056251922,0.0076939083661144,0.1981951141259259,0.1905012057598115,2022,H1,MM
53,0.0,0.0,0.3001132657749265,0.3001132657749265,2022,H1,
36,0.0,0.0,0.2585179244510123,0.2585179244510123,2022,H1,NE
192,0.0587067985784702,0.0204619497146007,0.156978416395884,0.1365164666812833,2022,H1,MW
813,0.084816823289121,0.0595067774061571,0.1195239008644127,0.0600171234582555,2022,H1,KE
16,0.0,0.0,0.7258688869954424,0.7258688869954424,2022,H1,NI
108,0.023993007784932,0.0035168478275017,0.1461967501696697,0.1426799023421679,2022,H1,MN
39,0.0515763315050866,0.0073306493400643,0.2859485049921971,0.2786178556521327,2022,H1,NC
392,0.0369196845601951,0.0145554114187039,0.090491054522472,0.0759356431037681,2022,H1,KZ
358,0.0308290230475026,0.0118805463693726,0.0776246159615323,0.0657440695921597,2022,H1,KW
157,0.0330598712498395,0.0089932496219828,0.1141144706019009,0.105121220979918,2022,H1,MT
341,0.0289571216908544,0.0079795532775741,0.0995488339119523,0.0915692806343781,2022,H1,LK
117,0.0512822336957989,0.0146904096166752,0.1638614681854049,0.1491710585687296,2022,H1,MZ
414,0.0449625951310071,0.0217227407738173,0.0907587385218709,0.0690359977480536,2022,H1,LV
479,0.0515030744557595,0.0296995427108509,0.0878639177721048,0.0581643750612538,2022,H1,LU
797,0.0564829314729629,0.0368686329172292,0.0856046645330518,0.0487360316158226,2022,H1,LT
511,0.0413061592933019,0.0196695640823057,0.0846870695864549,0.0650175055041492,2022,H1,LB
19,0.0,0.0,0.284398821195287,0.284398821195287,2022,H1,PF
727,0.0201201174468082,0.0079331132353853,0.0500838725560712,0.0421507593206858,2022,H1,MA
4576,0.0650791875718452,0.0543140680951482,0.0778024296504519,0.0234883615553036,2022,H1,EG
51,0.0490329878363559,0.006255675087773,0.2969255670208932,0.2906698919331202,2022,H1,PG
291,0.0690483559025482,0.0348655427348589,0.1321556326002335,0.0972900898653746,2022,H1,NP
294,0.062386255957305,0.0283318912855969,0.1318202022687538,0.1034883109831569,2022,H1,OM
1055,0.0347672138960401,0.0206340430284798,0.0580074517854282,0.0373734087569483,2022,H1,MO
53,0.0335015580926902,0.0047909002924204,0.1997366746597381,0.1949457743673176,2022,H1,PY
154,0.0384819614018064,0.0123039686906915,0.1139317558030995,0.101627787112408,2022,H1,PA
71,0.0114414516492728,9.09987934094188e-06,0.9363881498123996,0.9363790499330588,2022,H1,RE
165,0.0675771350509346,0.0270570167333706,0.1588707475615663,0.1318137308281956,2022,H1,PS
610,0.073156703191317,0.0462625163923882,0.1138196719239536,0.0675571555315654,2022,H1,PH
2624,0.0448331519167526,0.0345285684862251,0.0580281647164264,0.0234995962302013,2022,H1,HU
15,0.0,0.0,0.6190633420309135,0.6190633420309135,2022,H1,SC
399,0.09364016348624,0.0612278197404091,0.1406401990424964,0.0794123793020872,2022,H1,PR
112,0.0748396230165512,0.0225619944631464,0.2208755722841116,0.1983135778209652,2022,H1,RW
571,0.0329819381399846,0.0159433517560626,0.0669899951639249,0.0510466434078623,2022,H1,PE
164,0.0392167494657557,0.0113396491143381,0.1268342472113052,0.1154945980969671,2022,H1,SD
1222,0.0489493649607806,0.0320937838118594,0.073980826553937,0.0418870427420775,2022,H1,NG
3659,0.0460357384337591,0.035735105889799,0.0591234725754822,0.0233883666856832,2022,H1,IE
3732,0.0431241312775717,0.0344196782867416,0.0539069741230923,0.0194872958363507,2022,H1,GR
10,0.0,0.0,0.751840544347071,0.751840544347071,2022,H1,SO
12,0.0,0.0,0.6140091594562216,0.6140091594562216,2022,H1,SR
26,0.0,0.0,0.274105713617565,0.274105713617565,2022,H1,SZ
15,0.171592874523337,0.0246869805992848,0.6289517238315862,0.6042647432323014,2022,H1,SV
10,0.0,0.0,0.7842683526661043,0.7842683526661043,2022,H1,TD
116,0.0,0.0,0.1629841410505489,0.1629841410505489,2022,H1,SN
29,0.0,0.0,0.2212880320786783,0.2212880320786783,2022,H1,TG
48,0.0666280881682018,0.0111442226431311,0.3113688130890368,0.3002245904459057,2022,H1,SS
83,0.0028997575184319,4.235343247027598e-14,0.9999999949922472,0.9999999949922048,2022,H1,SY
57,0.0371280868120871,0.0053605554915722,0.2162287022506829,0.2108681467591106,2022,H1,SL
10,0.073502738958831,0.0003425467466508,0.9483671186946688,0.948024571948018,2022,H1,TL
31,0.0,0.0,0.4387418898458162,0.4387418898458162,2022,H1,TJ
5002,0.0465447623405505,0.03858835612918,0.0560460395887634,0.0174576834595833,2022,H1,FI
57,0.0108636498790579,4.3549366505597085e-06,0.965154912279559,0.9651505573429084,2022,H1,TT
798,0.0654378859480079,0.0420628579212255,0.1004408000222373,0.0583779421010117,2022,H1,QA
407,0.0953817529520414,0.0596441866067996,0.1491364862312947,0.0894922996244951,2022,H1,TZ
528,0.0976006260898272,0.0650133273208431,0.1440062261740842,0.078992898853241,2022,H1,UG
1012,0.0567550705308484,0.0379551637086629,0.0840533450717816,0.0460981813631186,2022,H1,SK
1024,0.0472462225486091,0.0312885763665171,0.0707481179866664,0.0394595416201493,2022,H1,RS
1259,0.0463971753152671,0.0324198756917786,0.0659895765022577,0.033569700810479,2022,H1,SI
12061,0.0375769151231353,0.0328873287848819,0.0429055483276543,0.0100182195427723,2022,H1,CH
4636,0.0583479248358599,0.048111096773466,0.0706013397808592,0.0224902430073932,2022,H1,IR
924,0.0415360054154755,0.025761970091669,0.0663110742390508,0.0405491041473818,2022,H1,UA
4721,0.0475937441813011,0.0390176031018009,0.0579412799535018,0.0189236768517008,2022,H1,IL
1082,0.0268386651152623,0.0145732286162109,0.04891478415451,0.034341555538299,2022,H1,TN
7427,0.0421386266857695,0.0358238244046611,0.0495094050269865,0.0136855806223253,2022,H1,DK
2963,0.0624707122951787,0.0490475366214274,0.0792613071390991,0.0302137705176716,2022,H1,MY
2929,0.0431877229922078,0.0326300104484277,0.0569603298489032,0.0243303194004755,2022,H1,NZ
3193,0.034696202460093,0.0262856750981309,0.0456715902464195,0.0193859151482885,2022,H1,MX
6902,0.0495223976528009,0.0418841575265885,0.0584685875561287,0.0165844300295402,2022,H1,HK
48382,0.0378947198930349,0.0352243572962917,0.0407589704634151,0.0055346131671233,2021,H1,GB
2604,0.0359046074713262,0.0263105203516094,0.0488217457620046,0.0225112254103952,2022,H1,RO
3987,0.059755176880461,0.0483485624223666,0.0736446381851705,0.0252960757628039,2022,H1,PK
14,0.0,0.0,0.6584006601528615,0.6584006601528615,2022,H1,VI
10,0.2211404695189641,0.0249126960213977,0.7593436123805242,0.7344309163591264,2022,H1,VU
11,0.0,0.0,0.5947271324526654,0.5947271324526654,2022,H1,WS
46,0.0,0.0,0.2526084329387406,0.2526084329387406,2022,H1,XK
144,0.0334989823513583,0.0061394476592495,0.1628092796024758,0.1566698319432262,2022,H1,UZ
98,0.0228556301706831,0.0034483904504589,0.1365222519710553,0.1330738615205964,2022,H1,VE
20444,0.0458066381646695,0.0412852620309171,0.0507969392649735,0.0095116772340564,2022,H1,AU
147,0.0567066151271686,0.0204330869705238,0.1476669556911383,0.1272338687206145,2022,H1,ZW
174,0.0196339140316516,0.0033561339293021,0.106430535223341,0.1030744012940388,2022,H1,ZM
233,0.0107547044241694,0.0015697324515556,0.0699199937557328,0.0683502613041772,2022,H1,UY
230,0.0274090018563188,0.0075908884280488,0.094063638819105,0.0864727503910562,2022,H1,YE
2967,0.0630602666468636,0.050218853429181,0.0789125217509578,0.0286936683217768,2022,H1,TH
11,0.104268947655875,0.0020925435194906,0.8659886156384468,0.8638960721189561,2022,H2,AD
10,0.0,0.0,0.7984925057066344,0.7984925057066344,2022,H2,AG
37,0.0,0.0,0.3334160532541212,0.3334160532541212,2022,H2,AF
12,0.0,0.0,0.649845822024284,0.649845822024284,2022,H2,AO
85,0.0512511010283841,0.0136447358923385,0.1741995993597744,0.1605548634674358,2022,H2,AL
121,0.0409232863836706,0.0097321721186802,0.1563019046598061,0.1465697325411259,2022,H2,AM
4731,0.0413608104968127,0.0329290156968736,0.0518359216229156,0.0189069059260419,2022,H1,SG
1223,0.0406120737871507,0.0254400178296236,0.0642361166321075,0.0387960988024838,2022,H1,VN
4476,0.0371732560399235,0.0292954804289262,0.0470667100371165,0.0177712296081902,2022,H1,TR
29,0.1518950134614226,0.0133399469643375,0.7034816709158856,0.690141723951548,2022,H2,BB
120,0.0619678165348392,0.0183516528242958,0.1892601517122434,0.1709084988879476,2022,H2,BA
124,0.0196495336521486,0.0029020030266759,0.121290572099345,0.118388569072669,2022,H2,AZ
5577,0.0374283182882353,0.0304535737701395,0.0459248145913469,0.0154712408212074,2022,H1,PT
5632,0.0367515713855698,0.0300763364136164,0.044839837437523,0.0147635010239066,2022,H1,NO
12,0.0,0.0,0.4020682478566579,0.4020682478566579,2022,H2,BM
36,0.0,0.0,0.1428057374840279,0.1428057374840279,2022,H2,BI
70,0.0,0.0,0.1494850790829118,0.1494850790829118,2022,H2,BO
1715,0.0691018189114217,0.0518648249776093,0.0915145049366573,0.0396496799590479,2022,H2,AE
94,0.0107482418623683,7.352815719603109e-05,0.6161775969458326,0.6161040687886365,2022,H2,BJ
145,0.0365430671519685,0.0089594463018634,0.1372849716801001,0.1283255253782366,2022,H2,BF
130,0.0979290735984657,0.0436110670718017,0.2053728947411596,0.1617618276693579,2022,H2,BN
119,0.041903211742767,0.0070728724717285,0.2116877313021203,0.2046148588303918,2022,H2,BH
16,0.0,0.0,0.6317417180002284,0.6317417180002284,2022,H2,BS
10,0.0,0.0,0.890843226133804,0.890843226133804,2022,H2,BZ
22,0.1702487590554358,0.0337420477515532,0.5466032085954913,0.5128611608439381,2022,H2,BT
128,0.0,0.0,0.1658852277799929,0.1658852277799929,2022,H2,BY
100,0.0565248327566365,0.0151192314229677,0.1895054364106299,0.1743862049876622,2022,H2,BW
1670,0.0373862021154252,0.0256401457955213,0.0542138648323842,0.0285737190368628,2022,H2,AR
567,0.0405362180862029,0.0217578580571484,0.0742906508612486,0.0525327928041001,2022,H2,BG
1253,0.0452123001992194,0.0290254842509753,0.0697774052510929,0.0407519210001176,2022,H2,BD
21,0.0,0.0,0.349625950518043,0.349625950518043,2022,H2,CF
56,0.0,0.0,0.2324533716340253,0.2324533716340253,2022,H2,CG
126,0.0681212998364196,0.0243276527008715,0.1764898812615877,0.1521622285607161,2022,H2,CD
7390,0.0605019371249978,0.0520126270898311,0.0702741273502604,0.0182615002604293,2022,H1,SA
97,0.0357770430665141,0.0074502896166069,0.1549873566989878,0.1475370670823808,2022,H2,CI
3728,0.0455070559224303,0.0353811214439971,0.0583556742904118,0.0229745528464147,2022,H1,ZA
294,0.0096207896832523,0.0014087213084173,0.0626989407637598,0.0612902194553424,2022,H2,CM
6779,0.0305002593483147,0.0249231275580237,0.037277692412943,0.0123545648549193,2022,H1,RU
7692,0.0629898717684585,0.055029965109738,0.0720134102939899,0.0169834451842518,2022,H1,TW
8639,0.045372795055438,0.0389077426138942,0.0528530279516034,0.0139452853377091,2022,H1,PL
12,0.0,0.0,0.8317868316166452,0.8317868316166452,2022,H2,CW
14,0.0,0.0,0.4782679521198956,0.4782679521198956,2022,H2,CV
99,0.0,0.0,0.1262183846288217,0.1262183846288217,2022,H2,CU
181,0.0424219390522876,0.0136649521072031,0.1240829194910239,0.1104179673838208,2022,H2,CR
48,0.0,0.0,0.1340713356679571,0.1340713356679571,2022,H2,DO
803,0.0441893529970262,0.0257581677865424,0.0747963971235448,0.0490382293370023,2022,H2,CY
10,0.2636629381703647,0.049602627136399,0.7107035604891717,0.6611009333527726,2022,H2,ER
13857,0.0611464559066775,0.0546449712655191,0.0683655271733166,0.0137205559077975,2022,H1,IN
32273,0.0348849063985255,0.0319822872958127,0.0380406064951401,0.0060583191993273,2021,H2,DE
2481,0.031134372286049,0.0223553031920851,0.0432086650416657,0.0208533618495806,2022,H2,CL
10,0.0,0.0,0.7010906932980578,0.7010906932980578,2022,H2,FK
36,0.0,0.0,0.3732943533305423,0.3732943533305423,2022,H2,FO
71,0.0119630703280325,8.1172429939654e-06,0.9475351489068118,0.9475270316638178,2022,H2,FJ
425,0.0263687012422686,0.0116598628826193,0.0585337275979854,0.046873864715366,2022,H2,DZ
531,0.0282180022197703,0.0121030619297234,0.0643910599849497,0.0522879980552263,2022,H2,EC
540,0.031066100962495,0.0150709484845896,0.0629522534518069,0.0478813049672172,2022,H2,EE
48,0.1397039193002137,0.0443662526601605,0.3622511142327829,0.3178848615726223,2022,H2,GA
1537,0.0443801363373927,0.0311163245139458,0.0629306213769428,0.0318142968629969,2022,H2,CO
5449,0.0392927007977067,0.032281700444554,0.0477512289189533,0.0154695284743993,2022,H2,AT
37,0.0,0.0,0.277112090508731,0.277112090508731,2022,H2,GF
19,0.0,0.0,0.5535364984529977,0.5535364984529977,2022,H2,GN
16139,0.0698555344618104,0.0635653920479852,0.0767171272591464,0.0131517352111611,2022,H1,KR
45,0.0,0.0,0.3289508359957956,0.3289508359957956,2022,H2,GP
69,0.0,0.0,0.1728281267371754,0.1728281267371754,2022,H2,GM
49,0.1181042661717695,0.0265799641789825,0.3964320441416686,0.3698520799626861,2022,H2,GD
40,0.0557475069255711,0.0083772501727583,0.2920809421248162,0.2837036919520578,2022,H2,GL
10,0.0,0.0,0.7519238764928895,0.7519238764928895,2022,H2,GY
14,0.0,0.0,0.4499574832927563,0.4499574832927563,2022,H2,GW
25,0.1426816285410901,0.0235410479896468,0.5346443859884131,0.5111033379987663,2022,H2,GU
69,0.0742754327506607,0.020108034763086,0.2387999285555842,0.2186918937924982,2022,H2,GT
10416,0.0442468563312778,0.0387347772750419,0.0505021119651952,0.0117673346901532,2022,H1,SE
38,0.0049876358351506,9.772182605866617e-14,0.9999999961108108,0.9999999961107132,2022,H2,HN
22,0.1915759094308612,0.0416812876945028,0.5635353784308311,0.5218540907363283,2022,H2,HT
1330,0.0574212535336749,0.0405774453012737,0.0806690865467031,0.0400916412454294,2022,H2,ET
177,0.011540687387359,0.0016432478782694,0.0764843691757842,0.0748411212975148,2022,H2,GE
716,0.0626116807239049,0.0380619244524833,0.1013279499433955,0.0632660254909122,2022,H2,GH
6336,0.044525398904522,0.0374036410241414,0.0529285992669463,0.0155249582428049,2022,H2,BE
41,0.0024136056098606,3.65021529934978e-37,1.0,1.0,2022,H2,JM
362,0.0221082842398094,0.0077276789419568,0.0615890384692056,0.0538613595272487,2022,H2,IS
1128,0.0460089418724874,0.0303370424949555,0.0691990698105009,0.0388620273155454,2022,H2,HR
750,0.060910036830217,0.0383423171540425,0.0954424699910123,0.0571001528369697,2022,H2,IQ
31,0.0430718151302875,0.0031546630687148,0.3903110133828816,0.3871563503141667,2022,H2,KN
40,0.059064766400133,0.0106665299463135,0.2676538373849377,0.2569873074386241,2022,H2,KG
114,0.0892140954175704,0.0318181032848857,0.2259796777710386,0.1941615744861529,2022,H2,KH
21230,0.054055486510637,0.0494790394727588,0.0590289343523953,0.0095498948796364,2022,H1,CA
44,0.0,0.0,0.1172832816389718,0.1172832816389718,2022,H2,LI
14,0.0,0.0,0.5262651194797389,0.5262651194797389,2022,H2,LS
3558,0.0355891566271989,0.0272592362614899,0.046343275995168,0.019084039733678,2022,H2,CZ
20,0.0979273862529072,0.0136062077437263,0.4607290454932594,0.447122837749533,2022,H2,LR
35,0.0558616185575996,0.008057577173341,0.3011688106932713,0.2931112335199303,2022,H2,LA
70,0.0,0.0,0.2929073680806567,0.2929073680806567,2022,H2,ME
10,0.0,0.0,0.4413812403342667,0.4413812403342667,2022,H2,MR
13,0.0,0.0,0.4107837053296719,0.4107837053296719,2022,H2,MV
52,0.0241542789139075,0.0004039255757955,0.6025711908302201,0.6021672652544245,2022,H2,MD
34,0.0,0.0,0.3762328999063727,0.3762328999063727,2022,H2,MU
52,0.0538038443134909,0.0085974113507744,0.2715939733551238,0.2629965620043494,2022,H2,LY
69,0.0707991718852836,0.0195864719915693,0.2251644394853686,0.2055779674937993,2022,H2,MM
168,0.0,0.0,0.1411148385912738,0.1411148385912738,2022,H2,MT
44,0.0692695123344681,0.0162660719596158,0.2509305012678704,0.2346644293082546,2022,H2,MC
185,0.0,0.0,0.093824665668985,0.093824665668985,2022,H2,MW
802,0.0512278927265201,0.0312940710656431,0.0827742575798805,0.0514801865142374,2022,H2,JO
34,0.0368011490681468,0.002419083981759,0.3757757064150343,0.3733566224332752,2022,H2,MQ
80,0.0542543158829548,0.0151290635978519,0.1764350869942008,0.1613060233963489,2022,H2,MG
93,0.0587044364907269,0.0179278698592823,0.1756393336525256,0.1577114637932432,2022,H2,ML
27,0.0,0.0,0.4608112779367858,0.4608112779367858,2022,H2,NC
144,0.0442474988532546,0.0106402177140892,0.1661748498825794,0.1555346321684901,2022,H2,MN
30,0.0,0.0,0.1398413446013924,0.1398413446013924,2022,H2,NI
36,0.1090875969208423,0.0256215747376191,0.3631253363745585,0.3375037616369393,2022,H2,NE
66,0.067185890282367,0.0134465723657947,0.275680079540296,0.2622335071745013,2022,H2,
123,0.023774119165708,0.0043750695661502,0.1189150491169964,0.1145399795508462,2022,H2,MK
116,0.0696944536075677,0.0235257611223039,0.1889369635859578,0.1654112024636538,2022,H2,MZ
1460,0.0537792137489729,0.0364973502364906,0.0785768519010992,0.0420795016646085,2022,H2,ID
341,0.0339963590864078,0.0106510875918859,0.103174156755846,0.09252306916396,2022,H2,KW
793,0.074636110810402,0.0491415108014579,0.1118021161886154,0.0626606053871575,2022,H2,KE
42,0.0,0.0,0.4232790650672565,0.4232790650672565,2022,H2,PG
262,0.0,0.0,0.0926934258020141,0.0926934258020141,2022,H2,NP
22,0.069652149151744,0.0097846080786366,0.361934416943719,0.3521498088650823,2022,H2,PF
320,0.0394597971330417,0.0149978495071374,0.0997783346052834,0.084780485098146,2022,H2,LK
2268,0.0637879034000321,0.0510158621817465,0.0794896454491971,0.0284737832674505,2022,H2,HU
732,0.0498419308090889,0.0315528306214934,0.0778795205900285,0.0463266899685351,2022,H2,LT
55,0.0,0.0,0.1399100800955046,0.1399100800955046,2022,H2,RE
43210,0.0382691684107421,0.0355028039329103,0.0412418698339424,0.0057390659010321,2021,H2,GB
329,0.0314541408008018,0.0109811414542556,0.0867486427605139,0.0757675013062582,2022,H2,LV
453,0.028864930507061,0.0129418558759502,0.0631261157639571,0.0501842598880069,2022,H2,KZ
155,0.0281369753628052,0.006058707820857,0.1208846822301929,0.1148259744093359,2022,H2,PA
65,0.1002061275731606,0.0313286619842474,0.2771824768271644,0.245853814842917,2022,H2,PY
270,0.0979526146563513,0.0492738252755194,0.1853468727558599,0.1360730474803404,2022,H2,OM
7616,0.0400016727527128,0.0338133972524849,0.0472670753284701,0.0134536780759851,2022,H2,BR
574,0.0364892400405063,0.0182644949720194,0.0715732860155012,0.0533087910434818,2022,H2,MA
163,0.0561040456705769,0.0201189653152749,0.1468094051843276,0.1266904398690527,2022,H2,PS
491,0.0352623451798039,0.0177636830265754,0.068791359836125,0.0510276768095496,2022,H2,LU
275,0.0799699414632454,0.0429902129755558,0.1439737703269887,0.1009835573514328,2022,H2,PR
121,0.066264815960196,0.0214754537795178,0.1866490899455344,0.1651736361660165,2022,H2,RW
19,0.0859688861016948,0.0028383262334484,0.756565288382268,0.7537269621488195,2022,H2,SC
572,0.0664111376608227,0.0391224153023322,0.1105445010576685,0.0714220857553362,2022,H2,PH
621,0.0396399005704031,0.0211143520128773,0.0732040685628378,0.0520897165499605,2022,H2,PE
11,0.0,0.0,0.4457886936372696,0.4457886936372696,2022,H2,SO
14,0.0,0.0,0.6823110282412882,0.6823110282412882,2022,H2,SR
42,0.0,0.0,0.3414700985032833,0.3414700985032833,2022,H2,SL
44,0.0,0.0,0.0985195248758309,0.0985195248758309,2022,H2,SS
18,0.0,0.0,0.5480346364284876,0.5480346364284876,2022,H2,SZ
20,0.0044066404009892,7.228184358156853e-18,0.9999999999996312,0.9999999999996312,2022,H2,SV
68,0.0,0.0,0.1374368444683274,0.1374368444683274,2022,H2,SY
612,0.03977402124393,0.020021290625012,0.0774738857821497,0.0574525951571376,2022,H2,LB
36,0.0485219154097053,0.0067753178652755,0.2760117817982543,0.2692364639329788,2022,H2,TG
23,0.0728136945801751,0.0104056348004751,0.3696885228187981,0.3592828880183229,2022,H2,TJ
57,0.0121284158152398,3.645042685030686e-06,0.976388706519706,0.9763850614770208,2022,H2,TT
1180,0.0498004833659051,0.0319182476927648,0.0769053794480997,0.0449871317553349,2022,H2,NG
208,0.052677994835611,0.0236185798777457,0.1133406602314775,0.0897220803537317,2022,H2,SD
18115,0.0479899949714186,0.0433124009845325,0.0531446911623098,0.0098322901777772,2022,H1,JP
143,0.067059835857896,0.0216721125256774,0.1891269590122214,0.167454846486544,2022,H2,SN
4645,0.0435674450182541,0.0356764415425385,0.0531076793124205,0.017431237769882,2022,H2,FI
1031,0.0433819724895906,0.0280536192451347,0.0665125158608146,0.0384588966156798,2022,H2,MO
901,0.0503894462832777,0.0301661102071989,0.0830100587599072,0.0528439485527082,2022,H2,QA
505,0.0704162047830956,0.0433852354182387,0.1123114143667314,0.0689261789484926,2022,H2,UG
4144,0.0510473812542456,0.0414188111415339,0.0627677248282267,0.0213489136866927,2022,H2,IL
16203,0.047509917704892,0.0429366337000075,0.0525435703534829,0.0096069366534754,2022,H1,NL
446,0.0822177587213108,0.0494621340635872,0.1336161322647922,0.0841539982012049,2022,H2,TZ
4799,0.0695794156750631,0.0590082041427118,0.0818796517189995,0.0228714475762876,2022,H2,EG
2932,0.09717018260682,0.0813522342103891,0.1156764563635958,0.0343242221532067,2022,H2,MY
3475,0.0508638450748879,0.0408422179612072,0.063182536298973,0.0223403183377658,2022,H2,GR
755,0.0189774289228879,0.0077628795279672,0.0456476193645352,0.037884739836568,2022,H2,UA
1004,0.0338862860926634,0.0199317456078784,0.0570420054583737,0.0371102598504953,2022,H2,RS
740,0.0344576309175378,0.0194811830555671,0.0602400985322248,0.0407589154766576,2022,H2,TN
1151,0.0322502150323729,0.0195885708595814,0.0526565191449217,0.0330679482853402,2022,H2,SI
3381,0.0620002383814146,0.0502884038263812,0.0762207722592719,0.0259323684328907,2022,H2,IE
952,0.0486906175528562,0.0299560349944484,0.0781973518248391,0.0482413168303907,2022,H2,SK
2561,0.0412578589711063,0.0304609504776689,0.0556620307484583,0.0252010802707893,2022,H2,NZ
4451,0.0545689895958448,0.0445368458819296,0.0667031617405263,0.0221663158585966,2022,H2,IR
15,0.0840929181209353,0.0044866307241306,0.6516208324088784,0.6471342016847478,2022,H2,VI
51,0.0,0.0,0.2967966866254989,0.2967966866254989,2022,H2,XK
15,0.1206195972738936,0.0166537550251312,0.5262692815472619,0.5096155265221307,2022,H2,WS
3806,0.0824167540306261,0.0694828824207353,0.0975059157677704,0.028023033347035,2022,H2,PK
99,0.0595767146055312,0.0186960012591752,0.1739973496322483,0.155301348373073,2022,H2,VE
140,0.0257015613489686,0.004941241594461,0.1229111369060787,0.1179698953116176,2022,H2,YE
136,0.085657131808439,0.0341637467125506,0.1987895341239972,0.1646257874114465,2022,H2,ZW
204,0.0438989753704375,0.0167082770942313,0.1103723268077746,0.0936640497135432,2022,H2,UY
118,0.0348037001754015,0.0068700731116542,0.1582204519658408,0.1513503788541866,2022,H2,UZ
2790,0.0368131105332528,0.0271706524483038,0.0497027016049272,0.0225320491566234,2022,H2,RO
184,0.0181081163425316,0.0027439828327051,0.1100094250405396,0.1072654422078345,2022,H2,ZM
3165,0.0412026496539371,0.0314410185685828,0.0538265873976444,0.0223855688290616,2022,H2,MX
20046,0.0293145104857157,0.0260637828179284,0.0329569559141717,0.0068931730962433,2022,H1,FR
23,0.0,0.0,0.235232014722124,0.235232014722124,2023,H1,AG
17,0.0,0.0,0.5873149890167344,0.5873149890167344,2023,H1,AO
77,0.0,0.0,0.2299725273202601,0.2299725273202601,2023,H1,AL
6819,0.0435337865886157,0.0368486178143197,0.0513671118745768,0.0145184940602571,2022,H2,DK
48,0.0553857236547149,0.008763772814418,0.2799754812738145,0.2712117084593964,2023,H1,AF
148,0.0296699468014511,0.0059896894469815,0.1343194255442684,0.1283297360972868,2023,H1,AM
3022,0.0664182339461142,0.0534460231273829,0.0822653663675714,0.0288193432401884,2022,H2,TH
24,0.084144452658054,0.0082799151119493,0.5027401890520524,0.4944602739401031,2023,H1,BB
1186,0.0446077543349476,0.0281308553709976,0.0700400426245607,0.041909187253563,2022,H2,VN
173,0.1092154913435711,0.0508839402047645,0.2189876669611493,0.1681037267563848,2023,H1,BA
138,0.0585358924146581,0.0218812564869777,0.1473433270413231,0.1254620705543454,2023,H1,AZ
6218,0.0521651225636809,0.0439407528169008,0.0618292923058742,0.0178885394889733,2022,H2,HK
28,0.0,0.0,0.1970911041081621,0.1970911041081621,2023,H1,BI
10760,0.0386776207224482,0.0334442626746036,0.0446920292194439,0.0112477665448403,2022,H2,CH
75,0.0,0.0,0.0583032952723068,0.0583032952723068,2023,H1,BO
130,0.0395291629648348,0.0067897632047589,0.1985719747221182,0.1917822115173593,2023,H1,BJ
98,0.1449935324679117,0.0645039399310293,0.2943210598951887,0.2298171199641593,2023,H1,BN
120,0.0150675071235605,5.312101431734352e-05,0.8149981150817491,0.8149449940674318,2023,H1,BH
4273,0.045600148552173,0.0363937913343266,0.0569976379351411,0.0206038466008144,2022,H2,SG
120,0.0409832687269892,0.0089062617199074,0.1689012059948561,0.1599949442749486,2023,H1,BF
17,0.0,0.0,0.3227386795214205,0.3227386795214205,2023,H1,BS
20,0.0,0.0,0.4740496839727532,0.4740496839727532,2023,H1,BT
13,0.2238668711255535,0.0384168996785108,0.6755812920249313,0.6371643923464205,2023,H1,BZ
5114,0.039511590617601,0.0319421507623934,0.0487843916320754,0.016842240869682,2022,H2,PT
104,0.0337472309779952,0.0028912286555378,0.2961131689671696,0.2932219403116317,2023,H1,BW
136,0.0150059571244119,0.0021682577226958,0.0965014959546003,0.0943332382319045,2023,H1,BY
3801,0.0527547755200896,0.0421805437185393,0.0657977580627258,0.0236172143441865,2022,H2,TR
743,0.0547842210932577,0.0344230437034614,0.0861148957238,0.0516918520203386,2023,H1,BG
2185,0.0738391796583637,0.0574634835587766,0.0944140892241387,0.036950605665362,2023,H1,AE
10,0.1703496238704024,0.0257877763725873,0.6143005083093239,0.5885127319367366,2023,H1,CF
52,0.0652266880813482,0.0120929252205899,0.2845703785894707,0.2724774533688808,2023,H1,CG
134,0.0358341569514158,0.0099905751213108,0.1203996274915676,0.1104090523702568,2023,H1,CD
1512,0.0738951200583725,0.0547533805138249,0.0990277235005305,0.0442743429867056,2023,H1,BD
5151,0.0318581757432016,0.0254443005708528,0.0398227637073235,0.0143784631364707,2022,H2,NO
95,0.0066696338387653,1.1060052358431462e-06,0.976054970253268,0.976053864248032,2023,H1,CI
1945,0.031766460744816,0.0218236400653767,0.046026070208607,0.0242024301432303,2023,H1,AR
331,0.0718439679914898,0.0378053281337353,0.1323154184289327,0.0945100902951973,2023,H1,CM
3554,0.0506369876928033,0.0397124484652879,0.0643653370391331,0.0246528885738451,2022,H2,ZA
6953,0.0593689642162387,0.050939193154485,0.0690921942014918,0.0181530010470067,2022,H2,SA
22501,0.0291155101266417,0.0259434665898411,0.0326623864767451,0.0067189198869039,2022,H1,ES
5588,0.0321318567151797,0.0255445710524286,0.0403474987573523,0.0148029277049236,2022,H2,RU
6787,0.0679113423457426,0.0590131357057456,0.0780399786331852,0.0190268429274396,2022,H2,TW
8663,0.0480063951110145,0.0416203742355741,0.0553157006213362,0.013695326385762,2022,H2,PL
2863,0.0402200386250041,0.0301649278195465,0.0534422018186041,0.0232772739990576,2023,H1,CL
12,0.0,0.0,0.3350771801893658,0.3350771801893658,2023,H1,CV
14,0.0171857845748178,1.97120602408776e-08,0.9999355373490452,0.9999355176369848,2023,H1,CW
133,0.0418980158303301,0.0117470104552637,0.1385851152277628,0.126838104772499,2023,H1,CU
188,0.0701405605483318,0.0309337326196685,0.1512823432246131,0.1203486106049446,2023,H1,CR
819,0.0339471392036111,0.018245558038983,0.0623035208828661,0.0440579628438831,2023,H1,CY
9911,0.0489564001123864,0.0430451902916875,0.0556321794236846,0.012586989131997,2022,H2,SE
47,0.0,0.0,0.1114652275157871,0.1114652275157871,2023,H1,DO
18954,0.0565153264126616,0.0515937627315119,0.0618757322075831,0.0102819694760712,2022,H2,CA
5989,0.0375097644798985,0.0306032174813276,0.0459011803813079,0.0152979628999802,2023,H1,AT
471,0.0445467351350866,0.0214158516783997,0.0903541359870546,0.0689382843086549,2023,H1,DZ
1662,0.0290128669651155,0.0179586253654793,0.0465489040582739,0.0285902786927945,2023,H1,CO
601,0.0376269313665773,0.018810324386188,0.0738497159653019,0.0550393915791139,2023,H1,EE
627,0.0454907697621493,0.025463691169943,0.079976415115526,0.054512723945583,2023,H1,EC
12585,0.0658181436561222,0.0589148063115874,0.0734672311224569,0.0145524248108695,2022,H2,IN
10,0.0,0.0,0.8441173827657924,0.8441173827657924,2023,H1,FK
33,0.0,0.0,0.4194263599417849,0.4194263599417849,2023,H1,FO
65,0.0,0.0,0.2087765185895658,0.2087765185895658,2023,H1,FJ
27,0.0,0.0,0.4031539289664221,0.4031539289664221,2023,H1,GA
7648,0.0422401718203833,0.0357597544811661,0.0498342814627881,0.0140745269816219,2023,H1,BE
25200,0.0298139325468024,0.0267612413453783,0.0332029683703075,0.0064417270249292,2022,H1,IT
1349,0.0580803769453201,0.040197643681912,0.0832287486106542,0.0430311049287422,2023,H1,ET
42,0.0,0.0,0.205443619761381,0.205443619761381,2023,H1,GF
32,0.1754143256859042,0.0492836399956128,0.4660928687338811,0.4168092287382683,2023,H1,GD
18,0.0,0.0,0.3071009670149115,0.3071009670149115,2023,H1,GN
33,0.0384485928398311,0.0014606183231876,0.5222308026602648,0.5207701843370771,2023,H1,GP
39,0.0799711222747506,0.0202892283058823,0.2673103947934611,0.2470211664875788,2023,H1,GL
78,0.0796979611514065,0.027016976927829,0.2126517771918068,0.1856348002639778,2023,H1,GM
12,0.02491691574356,9.797302918144444e-07,0.998501866484406,0.998500886754114,2023,H1,GW
10,0.2741214555858924,0.0473250485244176,0.7416593894960412,0.6943343409716235,2023,H1,GY
24,0.078305243307219,0.0110038491325565,0.3934689494207022,0.3824651002881457,2023,H1,GU
170,0.0519415533189362,0.0168207620934006,0.1492600258846683,0.1324392637912677,2023,H1,GE
66,0.0317328724827488,0.0047298042922435,0.1843454726620406,0.179615668369797,2023,H1,GT
22,0.0,0.0,0.3573438861316521,0.3573438861316521,2023,H1,HT
42,0.0669549184140006,0.0110711684456396,0.3150553071033922,0.3039841386577526,2023,H1,HN
14517,0.0497252477451005,0.0447597854605624,0.0552097203640274,0.0104499349034649,2022,H2,NL
4022,0.0425577970090165,0.0336736952999436,0.0536556384331614,0.0199819431332178,2023,H1,CZ
14956,0.0710355215183776,0.0644021617677099,0.078294935192783,0.013892773425073,2022,H2,KR
806,0.0719210949593407,0.0481743483134617,0.1060689691569733,0.0578946208435116,2023,H1,GH
8299,0.0370006541422121,0.0311685042913369,0.0438746765436611,0.0127061722523241,2023,H1,BR
372,0.0311964740393526,0.0142576105064693,0.0668940147969755,0.0526364042905061,2023,H1,IS
53,0.0,0.0,0.2453999902106478,0.2453999902106478,2023,H1,JM
767,0.106467832760046,0.0770469154465419,0.1453540256578097,0.0683071102112677,2023,H1,IQ
1749,0.0832108211833933,0.064264528941819,0.1071034736596698,0.0428389447178507,2023,H1,ID
54,0.0,0.0,0.1922481344197775,0.1922481344197775,2023,H1,KG
24,0.0732505602312962,0.0064535309821337,0.4902659127883585,0.4838123818062248,2023,H1,KN
138,0.069997400534107,0.0253787617691709,0.1786791200401665,0.1533003582709956,2023,H1,KH
1297,0.0342836540675264,0.0209969423197655,0.0555014503448063,0.0345045080250408,2023,H1,HR
16,0.0,0.0,0.4710372720450652,0.4710372720450652,2023,H1,LS
75,0.0,0.0,0.2802663297878601,0.2802663297878601,2023,H1,LI
18,0.0636737958062109,9.53643260658634e-05,0.9797933315174834,0.9796979671914176,2023,H1,LR
44,0.0520858145830346,0.0031966702268712,0.484929840744137,0.4817331705172657,2023,H1,LA
18061,0.0513521527179995,0.0463892026005368,0.0568144304599129,0.010425227859376,2022,H2,AU
65,0.0,0.0,0.0889959071859285,0.0889959071859285,2023,H1,ME
82,0.0,0.0,0.0849720213621255,0.0849720213621255,2023,H1,MG
59,0.0824717702352198,0.0226284585958965,0.2586885421645455,0.236060083568649,2023,H1,MC
15,0.0,0.0,0.203625781576496,0.203625781576496,2023,H1,MR
56,0.0920782691903695,0.0210346360026291,0.3237234330773732,0.3026887970747441,2023,H1,LY
69,0.0058546993513768,5.36461392714874e-13,0.999999984532184,0.9999999845316476,2023,H1,MM
29,0.0,0.0,0.2148645502231764,0.2148645502231764,2023,H1,MQ
58,0.0188546658676139,0.0002009899865742,0.6475150437100128,0.6473140537234385,2023,H1,MD
28,0.084795064515287,0.0080146550365005,0.5151491721040422,0.5071345170675416,2023,H1,MU
19,0.109846207897848,0.0171594585730625,0.4658710047526987,0.4487115461796362,2023,H1,MV
71,0.0751299961171846,0.0152227112665609,0.2991728971629554,0.2839501858963944,2023,H1,ML
113,0.106362004359662,0.0450121117782274,0.2310951575157423,0.1860830457375148,2023,H1,MN
42,0.0,0.0,0.2038858300045769,0.2038858300045769,2023,H1,NC
31,0.1440037185292084,0.0368967691060297,0.4248689388045853,0.3879721696985556,2023,H1,NE
122,0.0302165113759719,0.0067234953896584,0.1254318381058866,0.1187083427162281,2023,H1,MK
16,0.223093681627631,0.0584838020521079,0.5703515810068412,0.5118677789547332,2023,H1,NI
107,0.1444023110859792,0.0669655839452662,0.284116960006768,0.2171513760615017,2023,H1,MZ
58,0.1636160880191014,0.0691231231697945,0.3400902096801448,0.2709670865103503,2023,H1,
179,0.1120972315430867,0.0564598991896949,0.2103390392377558,0.1538791400480608,2023,H1,MW
439,0.0426741517854631,0.019323846911167,0.0916045798807169,0.0722807329695499,2023,H1,LV
2598,0.0475218226726375,0.0368647188828183,0.0610644247731296,0.0241997058903113,2023,H1,HU
794,0.0682481411013869,0.0446838895171387,0.1029005807650217,0.058216691247883,2023,H1,KE
493,0.0143486169697184,0.0028666800924325,0.0686529134382229,0.0657862333457903,2023,H1,KZ
201,0.0248607659544851,0.0067729382916854,0.0870217121884431,0.0802487738967576,2023,H1,MT
1007,0.0721947657079517,0.0497264784137215,0.1037071377603766,0.053980659346655,2023,H1,JO
5955,0.0772750245219941,0.0667886187694323,0.0892504250797662,0.0224618063103338,2023,H1,EG
362,0.0500344382324927,0.0230330161002199,0.1052784119703781,0.0822453958701581,2023,H1,LK
412,0.0528296006371631,0.0264301773805679,0.1028130822817051,0.0763829049011372,2023,H1,KW
4921,0.0478791680011012,0.0396320821140026,0.0577392214697934,0.0181071393557907,2023,H1,FI
869,0.0581676721322139,0.0355691415179832,0.0937286078261375,0.0581594663081543,2023,H1,LB
23,0.0,0.0,0.4704248029863713,0.4704248029863713,2023,H1,PF
163,0.0,0.0,0.0643921288036656,0.0643921288036656,2023,H1,PA
29,0.1474462452468308,0.0300917523926805,0.4908523121236088,0.4607605597309283,2023,H1,PG
1246,0.0493777220923654,0.0325924468712257,0.0741449590412662,0.0415525121700404,2023,H1,MO
883,0.0574716644560552,0.0379354175353752,0.0861677147160708,0.0482322971806956,2023,H1,LT
486,0.0289236589041626,0.0128189332011354,0.0639504338650636,0.0511315006639281,2023,H1,LU
329,0.112516809347931,0.0651918796830142,0.1873126181752808,0.1221207384922665,2023,H1,OM
171,0.0734856324327817,0.0257841722724469,0.1920402521430456,0.1662560798705986,2023,H1,PS
66,0.0,0.0,0.2145344842288801,0.2145344842288801,2023,H1,PY
58,0.0335667658769781,0.0049929124310957,0.193813143292904,0.1888202308618082,2023,H1,RE
848,0.0129541413751187,0.0041391107940752,0.0397923326032489,0.0356532218091737,2023,H1,MA
302,0.1048457789775613,0.0629157297991661,0.1696606747244201,0.1067449449252539,2023,H1,PR
27520,0.0377502293052018,0.0340759681349097,0.0418035238742302,0.0077275557393204,2022,H2,
3789,0.062003150357866,0.0505192558655504,0.0758888836714149,0.0253696278058644,2023,H1,IE
1332,0.0546251818185503,0.0367833755339846,0.0803988140407357,0.0436154385067511,2023,H1,NG
371,0.022864356492221,0.005731163542586,0.0867480805721327,0.0810169170295467,2023,H1,NP
146,0.0843836668680071,0.0360154903438539,0.1852279675013711,0.1492124771575172,2023,H1,RW
659,0.0539689412857254,0.031866143030244,0.0899777116752137,0.0581115686449696,2023,H1,PH
17350,0.0361338361426357,0.0322818694232448,0.0404262298918913,0.0081443604686464,2022,H2,FR
4134,0.0455312736534787,0.0362659944087815,0.0570235971847641,0.0207576027759826,2023,H1,GR
181,0.0692701428542588,0.0287684650306317,0.1575428751066191,0.1287744100759873,2023,H1,SD
42,0.0,0.0,0.2489860860879073,0.2489860860879073,2023,H1,SL
20,0.0,0.0,0.5619568397882103,0.5619568397882103,2023,H1,SV
20,0.0,0.0,0.3845687867807539,0.3845687867807539,2023,H1,SZ
24,0.0521262799974868,0.0011013384091026,0.7328289163838893,0.7317275779747866,2023,H1,SO
27,0.0502011460821611,0.0016145922542292,0.6333538799893434,0.6317392877351142,2023,H1,TG
38,0.0914935613900783,0.0184614720623166,0.3503203333160173,0.3318588612537007,2023,H1,SS
28,0.0,0.0,0.2079782843837699,0.2079782843837699,2023,H1,TJ
16736,0.0520240621806976,0.0469398235216309,0.0576256978258305,0.0106858743041995,2022,H2,JP
678,0.028233082348559,0.013420172312616,0.0584278762856669,0.0450077039730508,2023,H1,PE
107,0.0268526606361048,0.0030224866133419,0.2007372599829366,0.1977147733695947,2023,H1,SY
120,0.1010476381147876,0.0461611183299621,0.2070304358472627,0.1608693175173005,2023,H1,SN
51,0.0,0.0,0.3518430669902017,0.3518430669902017,2023,H1,TT
986,0.0479769467279861,0.0283130860782669,0.0801708681285561,0.0518577820502892,2023,H1,QA
7794,0.0517190357644531,0.0447556288992972,0.059698151852625,0.0149425229533278,2023,H1,DK
4942,0.055180584490162,0.0458426590340845,0.0662884552514986,0.0204457962174141,2023,H1,IL
426,0.0702752436454291,0.0399307512485298,0.1207784206769862,0.0808476694284563,2023,H1,TZ
1246,0.0573233214484966,0.0397381195923002,0.0820257209844556,0.0422876013921554,2023,H1,RS
3309,0.0915701097975807,0.0756325882433174,0.1104646936907796,0.0348321054474621,2023,H1,MY
546,0.0592913372976615,0.034202997257539,0.1008604692963557,0.0666574720388166,2023,H1,UG
2805,0.0425561932702559,0.0319022760067221,0.0565601686313551,0.0246578926246329,2023,H1,NZ
968,0.0328382036821333,0.0183456782617453,0.0581017632244688,0.0397560849627235,2023,H1,UA
5024,0.0604333563252736,0.0500701295024551,0.0727771748311857,0.0227070453287305,2023,H1,IR
1393,0.0385483626794534,0.0260363824114223,0.056722893009578,0.0306865105981557,2023,H1,SI
1085,0.0587949725823827,0.0398363582188893,0.0859683822627021,0.0461320240438128,2023,H1,SK
20408,0.0322101782522417,0.028738352820773,0.0360858451488297,0.0073474923280567,2022,H2,ES
3376,0.0334589133832736,0.0252117157196774,0.0442813629255552,0.0190696472058777,2023,H1,MX
12083,0.0420917741408909,0.0367370904532916,0.0481878956633991,0.0114508052101074,2023,H1,CH
1022,0.0195585652677867,0.0083427800909603,0.0451657716717524,0.0368229915807921,2023,H1,TN
3071,0.0356619296132528,0.0264283945664216,0.0479625433650657,0.0215341487986441,2023,H1,RO
3147,0.0747389173204112,0.0610022444830919,0.0912681987284811,0.0302659542453892,2023,H1,TH
19,0.0,0.0,0.5242138993368787,0.5242138993368787,2023,H1,VI
12,0.1559334512381465,0.0194868070572858,0.6319832383678586,0.6124964313105727,2023,H1,WS
109,0.0,0.0,0.1766554360539191,0.1766554360539191,2023,H1,VE
52,0.1001489625096581,0.0289228932546515,0.2937233606530748,0.2648004673984233,2023,H1,XK
4262,0.0924061198224435,0.0787766050433962,0.1081169886088702,0.0293403835654739,2023,H1,PK
199,0.1060971275161454,0.0531645962033925,0.2005674238992226,0.14740282769583,2023,H1,ZM
145,0.0439987320271335,0.0138713637046113,0.1308758759963721,0.1170045122917608,2023,H1,ZW
217,0.0519761212044742,0.017272462636483,0.1460439479813951,0.1287714853449121,2023,H1,YE
205,0.0281352274168721,0.0070998468794951,0.1049090469560401,0.097809200076545,2023,H1,UZ
309,0.0386679823604758,0.0168707513952653,0.0861594333057923,0.0692886819105269,2023,H1,UY
12,0.0,0.0,0.7332929471868312,0.7332929471868312,2023,H2,AD
15,0.0,0.0,0.7042972980698664,0.7042972980698664,2023,H2,AO
34,0.1082943636835293,0.0291550314124312,0.3293720304365855,0.3002169990241541,2023,H2,AG
56,0.1090332831737057,0.0317761004543416,0.313338180137315,0.2815620796829734,2023,H2,AF
81,0.0984840347679678,0.0362345793183235,0.2409400580293582,0.2047054787110346,2023,H2,AL
197,0.0424211044790017,0.0106952575523811,0.1536413433588313,0.1429460858064501,2023,H2,AM
7698,0.0569105750952596,0.0490604171596462,0.0659297497507474,0.0168693325911012,2023,H1,HK
24,0.0266495411869805,1.6672212777911666e-06,0.9977808424683624,0.9977791752470848,2023,H2,BB
134,0.1862887380638337,0.1028313204484674,0.3137895947817309,0.2109582743332634,2023,H2,BA
167,0.0112176434206944,0.0001078908700717,0.5439635769905196,0.5438556861204478,2023,H2,AZ
16,0.0713684899244451,0.0019770474331794,0.7488447912410848,0.7468677438079053,2023,H2,BM
30,0.0779659743341279,0.0099888310880662,0.414748199024482,0.4047593679364158,2023,H2,BI
60,0.0614929147146569,0.0119689402042476,0.2616640064267799,0.2496950662225322,2023,H2,BO
1314,0.0599631589463527,0.0409243941268439,0.0870551354502396,0.0461307413233956,2023,H1,VN
114,0.1971816264574294,0.1084506329854393,0.3315150359122796,0.2230644029268402,2023,H2,BN
107,0.0396271119080745,0.0060030715713333,0.2199164440966777,0.2139133725253444,2023,H2,BJ
114,0.2165302971278208,0.1238800701004246,0.3507339161370553,0.2268538460366307,2023,H2,BH
15,0.2633421743090455,0.0495364548831957,0.7103125285895499,0.6607760737063542,2023,H2,BT
15,0.0971008738253787,0.009982227121165,0.5342452376334497,0.5242630105122846,2023,H2,BS
135,0.0724497482631731,0.0242204683139319,0.1972978892585675,0.1730774209446355,2023,H2,BF
91,0.1022335763074524,0.0336709506316116,0.2712221758008264,0.2375512251692147,2023,H2,BW
126,0.0894906129213001,0.0367491234105461,0.2020482785744776,0.1652991551639315,2023,H2,BY
1998,0.1657634181647075,0.1414583903229921,0.1933042248652916,0.0518458345422995,2023,H2,AE
13,0.134244422251445,0.0047705673753521,0.8337758149895538,0.8290052476142016,2023,H2,CF
772,0.0742820982345853,0.0498934187952081,0.1092218703320986,0.0593284515368904,2023,H2,BG
136,0.0741205157971027,0.0293812847977626,0.1747215011253962,0.1453402163276336,2023,H2,CD
73,0.0396936675726957,0.0048599693619571,0.2591732575626218,0.2543132882006646,2023,H2,CG
1431,0.149114163264474,0.1215884747086387,0.1815830931141726,0.0599946184055339,2023,H2,BD
5131,0.059269309936738,0.0491864712110719,0.0712641353157443,0.0220776641046723,2023,H1,SG
120,0.1112323366439587,0.0484564024325394,0.2352305342355442,0.1867741318030048,2023,H2,CI
305,0.078993928594393,0.0450963470711881,0.1347750938099231,0.089678746738735,2023,H2,CM
4988,0.0540001253535244,0.0445999853963203,0.0652461889951615,0.0206462035988412,2023,H1,TR
7278,0.076087330058328,0.0667056905365256,0.0866658997636074,0.0199602092270817,2023,H1,TW
1693,0.0511885879056591,0.0369953117781208,0.0704288874418486,0.0334335756637278,2023,H2,AR
6089,0.0395020587474362,0.0325044008798116,0.047931562330467,0.0154271614506553,2023,H1,RU
6267,0.0403898456193896,0.0334119400985297,0.048751548124117,0.0153396080255873,2023,H1,PT
23022,0.028563044175046,0.0254497001398176,0.032044730195928,0.0065950300561104,2022,H2,IT
8991,0.0514015840370686,0.044618064408445,0.0591525827483842,0.0145345183399392,2023,H1,PL
5686,0.0424595406038057,0.0350945265979203,0.0512880365767779,0.0161935099788575,2023,H1,NO
3907,0.055924142322879,0.0450587018761753,0.0692197520670397,0.0241610501908643,2023,H1,ZA
13,0.0,0.0,0.3120877919910284,0.3120877919910284,2023,H2,CV
13,0.0,0.0,0.524203266969895,0.524203266969895,2023,H2,CW
8493,0.0742980522030326,0.0652566118832586,0.0844789872315487,0.01922237534829,2023,H1,SA
94,0.0255664781839494,0.0037902129060475,0.1532139400980666,0.149423727192019,2023,H2,CU
196,0.0377935918697063,0.0120342597409572,0.1124168474469161,0.1003825877059589,2023,H2,CR
789,0.0937009128317175,0.0651467699917362,0.1329900594428154,0.0678432894510791,2023,H2,CY
68,0.0,0.0,0.0980926995332886,0.0980926995332886,2023,H2,DO
2672,0.0597640339553849,0.0465332887129297,0.0764550072409776,0.0299217185280478,2023,H2,CL
577,0.081036582560089,0.0500295326789575,0.1286583354826037,0.0786288028036461,2023,H2,EC
11,0.0,0.0,0.7528254772994639,0.7528254772994639,2023,H2,FK
22,0.0,0.0,0.2808581108768397,0.2808581108768397,2023,H2,FO
56,0.2227977322039832,0.0973427925437445,0.4324729975886471,0.3351302050449026,2023,H2,FJ
410,0.0638785752767203,0.0333276789344402,0.1189877456865859,0.0856600667521456,2023,H2,DZ
637,0.0713092545950401,0.0448891890483971,0.1114644477796573,0.0665752587312601,2023,H2,EE
1671,0.0755837960676225,0.0569459079341595,0.099676952326416,0.0427310443922565,2023,H2,CO
21799,0.0576280291661043,0.0526626788465729,0.0630303933572846,0.0103677145107117,2023,H1,AU
15116,0.0801973880243332,0.0730583823051986,0.0879677891819769,0.0149094068767783,2023,H1,IN
42,0.1325963986151245,0.0383094338101598,0.3697260200437638,0.331416586233604,2023,H2,GA
34103,0.0371970919178647,0.034311028481066,0.0403157810320784,0.0060047525510124,2022,H1,DE
50,0.0,0.0,0.1472867303998627,0.1472867303998627,2023,H2,GF
32,0.0,0.0,0.4501163253120249,0.4501163253120249,2023,H2,GL
42,0.1492294480682184,0.0455520305292163,0.3919704739304797,0.3464184434012633,2023,H2,GD
23,0.1046444246085673,0.0151239178375064,0.4707665927044198,0.4556426748669134,2023,H2,GN
41,0.0417243195259933,0.005928235047619,0.2412168298791724,0.2352885948315533,2023,H2,GP
16,0.0758545978966996,0.0013126390750958,0.8367578320025406,0.8354451929274448,2023,H2,GY
24,0.0623178973508963,0.0087024922197013,0.3347187206375862,0.3260162284178848,2023,H2,GU
75,0.0900812062228452,0.0313429713707795,0.2324788034676546,0.201135832096875,2023,H2,GT
77,0.0571455592177666,0.0118683996058067,0.2342110558873682,0.2223426562815614,2023,H2,GM
1296,0.1015678828013239,0.0785978064759902,0.1303016000885797,0.0517037936125894,2023,H2,ET
16,0.0,0.0,0.735219851503638,0.735219851503638,2023,H2,HT
62328,0.0449248291023101,0.0423691650703619,0.0476269813622784,0.0052578162919165,2022,H1,
42,0.0710343769262542,0.0136553391496609,0.2969341151135975,0.2832787759639366,2023,H2,HN
260,0.0906485370594901,0.0453071922674839,0.1731364170924342,0.1278292248249503,2023,H2,GE
5737,0.0524646917824436,0.0440127421584479,0.0624337052375743,0.0184209630791263,2023,H2,AT
21385,0.0577352587745777,0.0528429595236897,0.0630503449845512,0.0102073854608615,2023,H1,CA
765,0.0700656566548691,0.0421669290392504,0.1142217212056496,0.0720547921663992,2023,H2,GH
432,0.0744561396141784,0.0439672095109905,0.1233594595711672,0.0793922500601766,2023,H2,IS
46,0.0396810737558964,0.0035916346979161,0.3214246303371907,0.3178329956392746,2023,H2,JM
1127,0.060379580831193,0.0413607070911688,0.0873470475482516,0.0459863404570828,2023,H2,HR
10890,0.0441739821653866,0.0385803995652199,0.0505359222720459,0.011955522706826,2023,H1,SE
17489,0.0890072381885268,0.0821464885245903,0.0963808184158368,0.0142343298912464,2023,H1,KR
18,0.1583108815429129,0.0391993573233051,0.4644119154848504,0.4252125581615453,2023,H2,KN
51,0.1203155628763527,0.0334240132832705,0.3510549636698354,0.3176309503865649,2023,H2,KG
1522,0.1184885325488776,0.0933400509654408,0.1492969971513539,0.055956946185913,2023,H2,ID
4457,0.1366924492889921,0.1215300977923288,0.1534161232458329,0.0318860254535041,2023,H2,EG
128,0.1134026862318014,0.0482319899152436,0.2440517182413927,0.195819728326149,2023,H2,KH
12,0.0,0.0,0.5791601492500028,0.5791601492500028,2023,H2,LS
19,0.0,0.0,0.2558184226917981,0.2558184226917981,2023,H2,LR
36,0.0987619723053125,0.0201086325480191,0.3691602525530643,0.3490516200050451,2023,H2,LA
43,0.0897051503857395,0.01685086217947,0.3616703358688982,0.3448194736894282,2023,H2,LI
3777,0.0592750633775994,0.0480591015954651,0.0729081132636204,0.0248490116681553,2023,H2,CZ
56,0.0,0.0,0.2169745640117997,0.2169745640117997,2023,H2,ML
26,0.0,0.0,0.4677451292550816,0.4677451292550816,2023,H2,MQ
11,0.0,0.0,0.7618774376492138,0.7618774376492138,2023,H2,MV
32,0.0,0.0,0.2547960262995175,0.2547960262995175,2023,H2,MU
54,0.1254944049854153,0.0365979802447105,0.3515307725730065,0.3149327923282959,2023,H2,MD
93,0.1899519029664539,0.0835923817829435,0.3760996372791605,0.292507255496217,2023,H2,LY
45,0.0606304415617568,0.0112825443807958,0.267435708418962,0.2561531640381662,2023,H2,MC
59,0.0896813364582305,0.0247619138552768,0.2765401198989147,0.2517782060436379,2023,H2,MM
943,0.172936198790216,0.137982428217095,0.2145407464078925,0.0765583181907974,2023,H2,JO
105,0.1665621022033163,0.0804727848688964,0.3133634657095993,0.2328906808407028,2023,H2,MK
99,0.0757711346391922,0.0189422323260777,0.2582187604743465,0.2392765281482687,2023,H2,ME
353,0.1378011452475956,0.0891811358797453,0.2069065166396465,0.1177253807599011,2023,H2,LK
48,0.0,0.0,0.1932769597438066,0.1932769597438066,2023,H2,
23,0.1806675918892936,0.0356925402376898,0.5677817416251716,0.5320892013874817,2023,H2,NE
19,0.0,0.0,0.5619087606007065,0.5619087606007065,2023,H2,NI
92,0.0357190498140728,0.0059317626236544,0.1869558937221977,0.1810241310985433,2023,H2,MG
36,0.0813506281694615,0.0149618838987509,0.3404931209194663,0.3255312370207154,2023,H2,NC
149,0.1145422652135535,0.0528198208243137,0.2308143125158994,0.1779944916915856,2023,H2,MN
122,0.0009427254319458,0.0,0.0500657159963466,0.0500657159963466,2023,H2,MZ
6970,0.0591973630757529,0.0511205872303064,0.0684581607774628,0.0173375735471563,2023,H2,BE
191,0.052271742200425,0.0166647828188488,0.1521842493214509,0.1355194665026021,2023,H2,MW
190,0.0485603731432897,0.0177713745362429,0.1258565529002114,0.1080851783639685,2023,H2,MT
416,0.1239315997895292,0.0803543204833663,0.1863526583609155,0.1059983378775492,2023,H2,KW
397,0.0551078391103938,0.0262164196195438,0.1121710170479861,0.0859545974284422,2023,H2,LV
28,0.1196855016490767,0.0263966358353526,0.4053900233011721,0.3789933874658194,2023,H2,PF
29,0.0086709375899322,1.1055921384210806e-08,0.999855510679944,0.9998554996240226,2023,H2,PG
842,0.1181090735456811,0.0875286627436776,0.1575290486459906,0.0700003859023129,2023,H2,KE
535,0.0755872776882676,0.045432310485721,0.1231744629181051,0.077742152432384,2023,H2,KZ
490,0.0558570334056592,0.0299399399357758,0.1018533171781012,0.0719133772423253,2023,H2,LU
172,0.0533724840795823,0.0209501917291757,0.1293423609839898,0.1083921692548141,2023,H2,PA
310,0.1573393922956884,0.1024518220159584,0.2339672097851553,0.1315153877691968,2023,H2,OM
741,0.135451176780932,0.1013316598537344,0.1787737077423088,0.0774420478885743,2023,H2,MA
179,0.1888359812278786,0.1139585138653342,0.2964514094085431,0.1824928955432088,2023,H2,PS
867,0.1462364851190079,0.1127645248647825,0.1875437812858163,0.0747792564210338,2023,H2,LB
55,0.0582414933997335,0.0097757221799996,0.2792324312707804,0.2694567090907808,2023,H2,PY
1205,0.1022018063410925,0.0779885891498091,0.1328493608934472,0.054860771743638,2023,H2,NG
778,0.0877578115908624,0.0597621951186603,0.1270952418963594,0.0673330467776991,2023,H2,LT
71,0.0373765012079011,0.006179932489598,0.195133651873381,0.1889537193837829,2023,H2,RE
306,0.0634227887302847,0.0299812337989445,0.1291974192045391,0.0992161854055945,2023,H2,NP
117,0.1342042352725691,0.0619887342841194,0.2666349268405775,0.204646192556458,2023,H2,RW
19,0.0,0.0,0.2586501542530841,0.2586501542530841,2023,H2,SC
655,0.1168893656253373,0.0824558301815704,0.163145576129215,0.0806897459476445,2023,H2,PH
3577,0.0685009500055823,0.0562713165701395,0.0831542957302009,0.0268829791600613,2023,H2,GR
7753,0.0684831243777741,0.0600930397803372,0.0779474716727974,0.0178544318924602,2023,H2,BR
346,0.0729203758915692,0.0397982874945863,0.1298796585560946,0.0900813710615082,2023,H2,PR
2544,0.0636534428448802,0.0501587967263097,0.0804710832563024,0.0303122865299926,2023,H2,HU
4731,0.0602240870431307,0.0503995953928909,0.0718188453427307,0.0214192499498397,2023,H2,FI
171,0.1093560057941706,0.0564348465859865,0.2013153438650676,0.144880497279081,2023,H2,SD
1163,0.1285353954417829,0.0997583329374102,0.1641005187117219,0.0643421857743117,2023,H2,MO
10,0.0,0.0,0.7246406790869723,0.7246406790869723,2023,H2,SR
16,0.075018625211656,0.001294136844808,0.8354205741452926,0.8341264373004845,2023,H2,SO
27,0.0,0.0,0.2209923775372468,0.2209923775372468,2023,H2,SS
13,0.0,0.0,0.5869158620066068,0.5869158620066068,2023,H2,TD
21,0.0,0.0,0.4271530253221572,0.4271530253221572,2023,H2,SZ
31,0.0,0.0,0.3381954367612493,0.3381954367612493,2023,H2,TG
28,0.1670593831593738,0.0370436490545177,0.5111694251249755,0.4741257760704578,2023,H2,SV
49,0.078903083728394,0.0202287904602922,0.2622169351781147,0.2419881447178224,2023,H2,SL
17,0.0,0.0,0.6785553508972216,0.6785553508972216,2023,H2,TJ
88,0.2020768784417668,0.1038183841787785,0.356353129248689,0.2525347450699105,2023,H2,SY
122,0.0373285551534339,0.0087052960246048,0.1461868368782894,0.1374815408536845,2023,H2,SN
672,0.0723669140757215,0.046154038709622,0.1117234593036685,0.0655694205940464,2023,H2,PE
5028,0.1314934897410021,0.1168821411854663,0.1476260568446009,0.0307439156591345,2023,H2,IR
60,0.0348065027536919,0.0049366008591819,0.2076878372282327,0.2027512363690508,2023,H2,TT
1123,0.0862183971592302,0.0628032759372379,0.1172710713534869,0.054467795416249,2023,H2,RS
2736,0.1611267630244723,0.1398725491164402,0.1849163063635992,0.045043757247159,2023,H2,MY
759,0.1927174358618338,0.1532072813195289,0.2395345100242709,0.086327228704742,2023,H2,IQ
445,0.0777806314437998,0.0451173958199231,0.1308503707576206,0.0857329749376975,2023,H2,TZ
971,0.1170463578853826,0.0860976553008408,0.1572062406341899,0.071108585333349,2023,H2,QA
729,0.0923515281185354,0.0641504645903562,0.1312118141307123,0.067061349540356,2023,H2,TN
514,0.0638691999800341,0.0364748027072694,0.1094999580942746,0.0730251553870051,2023,H2,UG
1251,0.0686804319788466,0.0496915688626209,0.094206261223405,0.0445146923607841,2023,H2,SI
923,0.0409377383185277,0.0238954084282298,0.069272153981298,0.0453767455530682,2023,H2,UA
975,0.072418482036023,0.0492177579313197,0.105344037101873,0.0561262791705532,2023,H2,SK
2660,0.1063103382511557,0.0894854444355695,0.1258613405255113,0.0363758960899418,2023,H2,RO
3970,0.0772464876700891,0.0644590863963141,0.0923203239417931,0.0278612375454789,2023,H2,IE
3309,0.0711017725309916,0.0578733289112411,0.0870744579444927,0.0292011290332515,2023,H2,MX
16380,0.0462328067960979,0.0415148029869379,0.0514582081868784,0.0099434051999404,2023,H1,NL
30946,0.0407382066183082,0.0375707722097663,0.0441604215160039,0.0065896493062376,2022,H2,DE
7136,0.1087674567959205,0.0976211983427311,0.1210157063672003,0.0233945080244692,2023,H2,HK
19070,0.0594333720545957,0.0542568677053548,0.0650697729110742,0.0108129052057194,2023,H1,JP
17,0.0876076995865348,0.0127984185751827,0.4156030932716888,0.4028046746965061,2023,H2,VI
11,0.0,0.0,0.7445367493565052,0.7445367493565052,2023,H2,WS
42,0.1356974592580434,0.0357976363230002,0.3990150571669418,0.3632174208439415,2023,H2,XK
2709,0.0757783699836203,0.0614848014934188,0.0930653065433106,0.0315805050498917,2023,H2,NZ
98,0.075588238269809,0.0243723538973991,0.2111375310354634,0.1867651771380643,2023,H2,VE
160,0.1552781485402156,0.0842769207052267,0.2685537175358953,0.1842767968306686,2023,H2,YE
199,0.1148395454143211,0.0584659897226871,0.2132574719068035,0.1547914821841164,2023,H2,UZ
144,0.0762904359703553,0.0235823914425112,0.2202328136507257,0.1966504222082144,2023,H2,ZW
184,0.0923099108011672,0.0418943004992998,0.1912830547702859,0.1493887542709861,2023,H2,ZM
255,0.0640947254629554,0.0286906273184348,0.1370241104038386,0.1083334830854037,2023,H2,UY
4362,0.0680650678792785,0.0570445059145844,0.0810317574106938,0.0239872514961093,2023,H2,IL
2902,0.1371975688256005,0.1178747270361919,0.159116589088785,0.0412418620525931,2023,H2,TH
7468,0.0603149064063403,0.0524247463146844,0.0693057169127899,0.0168809705981055,2023,H2,DK
3839,0.1712263615739243,0.1531817111284741,0.1909174220612221,0.037735710932748,2023,H2,PK
7444,0.1594863832823861,0.1466783645635476,0.1731858186420035,0.0265074540784559,2023,H2,SA
1275,0.1114553035681825,0.0857227848247857,0.1436982211272207,0.057975436302435,2023,H2,VN
4413,0.1086399986424609,0.0944855655479756,0.1246230151080412,0.0301374495600656,2023,H2,TR
20432,0.0426896415456184,0.0386709458982671,0.0471054974446552,0.008434551546388,2023,H1,FR
4658,0.079702349952878,0.0673480447611158,0.0940942835716862,0.0267462388105704,2023,H2,SG
5390,0.0765822800455218,0.0659818512905865,0.088723965338542,0.0227421140479555,2023,H2,PT
85375,0.0505263514006966,0.0483028844025377,0.0528464851415074,0.0045436007389696,2021,H2,CN
5094,0.0512529304026017,0.0423085226586992,0.0619659179508931,0.0196573952921939,2023,H2,RU
19813,0.0798968313762468,0.0740462236599804,0.0861666947455276,0.0121204710855472,2023,H2,CA
6267,0.1161185409018305,0.1036947127114133,0.1298152998745224,0.026120587163109,2023,H2,TW
5528,0.059232374790393,0.050104277058376,0.0699010724116959,0.0197967953533198,2023,H2,NO
11466,0.048485725805839,0.0425621715093414,0.0551861675018182,0.0126239959924768,2023,H2,CH
45686,0.0371403101057284,0.0344860783226776,0.0399903644909982,0.0055042861683206,2022,H1,GB
31662,0.0430272584746592,0.0393891311798998,0.0469849809932223,0.0075958498133224,2023,H1,
3899,0.0859863438730699,0.0719632373558823,0.1024404245970787,0.0304771872411964,2023,H2,ZA
14,0.3843371562870221,0.0963433802091778,0.7851900571344335,0.6888466769252557,2024,H1,AO
35,0.0947500268810833,0.018537808201299,0.3670933360478456,0.3485555278465465,2024,H1,AG
78,0.2217570821804529,0.1133306129391849,0.3884696724826115,0.2751390595434265,2024,H1,AF
84,0.145112127909723,0.0618550195092315,0.3041070834536965,0.2422520639444649,2024,H1,AL
15999,0.1600623755217751,0.151028959341989,0.1695282097900776,0.0184992504480885,2023,H2,KR
204,0.0819321839010436,0.0381773436368674,0.1671209097893069,0.1289435661524394,2024,H1,AM
31,0.0,0.0,0.1829372570092867,0.1829372570092867,2024,H1,BB
176,0.1279436333054642,0.0634625002289048,0.2410762310828703,0.1776137308539654,2024,H1,BA
197,0.1326019783045313,0.0689406438743973,0.2399023807710376,0.1709617368966403,2024,H1,AZ
34,0.0,0.0,0.4025955435792816,0.4025955435792816,2024,H1,BI
16,0.0,0.0,0.622073242621275,0.622073242621275,2024,H1,BM
101,0.2307383484159435,0.1215070703586388,0.394112443560644,0.2726053732020052,2024,H1,BN
163,0.229820078662906,0.1451328011011833,0.3440363873291375,0.1989035862279542,2024,H1,BH
118,0.0733278782814154,0.0221383088023156,0.2166563261118109,0.1945180173094952,2024,H1,BJ
94,0.0933639190438154,0.034877700379082,0.2268708530706164,0.1919931526915344,2024,H1,BO
129,0.0817801655091648,0.0236966851795625,0.2463144903347532,0.2226178051551907,2024,H1,BF
8821,0.0741496955001095,0.0657813624888165,0.0834874638881294,0.0177061013993129,2023,H2,PL
13,0.0,0.0,0.6424821103342402,0.6424821103342402,2024,H1,BS
16,0.1106931998055659,0.0099021760996984,0.6077083379783325,0.597806161878634,2024,H1,BT
102,0.0652988213637351,0.0197779780580011,0.1947720046707732,0.174994026612772,2024,H1,BW
184,0.0779114602680365,0.0347144611558424,0.1656371566413082,0.1309226954854658,2024,H1,BY
2164,0.2129133512681547,0.186873980369149,0.2415034472373983,0.0546294668682492,2024,H1,AE
91380,0.0495060750301377,0.0473085545280593,0.0518001219815142,0.0044915674534549,2021,H1,CN
26,0.0,0.0,0.3772384023732076,0.3772384023732076,2024,H1,CF
124,0.0031580077801729,4.500109527193043e-12,0.9999995516169912,0.999999551612491,2024,H1,CD
69,0.0475696298593977,0.005126044527939,0.3262130629234008,0.3210870183954617,2024,H1,CG
1579,0.2331121494097056,0.2018890569884398,0.2675453147347052,0.0656562577462654,2024,H1,BD
757,0.0911265139603569,0.0628001939694911,0.1304511298561876,0.0676509358866965,2024,H1,BG
105,0.0438928618776219,0.0048083676281828,0.3037172031498545,0.2989088355216716,2024,H1,CI
22014,0.0498163733293361,0.0448474002614517,0.0553040182582462,0.0104566179967944,2023,H2,
1911,0.0844469813542145,0.0657185610636388,0.10789623921203,0.0421776781483911,2024,H1,AR
359,0.102527192621746,0.0606196139637144,0.1682182926771957,0.1075986787134813,2024,H1,CM
10417,0.061569940799685,0.054845330452655,0.0690588150227122,0.0142134845700571,2023,H2,SE
20859,0.0848297170131206,0.0786921202972118,0.091398526211554,0.0127064059143422,2023,H2,AU
2848,0.0853900489554315,0.0695724805014812,0.1044002855357116,0.0348278050342303,2024,H1,CL
11,0.1257058126180363,0.0167225528839005,0.5486426449858087,0.5319200921019082,2024,H1,CW
196,0.0328532365686933,0.0048498444318962,0.1914442523476622,0.186594407915766,2024,H1,CR
124,0.0701594099882202,0.0256717269281029,0.1776824840965607,0.1520107571684578,2024,H1,CU
16552,0.0729459797770085,0.0666433947122723,0.0797936549127802,0.0131502602005079,2023,H2,JP
905,0.1881703739418648,0.1506406739432554,0.2324906898344196,0.0818500158911641,2024,H1,CY
55,0.0,0.0,0.2285847690254294,0.2285847690254294,2024,H1,DO
1701,0.1538279300720628,0.1275096783498611,0.1844300567239888,0.0569203783741277,2024,H1,CO
517,0.1585573299210253,0.1142718720706484,0.2158234107183959,0.1015515386477474,2024,H1,DZ
17517,0.047883962420558,0.0431797994956385,0.0530721874760827,0.0098923879804442,2023,H2,FR
690,0.1529394943785377,0.1149056107255352,0.2007078408163575,0.0858022300908222,2024,H1,EC
651,0.1192958375647819,0.084412942821439,0.1659805712828991,0.0815676284614601,2024,H1,EE
44,0.1737104757455357,0.0647982774679399,0.3894493923478851,0.3246511148799452,2024,H1,FO
55,0.0633138717359378,0.012135951381252,0.271086965305765,0.258951013924513,2024,H1,FJ
54,0.0483952200054394,0.0032935564884587,0.4390522839825839,0.4357587274941251,2024,H1,GA
6409,0.058756498203201,0.0495879220032062,0.069496342559224,0.0199084205560177,2024,H1,AT
1763,0.1443003777676302,0.1192970743809629,0.1735116493006067,0.0542145749196438,2024,H1,ET
24932,0.033319823087228,0.0300176453170561,0.0369714203885769,0.0069537750715207,2023,H1,ES
51,0.0229434504592286,7.952809912186176e-05,0.8739447199146959,0.8738651918155741,2024,H1,GF
40,0.096202677076232,0.0129632206898617,0.4631407962094727,0.450177575519611,2024,H1,GD
23,0.0928438747627203,0.0084588562789828,0.5511345922601499,0.5426757359811671,2024,H1,GN
36,0.1254350778328023,0.0186646766473237,0.519591215441779,0.5009265387944553,2024,H1,GL
61,0.1888477924109211,0.0726970556696908,0.4087707682850967,0.3360737126154058,2024,H1,GM
39,0.1123594915588062,0.0254659986115379,0.3801029055759504,0.3546369069644124,2024,H1,GP
175,0.1209470976775363,0.0622762882348784,0.221816987204104,0.1595406989692255,2024,H1,GE
12869,0.132185945206751,0.122926061124862,0.1420304093338003,0.0191043482089382,2023,H2,IN
10,0.0,0.0,0.7296273657688092,0.7296273657688092,2024,H1,GW
20,0.0191666619844803,1.445153817750656e-06,0.9962297367653552,0.9962282916115376,2024,H1,GU
18,0.0469175916434682,0.0010568171292025,0.696105126573519,0.6950483094443165,2024,H1,GY
67,0.0534171806748191,0.0085463199504542,0.2697718100113154,0.2612254900608611,2024,H1,GT
19,0.0,0.0,0.3215712650863347,0.3215712650863347,2024,H1,HT
43,0.2095222325941329,0.0832107454103133,0.436319158502439,0.3531084130921256,2024,H1,HN
7600,0.0760957979245257,0.0666945204421681,0.0866991772687359,0.0200046568265677,2024,H1,BE
853,0.1622890150039513,0.1243184923387117,0.2090877441768446,0.0847692518381328,2024,H1,GH
8276,0.0995665356873584,0.0892488287455663,0.1109317475204113,0.0216829187748449,2024,H1,BR
5390,0.1861546102175678,0.1701737506295882,0.2032686045740201,0.0330948539444319,2024,H1,EG
420,0.0782747487643126,0.0464557215506514,0.128940634532833,0.0824849129821815,2024,H1,IS
1673,0.2159254228954079,0.1855558034098784,0.249741419116187,0.0641856157063085,2024,H1,ID
809,0.2157692480572395,0.1746892450528343,0.2634261982797213,0.0887369532268869,2024,H1,IQ
50,0.0683357495203566,0.0131182890455531,0.288119221924759,0.2750009328792058,2024,H1,JM
21403,0.0570901040092108,0.0523596525542294,0.0622198693777451,0.0098602168235157,2023,H2,ES
1290,0.0848271511349723,0.0629707156245733,0.1133520221683664,0.0503813065437931,2024,H1,HR
4279,0.0886148139791271,0.0752604051856471,0.1040721803741806,0.0288117751885335,2024,H1,CZ
1183,0.2136873234911262,0.1789673845658981,0.25306683173578,0.0740994471698818,2024,H1,JO
15556,0.0552257973184149,0.0498686804812046,0.0611213789857758,0.0112526985045712,2023,H2,NL
5247,0.0902678772832389,0.0782739853009038,0.1038924386274246,0.0256184533265208,2024,H1,FI
2922,0.1094995785512405,0.0927136515169912,0.1288928703250474,0.0361792188080562,2024,H1,HU
34463,0.0440739914422858,0.0408359597126698,0.0475560483672163,0.0067200886545465,2023,H1,DE
29337,0.0369860610345052,0.0337152599974958,0.0405608512267311,0.0068455912292353,2023,H1,IT
3958,0.1167111065757298,0.101694065100358,0.1336158539816895,0.0319217888813314,2024,H1,GR
3802,0.101378230475703,0.0863573485339078,0.1186724610589201,0.0323151125250123,2024,H1,IE
4915,0.0906479448052036,0.0781397921982073,0.1049304247791699,0.0267906325809626,2024,H1,IL
5776,0.2207460330724676,0.2039326230171388,0.2385302857682747,0.0345976627511358,2024,H1,IR
7783,0.0772712435142046,0.0680232225188581,0.0876583114154225,0.0196350888965644,2024,H1,DK
8588,0.1385293171612465,0.1266880379700919,0.1512856472446218,0.0245976092745298,2024,H1,HK
12382,0.0591305050496683,0.0525428861152706,0.0664860954330419,0.0139432093177712,2024,H1,CH
15452,0.1893818591782534,0.1792184525460419,0.1999811993142256,0.0207627467681837,2024,H1,IN
22529,0.0942026142655694,0.0879506808325071,0.1008498222313942,0.012899141398887,2024,H1,CA
64,0.0,0.0,0.1923876432912351,0.1923876432912351,2024,H1,KG
34,0.1789834395279278,0.0519413656023882,0.464509997863537,0.4125686322611487,2024,H1,KN
138,0.1147897313314753,0.0495088376066914,0.2440469435883698,0.1945381059816784,2024,H1,KH
25165,0.050395772077465,0.0461950260680069,0.0549565031919319,0.008761477123925,2023,H2,IT
34,0.285272479042514,0.1116248420118214,0.5590573708727598,0.4474325288609382,2024,H1,LA
18,0.10905369290972,0.0125466200347447,0.5411046129340573,0.5285579928993125,2024,H1,LS
21,0.2181875023178943,0.0639722318565923,0.5326225269047241,0.4686502950481318,2024,H1,LR
59,0.0033544312508255,9.688565197652446e-21,0.9999999999999992,0.9999999999999992,2024,H1,LI
68,0.1367544324654339,0.0530003625073923,0.3095925742918007,0.2565922117844084,2024,H1,LY
821,0.137792894819491,0.103700615066694,0.1808319701697735,0.0771313551030795,2024,H1,KE
48,0.1365156742797433,0.0460557377079954,0.3411171634681548,0.2950614257601594,2024,H1,MC
12,0.0,0.0,0.5334177601060016,0.5334177601060016,2024,H1,MR
51,0.0882435303580471,0.0146624150298681,0.3863103704431254,0.3716479554132572,2024,H1,ML
50,0.0,0.0,0.3581359613278796,0.3581359613278796,2024,H1,MQ
60,0.107572618992595,0.0225796948733589,0.386110277509707,0.3635305826363481,2024,H1,MD
26,0.0333006828609745,4.487954262534195e-05,0.9635563734765978,0.9635114939339724,2024,H1,MU
19,0.0884149659861606,0.0033438327568403,0.7371098970419598,0.7337660642851195,2024,H1,MV
76,0.051567035650358,0.0107996642005798,0.213077278480343,0.2022776142797632,2024,H1,MG
58,0.08637383646128,0.0253683104120275,0.2556095789745872,0.2302412685625596,2024,H1,MM
89,0.1428754919136468,0.0613344210065209,0.2983638633939252,0.2370294423874042,2024,H1,ME
151,0.3172064861294515,0.2180901817264748,0.4362369818006716,0.2181468000741968,2024,H1,MN
122,0.0896146923484031,0.036744280611108,0.2025615365396003,0.1658172559284923,2024,H1,MK
360,0.1841402589779741,0.1283424173053774,0.257043038718389,0.1287006214130115,2024,H1,LK
540,0.1959351134722751,0.1451009195578604,0.2591792262596633,0.1140783067018028,2024,H1,KW
28,0.127684797018391,0.0147769347618232,0.5882240015816204,0.5734470668197971,2024,H1,NE
26,0.0231100196982123,5.597516251996984e-05,0.9090699072111068,0.9090139320485868,2024,H1,NI
181,0.0688579913957313,0.0242374964960789,0.1804335850885887,0.1561960885925097,2024,H1,MT
200,0.1032905769589943,0.0511572737746105,0.1974936941419186,0.1463364203673081,2024,H1,MW
523,0.156774132198999,0.1130932857069381,0.2132692397210696,0.1001759540141315,2024,H1,KZ
54,0.1473891763632898,0.0510070409374662,0.3573199053793606,0.3063128644418944,2024,H1,
114,0.0318867494957059,0.0032452519383384,0.2499263192245215,0.246681067286183,2024,H1,MZ
44,0.0365929562279393,0.0028288552656493,0.3371121428995202,0.3342832876338709,2024,H1,NC
415,0.091228258930744,0.0541237028151952,0.1497429043056839,0.0956192014904887,2024,H1,LV
515,0.0651952290385385,0.0335599335269395,0.1228605038282535,0.0893005703013139,2024,H1,LU
1017,0.1595612430595385,0.1253722542971499,0.2009316768254443,0.0755594225282944,2024,H1,LB
32097,0.0521145216960038,0.0484048425373197,0.0560917471300911,0.0076869045927713,2023,H2,DE
888,0.1539653534214901,0.118976350023116,0.1969438949699763,0.0779675449468602,2024,H1,MA
23,0.0,0.0,0.4627649686165181,0.4627649686165181,2024,H1,PF
37,0.1988646140236926,0.0566905558443956,0.506243515339035,0.4495529594946394,2024,H1,PG
916,0.1104012434032083,0.0815975524086549,0.1477369577183836,0.0661394053097286,2024,H1,LT
208,0.0810865605494332,0.0395305759834364,0.1590917216230118,0.1195611456395754,2024,H1,PA
346,0.1710893163297716,0.1144051791461346,0.2479939235535786,0.1335887444074439,2024,H1,NP
1288,0.1779540528895185,0.1463539230037257,0.2146614190418433,0.0683074960381176,2024,H1,NG
367,0.1872866700878104,0.1300077493872507,0.2621960257127956,0.1321882763255449,2024,H1,OM
66,0.0177257874897366,0.0001718193389257,0.6545714975763798,0.654399678237454,2024,H1,RE
187,0.205698150248874,0.1293506956840459,0.3110113216416439,0.181660625957598,2024,H1,PS
1516,0.1780092694568608,0.1486147168725176,0.211771629414312,0.0631569125417943,2024,H1,MO
70,0.0299820713370033,0.0024807227592271,0.2775377066133823,0.2750569838541552,2024,H1,PY
159,0.2897694240932493,0.1960309020560326,0.4057121724719613,0.2096812704159286,2024,H1,RW
18,0.0,0.0,0.5474132799090425,0.5474132799090425,2024,H1,SC
334,0.1812162421835021,0.1241176234993901,0.256878591961142,0.1327609684617519,2024,H1,PR
673,0.1343076562257085,0.0941931976097576,0.1879608474229457,0.0937676498131881,2024,H1,PH
162,0.1911319810203793,0.1126977659907589,0.3053674737442173,0.1926697077534584,2024,H1,SD
715,0.0955761256287008,0.0649546363903473,0.138495285688009,0.0735406492976616,2024,H1,PE
10,0.242118004742539,0.0429307630065737,0.694678144554261,0.6517473815476873,2024,H1,ST
19,0.0,0.0,0.4609407830263495,0.4609407830263495,2024,H1,TD
20,0.0603554560702924,0.0007235224480164,0.8507066994794058,0.8499831770313894,2024,H1,SV
31,0.1524095385307405,0.0229293001523614,0.5794438477428141,0.5565145475904526,2024,H1,SS
16,0.0523364295254454,0.0001436449030435,0.9550154681685918,0.9548718232655482,2024,H1,SZ
35,0.2797869423101791,0.109758778089416,0.550371063232786,0.4406122851433699,2024,H1,SO
52,0.1531076375635443,0.0569138631925723,0.3513190594003625,0.2944051962077901,2024,H1,SL
46,0.1635825520524058,0.0577216106250081,0.3843911803397658,0.3266695697147576,2024,H1,TG
74,0.2349947738858844,0.1207451131833842,0.407274068786365,0.2865289556029808,2024,H1,SY
39,0.0966511819641926,0.0156935823486811,0.4179206306205257,0.4022270482718446,2024,H1,TJ
141,0.1065957538356782,0.0450727182393973,0.2317185016156624,0.186645783376265,2024,H1,SN
44,0.0,0.0,0.2202004022580818,0.2202004022580818,2024,H1,TT
45724,0.044209612041182,0.0412232976712998,0.0474015666128086,0.0061782689415088,2023,H1,GB
1030,0.2235383270957471,0.1849968634613074,0.2674741501172119,0.0824772866559044,2024,H1,QA
1266,0.1116458226826797,0.0864035671613588,0.1431073102551271,0.0567037430937682,2024,H1,RS
3038,0.2576539580204691,0.2339271484647557,0.2828986276863737,0.048971479221618,2024,H1,MY
504,0.0754094581766902,0.0433077181851493,0.1281198717877193,0.08481215360257,2024,H1,TZ
854,0.1252774285719108,0.0919690838934629,0.1684116613329191,0.0764425774394561,2024,H1,TN
582,0.1244311595198381,0.0855307443045282,0.1775881282012825,0.0920573838967543,2024,H1,UG
899,0.0974170491304996,0.070544046574611,0.1330615024609393,0.0625174558863282,2024,H1,UA
1094,0.1052589396392049,0.0796686899666119,0.1378379127528743,0.0581692227862623,2024,H1,SK
4265,0.250758757292669,0.2307519076086153,0.2718871536835668,0.0411352460749515,2024,H1,PK
1477,0.0761195319521102,0.056344073943098,0.1020848663595719,0.0457407924164738,2024,H1,SI
2977,0.1285978568155299,0.1104139467412437,0.14927393599767,0.0388599892564262,2024,H1,RO
2904,0.0870033208066052,0.0712552034371663,0.1058353104086964,0.03458010697153,2024,H1,NZ
3452,0.0914379800386672,0.0764399701369817,0.1090312927997701,0.0325913226627884,2024,H1,MX
3280,0.1911786296647579,0.1696971231667168,0.2146763462137111,0.0449792230469942,2024,H1,TH
11,0.0,0.0,0.7447429943563171,0.7447429943563171,2024,H1,VI
10,0.0,0.0,0.3962543031815107,0.3962543031815107,2024,H1,VA
13,0.0,0.0,0.7322813516742318,0.7322813516742318,2024,H1,WS
89,0.1084348024181399,0.0382537993555011,0.271079755860117,0.2328259565046158,2024,H1,VE
61,0.1689758103512087,0.0682576556023116,0.3607662523581986,0.2925085967558869,2024,H1,XK
187,0.2362144675646865,0.1535490868044503,0.3452325588438708,0.1916834720394204,2024,H1,YE
157,0.1392848267355256,0.0736780395798078,0.2476904111846963,0.1740123716048885,2024,H1,ZW
273,0.1083231496129372,0.0617274954923928,0.183223488684874,0.1214959931924811,2024,H1,UY
286,0.1334874279918501,0.0849348040587397,0.2036189747228735,0.1186841706641337,2024,H1,UZ
188,0.0616403054844583,0.0234309008203743,0.1524329729009299,0.1290020720805555,2024,H1,ZM
5298,0.1299055681204789,0.1153822554135297,0.1459553312617271,0.0305730758481973,2024,H1,SG
1447,0.1773503301351042,0.1474203179673165,0.2118469987663147,0.0644266807989981,2024,H1,VN
4398,0.0757713584688306,0.0636690035861303,0.0899531543337221,0.0262841507475918,2024,H1,RU
5874,0.1573364832424653,0.1427919823956406,0.1730633598970332,0.0302713775013925,2024,H1,TR
5720,0.0762122998652955,0.0656828334769172,0.08827025049012,0.0225874170132028,2024,H1,NO
8661,0.2164490989213633,0.2027824086653559,0.230770243138512,0.027987834473156,2024,H1,SA
6017,0.1078715524421683,0.0956197123397472,0.1214823606468778,0.0258626483071306,2024,H1,PT
22570,0.1097177125608911,0.1030826770483316,0.1167242409562566,0.0136415639079249,2024,H1,AU
6954,0.1825349920038726,0.1679563683118518,0.1980777917314517,0.0301214234195999,2024,H1,TW
3993,0.1092539128373275,0.0940721538664016,0.1265435288369761,0.0324713749705745,2024,H1,ZA
18,0.0,0.0,0.3993490724132373,0.3993490724132373,2024,H2,AO
39,0.176427167453949,0.0649216412802727,0.397944188800839,0.3330225475205662,2024,H2,AG
73,0.4665499332263292,0.299598332588625,0.6413458852084284,0.3417475526198033,2024,H2,AF
83,0.2409151034942256,0.1253124924968565,0.4128291733745168,0.2875166808776603,2024,H2,AL
20814,0.0556972041736161,0.050718360264563,0.0611333281079167,0.0104149678433536,2024,H1,FR
146,0.0772383330790964,0.0295628318877238,0.1869849555080054,0.1574221236202816,2024,H2,AM
9165,0.1174871491953615,0.1070996737642324,0.1287368388290518,0.0216371650648193,2024,H1,PL
18,0.0,0.0,0.4578282445356453,0.4578282445356453,2024,H2,BB
223,0.2102831534723405,0.1364484254337427,0.3097406509100133,0.1732922254762706,2024,H2,AZ
63,0.0,0.0,0.2408381074847164,0.2408381074847164,2024,H2,BI
11,0.0,0.0,0.7219314922615022,0.7219314922615022,2024,H2,BM
54,0.1475748735988064,0.0447626311161571,0.3900949243897755,0.3453322932736183,2024,H2,BN
97,0.4030212072470976,0.2491867853313007,0.5786342433465049,0.3294474580152042,2024,H2,BH
108,0.2074984403127499,0.1134754315297461,0.348777129569832,0.2353016980400858,2024,H2,BF
87,0.2028089813410121,0.0984215248431624,0.3722042832619732,0.2737827584188107,2024,H2,BJ
163,0.1251767346088814,0.0611486287910134,0.2391690091762364,0.178020380385223,2024,H2,BA
100,0.1689558113490575,0.0841424393416774,0.3102947379192082,0.2261522985775307,2024,H2,BO
13,0.0,0.0,0.3239885398219727,0.3239885398219727,2024,H2,BT
79,0.2897348689781749,0.1672701059743481,0.4530773054743658,0.2858071995000177,2024,H2,BW
109,0.1133202541679608,0.0456552732094826,0.2545243330088668,0.2088690597993841,2024,H2,BY
1479,0.2926608453617265,0.2567131778258289,0.3313979520583461,0.0746847742325172,2024,H2,AE
1151,0.2756327494156956,0.2363399748899662,0.318731607293969,0.0823916324040027,2024,H2,BD
18,0.1937004333980214,0.0493208836900361,0.5266108118731785,0.4772899281831423,2024,H2,CF
50,0.141669506165239,0.0408574472793736,0.3900661932080007,0.349208745928627,2024,H2,CG
114,0.1782884284906341,0.0920999631117833,0.3169738410293141,0.2248738779175307,2024,H2,CD
621,0.0817106855543905,0.0509115497424876,0.1286169292415001,0.0777053794990124,2024,H2,BG
89,0.142372038733431,0.0574405422344512,0.3113951510107886,0.2539546087763373,2024,H2,CI
221,0.1680718584154085,0.1017026540418016,0.264976530877121,0.1632738768353194,2024,H2,CM
1485,0.0964149057256967,0.0729359038396732,0.1264214074915776,0.0534855036519043,2024,H2,AR
24632,0.0784592454781594,0.0730285445825128,0.0842570876050476,0.0112285430225347,2024,H1,ES
18202,0.2080237804369596,0.1983603397166854,0.2180299510960021,0.0196696113793166,2024,H1,KR
2277,0.1435619094263098,0.1206779502014598,0.1699466305824451,0.0492686803809852,2024,H2,CL
14,0.0,0.0,0.3465693114652131,0.3465693114652131,2024,H2,CW
95,0.0407090721293375,0.00739382943161,0.1946931490641272,0.1872993196325172,2024,H2,CU
169,0.0814656374652216,0.0316459519191592,0.1940026732531075,0.1623567213339482,2024,H2,CR
11082,0.0786317029597907,0.0707612378609661,0.0872953283613121,0.016534090500346,2024,H1,SE
652,0.2465090344552147,0.1974142358154624,0.3032007358117905,0.1057864999963281,2024,H2,CY
65,0.1325526779216801,0.0524672558181905,0.2966133957606919,0.2441461399425014,2024,H2,DO
369,0.2073553995436594,0.1459360293174783,0.2859688462138779,0.1400328168963996,2024,H2,DZ
1473,0.1488386959983995,0.1200006736119964,0.1831644743349689,0.0631638007229725,2024,H2,CO
476,0.1232025702012089,0.0821318608572193,0.180766290602259,0.0986344297450397,2024,H2,EE
628,0.1369206768782788,0.0964834308228054,0.1907280331760668,0.0942446023532613,2024,H2,EC
27,0.4932965389233428,0.2304094777622011,0.7599434711429232,0.529533993380722,2024,H2,FO
35,0.0719282155703413,0.0076050011561449,0.4394078030334206,0.4318028018772757,2024,H2,FJ
4699,0.0929284758520509,0.0798599587550765,0.1078848196354447,0.0280248608803682,2024,H2,AT
43,0.1329739904669684,0.0311719081326689,0.4223189721608615,0.3911470640281926,2024,H2,GA
5641,0.0803486770285992,0.0686496475155999,0.0938405327240099,0.02519088520841,2024,H2,BE
1524,0.175020845806735,0.1451383406959817,0.2095477235347675,0.0644093828387857,2024,H2,ET
34,0.2104937505484676,0.0673832955755585,0.4959234848822065,0.4285401893066479,2024,H2,GF
30,0.0,0.0,0.5393242916123352,0.5393242916123352,2024,H2,GP
36,0.0590794159254744,0.0049775236757207,0.4407498159012316,0.4357722922255109,2024,H2,GD
26,0.2228288849360804,0.0405542305920055,0.6604281719983137,0.6198739414063082,2024,H2,GN
32,0.1998079682607796,0.0534919462781478,0.5245448528844106,0.4710529066062627,2024,H2,GL
52,0.0244121588471601,0.0005884178310047,0.5153868677488012,0.5147984499177964,2024,H2,GM
17,0.0,0.0,0.5648479449098923,0.5648479449098923,2024,H2,GU
12,0.1905130743267535,0.0118258958330827,0.8223290851870004,0.8105031893539176,2024,H2,GY
67,0.1481644143036466,0.0538041275256679,0.34727418689368,0.293470059368012,2024,H2,GT
155,0.0892378953138736,0.0333774421826978,0.217546125408171,0.1841686832254732,2024,H2,GE
7418,0.1314253093745117,0.1188960721775472,0.1450575067243877,0.0261614345468404,2024,H2,BR
37,0.1475790683273448,0.0330710337134263,0.4670564239731368,0.4339853902597105,2024,H2,HN
16,0.0,0.0,0.627739179971469,0.627739179971469,2024,H2,HT
632,0.1995656826130301,0.153644717369608,0.2550750238008535,0.1014303064312454,2024,H2,GH
3238,0.1252586408939233,0.107681293038308,0.1452382145749707,0.0375569215366626,2024,H2,CZ
28426,0.0791983251993615,0.0741026702926093,0.0846123606036714,0.010509690311062,2024,H1,IT
1083,0.1296367611385738,0.0982664193023426,0.1691432040893553,0.0708767847870126,2024,H2,HR
44574,0.0574662047393486,0.0540057063540762,0.0611341103051411,0.0071284039510649,2023,H2,GB
503,0.3058867756197815,0.2479612607541204,0.3706743719442961,0.1227131111901756,2024,H2,IQ
1175,0.2349278090821302,0.1972424455773217,0.2773259489366699,0.0800835033593481,2024,H2,ID
4485,0.2214183913026547,0.2028330966665522,0.2411913852061421,0.0383582885395899,2024,H2,EG
3452,0.0868384670869471,0.0723937614418861,0.103842672937928,0.0314489114960418,2024,H2,FI
318,0.1113493658969448,0.0647512174824941,0.1848537044655128,0.1201024869830187,2024,H2,IS
35,0.0577395414828784,0.0013245718013091,0.7389776408905157,0.7376530690892065,2024,H2,JM
18471,0.0966117416973509,0.0895378989338408,0.1041804973718029,0.0146425984379621,2024,H1,JP
10,0.0,0.0,0.8797727001549704,0.8797727001549704,2024,H2,KP
40,0.1637994115349644,0.0580413279390112,0.3837536968467288,0.3257123689077176,2024,H2,KG
29,0.1309067345597999,0.039451942098107,0.3558299238733511,0.3163779817752442,2024,H2,KN
122,0.2300291944918874,0.1315041302360709,0.3708509035654649,0.239346773329394,2024,H2,KH
862,0.297383427520022,0.251051605173788,0.3482894869548982,0.0972378817811102,2024,H2,JO
2114,0.1201872476532756,0.0984439102900536,0.145955558798268,0.0475116485082144,2024,H2,HU
39,0.1029390050266745,0.0193325265973078,0.4004645113371324,0.3811319847398245,2024,H2,LA
39,0.0283912010983372,0.0001224584657701,0.8745572436744606,0.8744347852086904,2024,H2,LI
17,0.1467414226346236,0.0184610777966754,0.6112752387068279,0.5928141609101525,2024,H2,LR
68,0.3361526511664221,0.1932016465107405,0.5170847510320625,0.323883104521322,2024,H2,LY
51,0.3238124935615343,0.1692245137888851,0.5295957851962174,0.3603712714073322,2024,H2,MG
39,0.1211314945357674,0.0277456757788612,0.3996365322107602,0.3718908564318989,2024,H2,MC
45,0.2971626497695124,0.1348417735785979,0.5342260492276061,0.3993842756490082,2024,H2,MM
23,0.0,0.0,0.5222106391483592,0.5222106391483592,2024,H2,MQ
54,0.1296263432034967,0.0290558935124429,0.4256832382634825,0.3966273447510395,2024,H2,MD
12,0.0,0.0,0.3577149821199754,0.3577149821199754,2024,H2,MV
24,0.1787179934110608,0.043155315338262,0.5121777469468284,0.4690224316085664,2024,H2,MU
54,0.1506616554911851,0.0485535278431543,0.3814199943533407,0.3328664665101863,2024,H2,ML
90,0.197270604122244,0.0932622660620822,0.3699468468033641,0.2766845807412819,2024,H2,ME
100,0.1997276866645772,0.1029062159056442,0.3519104783208099,0.2490042624151657,2024,H2,MK
22,0.0,0.0,0.4094473262370759,0.4094473262370759,2024,H2,NC
16,0.0,0.0,0.5957745008806825,0.5957745008806825,2024,H2,NI
58,0.0,0.0,0.146310570911151,0.146310570911151,2024,H2,
21,0.0146425352318597,7.8605002795665e-09,0.9999644049343248,0.9999643970738245,2024,H2,NE
137,0.1647103107757575,0.0839144868195913,0.2979938597153571,0.2140793728957657,2024,H2,MT
130,0.1491462968073917,0.0664089942162875,0.3016571432711855,0.2352481490548979,2024,H2,MN
175,0.0866060192019521,0.0354783186569439,0.196409911228574,0.1609315925716301,2024,H2,MW
310,0.1886277271628021,0.129369367531374,0.2667143638940771,0.137344996362703,2024,H2,LK
561,0.200180110994313,0.150816377854663,0.260740045545749,0.1099236676910859,2024,H2,KZ
336,0.1683123553990965,0.1115105365528069,0.2460359249515879,0.134525388398781,2024,H2,LV
572,0.2380479792585216,0.1859765775547349,0.2993375701071535,0.1133609925524186,2024,H2,LB
94,0.0682441181432987,0.0195058280176595,0.2123838175141027,0.1928779894964432,2024,H2,MZ
662,0.1285409362897522,0.0896846478450939,0.1808867127166231,0.0912020648715291,2024,H2,KE
371,0.231098369518164,0.167723123121763,0.3095148202115467,0.1417916970897836,2024,H2,KW
586,0.2304567591368976,0.179380422019566,0.2909206336817234,0.1115402116621573,2024,H2,MA
16,0.0,0.0,0.7934332841285952,0.7934332841285952,2024,H2,PF
37,0.0,0.0,0.1840884807784934,0.1840884807784934,2024,H2,PG
3162,0.1527157904201128,0.1328637252213056,0.1749356804692706,0.0420719552479649,2024,H2,GR
747,0.1380868646765425,0.1010371688992968,0.1859127793365932,0.0848756104372963,2024,H2,LT
320,0.1973143838340096,0.1361183676954442,0.2771949047538765,0.1410765370584322,2024,H2,NP
258,0.2908364072241325,0.2110955942006162,0.385962322790635,0.1748667285900187,2024,H2,OM
155,0.1043084038227755,0.0385532665896032,0.2527327819152631,0.2141795153256599,2024,H2,PA
983,0.2690187238897026,0.2269819254404415,0.3156616201180529,0.0886796946776114,2024,H2,MO
370,0.0797898370450016,0.0413828122753274,0.1483267040081536,0.1069438917328261,2024,H2,LU
51,0.0264618937567672,0.0002603019740038,0.7394179124062406,0.7391576104322367,2024,H2,PY
59,0.1149594886502365,0.0354760147745741,0.3144644381259915,0.2789884233514174,2024,H2,RE
176,0.0696035992300043,0.0197503627320748,0.2173879615977267,0.1976375988656518,2024,H2,PS
262,0.1326768584028855,0.07644800492876,0.2203936403879829,0.1439456354592228,2024,H2,PR
3240,0.115757015837703,0.0978982221589274,0.1363811222826286,0.0384829001237012,2024,H2,IE
932,0.2242646041703757,0.1839260716789778,0.2705174874300758,0.086591415751098,2024,H2,NG
16,0.0235558948323814,2.4387918795866977e-05,0.9597790645684932,0.9597546766496972,2024,H2,SC
604,0.1321403992739124,0.0918805648961735,0.1864197761346444,0.0945392112384708,2024,H2,PH
133,0.4014075577636903,0.2807630225871747,0.5353092555765879,0.2545462329894132,2024,H2,SD
5748,0.0943172724236769,0.0821718547166038,0.1080465194159865,0.0258746646993826,2024,H2,DK
151,0.1555299525734237,0.0786832489998575,0.284272086312023,0.2055888373121654,2024,H2,RW
604,0.1203283219604429,0.081205494901927,0.174715409084875,0.093509914182948,2024,H2,PE
4063,0.2822026376072079,0.2603869764079128,0.3050920994173209,0.0447051230094081,2024,H2,IR
15,0.0,0.0,0.724270216919362,0.724270216919362,2024,H2,SZ
21,0.0,0.0,0.3624778229502129,0.3624778229502129,2024,H2,SV
13,0.0676730076027144,0.0010343697359963,0.8357494231201694,0.8347150533841731,2024,H2,SR
50,0.0,0.0,0.2428325317373021,0.2428325317373021,2024,H2,SL
11,0.0,0.0,0.5900748030934961,0.5900748030934961,2024,H2,TD
27,0.0,0.0,0.4560039140175616,0.4560039140175616,2024,H2,TG
23,0.2097156319109981,0.0430754752220457,0.6100422899476675,0.5669668147256217,2024,H2,SO
25,0.1923891298499136,0.0491743625459085,0.5231927654071941,0.4740184028612855,2024,H2,SS
2095,0.3041598864146715,0.2731896239503054,0.3370131181490466,0.0638234941987412,2024,H2,MY
646,0.2291202559158389,0.1806307603948132,0.2860817401650198,0.1054509797702065,2024,H2,QA
85,0.1434828032382035,0.0599705240404475,0.3054961871393563,0.2455256630989087,2024,H2,SN
76,0.3710094396283065,0.2203644370529758,0.5517555539967897,0.3313911169438138,2024,H2,SY
41,0.2028218749977243,0.0773114247767729,0.4358431204969925,0.3585316957202195,2024,H2,TJ
44,0.0,0.0,0.3228046526162567,0.3228046526162567,2024,H2,TT
399,0.1501686018303851,0.1001845186520536,0.2190206741981818,0.1188361555461282,2024,H2,TZ
677,0.1463063061321859,0.1072047580635647,0.1965302043590971,0.0893254462955323,2024,H2,UA
6208,0.2073672711643484,0.1914521512223333,0.2242384765535717,0.0327863253312383,2024,H2,HK
508,0.1760194336092045,0.1285685331698528,0.236235565000884,0.1076670318310312,2024,H2,TN
477,0.1828329858070845,0.1318606361091084,0.2478831683288719,0.1160225322197634,2024,H2,UG
2930,0.1362276500794464,0.1167396877201437,0.1583854734028576,0.0416457856827139,2024,H2,MX
3932,0.1157539103358605,0.0998657158813549,0.1337941280113467,0.0339284121299918,2024,H2,IL
8953,0.0842807962480137,0.0750128488450481,0.0945767328475011,0.0195638840024529,2024,H2,CH
850,0.1326238287321219,0.1001670794864807,0.1735688195090487,0.0734017400225679,2024,H2,SK
1192,0.130936730864066,0.1014091475179633,0.1674597048100094,0.0660505572920461,2024,H2,RS
2770,0.1817732806514787,0.1589246290448548,0.2070980355713697,0.0481734065265148,2024,H2,RO
2909,0.3169150380973353,0.2908692859559647,0.3441611358571615,0.0532918499011968,2024,H2,PK
1128,0.1342225797589498,0.1045821687776335,0.1706624830759992,0.0660803142983657,2024,H2,SI
16373,0.0733468371877628,0.0669304373263425,0.0803254021876463,0.0133949648613038,2024,H1,NL
2141,0.093276536653457,0.0737791182063014,0.1172740963980566,0.0434949781917551,2024,H2,NZ
2791,0.2797649195280522,0.2523481376793356,0.308929627507098,0.0565814898277624,2024,H2,TH
36,0.1109387237305378,0.0173699025538634,0.4683218578417335,0.45095195528787,2024,H2,XK
102,0.1199749549248248,0.0460882494928931,0.2778158707869667,0.2317276212940735,2024,H2,VE
3642,0.1650911398878257,0.1453695768280629,0.1869031055353316,0.0415335287072687,2024,H2,SG
161,0.3005992671291904,0.1995426416166183,0.4256219334345396,0.2260792918179212,2024,H2,YE
140,0.2458769991769152,0.1432974895233491,0.388581142592638,0.2452836530692889,2024,H2,ZW
193,0.2009730789244768,0.1273230980074181,0.302460194904993,0.1751370968975749,2024,H2,UZ
224,0.1087898348686181,0.0562705861287051,0.1999419501927928,0.1436713640640877,2024,H2,UY
152,0.0590777395516711,0.0182903959498125,0.1746399603781607,0.1563495644283482,2024,H2,ZM
998,0.2254923382065634,0.1847549589765456,0.272212834360256,0.0874578753837103,2024,H2,VN
4334,0.1559101040659531,0.1387811737388896,0.1747242424612063,0.0359430687223166,2024,H2,PT
3529,0.1264955935532513,0.1090241558004817,0.1463071169055228,0.0372829611050411,2024,H2,RU
6051,0.3116229113359927,0.2932712684963945,0.3305857503030237,0.0373144818066291,2024,H2,SA
4112,0.0807100407428183,0.0673687043171711,0.0964202752650793,0.0290515709479081,2024,H2,NO
4853,0.1992079676544456,0.1809831126892361,0.218777820222504,0.0377947075332679,2024,H2,TR
10889,0.240505558084394,0.2278475159688367,0.2536358245917528,0.025788308622916,2024,H2,IN
5116,0.2224183304850247,0.2035425947002745,0.2425115334103778,0.0389689387101032,2024,H2,TW
16260,0.1218310876927968,0.1134829315167059,0.1307028184554197,0.0172198869387137,2024,H2,AU
26,0.0,0.0,0.2997133533511769,0.2997133533511769,2025,H1,AO
91,0.3641376041963766,0.22882030742083,0.5250000592337085,0.2961797518128785,2025,H1,AF
83,0.355926015694297,0.1815315578038929,0.5792813351244434,0.3977497773205504,2025,H1,AG
94,0.102129635389355,0.0319842088937193,0.2813935916505463,0.249409382756827,2025,H1,AL
173,0.1345694041897915,0.0675648611586436,0.2501931072056382,0.1826282460469945,2025,H1,AM
16681,0.12126775422108,0.1131873711302705,0.1298405326479121,0.0166531615176415,2024,H2,CA
18,0.0253447732517716,1.0552434480431241e-08,0.9999843947365992,0.9999843841841648,2025,H1,BB
159,0.1371486886960429,0.0676296280073255,0.2583294382392528,0.1906998102319272,2025,H1,BA
257,0.1872931648501788,0.1099667029278839,0.3006279494990629,0.190661246571179,2025,H1,AZ
80,0.0,0.0,0.1485438566154483,0.1485438566154483,2025,H1,BJ
11,0.2850450119756773,0.0536252780145726,0.7372013827165984,0.6835761047020258,2025,H1,BM
67,0.3980577045903577,0.2164492972118161,0.6128600228472646,0.3964107256354485,2025,H1,BN
3022,0.1478255637043888,0.1278449859945252,0.1703190363303076,0.0424740503357823,2024,H2,ZA
112,0.0878947098560744,0.0291594498373021,0.2361600679717046,0.2070006181344025,2025,H1,BF
88,0.1284700990264886,0.0426413420649647,0.3278877286712183,0.2852463866062535,2025,H1,BO
151,0.3772315018177233,0.2580394515901049,0.513384800140584,0.255345348550479,2025,H1,BH
15,0.0463292324231294,2.9417120293314484e-05,0.9876882566443822,0.9876588395240888,2025,H1,BS
13,0.0222396533673377,3.1300428071959507e-10,0.9999993949951902,0.999999394682186,2025,H1,BT
88,0.329191033448721,0.1987283842519976,0.4926426972466258,0.2939143129946282,2025,H1,BW
90,0.0206433373154023,0.0022409723252231,0.1651490792833843,0.1629081069581611,2025,H1,BI
156,0.1853171004115947,0.0990223949329643,0.320096857509116,0.2210744625761516,2025,H1,BY
1752,0.2706969018241458,0.2331911438290635,0.3117822516725341,0.0785911078434705,2025,H1,AE
14,0.2273384315480605,0.0371938840873536,0.6914495937068519,0.6542557096194983,2025,H1,CF
746,0.1506864450418555,0.1115449257263489,0.2004638332895165,0.0889189075631675,2025,H1,BG
58,0.2293948656050018,0.1018020678511306,0.4387830372267047,0.336980969375574,2025,H1,CG
1280,0.2655055715996693,0.2249778821533767,0.3104098967349828,0.0854320145816061,2025,H1,BD
138,0.0891313945914329,0.0301520641454828,0.2354681270164099,0.2053160628709271,2025,H1,CD
1759,0.1190878048066908,0.0929807637520803,0.1513023647013167,0.0583216009492364,2025,H1,AR
83,0.1268695017581719,0.0447256622647367,0.3107959268958212,0.2660702646310845,2025,H1,CI
253,0.217001076658412,0.1405029662129411,0.3196590221983371,0.179156055985396,2025,H1,CM
36677,0.0716214978762736,0.0674200114652643,0.0760634575311004,0.0086434460658361,2024,H1,DE
8294,0.0927083550642432,0.0827926493686012,0.1036773836076619,0.0208847342390606,2024,H2,SE
8274,0.1553120833799309,0.142716089093567,0.1688008907265274,0.0260848016329603,2024,H2,PL
132490,0.0597113377620397,0.0577153295861981,0.0617718499917653,0.0040565204055672,2021,H1,US
2563,0.1633437331137287,0.1389156631353127,0.1911140378779736,0.0521983747426608,2025,H1,CL
10,0.0,0.0,0.837200163334394,0.837200163334394,2025,H1,CV
24,0.0,0.0,0.3806600258247258,0.3806600258247258,2025,H1,CW
194,0.1787823084758002,0.0953091343495437,0.3102884780507106,0.2149793437011669,2025,H1,CR
96,0.1641791802017614,0.0714393361566359,0.3340053420400318,0.2625660058833958,2025,H1,CU
5003,0.1057871686422623,0.0913600064607782,0.1221862406317771,0.0308262341709989,2025,H1,AT
746,0.2769344589810548,0.2254971515478186,0.3350294774074003,0.1095323258595817,2025,H1,CY
61,0.0649167484389866,0.0085970849823319,0.3572403668393992,0.3486432818570671,2025,H1,DO
1505,0.2004356584598013,0.1658965544048364,0.2400957875421298,0.0741992331372933,2025,H1,CO
404,0.2415917794252679,0.1725406476995922,0.3273450758226987,0.1548044281231064,2025,H1,DZ
636,0.2022058996886586,0.1523344284934101,0.2633322898117754,0.1109978613183653,2025,H1,EC
478,0.1564375007074289,0.1076551816526008,0.221829674391772,0.1141744927391712,2025,H1,EE
19,0.2171077170965144,0.0226043022395681,0.768800110374096,0.7461958081345279,2025,H1,FO
62,0.2741018183747979,0.1212686874834949,0.5081618477778241,0.3868931602943292,2025,H1,FJ
53,0.0820051694594302,0.012156273715608,0.3933768208156407,0.3812205471000326,2025,H1,GA
13499,0.2831236837141258,0.2706359281644445,0.2959538427024946,0.0253179145380501,2024,H2,KR
6925,0.109063167027723,0.0958678480562673,0.1238259585611918,0.0279581105049245,2025,H1,BE
8408,0.1362103879366496,0.1221916348267799,0.1515597881057015,0.0293681532789216,2025,H1,BR
1556,0.198232174382245,0.1675141900941758,0.2330064693163083,0.0654922792221324,2025,H1,ET
48,0.0,0.0,0.3610813433626819,0.3610813433626819,2025,H1,GD
13938,0.1230534092136103,0.1139384146469788,0.1327883175781831,0.0188499029312043,2024,H2,JP
38,0.0,0.0,0.2481124364391257,0.2481124364391257,2025,H1,GP
39,0.0063704051179193,2.0712140206453857e-22,1.0,1.0,2025,H1,GF
25,0.0,0.0,0.3350586214075681,0.3350586214075681,2025,H1,GL
19,0.0,0.0,0.4801324398297311,0.4801324398297311,2025,H1,GN
69,0.1885874680903468,0.073656862725497,0.4045355806372741,0.330878717911777,2025,H1,GM
25,0.17544839836916,0.048003985569504,0.4730978309078717,0.4250938453383676,2025,H1,GU
15,0.213519948393409,0.0280454200095431,0.7186569834988302,0.6906115634892871,2025,H1,GY
47,0.149862953740287,0.0361686855076067,0.4529818128838107,0.416813127376204,2025,H1,GT
178,0.1605606877869712,0.0837901536518681,0.285733932467541,0.2019437788156729,2025,H1,GE
3873,0.1465311574690987,0.1274482651878813,0.1679214587527911,0.0404731935649098,2025,H1,CZ
10,0.153791016424981,0.0202678376192233,0.6148867208948585,0.5946188832756352,2025,H1,HT
58,0.1155672307075731,0.0345739346102231,0.3228470140943871,0.2882730794841639,2025,H1,HN
676,0.2047675262474482,0.1566467000669802,0.2630598067240186,0.1064131066570383,2025,H1,GH
605,0.2743117289994147,0.213999024989004,0.3441794096583273,0.1301803846693233,2025,H1,IQ
15060,0.0688888754511578,0.0622356891159221,0.0761955174564177,0.0139598283404956,2024,H2,FR
372,0.0725528495128611,0.0363484760282752,0.1395943012954082,0.103245825267133,2025,H1,IS
1143,0.1575235430140292,0.1228943992854179,0.1996889386220066,0.0767945393365887,2025,H1,HR
48,0.0980295989354973,0.017790666781374,0.3947248975355351,0.3769342307541611,2025,H1,JM
1602,0.2459163409895041,0.2054780655372671,0.2913941712818169,0.0859161057445497,2025,H1,ID
39,0.0,0.0,0.3620985426791622,0.3620985426791622,2025,H1,KN
48,0.1415024138478247,0.0385932093063506,0.4036179066869009,0.3650246973805502,2025,H1,KG
42,0.0,0.0,0.3379638555488841,0.3379638555488841,2025,H1,KP
214,0.0681047935218194,0.0240080125818814,0.1783921797619537,0.1543841671800722,2025,H1,KH
1101,0.2689878685995293,0.2263064956437741,0.3164267592291876,0.0901202635854134,2025,H1,JO
50,0.2762517747474191,0.0848535498924179,0.6110898067163787,0.5262362568239607,2025,H1,LA
14,0.4798938996182711,0.1166204830665691,0.865750226463026,0.7491297433964569,2025,H1,LR
22,0.1965270914881587,0.0429450092764507,0.5714217103842136,0.5284767011077629,2025,H1,LI
3569,0.109407352280588,0.0925902482468678,0.1288452229088966,0.0362549746620287,2025,H1,FI
42,0.0,0.0,0.2319431861248091,0.2319431861248091,2025,H1,MM
10,0.0,0.0,0.7722531185866283,0.7722531185866283,2025,H1,MR
74,0.2916372296197902,0.1401408167717177,0.5098061212746902,0.3696653045029724,2025,H1,LY
53,0.0426953448832844,0.0016308569384137,0.5490799246623909,0.5474490677239771,2025,H1,ML
59,0.1785783561205124,0.0587697145024924,0.4308321080881013,0.3720623935856089,2025,H1,MD
71,0.0116132111520242,4.7123879782814857e-08,0.9996587740427956,0.999658726918916,2025,H1,MG
13,0.0896021447617771,0.0003389935144271,0.9661763342228596,0.9658373407084324,2025,H1,MV
24,0.0644396578643487,0.0006841849963661,0.8738861463749076,0.8732019613785414,2025,H1,MU
48,0.0867509149060146,0.0110051086291152,0.4477895596771103,0.4367844510479951,2025,H1,MC
44,0.0744405329086755,0.0052091677403923,0.5526334864863915,0.5474243187459992,2025,H1,MQ
400,0.2348671348408948,0.171104760359372,0.3134065135296849,0.1423017531703129,2025,H1,KW
175,0.2113858510576281,0.124026833163625,0.3366304413904732,0.2126036082268482,2025,H1,MW
168,0.2040948212377658,0.1123837724923326,0.3418252566747168,0.2294414841823842,2025,H1,MK
22,0.0,0.0,0.6336555460335408,0.6336555460335408,2025,H1,NI
22,0.2692072609957466,0.0659817186245882,0.6576460353921639,0.5916643167675757,2025,H1,NE
179,0.3250609912215884,0.2213238897195698,0.4493614552243547,0.2280375655047849,2025,H1,MN
109,0.0634307415811057,0.0122175556728914,0.2705248928057867,0.2583073371328952,2025,H1,ME
33,0.0995679302397864,0.01805346077379,0.3994230298283669,0.3813695690545768,2025,H1,NC
149,0.0847707629363443,0.0287692895979158,0.2245766327537251,0.1958073431558093,2025,H1,MT
51,0.2148893092005493,0.0883056092731888,0.4361253886198643,0.3478197793466754,2025,H1,
363,0.2410102556305594,0.1693607298820624,0.3308965521281258,0.1615358222460634,2025,H1,LV
302,0.2332840691217445,0.1593614465001514,0.3281130157007404,0.1687515692005889,2025,H1,LK
402,0.1139482990444099,0.065752079980409,0.190277138343803,0.1245250583633939,2025,H1,LU
4260,0.2880910291675865,0.2642577525132684,0.313158906324438,0.0489011538111696,2025,H1,EG
114,0.0495469604528569,0.0126585596186763,0.174890881619572,0.1622323220008956,2025,H1,MZ
2357,0.1548441439263056,0.1314657215265675,0.1815111000423614,0.0500453785157938,2025,H1,HU
11650,0.0871926848754719,0.0787593564838781,0.0964345032813666,0.0176751467974884,2024,H2,NL
626,0.2063539954737092,0.1557846265631621,0.268125161686128,0.1123405351229658,2025,H1,KZ
734,0.1905834931373968,0.1455099252078037,0.2456060469881168,0.1000961217803131,2025,H1,KE
838,0.2389097194264164,0.1875973964116815,0.2990900714907744,0.1114926750790928,2025,H1,MA
21,0.0360720536637688,0.000125164879888,0.9179457169924744,0.9178205521125864,2025,H1,PF
43,0.0622743988712292,0.0029288917998771,0.6002205233219633,0.5972916315220862,2025,H1,PG
590,0.1679641679234511,0.1224421555058409,0.2260509690518937,0.1036088135460528,2025,H1,LB
300,0.344665249254064,0.2583214355758152,0.4426451251979853,0.1843236896221701,2025,H1,OM
382,0.2093994669786372,0.1467776788971307,0.2896679952628542,0.1428903163657234,2025,H1,NP
5152,0.2950505644643348,0.2722189197064237,0.3189579083911052,0.0467389886846815,2025,H1,IR
65,0.22357998935497,0.0931313333152192,0.4467373998318732,0.353606066516654,2025,H1,PY
825,0.1787116514201871,0.1373502954165899,0.2292188697905846,0.0918685743739947,2025,H1,LT
61,0.0451110452216668,0.0048343750477083,0.3147988561655938,0.3099644811178854,2025,H1,RE
415,0.1796454874238677,0.121754055766734,0.257007865327231,0.1352538095604969,2025,H1,PR
158,0.0628539650674086,0.0189204357487647,0.189135198513269,0.1702147627645042,2025,H1,PA
3629,0.1599526281385757,0.1399875008190138,0.1821620715280341,0.0421745707090202,2025,H1,GR
1680,0.2641490383015778,0.22418691995846,0.3084028418239888,0.0842159218655288,2025,H1,MO
3297,0.1211455955501005,0.1015053491953747,0.1439770769757437,0.0424717277803689,2025,H1,IE
256,0.1937831551105104,0.1229255848018404,0.2918918941498515,0.1689663093480111,2025,H1,PS
180,0.1576863193881792,0.0842306642778887,0.2759013994197595,0.1916707351418708,2025,H1,RW
10,0.048083559309623,0.0001003597457155,0.962151301437072,0.9620509416913564,2025,H1,SC
1001,0.2204290893057909,0.1786432719693186,0.2687903310619893,0.0901470590926707,2025,H1,NG
623,0.1698015240373993,0.1231739077940136,0.2294609153725913,0.1062870075785777,2025,H1,PE
194,0.3008938529195711,0.2029811212192687,0.4210840918679759,0.2181029706487071,2025,H1,SD
784,0.2950048828210372,0.2403365605319458,0.3562763738220068,0.1159398132900609,2025,H1,QA
11,0.3770278943252249,0.0808279612263199,0.8063999198821699,0.7255719586558499,2025,H1,SR
14,0.0,0.0,0.7595645301171285,0.7595645301171285,2025,H1,SZ
10,0.5433802343595752,0.1171126944205577,0.9143526070074176,0.7972399125868599,2025,H1,TD
36,0.0035877934511283,1.6026671757267282e-29,1.0,1.0,2025,H1,SS
47,0.3333531084272944,0.1590065937845882,0.569428973113444,0.4104223793288557,2025,H1,SL
36,0.324817902556941,0.1448492777300579,0.577409621458694,0.432560343728636,2025,H1,SO
21,0.1368838551597864,0.0093407364542689,0.7273368582290626,0.7179961217747937,2025,H1,SV
39,0.164668819795119,0.0413556301358028,0.4739056473377867,0.4325500172019838,2025,H1,TG
86,0.3145937530082138,0.1888305892524409,0.475062578939667,0.2862319896872261,2025,H1,SY
111,0.0884783730583544,0.0264376201378704,0.2575884769765493,0.2311508568386788,2025,H1,SN
1191,0.1606894895010953,0.1263495092317471,0.2022024757403545,0.0758529665086073,2025,H1,RS
79,0.1563268273710572,0.0634594772711716,0.3362967017273795,0.2728372244562078,2025,H1,TJ
50,0.1258814143390199,0.0328173230636757,0.3793470438109159,0.3465297207472401,2025,H1,TT
593,0.2279398043941628,0.16915100513748,0.2997884050231741,0.1306373998856941,2025,H1,PH
629,0.2240980558364795,0.171127641186204,0.2877722352765466,0.1166445940903426,2025,H1,TN
126262,0.0618201574611692,0.0597475830410712,0.063959736486313,0.0042121534452417,2021,H2,US
6780,0.1091507288667945,0.0960650430221809,0.1237748320476741,0.0277097890254931,2025,H1,DK
2435,0.1215614675106184,0.0991167393931823,0.1482523446090047,0.0491356052158224,2025,H1,NZ
438,0.1829972711270152,0.1281419734544401,0.2544809687131485,0.1263389952587084,2025,H1,TZ
2523,0.3294691093299041,0.2974324493742242,0.3631727218792783,0.0657402725050541,2025,H1,MY
3010,0.1825358736868297,0.1602318847482956,0.2071785854776112,0.0469467007293156,2025,H1,RO
923,0.1541111856859285,0.117194610121727,0.2000217698008602,0.0828271596791332,2025,H1,SK
4324,0.1259159713616221,0.1091620947700752,0.1448231625543812,0.035661067784306,2025,H1,IL
587,0.1435385372315626,0.0998059134909761,0.2021309733973138,0.1023250599063376,2025,H1,UG
738,0.1842463360762883,0.1403950807058269,0.2380019501096999,0.0976068694038729,2025,H1,UA
3189,0.3181414476681989,0.2894097685314402,0.3483272911920428,0.0589175226606026,2025,H1,PK
3181,0.1725909610058741,0.149650824265117,0.1982278682350314,0.0485770439699144,2025,H1,MX
1121,0.1400035836420103,0.1072714441529364,0.1807017465409683,0.0734303023880318,2025,H1,SI
3340,0.1370273672556328,0.1174084444238383,0.1593327782350625,0.0419243338112242,2025,H1,RU
8800,0.2213871666153115,0.2052083345783693,0.2384588531852193,0.03325051860685,2025,H1,HK
4216,0.0902475294597382,0.0755231080129239,0.107508864206203,0.031985756193279,2025,H1,NO
11,0.0,0.0,1.0,1.0,2025,H1,WS
54,0.1913699880040915,0.0685340132417515,0.4322109677371253,0.3636769544953738,2025,H1,XK
108,0.2096856885318345,0.1069591968868183,0.3701770755961872,0.2632178787093689,2025,H1,VE
257,0.3527125657505409,0.2575962703059596,0.4611349865701966,0.2035387162642369,2025,H1,UZ
240,0.1487577384914099,0.0806975576426113,0.2581036025366579,0.1774060448940465,2025,H1,UY
150,0.1793643834677805,0.0925606094607989,0.3189597568393578,0.2263991473785589,2025,H1,ZW
220,0.3414855763572229,0.241581390783954,0.4577676358635953,0.2161862450796412,2025,H1,YE
206,0.1654192186785134,0.0888678209520069,0.2871317874876551,0.1982639665356482,2025,H1,ZM
5210,0.1948721393576589,0.1746385797301831,0.2168340833317015,0.0421955036015183,2025,H1,SG
1157,0.1977855946483207,0.1577248779311854,0.2450609299504701,0.0873360520192847,2025,H1,VN
18863,0.1323814018323451,0.1234705889266452,0.1418312455527743,0.018360656626129,2025,H1,AU
114211,0.0481495817047679,0.0462318058186739,0.050142727931123,0.0039109221124491,2022,H1,CN
3279,0.2448234410474142,0.219592950383877,0.2719426724462519,0.0523497220623749,2025,H1,TH
14373,0.2417259537112613,0.2282520507181991,0.255731671067303,0.0274796203491038,2025,H1,IN
7057,0.2951079623447768,0.2765455174835693,0.314374938488163,0.0378294210045936,2025,H1,SA
17012,0.1067986679363468,0.099048566604838,0.1150777233178988,0.0160291567130607,2024,H2,ES
6431,0.2396352471671296,0.2206422959023989,0.2597182860198788,0.0390759901174798,2025,H1,TW
4715,0.1625057615454904,0.1439720338278765,0.1829155507369587,0.0389435169090822,2025,H1,PT
6697,0.1903929553704902,0.1737755484803993,0.2081989908275536,0.0344234423471543,2025,H1,TR
45994,0.0755368731851299,0.0715414503471497,0.0797362681569589,0.0081948178098092,2024,H1,GB
3088,0.1655402412232486,0.1428990488267458,0.1909694623134163,0.0480704134866704,2025,H1,ZA
7923,0.1689379638763163,0.1548351748278496,0.1840455510022139,0.0292103761743642,2025,H1,PL
9929,0.0873400370997633,0.0777309177128318,0.098010800836675,0.0202798831238431,2025,H1,CH
8371,0.1117126137735107,0.1001634542758911,0.1244093160511898,0.0242458617752986,2025,H1,SE
20599,0.1279766766800121,0.1204744398930755,0.1358739231046288,0.0153994832115532,2024,H2,IT
26716,0.082574631953688,0.0771052707571078,0.0883947961385662,0.0112895253814584,2024,H2,DE
15437,0.3010082021271112,0.2879443264335773,0.314403075863271,0.0264587494296936,2025,H1,KR
19695,0.1134465803291783,0.1052609061741448,0.1221818915764719,0.0169209854023271,2025,H1,CA
16237,0.1403709240199741,0.1305109230679931,0.1508466060434223,0.0203356829754291,2025,H1,JP
18631,0.1217059563276863,0.1131908908528059,0.1307671319787166,0.0175762411259106,2025,H1,ES
12928,0.1086942556886964,0.0991742996343857,0.1190073261701504,0.0198330265357646,2025,H1,NL
18148,0.0859646220966992,0.0784437459443483,0.0941329157953192,0.0156891698509709,2025,H1,FR
23042,0.1361331501003591,0.1280748561325036,0.1446143688717115,0.0165395127392079,2025,H1,IT
27838,0.1018224724511678,0.0955632226474442,0.1084425380099096,0.0128793153624653,2025,H1,DE
128003,0.0658203612806059,0.0637435646231403,0.0679599095452959,0.0042163449221555,2022,H1,US
34468,0.0905744315476868,0.0855107781767718,0.095906490205581,0.0103957120288091,2024,H2,GB
37908,0.1030618722969973,0.0974448906656626,0.1089635426416507,0.0115186519759881,2025,H1,GB
118197,0.1087423850073214,0.1058971239806739,0.1116545463609901,0.0057574223803162,2023,H2,CN
119244,0.0628372011777139,0.0607128740961933,0.0650307117444232,0.0043178376482299,2022,H2,US
134040,0.0579834799256676,0.0559819413757205,0.0600520277996653,0.0040700864239448,2023,H1,CN
154864,0.2499019823919337,0.2457398253913712,0.2541108848968709,0.0083710595054996,2025,H1,CN
109457,0.0501800974956556,0.0482093387591395,0.0522269985707089,0.0040176598115693,2022,H2,CN
106902,0.2205383821448704,0.2164432874826896,0.2246887382927655,0.0082454508100758,2024,H2,CN
124716,0.0792227779686805,0.0768246409029839,0.081689150516247,0.0048645096132631,2023,H2,US
242043,0.1289159044478353,0.1243323426146862,0.1336426525270898,0.0093103099124035,2025,H1,
128308,0.0713915804850358,0.0691811312562303,0.073667067536387,0.0044859362801566,2023,H1,US
149864,0.1619777949859943,0.1589070134937251,0.1650962695548069,0.0061892560610818,2024,H1,CN
101739,0.1186133762846313,0.1153236912331487,0.1219839625613588,0.0066602713282101,2024,H2,US
41877,0.0428915955955932,0.0399353755311545,0.0460561522262083,0.0061207766950537,2022,H2,GB
129182,0.1042839057943859,0.1015557898759538,0.1070765734779532,0.0055207836019993,2024,H1,US
169131,0.1462129696203863,0.1435377633466157,0.1489293654184948,0.005391602071879,2024,H2,
123443,0.1317929408004687,0.1281771407408576,0.1354948880830399,0.0073177473421822,2025,H1,US
160624,0.1086034244120424,0.1061699735949235,0.1110857189133882,0.0049157453184647,2024,H1,
180569,0.0422162711645971,0.0407706525366939,0.0437108118251584,0.0029401592884644,2021,H2,
299987,0.0439792248623856,0.0428432714595739,0.0451438765743546,0.0023006051147806,2021,H1,
