year,month,Publisher,count,alpha,ci_lower,ci_upper
2021,2,AMER ASSOC CANCER RESEARCH,1559,0.05124424938791673,0.038755132328356,0.06747555489384474
2021,1,SPRINGER BASEL AG,234,0.0,0.0,0.09600129411602637
2021,1,AMER GEOPHYSICAL UNION,310,0.03770348233931776,0.01569592912369367,0.08781529008559703
2021,1,AMER ECONOMIC ASSOC,10,0.0,0.0,0.827711066709642
2021,1,AMER INST MATHEMATICAL SCIENCES-AIMS,1062,0.009238452670256895,0.003030555275830527,0.027808131822844362
2021,2,"AMER PSYCHIATRIC PUBLISHING, INC",29,0.0,0.0,0.20647230052112125
2021,2,PALGRAVE MACMILLAN LTD,21,0.0,0.0,0.5775504079551478
2021,2,"AMER OCCUPATIONAL THERAPY ASSOC, INC",10,0.0,0.0,0.7670543254613279
2021,1,WALTER DE GRUYTER GMBH,95,0.11854209757852364,0.04996241229078661,0.2559002070320278
2021,2,JOURNAL MATER SCI TECHNOL,43,0.0,0.0,0.11337435660098835
2021,2,JOHN WILEY & SONS LTD,116,0.12344687557619786,0.06250795860106066,0.2292663492398882
2021,1,SPRINGER LONDON LTD,93,0.12529648300016502,0.05845385390425499,0.2484084500688379
2021,2,AMER PSYCHOLOGICAL ASSOC,89,0.0,0.0,0.15317757630515486
2021,3,ADIS INT LTD,114,0.03981612798799335,0.007209945054181779,0.19144508391765844
2021,1,SPRINGER FRANCE,36,0.04077309646529958,0.005707105128991809,0.2394148114514327
2021,2,AMER COLL PHYSICIANS,56,0.05109911060892873,0.011184749146160756,0.20405862801711286
2021,1,SPRINGER HEIDELBERG,1209,0.026812348407829995,0.015333486356452607,0.04647882377781296
2021,2,AMER PHYSIOLOGICAL SOC,117,0.09771300038773946,0.03762565989920916,0.23075040974761235
2021,1,SPRINGER JAPAN KK,71,0.03549845469268811,0.006392170474786909,0.17393729491351645
2021,2,JOHN WILEY & SONS INC,11,0.2273614103026703,0.03736691055776473,0.6904760262084282
2021,2,AMER ASSOC ADVANCEMENT SCIENCE,388,0.04808710857328408,0.01626867119963959,0.1336797963136881
2021,1,AMER MEDICAL ASSOC,484,0.04167183910049456,0.020666640456787014,0.08223366077270944
2021,2,AMER PHYSICAL SOC,797,0.0018537605571715176,1.2838152051282201e-06,0.7287532004153622
2021,2,AMER ACCOUNTING ASSOC,22,0.09004505967926871,0.010304720844996984,0.48466112070166995
2021,1,"UNIV KRAGUJEVAC, FAC SCIENCE",29,0.0,0.0,0.47872437393531453
2021,2,PHYSICIANS POSTGRADUATE PRESS,11,0.0,0.0,0.5262965712267802
2021,3,AMER ACAD PEDIATRICS,245,0.09507876157544437,0.05822353371261127,0.1515100514787636
2021,1,SPRINGER/PLENUM PUBLISHERS,350,0.05154858867366661,0.02647921747216144,0.09796416810348817
2021,1,"UNIV SZEGED, BOLYAI INSTITUTE",95,0.021527411129758273,0.0021480529585587915,0.1835785080842449
2021,2,AMER ROENTGEN RAY SOC,45,0.08559152783044688,0.012403062823852912,0.410947236150931
2021,2,AMER PUBLIC HEALTH ASSOC INC,43,0.0,0.0,0.5779497774508866
2021,2,JOHN BENJAMINS PUBLISHING CO,10,0.0,0.0,0.8379815750845816
2021,1,WORLD SCIENTIFIC PUBL CO PTE LTD,156,0.06272353995917336,0.023451341844234128,0.15717677914408476
2021,2,"JMIR PUBLICATIONS, INC",163,0.04101430968960969,0.011861559059083942,0.13222926343564556
2021,1,SPRINGER WIEN,112,0.028078193086833684,0.006134352524164147,0.11911194831698377
2021,3,AME PUBLISHING COMPANY,42,0.10635220908380912,0.028707950589975766,0.323954404788969
2021,1,SPRINGER INT PUBL AG,205,0.03509866716951375,0.010412385274415655,0.11170592851606742
2021,2,AMER ASSOC NEUROLOGICAL SURGEONS,42,0.08291292381821176,0.012465324885912394,0.3930374653049248
2021,3,AMER ACAD FAMILY PHYSICIANS,12,0.2584041807994728,0.03321632876193482,0.7794345635195037
2021,1,AMER DIABETES ASSOC,71,0.06258407758306539,0.011782121502656201,0.27211616587136506
2021,1,WILEY-HINDAWI,385,0.05011107682493545,0.024912091794258885,0.09823143561056832
2021,2,AMER PHYTOPATHOLOGICAL SOC,74,0.07990458007021659,0.024980453396923293,0.2274221931159339
2021,2,MAGNOLIA PRESS,13,0.0,0.0,0.5877682062619521
2021,1,AMER METEOROLOGICAL SOC,81,0.05540685011965229,0.0117707435492747,0.22412203859490762
2021,1,AMER COLL PHYSICIANS,54,0.0,0.0,0.09771256148767773
2021,2,JAPANESE SOC HYGIENE,10,0.0,0.0,0.8117389243010426
2021,2,AMER BOARD FAMILY MEDICINE,42,0.19297931712360075,0.08036345483598147,0.3955328322554359
2021,1,AMER INST AERONAUTICS ASTRONAUTICS,11,0.07050080003859718,0.0005765085296407711,0.908868754269931
2021,3,AMER ACAD SLEEP MEDICINE,45,0.10772704215743416,0.030308792516878482,0.31803799720541764
2021,2,PEERJ INC,36,0.0598495243886876,0.008766515800596255,0.31423319945095857
2021,1,WILEY-V C H VERLAG GMBH,1027,0.015254651910948908,0.006351223210476423,0.036184787892577244
2021,2,PORTLAND PRESS LTD,20,0.0,0.0,0.32766277719817005
2021,1,SPRINGER-VERLAG ITALIA SRL,160,0.014823612619040851,0.0021983373522171746,0.0931855245657465
2021,2,LIFE SCIENCE ALLIANCE LLC,16,0.10367438042004373,0.01404972862824748,0.4842315743101919
2021,1,WOLTERS KLUWER MEDKNOW PUBLICATIONS,407,0.044433621016408284,0.022310748131551515,0.08655111162344335
2021,1,ACADEMIC & SCIENTIFIC PUBLISHERS-ASP,16,0.0,0.0,0.6130186953529735
2021,2,JOURNAL OF CENTRAL SOUTH UNIV,22,0.0026809202486337796,3.788074554055458e-43,1.0
2021,1,SPRINGER SINGAPORE PTE LTD,45,0.0,0.0,0.195607907230192
2021,2,SHANGHAI JIAO TONG UNIV PRESS,16,0.0,0.0,0.6189579232986855
2021,2,SAGE PUBLICATIONS INC,748,0.06408397539678355,0.04107226611507813,0.09866202127056878
2021,2,KOREAN NUCLEAR SOC,41,0.0,0.0,0.36968313185112495
2021,1,C EJ PUBLISHING GROUP,15,0.0,0.0,0.5076866466686737
2021,1,CHURCHILL LIVINGSTONE INC MEDICAL PUBLISHERS,92,0.08434432482352268,0.03292032362956174,0.19952351536477392
2021,3,"AMER PSYCHIATRIC PUBLISHING, INC",38,0.0,0.0,0.14019990981833705
2021,3,AMER ASSOC CRITICAL CARE NURSES,15,0.01930692797934715,7.843656169917615e-08,0.9997976652105816
2021,2,SAGE PUBLICATIONS LTD,609,0.023482701397682087,0.009107995735868395,0.05918914343836714
2021,1,Resilience Alliance,135,0.0,0.0,0.3019641382543039
2021,1,RUSSELL SAGE FOUNDATION,31,0.14569468727855492,0.03402515763300793,0.45226750987756564
2021,3,AMER ACCOUNTING ASSOC,18,0.02572412787550988,1.221958951725665e-06,0.9982502373366553
2021,2,SOC NUCLEAR MEDICINE INC,31,0.05757484048004249,0.008014348278439606,0.3159890216448413
2021,3,AMER ROENTGEN RAY SOC,56,0.059788243088685314,0.0009529058255262297,0.8091426511111494
2021,1,BMJ PUBLISHING GROUP,967,0.033193979055804526,0.01876190880908019,0.058070518880709465
2021,2,WILEY-HINDAWI,401,0.02093350764568024,0.005410381381825081,0.0775231076323863
2021,1,ROYAL SOC,218,0.04590577548378657,0.019614216604731213,0.10371130078267977
2021,1,CHINESE LASER PRESS,26,0.0,0.0,0.4717166391303731
2021,1,CHIN SOCIETY IMMUNOLOGY,22,0.09957335663918035,0.013821208217088553,0.4659739923208143
2021,3,AMER SOC NEPHROLOGY,96,0.030942819253122325,0.004564530967467034,0.1819039747985242
2021,2,INT UNION CRYSTALLOGRAPHY,36,0.05620391032172194,0.00818841510235789,0.3004754546929297
2021,3,AMER SOC PHARMACOLOGY EXPERIMENTAL THERAPEUTICS,13,0.30938549789149256,0.0919996162667615,0.6645133842899381
2021,2,JAPAN EPIDEMIOLOGICAL ASSOC,13,0.0,0.0,0.7015856883304131
2021,1,BMC,2764,0.06916620104289892,0.05666341822455374,0.0841815382537348
2021,1,"ROUTLEDGE JOURNALS, TAYLOR & FRANCIS LTD",1685,0.0007676196184362932,0.0,0.01271072038163212
2021,1,BIEMDAS ACAD PUBLISHERS INC,39,0.0,0.0,0.4787247773421363
2021,1,COLL AMER PATHOLOGISTS,19,0.11789292487739994,0.018238264774612153,0.49018963271171606
2021,1,"CHINA UNIV GEOSCIENCES, BEIJING",26,0.0,0.0,0.25725535432328034
2021,3,AMER PHYSIOLOGICAL SOC,155,0.1464530385173627,0.07923559911236082,0.25490648716939895
2021,1,ROY COLL PHYS LONDON EDITORIAL OFFICE,43,0.0,0.0,0.3651544282953688
2021,1,ROYAL SOC CHEMISTRY,17642,0.0375594080340784,0.02989078795953545,0.04709992757904281
2021,1,CHINA ELECTRIC POWER RESEARCH INST,69,0.02782285020096039,0.0003946616995806051,0.674745155727383
2021,1,CHINA ANTI-CANCER ASSOC,103,0.0,0.0,0.07567871793535613
2021,2,SPRINGER FRANCE,19,0.1821367825385373,0.04306067588424589,0.5242947284263061
2021,2,WOLTERS KLUWER MEDKNOW PUBLICATIONS,32,0.062248411174506295,0.010161791221942783,0.3003151981925667
2021,2,INTER-RESEARCH,30,0.0,0.0,0.426043386289048
2021,2,SPRINGER BASEL AG,112,0.0,0.0,0.14197552055616802
2021,1,SAGE PUBLICATIONS LTD,960,0.01685964123016092,0.007895733405785473,0.03563461433469326
2021,2,MASSACHUSETTS MEDICAL SOC,43,0.08874395812470126,0.013624181570707806,0.4071050521519556
2021,2,SOC PETROLEUM ENG,27,0.07841452502517532,0.014120780086317355,0.3357512092952673
2021,1,HARBORSIDE PRESS,12,0.3147305269989153,0.0821486185796869,0.7020993248958354
2021,3,AMER SPEECH-LANGUAGE-HEARING ASSOC,87,0.14040001716570652,0.06206099457238946,0.2873323084164122
2021,3,AMER SOC NEURORADIOLOGY,45,0.06497557806107893,0.011027046100983828,0.30220782958202064
2021,1,HUMAN KINETICS PUBL INC,20,0.10775169152474187,0.01625370422856929,0.46884469570413156
2021,3,AMER SOC HEMATOLOGY,88,0.1713801538476774,0.08406493950295378,0.3179088352118069
2021,1,CHINESE CHEMICAL SOC,36,0.056403883708166576,0.014143729010078982,0.199394793549746
2021,3,AMER ASSOC NEUROLOGICAL SURGEONS,44,0.0,0.0,0.3401745013185461
2021,2,KOREAN SOC LABORATORY MEDICINE,12,0.0,0.0,0.9758933828848606
2021,1,CMA-CANADIAN MEDICAL ASSOC,52,0.06702691976305981,0.012033620186926119,0.2976277920023171
2021,3,AMER BOARD FAMILY MEDICINE,29,0.03451331014625949,1.0436064263129206e-05,0.9918991951763839
2021,1,"COLD SPRING HARBOR LAB PRESS, PUBLICATIONS DEPT",33,0.0,0.0,0.49302251691303833
2021,3,AMER SOC MICROBIOLOGY,228,0.024952268235258115,0.005096432588273819,0.11335317182269879
2021,1,BRITISH EDITORIAL SOC BONE & JOINT SURGERY,23,0.0,0.0,0.5058125540293871
2021,2,SPRINGER INT PUBL AG,173,0.02523659906703876,0.005356523099276674,0.11068829377849344
2021,1,SAGE PUBLICATIONS INC,1957,0.04361034325422928,0.030151187235547227,0.06268917064900201
2021,3,AMER PSYCHOLOGICAL ASSOC,62,0.03839638837392581,0.0054787429966299496,0.22445477545748826
2021,2,SCIPOST FOUNDATION,28,0.0,0.0,0.4394989570058328
2021,2,IOS PRESS,14,0.0,0.0,0.244921363352087
2021,3,AMER ASSOC ADVANCEMENT SCIENCE,365,0.016909114541958658,0.0025188360621598137,0.10486871140045141
2021,1,ROYAL COLL GENERAL PRACTITIONERS,24,0.0,0.0,0.4094501444435327
2021,1,HUMANA PRESS INC,21,0.0,0.0,0.40510834294972475
2021,3,AMER ASSOC CANCER RESEARCH,465,0.11391771454932093,0.07725135075716828,0.16487767298180378
2021,2,SCUOLA NORMALE SUPERIORE,36,0.08934913512262134,0.02253284280565217,0.2945836341154275
2021,3,AMER PUBLIC HEALTH ASSOC INC,48,0.0,0.0,0.5721742527445028
2021,1,COGITATIO PRESS,16,0.0,0.0,0.556838753607349
2021,1,BRILL,13,0.13008960956086627,0.01742341029626015,0.5577486911879681
2021,2,IOP Publishing Ltd,912,0.014576686376352116,0.006282061204613061,0.033454550658600875
2021,1,HINDAWI LTD,99,0.07785870028894012,0.021751568159725797,0.24277454375045546
2021,2,WORLD SCIENTIFIC PUBL CO PTE LTD,64,0.0,0.0,0.30349072735195187
2021,2,MEDYCYNA PRAKTYCZNA SP K SP ZOO,14,0.0,0.0,0.8570072999499552
2021,1,IEEE COMPUTER SOC,584,0.03450551707965678,0.018523315254227617,0.06338682768754689
2021,2,"MARY ANN LIEBERT, INC",163,0.02266516124610738,0.003688174096103106,0.12685334723201602
2021,2,SPANDIDOS PUBL LTD,50,0.10716705805865075,0.03496255564719819,0.28452370229903035
2021,3,AMER PHYTOPATHOLOGICAL SOC,113,0.026613430360473905,0.004702237227682921,0.1366110943876498
2021,1,BIOSCIENTIFICA LTD,12,0.0,0.0,0.7262013534478907
2021,3,AMER SOC CLINICAL INVESTIGATION INC,86,0.14433021413891683,0.06128565762032563,0.30351905413262603
2021,1,CHURCHILL LIVINGSTONE,147,0.07824836744836612,0.034316609320911885,0.16860180130369845
2021,3,AMER COLL PHYSICIANS,53,0.07783620021730084,0.019065325116294492,0.268234626307787
2021,1,CHINESE JOURNAL CANCER RESEARCH CO,57,0.04522536650848834,0.006752207554562851,0.2481462176047016
2021,1,COLL FAMILY PHYSICIANS CANADA,13,0.0,0.0,1.0
2021,2,SCIENCE PRESS,163,0.08802754534205369,0.04022010887234879,0.18189172149700528
2021,1,HIGHER EDUCATION PRESS,58,0.046370273065951324,0.007149956442151554,0.2471705005829148
2021,2,AME PUBLISHING COMPANY,54,0.08587589489950272,0.018677264974710166,0.31679675775848054
2021,1,UNIV CALIFORNIA PRESS,275,0.011010473057387957,0.0023955567959994544,0.049082138834289656
2021,1,TAYLOR & FRANCIS AS,38,0.2345153019302912,0.06665829125835121,0.5678820535399908
2021,1,INT SOC GLOBAL HEALTH,26,0.0,0.0,0.33972335456316316
2021,1,KOREAN SOC SEXUAL MEDICINE & ANDROLOGY,14,0.013283061859327112,3.605203710739505e-12,0.999999980106162
2021,1,MIT PRESS,210,0.034535276939125975,0.012365202962788877,0.09272312142098389
2021,2,SOC NEUROSCIENCE,68,0.06399143161565905,0.012807022656544391,0.2648562172191169
2021,1,SPRINGERNATURE,1190,0.06003804100432856,0.042541499611719255,0.08409852759780105
2021,1,STATE GRID ELECTRIC POWER RESEARCH INST,149,0.20616296127632033,0.11463207533504483,0.34250590152123755
2021,1,PEERJ INC,10,0.0,0.0,0.7356765757632784
2021,1,MICH LAW REV ASSOC,39,0.0,0.0,0.3545716323642603
2021,2,INT SOC GLOBAL HEALTH,10,0.18946947156029767,0.03008896970727816,0.6378682141339234
2021,1,SOC BRASILEIRA ICTIOLOGIA,90,0.024447681551193225,0.003504982438873306,0.15150080751402886
2021,1,UBIQUITY PRESS LTD,54,0.07665494634400993,0.02007895501514819,0.2516977542263179
2021,1,TERMEDIA PUBLISHING HOUSE LTD,80,0.06811556587429754,0.018764481660558725,0.21837532798970827
2021,2,AMER ACAD SLEEP MEDICINE,32,0.0,0.0,0.3017103612924212
2021,1,SOC MATHEMATIQUE FRANCE,15,0.0,0.0,0.381152200320197
2021,1,FRANZ STEINER VERLAG GMBH,28,0.0,0.0,0.48658189615981207
2021,1,KOREAN SOC HORTICULTURAL SCIENCE,15,0.0,0.0,0.629814791463743
2021,1,INT SOC ENVIRON INFORM SCI,16,0.19430931927820325,0.033400813240718,0.627312957357969
2021,1,MYCOSPHERE PRESS,11,0.04323467100646732,1.1549883793254435e-07,0.999943441270909
2021,2,AMER ACAD FAMILY PHYSICIANS,18,0.2474965149309945,0.04150477414539412,0.7141320436361069
2021,1,SIAM PUBLICATIONS,668,0.00471688114166259,0.0006784627389346333,0.03202291853235945
2021,2,AIP Publishing,379,0.011687258217980917,0.003017661238276754,0.04416093369302798
2021,1,FOUNDATION REHABILITATION INFORMATION,84,0.10862248083980204,0.038458438689191896,0.270750211614706
2021,1,Medical Journal Sweden AB,15,0.0,0.0,0.5542773285233473
2021,1,MICROBIOLOGY SOC,10,0.0,0.0,0.724028524703435
2021,1,EUROPEAN RESPIRATORY SOC JOURNALS LTD,128,0.021972678226840348,0.00317970913770758,0.13661489265272517
2021,2,ADIS INT LTD,87,0.024108238648135365,0.0034306103884204197,0.15058559442266164
2021,1,MOSBY-ELSEVIER,431,0.09132476149047675,0.05953476105930852,0.13760605317870087
2021,2,BAISHIDENG PUBLISHING GROUP INC,12,0.0,0.0,0.4705856022013468
2021,2,ACOUSTICAL SOC AMER AMER INST PHYSICS,55,0.0,0.0,0.1177713997271595
2021,1,TSINGHUA UNIV PRESS,125,0.0,0.0,0.10012007346322932
2021,1,"INT PRESS BOSTON, INC",39,0.0,0.0,0.40069114785926985
2021,1,KOREAN SOC PRECISION ENG,13,0.0,0.0,0.8231433498753495
2021,1,EXCERPTA MEDICA INC-ELSEVIER SCIENCE INC,26,0.09483921040784841,0.016218382866730344,0.3997274827277667
2021,2,AKADEMIAI KIADO ZRT,10,0.0,0.0,0.7190911376934251
2021,2,"INST MATERIA MEDICA, CHINESE ACAD MEDICAL SCIENCES",20,0.12411385675576063,0.020009512384419715,0.49581548651770424
2021,1,KOREAN SOC GYNECOLOGY ONCOLOGY & COLPOSCOPY,53,0.07971651765268002,0.019060904250962667,0.2785754516461532
2021,2,AMER ACAD PEDIATRICS,70,0.07392669108936906,0.02521302655438361,0.19767321579252653
2021,1,POLISH ACAD SCIENCES INST MATHEMATICS-IMPAN,15,0.0,0.0,1.0
2021,1,INT PRESS EDITING CENTRE INC,42,0.2609858459408324,0.11174586965317367,0.4978322177409794
2021,1,POLISH CARDIAC SOC,13,0.0,0.0,0.46053833506225583
2021,1,"SOC ECONOMIC GEOLOGISTS, INC",12,0.0,0.0,0.24600966772017743
2021,2,BMC,1993,0.06191841922907743,0.047978497625847244,0.07957000396800881
2021,1,THIEME MEDICAL PUBL INC,18,0.0,0.0,0.26684050969541107
2021,1,PEKING UNIV PRESS,41,0.0,0.0,0.5483910137921915
2021,1,"UNIV ALICANTE, GRUPO INVESTIGACION EDUTIC-ADEI",12,0.26929653690451566,0.04924317153762601,0.7239416350034145
2021,1,TARU PUBLICATIONS,13,0.0,0.0,0.6690003353200371
2021,1,NATL ACAD SCIENCES,280,0.040634521965468934,0.014438911070894782,0.1090945061714339
2021,1,PALGRAVE MACMILLAN LTD,21,0.15526933470490778,0.025264906245737427,0.5658739050197314
2021,2,INFORMS,121,0.0,0.0,0.1864885097085391
2021,1,EXCLI JOURNAL MANAGING OFFICE,28,0.06038953577549505,0.008397104798378964,0.32786365979045573
2021,1,TAYLOR & FRANCIS INC,1046,0.0894912478785836,0.06495664126120838,0.12208283558895663
2021,1,PORTLAND PRESS LTD,34,0.191231405218698,0.06099772850265646,0.46255128059403094
2021,1,SOC EXPLORATION GEOPHYSICISTS - SEG,41,0.0,0.0,0.32780741049716133
2021,2,BMJ PUBLISHING GROUP,905,0.040286758796026605,0.025314657993504054,0.06353672208062076
2021,1,TAYLOR & FRANCIS LTD,2886,0.06377459672064276,0.05122008098527181,0.07914963024555907
2021,1,"UNIV BELGRADE, FAC ELECTRICAL ENGINEERING",21,0.0,0.0,0.6218309727594917
2021,2,BIOSCIENTIFICA LTD,30,0.16773092034120787,0.044925247153065354,0.46336580011660367
2021,1,UNIV CHICAGO PRESS,30,0.0,0.0,0.4048039721385464
2021,1,FEDERAL RESERVE BANK ST LOUIS,16,0.09959554744523316,0.01369762873342495,0.4683640804153055
2021,2,BRAZILIAN SOC UROL,29,0.05427594651182326,0.007860813742480452,0.29364091757415073
2021,1,FERRATA STORTI FOUNDATION,19,0.24532892392020458,0.0658028241276021,0.600046891753641
2021,1,INT SOC AGING & DISEASE,124,0.08909443237824899,0.03649615842603362,0.20163362284877434
2021,1,PERGAMON-ELSEVIER SCIENCE LTD,4783,0.04238169549799977,0.03462184051392325,0.05178748006116402
2021,2,BENTHAM SCIENCE PUBL LTD,16,0.0,0.0,0.37364039359948187
2021,1,ELSEVIER TAIWAN,45,0.06440669304362133,0.010855395300708271,0.30158779059952956
2021,1,AMER SOC NEPHROLOGY,72,0.1252027457091925,0.048591796116084406,0.28625820894222553
2021,1,JOHNS HOPKINS UNIV PRESS,50,0.0,0.0,0.41163825006272226
2021,2,KOREAN BIOCHIP SOCIETY-KBCS,18,0.07265900296930544,0.0011395600124337122,0.8432861416681056
2021,1,ENDOCRINE SOC,63,0.18313268562888121,0.07699167003870963,0.3759931477140603
2021,2,COMPANY BIOLOGISTS LTD,48,0.0009044337066921063,0.0,0.1667058902390195
2021,2,TSINGHUA UNIV PRESS,71,0.09386115250894744,0.03245082001278128,0.24237335705326934
2021,1,INDIANA UNIV MATH JOURNAL,60,0.0,0.0,0.3250475724262954
2021,2,COPERNICUS GESELLSCHAFT MBH,298,0.01985214851088202,0.006789580664503847,0.05661347700366494
2021,1,AMER SPINAL INJURY ASSOC,13,0.37540709455462185,0.09725384468732427,0.7702881128557781
2021,1,AMER SOC CELL BIOLOGY,10,0.0,0.0,1.0
2021,1,AMER PHYTOPATHOLOGICAL SOC,111,0.054994367415563565,0.017791586607804062,0.1575140399423946
2021,2,COLL FAMILY PHYSICIANS CANADA,11,0.0,0.0,0.5934423591478306
2021,1,KOREAN INST METALS MATERIALS,27,0.0,0.0,0.29069503580371453
2021,1,KOREAN SOCIETY OF RADIOLOGY,131,0.06212469157009247,0.02134641328827162,0.16747168127966366
2021,1,JOURNAL MATER SCI TECHNOL,76,0.02105519977886357,0.0030035613485894013,0.13311338369997675
2021,1,ELSEVIER,11549,0.04271288538352187,0.037312963668953474,0.048854623815725466
2021,2,ASCE-AMER SOC CIVIL ENGINEERS,73,0.12171919422790921,0.043731281023307256,0.2957697625665282
2021,3,BERGHAHN JOURNALS,11,0.0,0.0,0.8730530262406999
2021,2,"COLD SPRING HARBOR LAB PRESS, PUBLICATIONS DEPT",27,0.17519343384513944,0.044750407385855374,0.4905900421856199
2021,1,KOREAN ACAD PROSTHODONTICS,40,0.16021614967768433,0.04132986147249884,0.45778086414788544
2021,3,BRITISH EDITORIAL SOC BONE & JOINT SURGERY,19,0.0,0.0,0.32077938104248716
2021,2,UNIV SISTAN & BALUCHESTAN,12,0.29880568388258666,0.07514021165632073,0.6908942124118637
2021,2,TERMEDIA PUBLISHING HOUSE LTD,13,0.0,0.0,0.43179700165743995
2021,1,LINGUISTIC SOC AMER,14,0.0,0.0,0.636938689177512
2021,2,ASSOC COMPUTING MACHINERY,78,0.0,0.0,0.07101390298202366
2021,2,ANNUAL REVIEWS,67,0.0,0.0,0.21489882548546177
2021,2,CMA-CANADIAN MEDICAL ASSOC,26,0.0,0.0,0.6982666530854176
2021,2,Tuncer ACAR,19,0.0,0.0,0.6079647665459024
2021,1,IGI GLOBAL,12,0.19439042621691757,0.017210329052045642,0.7687780502772213
2021,1,ELSEVIER - DIVISION REED ELSEVIER INDIA PVT LTD,24,0.0,0.0,0.32427965894587
2021,1,AMER THORACIC SOC,30,0.1909566605622396,0.04852124809537793,0.5220865082562118
2021,1,FUTURE MEDICINE LTD,16,0.1823431060317387,0.024829434312767594,0.6613860837373728
2021,1,KOREAN STROKE SOC,11,0.0,0.0,0.4268252726286114
2021,2,KEAI PUBLISHING LTD,250,0.05683083198614873,0.025597750758911273,0.12142402680036313
2021,1,GEORG THIEME VERLAG KG,83,0.006721953393383924,5.511286475040961e-08,0.9987980638938394
2021,2,AMER THORACIC SOC,28,0.29335228974157607,0.07086774343943386,0.6931994061937259
2021,1,KEAI PUBLISHING LTD,430,0.016906383948014792,0.00572739344647162,0.048833377366724356
2021,1,EDP SCIENCES S A,296,0.004695374999007548,0.0006597713826516277,0.032609942839399254
2021,2,THIEME MEDICAL PUBL INC,20,0.048757794531373876,0.001151020871663422,0.6951159332517202
2021,2,ASSOC RESEARCH VISION OPHTHALMOLOGY INC,38,0.09291287972004962,0.01601576030755468,0.3919516718116107
2021,1,AMER ROENTGEN RAY SOC,40,0.05680843718227641,0.0003897771594997754,0.9029443519348772
2021,1,"ETHNICITY & DISEASE, INC",17,0.0,0.0,0.5861519395376388
2021,2,COGITATIO PRESS,23,0.1626709757041746,0.024159006839794814,0.603882179852658
2021,1,AMER SOC HEMATOLOGY,55,0.13840603737611465,0.04116623401204997,0.37540791931107437
2021,1,JOURNAL OF CENTRAL SOUTH UNIV,23,0.0,0.0,0.5498046241075328
2021,1,JOHN WILEY & SONS LTD,131,0.07862542800828709,0.03396580425729838,0.17157610836743445
2021,1,GLOBAL SCIENCE PRESS,35,0.022546635158951993,0.0009411408010531957,0.3609476892081067
2021,1,"INST MATERIA MEDICA, CHINESE ACAD MEDICAL SCIENCES",20,0.0,0.0,0.5371965611502868
2021,1,INST MATHEMATICS & INFORMATICS,23,0.0,0.0,0.5128993322408116
2021,1,KOREAN ACAD MEDICAL SCIENCES,309,0.05032532173094964,0.022360556666271347,0.10935174746112218
2021,1,LIFE SCIENCE ALLIANCE LLC,10,0.0,0.0,0.8002937038072122
2021,1,INDERSCIENCE ENTERPRISES LTD,15,0.0,0.0,0.6977826902643625
2021,1,JOURNAL STATISTICAL SOFTWARE,51,0.049519565367154406,0.007772664252738221,0.25733617210885545
2021,1,ELSEVIER ESPANA SLU,23,0.0,0.0,0.5325694998732559
2021,1,AMER PSYCHOLOGICAL ASSOC,46,0.0,0.0,0.3406513078062578
2021,1,"GEOLOGICAL SOC AMER, INC",29,0.0,0.0,0.12787058968701154
2021,3,BIOSCIENTIFICA LTD,22,0.1805414231887331,0.046553131436230334,0.4985305579051267
2021,1,AMER PHYSICAL SOC,820,0.009624142484226087,0.0029809096198136404,0.03061778104447633
2021,1,EUR CENTRE DIS PREVENTION & CONTROL,13,0.0,0.0,0.6496380826397207
2021,1,EDUCATIONAL PUBLISHING FOUNDATION-AMERICAN PSYCHOLOGICAL ASSOC,55,0.025693348703999596,0.0008054261603632919,0.4631532702124553
2021,1,INST MATHEMATICAL STATISTICS-IMS,39,0.0,0.0,0.3479282897111067
2021,1,AMER SOC CLINICAL INVESTIGATION INC,115,0.07966717743898907,0.022974706546497067,0.24165327662935931
2021,2,COLL AMER PATHOLOGISTS,14,0.07918337593830158,0.010945588364563288,0.40054946169949546
2021,1,KOREAN SOCIETY ANIMAL SCIENCE & TECHNOLOGY,14,0.0,0.0,0.5587169233615916
2021,3,BRILL,30,0.0,0.0,0.4340269121851568
2021,1,AMER PHYSIOLOGICAL SOC,151,0.2338658482119435,0.1435756718254087,0.35725103284138227
2021,2,COLEGIO OFICIAL DE PSICOLOGOS DE ASTURIAS,19,0.0,0.0,0.4919001885127436
2021,2,SOC EXPLORATION GEOPHYSICISTS - SEG,33,0.059576702517379725,0.008218005395460939,0.3263027515599599
2021,1,FRONTIERS MEDIA SA,1587,0.0641239397159948,0.048203165151589185,0.08483442013464736
2021,2,KOREAN ACAD REHABILITATION MEDICINE,11,0.011113030064809178,2.1057217519964953e-25,1.0
2021,1,KOREAN NUCLEAR SOC,25,0.08711730114356404,0.012581582796569664,0.4168193778670571
2021,2,UNIV CHICAGO PRESS,50,0.0,0.0,0.38195348108420435
2021,3,BRAZILIAN SOC UROL,23,0.11181043614365818,0.021988931878961032,0.41343605683291235
2021,1,AMER SOC NEURORADIOLOGY,40,0.0,0.0,0.2662979520836382
2021,1,ELSEVIER ADVANCED TECHNOLOGY,117,0.07692776831650779,0.029826288224173266,0.18428280144991588
2021,1,"AMER PSYCHIATRIC PUBLISHING, INC",33,0.0,0.0,0.1640294933174522
2021,1,IEEE-INST ELECTRICAL ELECTRONICS ENGINEERS INC,6498,0.031666348612131516,0.025390957505930425,0.03942995878883567
2021,1,KERMAN UNIV MEDICAL SCIENCES,11,0.5197787329448441,0.1084623020640094,0.9059244328239164
2021,2,ASIAN-AUSTRALASIAN ASSOC ANIMAL PRODUCTION SOC,13,0.0,0.0,0.5646616327919115
2021,1,INFORMS,66,0.0,0.0,0.06496391226294092
2021,2,CURRENT BIOLOGY LTD,43,0.0,0.0,0.2855371143609073
2021,2,TAYLOR & FRANCIS INC,403,0.04692598612740997,0.021512375821219003,0.09931471221474432
2021,1,KARGER,518,0.0422469846383029,0.02303035723287992,0.07624665511314858
2021,1,KOREAN FIBER SOC,55,0.06354463131980297,0.004642821155710064,0.49676523508651993
2021,1,AMER MATHEMATICAL SOC,46,0.15319415898752808,0.0594790680278311,0.3410269431731686
2021,1,ELSEVIER FRANCE-EDITIONS SCIENTIFIQUES MEDICALES ELSEVIER,341,0.045304174826004885,0.0202538728668784,0.098230717376073
2021,1,AMER SOC MICROBIOLOGY,189,0.13627144426898546,0.06452145671249929,0.26519123071834855
2021,1,EUROPA EDITION,11,0.0,0.0,0.9313444379296929
2021,1,AMER PUBLIC HEALTH ASSOC INC,40,0.0,0.0,0.36382236717835453
2021,2,CHURCHILL LIVINGSTONE INC MEDICAL PUBLISHERS,73,0.05145832875710029,0.009933553111122309,0.22680284431422526
2021,1,EMERALD GROUP PUBLISHING LTD,360,0.042030436608956695,0.018438593202190927,0.09294920525949878
2021,1,AMER SPEECH-LANGUAGE-HEARING ASSOC,59,0.15120284261668435,0.05735978395020992,0.3427519024976305
2021,2,TAYLOR & FRANCIS LTD,637,0.0421653865303426,0.021884162198185706,0.07971057046561313
2021,1,EUROPEAN MATHEMATICAL SOC-EMS,24,0.0,0.0,0.5302050946895764
2021,2,CURRENT MEDICINE GROUP,15,0.0,0.0,0.6787211880897908
2021,1,SOC PETROLEUM ENG,17,0.0,0.0,0.533545253991509
2021,2,ROYAL COLL GENERAL PRACTITIONERS,24,0.0,0.0,0.47857813273316074
2021,1,PUBLIC LIBRARY SCIENCE,1590,0.05556683326280996,0.041893770303510734,0.07336074682495135
2021,1,EDIZIONI MINERVA MEDICA,30,0.15684295535921897,0.04110670369232693,0.4466518746469128
2021,2,PROJECT HOPE,20,0.0,0.0,0.6173195861991879
2021,2,AMER SOC HEMATOLOGY,58,0.0,0.0,0.3158076544102535
2021,1,CAMBRIDGE UNIV PRESS,1801,0.026202659614166113,0.015475706482402794,0.04403243400543949
2021,1,RADIOLOGICAL SOC NORTH AMERICA (RSNA),51,0.0,0.0,0.3783541779439222
2021,2,EDITURA ASE,19,0.0,0.0,0.37166718544354127
2021,3,ASSOC COMPUTING MACHINERY,84,0.03943321602317737,0.006526342275723361,0.204164071268156
2021,1,ACADEMIC PRESS INC ELSEVIER SCIENCE,1170,0.055848555671106304,0.0391244284072802,0.07913283130524829
2021,2,AMER SOC NEURORADIOLOGY,40,0.19876382817298016,0.07425816399744462,0.4341278312812364
2021,2,ELSEVIER GMBH,160,0.14344194747919536,0.07939441433117986,0.24538492315899352
2021,2,AMER SOC CLINICAL INVESTIGATION INC,104,0.10437438112143767,0.038997293962980725,0.25075465450642676
2021,1,ACOUSTICAL SOC AMER AMER INST PHYSICS,63,0.03937120586462074,0.005993250478395149,0.21789144300137356
2021,2,ELSEVIER SCIENCE SA,1638,0.03461666087320094,0.0230323890396549,0.0517188708652117
2021,1,CANADIAN SCIENCE PUBLISHING,96,0.06869844843083536,0.01580972546689421,0.25302960357674126
2021,2,VILNIUS GEDIMINAS TECH UNIV,12,0.0,0.0,0.34540033270529535
2021,1,ACTA DERMATO-VENEREOLOGICA,121,0.03672653925499036,0.009314974111703973,0.1339005957762876
2021,1,SPANDIDOS PUBL LTD,35,0.0,0.0,0.4342102244686801
2021,1,SOC NUCLEAR MEDICINE INC,24,0.0,0.0,0.4900181818533611
2021,1,PROJECT HOPE,16,0.0,0.0,0.6506090315830533
2021,1,DE GRUYTER POLAND SP Z O O,336,0.0,0.0,0.02230198930633386
2021,1,ACAD MANAGEMENT,12,0.0,0.0,1.0
2021,2,ELSEVIER IRELAND LTD,679,0.06172452801016019,0.0390455634240583,0.09625671060863726
2021,1,AMER CHEMICAL SOC,3303,0.025297486560585607,0.017642586257400682,0.03615152466803345
2021,1,ACAD MEDICINE SINGAPORE,16,0.0,0.0,0.5289182437671793
2021,2,ELSEVIER INC,51,0.06332339586206283,0.012468187360444678,0.26578033101496923
2021,3,ASIAN-AUSTRALASIAN ASSOC ANIMAL PRODUCTION SOC,10,0.0,0.0,0.7994002237461075
2021,2,"ELSEVIER MASSON, CORP OFF",38,0.05055846751948611,0.007969315735632787,0.26089313877050707
2021,1,SOC SOCIOLOGICAL SCIENCE,20,0.0,0.0,0.44780364075065354
2021,1,SOC NEUROSCIENCE,74,0.11695876984615308,0.04087991678560029,0.2915798496617663
2021,3,AMER THORACIC SOC,41,0.041258835400065814,0.005778893821164725,0.24162988821755801
2021,2,WALTER DE GRUYTER GMBH,77,0.07259365275151015,0.017935911765451958,0.2512085513223592
2021,3,ANNUAL REVIEWS,100,0.0,0.0,0.13052119428237785
2021,1,SOC VAUDOISE SCIENCES NATURELLES,25,0.0,0.0,0.36105078424810466
2021,1,"CAS, INST OPTICS & ELECTRONICS, ED OFF OPTO-ELECTRONIC JOURNALS",46,0.0,0.0,0.38820927487015444
2021,2,ROYAL SOC,251,0.03661934857679429,0.012774298510874669,0.10044586982664737
2021,2,WAGENINGEN ACADEMIC PUBLISHERS,13,0.22083572122534456,0.030878755939719373,0.7160019743730305
2021,1,ACADEMIC PRESS LTD- ELSEVIER SCIENCE LTD,601,0.05991685457152732,0.037118782227331316,0.09533100706862208
2021,1,ROCKEFELLER UNIV PRESS,63,0.22520575610431773,0.09045835899982077,0.45931144127926354
2021,3,ANNALS FAMILY MEDICINE,16,0.07398521721420663,0.0010675046779243496,0.8565975964797329
2021,2,ELSEVIER SINGAPORE PTE LTD,21,0.0,0.0,0.5140270315286283
2021,2,W B SAUNDERS CO-ELSEVIER INC,302,0.08684837737492075,0.05056998039661933,0.14517305162682193
2021,2,DUKE UNIV PRESS,96,0.0,0.0,0.30619439759854844
2021,1,DOVE MEDICAL PRESS LTD,112,0.12804328607406826,0.05610719985611721,0.2661988778960352
2021,2,UNIV WISCONSIN PRESS,10,0.0,0.0,1.0
2021,2,AMER SPEECH-LANGUAGE-HEARING ASSOC,54,0.09269023521897798,0.02269273317766097,0.3100928565426312
2021,1,CANADIAN COMMITTEE LABOUR HISTORY,15,0.0,0.0,0.5369446173781721
2021,1,"E H ANGLE EDUCATION RESEARCH FOUNDATION, INC",10,0.5588642727993841,0.12687286103234033,0.9169799734309196
2021,2,W B SAUNDERS CO LTD,99,0.0,0.0,0.06359440384924674
2021,2,ROCKEFELLER UNIV PRESS,56,0.09317173321770887,0.025197961900759885,0.28996663154923297
2021,1,ADIS INT LTD,103,0.10755461513756012,0.04435366550603237,0.23835116070529022
2021,2,ELSEVIER SCIENCE LONDON,110,0.08870398080745671,0.03411541606157913,0.21151273461637543
2021,1,SPRINGER,5219,0.04331457882512276,0.03572244460629653,0.052432540947316204
2021,1,DUKE UNIV PRESS,47,0.0,0.0,0.23454767532516643
2021,1,AGH UNIV SCIENCE & TECHNOLOGY PRESS,41,0.0,0.0,0.3950078828587503
2021,1,CELL PRESS,1145,0.08393738019787977,0.05995481227575181,0.11632610930469996
2021,2,AMER SOC NEPHROLOGY,74,0.0726599371716411,0.023614632262951643,0.20244710182540113
2021,2,AMER SOC MICROBIOLOGY,226,0.17220865994165782,0.0973096852610791,0.2864624795967695
2021,2,DOVE MEDICAL PRESS LTD,153,0.13610397457154735,0.07428537364010175,0.23623831865774128
2021,1,R FOUNDATION STATISTICAL COMPUTING,38,0.04091452625389768,0.005698923444679144,0.24099589228638807
2021,1,CENTERS DISEASE CONTROL & PREVENTION,112,0.05211100732680468,0.013427130290520818,0.18171628515753419
2021,3,ASCE-AMER SOC CIVIL ENGINEERS,73,0.0,0.0,0.16812780522454526
2021,2,RADIOLOGICAL SOC NORTH AMERICA (RSNA),51,0.0,0.0,0.2822526113642576
2021,1,ELSEVIER SCI LTD,5771,0.03988492905909999,0.03271980862391336,0.04854035905015312
2021,1,COPERNICUS GESELLSCHAFT MBH,277,0.035585621150414144,0.015977883819637478,0.07736380746142035
2021,3,ATHABASCA UNIV PRESS,15,0.0,0.0,0.7401480819349214
2021,1,ELSEVIER GMBH,126,0.08550369905597927,0.034219569603804456,0.19789725184743714
2021,2,ACADEMIC PRESS INC ELSEVIER SCIENCE,1143,0.0484908593721537,0.032509287354330514,0.07174635639102608
2021,1,CURRENT MEDICINE GROUP,18,0.4921921047821516,0.17775039906283618,0.8129350670190534
2021,1,SCIENDO,10,0.0,0.0,0.709412476030077
2021,1,YONSEI UNIV COLL MEDICINE,127,0.08024040380914005,0.032531789388488795,0.18456718626444096
2021,1,COMPANY BIOLOGISTS LTD,40,0.24749878557475008,0.08743132477470814,0.5303167273250071
2021,1,ELSEVIER SINGAPORE PTE LTD,15,0.0,0.0,0.3897695062247626
2021,1,CURRENT BIOLOGY LTD,66,0.050257154459835085,0.0012399443942954149,0.6928274507618866
2021,1,SCIPOST FOUNDATION,23,0.0,0.0,0.4818234289371161
2021,2,ACAD MEDICINE SINGAPORE,14,0.09354077888968093,0.004105831820425608,0.7209010494105965
2021,1,"ZAGREB UNIV, FAC FORESTRY",25,0.053102622054083184,0.003298922989717295,0.48723428074927916
2021,3,BAISHIDENG PUBLISHING GROUP INC,29,0.02543275926048017,3.1282685510262747e-07,0.9995408639692204
2021,1,SCIENCE PRESS,332,0.04814221475253203,0.023336039227516137,0.09670634607659077
2021,1,CSIRO PUBLISHING,151,0.038929656893470076,0.012860190254893905,0.11185741247734739
2021,1,ELSEVIER SCIENCE LONDON,102,0.07440209218568222,0.02280605266037832,0.21682721849885853
2021,1,SHANGHAI JIAO TONG UNIV PRESS,35,0.0,0.0,0.24788723820470251
2021,1,ELSEVIER IRELAND LTD,664,0.11137568313758792,0.08061152766212776,0.15194021808513805
2021,1,ELSEVIER SCIENCE INC,2490,0.05772766734896921,0.04542333345323624,0.07310974471378814
2021,3,ASSOC RESEARCH VISION OPHTHALMOLOGY INC,37,0.3093104058467435,0.12143875771002029,0.5919868838409276
2021,1,Chinese Center for Disease Control and Prevention,186,0.02252978630266026,0.005718467235483059,0.08456030788366709
2021,1,eLIFE SCIENCES PUBL LTD,162,0.04591599118242736,0.012134169062180823,0.1586436192438026
2021,1,ELSEVIER SCIENCE SA,1584,0.0420520646108168,0.02934739567661348,0.05991715951810293
2021,1,CRACOW UNIV ECONOMICS,38,0.0,0.0,0.31142281943878675
2021,1,ZHEJIANG UNIV PRESS,59,0.06628967285123408,0.011688242982621498,0.29883544640067017
2021,1,ELSEVIER INC,176,0.2261376062881764,0.15772527260321745,0.3131896547667874
2021,1,SHANGHAI UNIV SPORT,10,0.28687761390291927,0.054376157706241574,0.7378307847604058
2021,2,ACADEMIC PRESS LTD- ELSEVIER SCIENCE LTD,653,0.033412061039653745,0.018402790914572198,0.05991564475512904
2021,1,"ELSEVIER MASSON, CORP OFF",22,0.11776653878466024,0.02095815696243867,0.45426355387193346
2021,2,ELSEVIER ESPANA,13,0.0,0.0,0.7553499892336927
2021,2,NATL ACAD SCIENCES,344,0.05000750703890243,0.020448244674017905,0.11718478469180656
2021,2,HINDAWI LTD,86,0.0,0.0,0.1589126167797135
2021,2,ELSEVIER ESPANA SLU,14,0.1547625983900191,0.02220615326980457,0.5961572724441448
2021,2,SPRINGER SINGAPORE PTE LTD,26,0.0,0.0,0.34213466631769857
2021,2,SPRINGER/PLENUM PUBLISHERS,188,0.0858112738112067,0.03961140606401648,0.17601945360053994
2021,2,ENDOCRINE SOC,74,0.024476194840784567,0.0034441336460503155,0.1540850233862278
2021,2,eLIFE SCIENCES PUBL LTD,164,0.01724016430119291,0.0024943919790937174,0.10958050719525166
2021,2,MOSBY-ELSEVIER,616,0.08694021396700478,0.05898979667580698,0.12635575623529655
2021,2,AMER MATHEMATICAL SOC,38,0.06434495923339757,0.008980853506469039,0.3429134643108565
2021,3,AMER DIABETES ASSOC,40,0.0,0.0,0.31101464982764493
2021,1,AMER ASSOC NEUROLOGICAL SURGEONS,61,0.11056597775827343,0.03431006673187212,0.3031078868839684
2021,2,EDP SCIENCES S A,187,0.0,0.0,0.10868901407181132
2021,1,JAPAN EPIDEMIOLOGICAL ASSOC,12,0.06969555915173652,0.0003805452380606262,0.9364800569682536
2021,2,MIT PRESS,33,0.0,0.0,0.14656319054741676
2021,2,EMERALD GROUP PUBLISHING LTD,483,0.03682159084109033,0.01595535771465254,0.08268353967049538
2021,2,HUMAN KINETICS PUBL INC,26,0.0,0.0,0.423892160780553
2021,1,AKADEMIAI KIADO ZRT,12,0.0,0.0,0.6825159558454682
2021,2,EXCERPTA MEDICA INC-ELSEVIER SCIENCE INC,21,0.0,0.0,0.5261100743016275
2021,1,AIP Publishing,384,0.0038721285771132733,0.00031486451927356467,0.0457781485387157
2021,1,AME PUBLISHING COMPANY,69,0.07403137813085575,0.01980268079685404,0.24034918736604097
2021,2,ELSEVIER TAIWAN,39,0.0,0.0,0.16265709257329758
2021,2,AMER DIABETES ASSOC,54,0.06809821612429527,0.009844254701289313,0.3494225143709526
2021,3,AMER ECONOMIC ASSOC,39,0.0,0.0,0.24503935925830367
2021,2,ELSEVIER - DIVISION REED ELSEVIER INDIA PVT LTD,25,0.0,0.0,0.21954479334908056
2021,2,HARBORSIDE PRESS,10,0.2947290850029914,0.041109089276865976,0.8028965587408665
2021,2,SPRINGER-VERLAG ITALIA SRL,72,0.0,0.0,0.1054887238266919
2021,2,AMER GEOPHYSICAL UNION,453,0.017940711448279634,0.006382915754437271,0.04938645389303594
2021,2,SPRINGER LONDON LTD,76,0.09535969201118234,0.03696506742587175,0.22449751655820852
2021,2,EUROPA EDITION,29,0.01572047024648812,1.383982840958715e-07,0.9994577481464988
2021,2,EUR CENTRE DIS PREVENTION & CONTROL,15,0.04220904363379284,8.198694518003847e-05,0.9594909878409651
2021,2,EDUCATIONAL PUBLISHING FOUNDATION-AMERICAN PSYCHOLOGICAL ASSOC,24,0.0,0.0,0.49195884582366667
2021,1,JAPANESE SOC HYGIENE,16,0.1260105708737937,0.009480281168819308,0.684733378532977
2021,1,AMER ASSOC ADVANCEMENT SCIENCE,604,0.021843460255295134,0.006576915235052838,0.07004844154069098
2021,1,JAPAN NEUROSURGICAL SOC,70,0.05491327953220117,0.014525061926454981,0.18636650174681324
2021,2,AMER METEOROLOGICAL SOC,86,0.011880142489378007,0.00016178783394196395,0.47182775865719906
2021,2,HIGHER EDUCATION PRESS,19,0.08290875872182255,0.008422438275502084,0.4903675146596677
2021,2,SPRINGER WIEN,103,0.002820970740987631,1.0870323604975543e-14,0.9999999986417129
2021,2,AMER ECONOMIC ASSOC,40,0.0,0.0,0.21842045264301826
2021,2,ELSEVIER ADVANCED TECHNOLOGY,74,0.06549901311074635,0.015138442177365943,0.24219342664673107
2021,2,EUROPEAN RESPIRATORY SOC JOURNALS LTD,75,0.0,0.0,0.12340141396231033
2021,2,MICROBIOLOGY SOC,16,0.08930592874377766,0.007821099484406705,0.5495369586188976
2021,3,ACOUSTICAL SOC AMER AMER INST PHYSICS,69,0.019127048085703747,0.00011134231175712362,0.7734877675968047
2021,2,NATL ATHLETIC TRAINERS ASSOC INC,24,0.010734131255426323,1.0779892528508506e-09,0.9999908440649504
2021,1,JAPAN PROSTHODONTIC SOC,43,0.0,0.0,0.3238982381891793
2021,2,NATURE PUBL GROUP,19,0.35684223745257393,0.12877591110393422,0.6756019804934235
2021,3,ACAD MEDICINE SINGAPORE,15,0.0,0.0,0.45068610314004076
2021,1,AMER BOARD FAMILY MEDICINE,31,0.19216284083025822,0.06357580184173656,0.4545758238223026
2021,2,ELSEVIER FRANCE-EDITIONS SCIENTIFIQUES MEDICALES ELSEVIER,386,0.11063637062249077,0.07136294813878025,0.16762197123328132
2021,1,AMER ASSOC CANCER RESEARCH,162,0.10987306677787179,0.05246742288247278,0.21578379985243126
2021,2,IEEE COMPUTER SOC,197,0.025883561721657393,0.006866509977743235,0.09265528887532962
2021,2,EUROPEAN MATHEMATICAL SOC-EMS,30,0.0,0.0,0.4525436420602247
2021,1,AMER ACAD PEDIATRICS,66,0.019368997600332675,0.0017190700314292258,0.1847044399049292
2021,3,AMER MATHEMATICAL SOC,53,0.13781338919859437,0.047424479904210066,0.3391439056349221
2021,2,SPRINGER JAPAN KK,62,0.0,0.0,0.23478338632879894
2021,3,ACAD MANAGEMENT,25,0.0,0.0,0.5381848500767589
2021,3,AMER METEOROLOGICAL SOC,85,0.0,0.0,0.09727396812842587
2021,2,AMER MEDICAL ASSOC,497,0.06309511629077438,0.03810606338656603,0.10272139289859021
2021,1,JOHN BENJAMINS PUBLISHING CO,19,0.0,0.0,0.5784470739277063
2021,2,EDIZIONI MINERVA MEDICA,45,0.08806005949145086,0.022445627703620595,0.2888138106375451
2021,2,Medical Journal Sweden AB,12,0.0,0.0,0.5904871339474225
2021,2,HUMANA PRESS INC,12,0.0,0.0,0.6634545368757924
2021,1,"JMIR PUBLICATIONS, INC",214,0.07803947179928522,0.038547230927615445,0.15161190985223935
2021,1,AMER ASSOC CRITICAL CARE NURSES,13,0.0,0.0,0.6166178233968247
2021,2,ZHEJIANG UNIV PRESS,16,0.0,0.0,0.5191938435923661
2021,1,ASSOC COMPUTING MACHINERY,113,0.0,0.0,0.16141271299793605
2021,1,IOP Publishing Ltd,865,0.00865890199262753,0.002763703257718089,0.02679119720969843
2021,1,"MARY ANN LIEBERT, INC",171,0.041124970933165965,0.012789746764405151,0.1243298594951629
2021,2,GEORG THIEME VERLAG KG,87,0.04205629760362767,0.007386107100420664,0.20573654050512055
2021,1,MEDICAL LIBRARY ASSOC,25,0.0,0.0,0.4160950536735459
2021,2,"CHINA UNIV GEOSCIENCES, WUHAN",21,0.0,0.0,0.4137429628881226
2021,2,BRILL,17,0.0,0.0,0.6466285208035562
2021,1,J A S S S,34,0.0,0.0,0.41674589995822897
2021,1,ATHABASCA UNIV PRESS,13,0.0,0.0,0.4974008208474851
2021,2,CHINESE LASER PRESS,42,0.10230415807405914,0.025745806921497246,0.3295189665247063
2021,1,MATHEMATICAL RESEARCH PRESS-MATH RES,20,0.0,0.0,0.5649896935078834
2021,1,US DEPT HEALTH HUMAN SCIENCES PUBLIC HEALTH SCIENCE,10,0.33304224820605116,0.07540131673943204,0.7535470489764038
2021,1,W B SAUNDERS CO-ELSEVIER INC,274,0.055716313281678476,0.025433152511665436,0.11770263600791853
2021,1,ANNUAL REVIEWS,124,0.03555883650702702,0.005122968857396611,0.20885595403780716
2021,1,W B SAUNDERS CO LTD,123,0.15827546272966025,0.0835446837270453,0.2794684036758751
2021,2,CHINESE CHEMICAL SOC,27,0.036790269343126646,0.005098575370644985,0.22159542937485288
2021,2,FERRATA STORTI FOUNDATION,27,0.12053960616216014,0.020036999213837052,0.47883115982247343
2021,1,NORTHEAST FORESTRY UNIV,26,0.0,0.0,0.41661351135113533
2021,3,CANADIAN OPHTHAL SOC,13,0.0,0.0,0.6256657439986748
2021,1,OXFORD UNIV PRESS INC,788,0.06703788593291145,0.04438004102247343,0.10005236452350248
2021,1,IVYSPRING INT PUBL,1027,0.14368976580634463,0.11193937655016549,0.18259415588975675
2021,1,"VILNIUS UNIV, INST MATHEMATICS & INFORMATICS",10,0.0,0.0,0.7347206201362065
2021,2,BRITISH EDITORIAL SOC BONE & JOINT SURGERY,73,0.07669105616013623,0.019900993753681935,0.2536056310170136
2021,2,Optica Publishing Group,23,0.0,0.0,0.5221425626019549
2021,2,CAMBRIDGE UNIV PRESS,549,0.04295807675538017,0.01886015283765879,0.09486911018239942
2021,1,MASSACHUSETTS MEDICAL SOC,53,0.060993523681396565,0.004818868753666226,0.4656233669579785
2021,1,ASIAN-AUSTRALASIAN ASSOC ANIMAL PRODUCTION SOC,23,0.062303972622346604,0.007513677875167495,0.36834738037438874
2021,2,CELL PRESS,1143,0.071130598586206,0.04887827731410965,0.1024225864242329
2021,1,IVAN FRANKO DROHOBYCH STATE PEDAGOGICAL UNIV,16,0.0,0.0,0.3631323480367726
2021,1,BENTHAM SCIENCE PUBL LTD,21,0.0,0.0,0.5513643528574164
2021,1,NONFERROUS METALS SOC CHINA,41,0.036092186323230524,0.005072738306688922,0.2156751962629183
2021,1,VEREIN FORDERUNG OPEN ACCESS PUBLIZIERENS QUANTENWISSENSCHAF,13,0.0,0.0,0.6439925390442215
2021,1,ASSOC INFORMATION SYSTEMS,20,0.12255976837305192,0.018659561399509715,0.5064348176092489
2021,1,NEW YORK BUSINESS GLOBAL LLC,16,0.0,0.0,0.6956830742566947
2021,1,MDPI,5311,0.05522463131230103,0.04647088209074618,0.06551403556781268
2021,3,CHIN SOCIETY IMMUNOLOGY,14,0.22023887125727887,0.04175139872087016,0.6467593003735896
2021,1,OAE PUBLISHING INC,78,0.0,0.0,0.09971526043329927
2021,1,OXFORD UNIV PRESS,3211,0.0628092248039589,0.05203632761401117,0.07563445163174327
2021,1,VILNIUS GEDIMINAS TECH UNIV,19,0.08452921155534612,0.004619598653128395,0.6475151578156465
2021,1,BAISHIDENG PUBLISHING GROUP INC,31,0.312782201160036,0.11885044733472216,0.6056523058895046
2021,2,FUTURE MEDICINE LTD,14,0.05428032480348069,6.614601001525065e-05,0.9803148852614987
2021,3,C EJ PUBLISHING GROUP,16,0.0,0.0,0.5758332405640891
2021,2,"GEOLOGICAL SOC AMER, INC",31,0.05908634847133268,0.0035784152803231416,0.523369827669477
2021,1,Optica Publishing Group,25,0.15344115699485833,0.03626762302352833,0.4660928961787912
2021,2,FRONTIERS MEDIA SA,2015,0.06973243085283756,0.054840492446001365,0.08829052097799062
2021,1,NOW PUBLISHERS INC,12,0.0,0.0,0.643113393222905
2021,2,NORTHEAST FORESTRY UNIV,12,0.0,0.0,0.6081578983119517
2021,1,LIPPINCOTT WILLIAMS & WILKINS,2299,0.05752400180184458,0.04515973211629259,0.07301462137527621
2021,2,C EJ PUBLISHING GROUP,15,0.1206463440098539,0.019102548155763153,0.49150053110092745
2021,1,ASSOC RESEARCH VISION OPHTHALMOLOGY INC,30,0.0,0.0,0.33102694237896185
2021,1,NATL ATHLETIC TRAINERS ASSOC INC,24,0.0,0.0,0.3238908741068538
2021,2,CHURCHILL LIVINGSTONE,152,0.02633398735601198,0.0053010119988036045,0.1206941146136363
2021,1,ASCE-AMER SOC CIVIL ENGINEERS,73,0.011657912941225309,3.29731238700478e-05,0.808407782611395
2021,1,NATL MINING UNIV,20,0.056366493765288225,0.007843985958028404,0.31096907946101643
2021,2,CANADIAN OPHTHAL SOC,11,0.0,0.0,0.70380437247301
2021,2,NONFERROUS METALS SOC CHINA,19,0.0,0.0,0.596037718756081
2021,2,"CHINA UNIV GEOSCIENCES, BEIJING",15,0.11175903930492577,0.008820938393031821,0.6401398233711245
2021,1,ANNALS FAMILY MEDICINE,21,0.0,0.0,0.34018503772244846
2021,2,CENTERS DISEASE CONTROL & PREVENTION,68,0.04097296692469049,0.005826702365282965,0.23747857675611247
2021,1,INT UNION CRYSTALLOGRAPHY,38,0.0,0.0,0.24310449178614055
2021,1,NATURE PUBL GROUP,20,0.21105462340456,0.03864476711022705,0.6403243976247823
2021,2,OXFORD UNIV PRESS INC,758,0.044420258925748066,0.02642149718813936,0.07375126659270581
2021,2,NORTH UNIV BAIA MARE,13,0.0,0.0,0.725633465845463
2021,1,INTER-RESEARCH,36,0.0,0.0,0.39581332204337527
2021,1,NATURE PORTFOLIO,4661,0.04482179394027343,0.036192005396482776,0.05539104934354216
2021,3,CENTERS DISEASE CONTROL & PREVENTION,61,0.0,0.0,0.33965932278770783
2021,3,CHINESE LASER PRESS,42,0.0,0.0,0.29836301343406146
2021,3,CHINESE CHEMICAL SOC,33,0.0,0.0,0.34118594925262424
2021,3,CHURCHILL LIVINGSTONE INC MEDICAL PUBLISHERS,65,0.0,0.0,0.2070972260320442
2021,3,COGITATIO PRESS,28,0.0,0.0,0.48674279195417225
2021,3,"COLD SPRING HARBOR LAB PRESS, PUBLICATIONS DEPT",38,0.0,0.0,0.4766576700533153
2021,3,COLL AMER PATHOLOGISTS,17,0.0,0.0,0.5508433599891154
2021,3,CMA-CANADIAN MEDICAL ASSOC,34,0.08091777984223956,0.011701746266644027,0.3956466387563251
2021,3,AIP Publishing,634,0.010500235654740024,0.0039593601768306425,0.027547805646068072
2021,3,COMPANY BIOLOGISTS LTD,54,0.313318814566965,0.13829451435031184,0.5646928890255758
2021,3,CURRENT BIOLOGY LTD,35,0.0,0.0,0.2095219795440485
2021,3,CSIRO PUBLISHING,22,0.10678356454937588,0.01634521336061741,0.46239368482755155
2021,3,CURRENT MEDICINE GROUP,27,0.13355680501430603,0.032683380491936795,0.4128780800477647
2021,3,CHURCHILL LIVINGSTONE,160,0.10325941727385862,0.05103658450172768,0.19778170624849456
2021,3,AMER MEDICAL ASSOC,601,0.04752827054970524,0.026823020811653595,0.08285556978256318
2021,3,CAMBRIDGE UNIV PRESS,760,0.02218299287069221,0.008669336185206308,0.055580535964970285
2021,3,DUKE UNIV PRESS,26,0.0,0.0,0.12460132801427094
2021,2,SPRINGERNATURE,932,0.0705242635805759,0.04752761462001893,0.10343962157510805
2021,3,AMER GEOPHYSICAL UNION,539,0.02910876307448092,0.013597014582957336,0.06121836676664463
2021,2,ELSEVIER SCIENCE INC,2418,0.056156104733968086,0.04384883849505658,0.07165882530140359
2021,3,EDICIONES PROFESIONALES INFORMACION SL-EPI,10,0.0,0.0,0.295030977481905
2021,3,ACADEMIC PRESS LTD- ELSEVIER SCIENCE LTD,741,0.019697723813780117,0.009129072177865438,0.041983209106984665
2021,3,DOVE MEDICAL PRESS LTD,149,0.09917397210271188,0.046693152379840244,0.1983667227962981
2021,3,EDIZIONI MINERVA MEDICA,28,0.13028599803773722,0.028326246397900108,0.4349621961900999
2021,3,EDP SCIENCES S A,195,0.0,0.0,0.02542650911567011
2021,3,EDUCATIONAL PUBLISHING FOUNDATION-AMERICAN PSYCHOLOGICAL ASSOC,27,0.07091936492946348,0.01007766492150118,0.36401055490606726
2021,2,SPRINGER HEIDELBERG,800,0.038170673716024436,0.02236378259345586,0.06441387335217542
2021,2,AMER CHEMICAL SOC,3127,0.02622671648803841,0.018566478309827075,0.03692852863417794
2021,2,WILEY-V C H VERLAG GMBH,1245,0.01783491288379686,0.008317859745375767,0.03782575679160819
2021,3,BMJ PUBLISHING GROUP,1026,0.06254834623633101,0.04412817940480733,0.08795006582254297
2021,3,CELL PRESS,1267,0.05527297507325766,0.03726672323827327,0.08124514647444625
2021,3,ELSEVIER - DIVISION REED ELSEVIER INDIA PVT LTD,20,0.0,0.0,0.5652784871299725
2021,3,ELSEVIER ESPANA SLU,15,0.0,0.0,0.5837129562493589
2021,3,ELSEVIER INC,53,0.0,0.0,0.1833961183051763
2021,3,COPERNICUS GESELLSCHAFT MBH,340,0.027460101755700905,0.011820663926586362,0.06248308179031701
2021,3,"ELSEVIER MASSON, CORP OFF",36,0.0,0.0,0.4046185062161757
2021,2,OXFORD UNIV PRESS,2049,0.034686606484690345,0.024423223674443984,0.04904614443903366
2021,2,LIPPINCOTT WILLIAMS & WILKINS,2212,0.07037193141140666,0.05570910234966223,0.08853223759241709
2021,3,ELSEVIER ADVANCED TECHNOLOGY,88,0.14151445570042848,0.06036290091943131,0.29725225143276346
2021,2,"ROUTLEDGE JOURNALS, TAYLOR & FRANCIS LTD",1376,0.049935655712194625,0.03195209338989701,0.0772333542420256
2021,3,ELSEVIER GMBH,132,0.0675301690072089,0.027203944581609983,0.15792986936263131
2021,2,PUBLIC LIBRARY SCIENCE,1845,0.05752648488074653,0.04422635881610344,0.07451450903226008
2021,3,ELSEVIER SCIENCE LONDON,84,0.0,0.0,0.1300731699696097
2021,3,ELSEVIER SINGAPORE PTE LTD,20,0.04830768167968044,0.000631169259932671,0.8031347028068675
2021,3,EUR CENTRE DIS PREVENTION & CONTROL,16,0.0,0.0,0.6640380134260954
2021,3,ELSEVIER FRANCE-EDITIONS SCIENTIFIQUES MEDICALES ELSEVIER,382,0.08144982208633626,0.04715868779157888,0.13708812070044643
2021,3,FERRATA STORTI FOUNDATION,20,0.0,0.0,0.548216068259622
2021,3,EUROPA EDITION,20,0.0,0.0,0.42516235155475895
2021,3,"FORUM MULTIMEDIA PUBLISHING, LLC",12,0.09157295050634316,0.0015675911009727763,0.8661674698303915
2021,3,ENDOCRINE SOC,79,0.0,0.0,0.1890848097858174
2021,3,EUROPEAN MATHEMATICAL SOC-EMS,49,0.0,0.0,0.07265201591686497
2021,3,EXCERPTA MEDICA INC-ELSEVIER SCIENCE INC,45,0.14003769858665552,0.04805401951385371,0.3443945355240708
2021,3,ELSEVIER TAIWAN,42,0.09838675854616098,0.021557146044893755,0.35085027518667405
2021,3,FUTURE MEDICINE LTD,14,0.520452987288751,0.1357737451897699,0.8823173283605679
2021,3,"GEOLOGICAL SOC AMER, INC",48,0.0,0.0,0.08979743944988498
2021,3,EUROPEAN RESPIRATORY SOC JOURNALS LTD,78,0.08879457685439915,0.01957799946585161,0.32228099344330996
2021,3,HIGHER EDUCATION PRESS,37,0.0,0.0,0.09761223500228078
2021,3,HUMANA PRESS INC,14,0.01594555043418259,1.666986826321544e-08,0.999936516066039
2021,3,HUMAN KINETICS PUBL INC,24,0.04145374111800174,0.0011226225056017779,0.6246388880931842
2021,3,HINDAWI LTD,109,0.0,0.0,0.20453278607219894
2021,3,HARBORSIDE PRESS,65,0.09229857767396618,0.016276404355350372,0.3845819150524822
2021,3,INST MATHEMATICAL STATISTICS-IMS,12,0.0,0.0,0.6914772216217755
2021,3,INT UNION CRYSTALLOGRAPHY,44,0.0,0.0,0.15674361175633061
2021,3,INTER-RESEARCH,36,0.0,0.0,0.30551688098413693
2021,3,INT UNION AGAINST TUBERCULOSIS LUNG DISEASE (I U A T L D),14,0.2596755100941095,0.053718329411959385,0.6842720068516417
2021,3,"INST MATERIA MEDICA, CHINESE ACAD MEDICAL SCIENCES",40,0.08554336168701229,0.0037543449332367966,0.6989844879962731
2021,3,IRCA-BSSA,11,0.0,0.0,0.723682896133139
2021,3,INT SOC GLOBAL HEALTH,37,0.09207122624843767,0.019663193837360465,0.3389315374720344
2021,3,JOHN BENJAMINS PUBLISHING CO,15,0.0,0.0,0.7520543168448893
2021,3,JAPANESE SOC HYGIENE,15,0.17126814094669024,0.042473633115089546,0.4905354497726865
2021,3,KARGER,16,0.23054841693349218,0.04495601067262994,0.6560269709939892
2021,3,KERMAN UNIV MEDICAL SCIENCES,10,0.1099695196167392,0.01507761622723313,0.49931165327978594
2021,3,KOREAN DIABETES ASSOC,20,0.18387051562152712,0.01917569883412939,0.7219323651594305
2021,3,JOURNAL OF CENTRAL SOUTH UNIV,24,0.0,0.0,0.3015908194650355
2021,3,KOREAN SOC GINSENG,10,0.945673629751165,0.00011349355334340664,0.999999625407443
2021,3,KOREAN SOC NEPHROLOGY,16,0.0,0.0,0.5898394501788341
2021,3,KOREAN NUCLEAR SOC,30,0.0,0.0,0.4379382030257342
2021,3,KOREAN FIBER SOC,92,0.0,0.0,0.08910692904361782
2021,3,KOREAN SPINAL NEUROSURGERY SOC,25,0.0,0.0,0.19067337432612574
2021,3,KOREAN SOCIETY ANIMAL SCIENCE & TECHNOLOGY,12,0.03669507807594714,0.00015371323942289865,0.9042022025343646
2021,3,LIFE SCIENCE ALLIANCE LLC,17,0.0,0.0,0.6559062800852747
2021,3,Korean Pediatric Soc,11,0.155364759659063,0.021874393494261655,0.6020616935901087
2021,3,INFORMS,118,0.006965782140542162,5.449008718166356e-05,0.4745038371447262
2021,3,JOHN WILEY & SONS LTD,131,0.14668850945093345,0.07599923571070254,0.2643195670985758
2021,3,ACADEMIC PRESS INC ELSEVIER SCIENCE,1371,0.03701390210403877,0.02446807539990743,0.055625706746620554
2021,3,ELSEVIER IRELAND LTD,620,0.09731402898230303,0.06606082058104736,0.14111890427678986
2021,3,MANAGED CARE & HEALTHCARE COMMUNICATIONS LLC,10,0.2113888529870217,0.0031185335831538014,0.9582784638847424
2021,3,JOURNAL MATER SCI TECHNOL,74,0.03424323855380272,0.0052567820959774254,0.19218413661675254
2021,3,MASSACHUSETTS MEDICAL SOC,62,0.0,0.0,0.31676302505394427
2021,3,"JMIR PUBLICATIONS, INC",215,0.04759364490761561,0.019868365264974,0.10967872321933418
2021,3,KEAI PUBLISHING LTD,238,0.07422386650603684,0.038193482775954475,0.1393205206346777
2021,3,IEEE COMPUTER SOC,243,0.028189983811416734,0.01048111588837822,0.07359438079116062
2021,3,AMER PHYSICAL SOC,926,0.0021399220117704404,0.00023931952481707464,0.01884993912350402
2021,3,MEDYCYNA PRAKTYCZNA SP K SP ZOO,12,0.0,0.0,0.9092392125952363
2021,3,EMERALD GROUP PUBLISHING LTD,448,0.10135176619683396,0.06766535198546522,0.1491261622704504
2021,3,MICROBIOLOGY SOC,31,0.053297224597775535,0.007694687987558789,0.29014061063872765
2021,3,NATL ATHLETIC TRAINERS ASSOC INC,10,0.0,0.0,0.7022998888873304
2021,2,IEEE-INST ELECTRICAL ELECTRONICS ENGINEERS INC,2648,0.03818114338411595,0.027622977850775495,0.05255677087241877
2021,3,NATL CENTRE MARINE RESEARCH,15,0.0,0.0,0.46426650767747557
2021,3,"MARY ANN LIEBERT, INC",163,0.03946454494044926,0.011676421886930423,0.12501884343213784
2021,3,MIT PRESS,49,0.07332896878619963,0.017185250074441653,0.26368232390987156
2021,3,NORTHEAST FORESTRY UNIV,12,0.0,0.0,0.6761053260251094
2021,3,ONLINE LEARNING CONSORTIUM,21,0.05235088740554339,0.00014768876085006696,0.9538330703682186
2021,3,NONFERROUS METALS SOC CHINA,25,0.0,0.0,0.45674489340684044
2021,3,NATURE PUBL GROUP,28,0.18270856612993247,0.04971265401409703,0.4885765157435166
2021,3,Optica Publishing Group,32,0.0,0.0,0.18070900759841296
2021,3,PALGRAVE MACMILLAN LTD,19,0.0,0.0,0.5466869680634333
2021,3,PEERJ INC,42,0.13868328961126025,0.045613650431004904,0.35167667211854636
2021,3,PHYSICIANS POSTGRADUATE PRESS,13,0.0,0.0,0.7924239751406691
2021,3,POLISH CARDIAC SOC,14,0.004009575605035547,6.083051426271158e-49,1.0
2021,3,PROJECT HOPE,18,0.18166985688145776,0.019721467235338134,0.7101225731205167
2021,3,PORTLAND PRESS LTD,26,0.23475997640569402,0.07886029804266695,0.5236528202776607
2021,3,MOSBY-ELSEVIER,442,0.08137287491815018,0.05133554440339496,0.12663939951075956
2021,3,NATL ACAD SCIENCES,466,0.03430029736035365,0.013520482161218374,0.08428811095917142
2021,3,RADIOLOGICAL SOC NORTH AMERICA (RSNA),57,0.0,0.0,0.12498996879609174
2021,3,ROYAL COLL GENERAL PRACTITIONERS,17,0.09375741929704352,0.012878257518240998,0.45067606655716047
2021,3,ROY COLL PHYS LONDON EDITORIAL OFFICE,76,0.0,0.0,0.17893951192466498
2021,3,ROCKEFELLER UNIV PRESS,72,0.056449782754786,0.008474141633814812,0.29517718752533734
2021,3,GEORG THIEME VERLAG KG,776,0.022393194386680644,0.007422970358726984,0.06556037206143314
2021,3,SHANGHAI UNIV,14,0.0,0.0,0.5255550537175715
2021,3,SCIPOST FOUNDATION,30,0.0,0.0,0.3393571401712483
2021,3,SOC BRASIL PEDIATRIA,10,0.0,0.0,0.6850796518128008
2021,3,"SOC ECONOMIC GEOLOGISTS, INC",15,0.0,0.0,0.5808695645278806
2021,3,SOC EXPLORATION GEOPHYSICISTS - SEG,49,0.0,0.0,0.1779342085176487
2021,3,SHANGHAI JIAO TONG UNIV PRESS,20,0.0956396483566216,0.007757080627127725,0.5885758267150402
2021,3,SOC NUCLEAR MEDICINE INC,40,0.05251746447477873,0.0026096328341586286,0.5400657216744836
2021,3,SPANDIDOS PUBL LTD,38,0.18335563217290232,0.06166023120597701,0.4341155267726083
2021,3,SOC PETROLEUM ENG,27,0.05313064917618966,0.007533176232413661,0.29319072951606134
2021,3,SOC NEUROSCIENCE,63,0.09491243926030599,0.03239336678815558,0.2472595525177058
2021,2,NATURE PORTFOLIO,3701,0.05025541781764916,0.04009195709888045,0.06282672146213043
2021,3,SPRINGER FRANCE,31,0.07276504355304343,0.009805842123952174,0.3834287797335753
2021,3,SPRINGER-VERLAG ITALIA SRL,113,0.0,0.0,0.13803697261053713
2021,3,TAYLOR & FRANCIS AUSTRALIA,12,0.0,0.0,0.6618555320158884
2021,3,TARU PUBLICATIONS,27,0.0,0.0,0.5431532333020683
2021,3,SPRINGER SINGAPORE PTE LTD,46,0.07076636120820336,0.018356839271152156,0.23672355878981818
2021,3,SPRINGER JAPAN KK,63,0.11271876695975219,0.03424934493976535,0.31275001934954505
2021,3,TAYLOR & FRANCIS AS,16,0.4430926924469145,0.12845891353207073,0.8111368712096895
2021,3,SPRINGER BASEL AG,145,0.0012322859045324234,9.2756145980588e-12,0.9999939067909636
2021,3,SPRINGER LONDON LTD,63,0.05354259933157377,0.010011963266657967,0.24038232003561902
2021,3,"UNIV KRAGUJEVAC, FAC SCIENCE",11,0.0,0.0,1.0
2021,3,SPRINGER WIEN,100,0.08826002965374709,0.03201493479548103,0.22078100854709035
2021,3,"UNIV AGRICULTURE, FAC VETERINARY SCIENCE",29,0.0,0.0,0.35366174626285546
2021,3,"UNIV TOMASE BATI & ZLINE, FAK MANAGEMENTU EKONOMIKY",10,0.0,0.0,0.6034275510497177
2021,3,UNIV CHICAGO PRESS,29,0.0,0.0,0.398465150243969
2021,3,TSINGHUA UNIV PRESS,117,0.0,0.0,0.18217609606219765
2021,3,US DEPT HEALTH HUMAN SCIENCES PUBLIC HEALTH SCIENCE,13,0.0,0.0,0.6013410647557379
2021,3,"VILNIUS UNIV, INST MATHEMATICS & INFORMATICS",19,0.0,0.0,0.6116723146194794
2021,3,VEREIN FORDERUNG OPEN ACCESS PUBLIZIERENS QUANTENWISSENSCHAF,23,0.0,0.0,0.5156025959517222
2021,3,WAGENINGEN ACADEMIC PUBLISHERS,14,0.0,0.0,0.6929671610103403
2021,3,OXFORD UNIV PRESS INC,746,0.08336582046714319,0.05846134900511557,0.11755495802945241
2021,3,SPRINGER INT PUBL AG,151,0.05790666805361881,0.021258882934457265,0.14816690089578968
2021,3,WALTER DE GRUYTER GMBH,79,0.11274567732190034,0.039406376133900675,0.28244409345282656
2021,3,IOP Publishing Ltd,994,0.020898259289489317,0.010907150019515562,0.03967426802869104
2021,3,BMC,2246,0.06571856493317361,0.05258593429290304,0.08184755894798623
2021,3,ROYAL SOC,276,0.027372991751579808,0.0096818862710622,0.07494364628355332
2021,3,TERMEDIA PUBLISHING HOUSE LTD,161,0.08793995763543493,0.04011475416918733,0.18197351743524695
2021,3,W B SAUNDERS CO LTD,114,0.08905540987869796,0.039245214534306155,0.18960836382537805
2021,3,SCIENCE PRESS,221,0.034533498424283944,0.01321352418887964,0.08721290452242726
2021,3,"WILEY PERIODICALS, INC",21,0.0,0.0,0.2588741663497895
2021,3,SPRINGER/PLENUM PUBLISHERS,228,0.039399944699831026,0.013683346075349326,0.10814896902464438
2021,3,WORLD HEALTH ORGANIZATION,11,0.0,0.0,0.8238492794669409
2021,3,WOLTERS KLUWER MEDKNOW PUBLICATIONS,34,0.0,0.0,0.2854150786240665
2021,3,WROCLAW MEDICAL UNIV,16,0.10090492154124561,0.014220692899961529,0.4661304922669265
2021,3,ZHEJIANG UNIV PRESS,14,0.22527302415237913,0.054189187743652355,0.5960819194771707
2021,4,ACAD MEDICINE SINGAPORE,15,0.0,0.0,0.6604213741327882
2021,4,ACAD MANAGEMENT,18,0.08804644119854357,0.00162777284625722,0.851126542669045
2021,3,WORLD SCIENTIFIC PUBL CO PTE LTD,102,0.0,0.0,0.18555474644062672
2021,4,ALEXANDER VON HUMBOLDT INST INTERNET & SOC,11,0.0,0.0,1.0
2021,4,AKADEMIAI KIADO ZRT,12,0.0,0.0,0.3363974703514726
2021,4,AMER ACCOUNTING ASSOC,12,0.0,0.0,0.6487380718857451
2021,4,AMER ACAD FAMILY PHYSICIANS,16,0.0,0.0,0.7483256774900897
2021,4,AMER ACAD SLEEP MEDICINE,15,0.18585662815048623,0.04649183404569712,0.5166312269148399
2021,4,AMER ASSOC NEUROLOGICAL SURGEONS,35,0.0,0.0,0.417247854249472
2021,3,TAYLOR & FRANCIS INC,460,0.067580952040441,0.036778080429291544,0.12094298422937064
2021,4,AME PUBLISHING COMPANY,51,0.08655627491833738,0.026885780616677808,0.2452793227970253
2021,4,AMER ACAD PEDIATRICS,66,0.067890337323672,0.020696145035074238,0.2006528559009184
2021,3,eLIFE SCIENCES PUBL LTD,214,0.09065843247212793,0.04526372724495003,0.1733147820083297
2021,4,AMER ECONOMIC ASSOC,26,0.0,0.0,0.3965616403646594
2021,4,ADIS INT LTD,131,0.022963231050216557,0.003852881032971025,0.12496980671738232
2021,3,ELSEVIER SCIENCE SA,1757,0.025533951256531445,0.016433535041774402,0.03947167173931347
2021,4,AMER INST MATHEMATICAL SCIENCES-AIMS,10,0.0,0.0,0.88140555572278
2021,4,AMER INST AERONAUTICS ASTRONAUTICS,11,0.0,0.0,0.6439118981599619
2021,4,"AMER OCCUPATIONAL THERAPY ASSOC, INC",12,0.0,0.0,0.84129948721083
2021,4,AMER DIABETES ASSOC,45,0.12821308699783548,0.0298684178556892,0.41263748322439553
2021,4,AMER COLL PHYSICIANS,56,0.11854975343779998,0.0443883518327529,0.28027516034502753
2021,3,W B SAUNDERS CO-ELSEVIER INC,302,0.10595086196199736,0.06568467088129504,0.16650224429787627
2021,4,AMER MATHEMATICAL SOC,44,0.10456436970355475,0.030529460975953607,0.30217605748597864
2021,4,AMER ROENTGEN RAY SOC,51,0.0,0.0,0.23540579013671029
2021,4,AMER SOC CELL BIOLOGY,10,0.26952188670687854,0.02578221368301854,0.8372422663615688
2021,4,AMER PHYTOPATHOLOGICAL SOC,90,0.0,0.0,0.21482432879153002
2021,3,WILEY-HINDAWI,360,0.046364452584379386,0.02053523852508879,0.10132091622947824
2021,4,AMER PUBLIC HEALTH ASSOC INC,37,0.11673103232265743,0.019305505725442238,0.47012462436232566
2021,4,AMER THORACIC SOC,32,0.0,0.0,0.5595532666522431
2021,4,"AMER PSYCHIATRIC PUBLISHING, INC",36,0.09117415586607643,0.017951094844479085,0.3550820952211718
2021,4,ASIAN-AUSTRALASIAN ASSOC ANIMAL PRODUCTION SOC,19,0.0,0.0,0.5174314603491212
2021,4,AMER SOC CLINICAL INVESTIGATION INC,79,0.15077283180292944,0.05628256850594305,0.3457750202057055
2021,4,AMER PSYCHOLOGICAL ASSOC,71,0.10196709983493922,0.032703972425658555,0.27605706646267564
2021,4,AMER SOC NEURORADIOLOGY,33,0.15450005003105904,0.040473224681895105,0.44184740841774195
2021,4,AMER PHYSIOLOGICAL SOC,129,0.17744208988612614,0.09373273799151884,0.3103117089829426
2021,4,BENTHAM SCIENCE PUBL LTD,15,0.0,0.0,0.6469551624762578
2021,4,BAISHIDENG PUBLISHING GROUP INC,31,0.0,0.0,0.21277096505278326
2021,4,AMER SOC HEMATOLOGY,76,0.16057484346480005,0.07049358051267166,0.32546200472317993
2021,4,AMER SPEECH-LANGUAGE-HEARING ASSOC,54,0.14281298351147614,0.05541137442934783,0.32119713926524707
2021,4,BIOSCIENTIFICA LTD,23,0.12123128363329193,0.019339679060361548,0.4911069567063386
2021,4,ASSOC RESEARCH VISION OPHTHALMOLOGY INC,35,0.12829410862789356,0.03859130920387696,0.3504911568946074
2021,4,ASSOC COMPUTING MACHINERY,113,0.0,0.0,0.17488720958701884
2021,4,AMER SOC MICROBIOLOGY,183,0.17943022185492835,0.10301158439128298,0.29396094988928556
2021,4,AMER METEOROLOGICAL SOC,79,0.0235175321404767,0.003494410754151927,0.14193249390596116
2021,4,ASCE-AMER SOC CIVIL ENGINEERS,78,0.09685552865049471,0.02707990337254408,0.29238804046786754
2021,4,ANNUAL REVIEWS,107,0.12234960538977488,0.050066263789082986,0.26939648584410864
2021,4,BRITISH EDITORIAL SOC BONE & JOINT SURGERY,37,0.0,0.0,0.31333634067193583
2021,4,AMER SOC NEPHROLOGY,87,0.07175622220929835,0.02382394288110149,0.196693799686677
2021,4,BRITISH INST RADIOLOGY,14,0.0,0.0,0.6668734143816732
2021,4,C EJ PUBLISHING GROUP,12,0.0,0.0,0.3765856538002298
2021,3,FRONTIERS MEDIA SA,1962,0.07674046917146804,0.060769395517596005,0.09647781128951462
2021,4,AMER ASSOC CANCER RESEARCH,305,0.11831061863673131,0.07155945189777352,0.1893752372257152
2021,3,SAGE PUBLICATIONS LTD,623,0.027609846560007156,0.012565661292843713,0.059578853844264035
2021,2,PERGAMON-ELSEVIER SCIENCE LTD,4550,0.041778855068310694,0.03356983323491663,0.05188749864631034
2021,3,TAYLOR & FRANCIS LTD,717,0.05300798828019649,0.03061199611952253,0.09026339705294495
2021,3,SPRINGERNATURE,1157,0.08023404194562482,0.05852185470778333,0.10906845848644753
2021,4,CENTERS DISEASE CONTROL & PREVENTION,58,0.0,0.0,0.4070712740622457
2021,4,CHINESE JOURNAL NATURAL MEDICINES,12,0.0,0.0,0.7007848726184505
2021,4,"CHINA UNIV GEOSCIENCES, WUHAN",18,0.026395774864151008,6.474191196049176e-05,0.9190445190838887
2021,4,CHINESE LASER PRESS,19,0.0,0.0,0.40044023841423837
2021,4,"CHINA UNIV GEOSCIENCES, BEIJING",16,0.10668179445303119,0.016241419967505784,0.463472962490469
2021,4,COGITATIO PRESS,22,0.0,0.0,0.4231575776324198
2021,4,COLL AMER PATHOLOGISTS,17,0.0,0.0,0.37396943125465604
2021,4,COLL FAMILY PHYSICIANS CANADA,10,0.0,0.0,0.952775529282575
2021,4,"COLD SPRING HARBOR LAB PRESS, PUBLICATIONS DEPT",56,0.0,0.0,0.403324527684669
2021,4,CONSEJO SUPERIOR INVESTIGACIONES CIENTIFICAS-CSIC,11,0.0,0.0,0.7495329427054945
2021,4,CSIRO PUBLISHING,14,0.0,0.0,0.5866955655234468
2021,4,CROATIAN SOC MEDICAL BIOCHEMISTRY & LABORATORY MEDICINE,11,0.0,0.0,0.6922859110709847
2021,4,CURRENT BIOLOGY LTD,52,0.0,0.0,0.19224687779935176
2021,4,CMA-CANADIAN MEDICAL ASSOC,34,0.06260751059484848,0.008632516032346953,0.33874669396280094
2021,4,CURRENT MEDICINE GROUP,10,0.3868739012508654,0.09534393968719913,0.7906951044244014
2021,4,COMPANY BIOLOGISTS LTD,48,0.0589687622572431,0.010216422518238125,0.27558922955699444
2021,4,EDIZIONI MINERVA MEDICA,14,0.0,0.0,0.6450861883267455
2021,4,CHURCHILL LIVINGSTONE INC MEDICAL PUBLISHERS,42,0.08592486390196766,0.016617800241110457,0.343360185583042
2021,3,SPRINGER HEIDELBERG,851,0.02016987758034624,0.00908748353439861,0.04416512858632342
2021,4,DUKE UNIV PRESS,71,0.0,0.0,0.24968786490224007
2021,4,AMER ASSOC ADVANCEMENT SCIENCE,399,0.03205887809750276,0.006528454254839794,0.14305323119835686
2021,4,AMER MEDICAL ASSOC,532,0.044946799071562155,0.024623426559025254,0.08065729862168007
2021,4,EDUCATIONAL PUBLISHING FOUNDATION-AMERICAN PSYCHOLOGICAL ASSOC,34,0.12077632369115661,0.022069056803638392,0.45538508904654146
2021,3,SAGE PUBLICATIONS INC,992,0.04581408469027974,0.02856034152370148,0.07271091439545849
2021,4,DOVE MEDICAL PRESS LTD,97,0.07655732444921551,0.02653452852672502,0.20137505058176713
2021,4,ACOUSTICAL SOC AMER AMER INST PHYSICS,497,0.017774317257717925,0.005981247159381991,0.051612166196840545
2021,4,CHURCHILL LIVINGSTONE,151,0.0691156393266853,0.028611561318409143,0.15765341522786813
2021,4,ELSEVIER - DIVISION REED ELSEVIER INDIA PVT LTD,10,0.0,0.0,0.8070132954160231
2021,4,ELSEVIER ESPANA SLU,10,0.0,0.0,0.9247635484314892
2021,4,EDP SCIENCES S A,195,0.009211754044263887,0.0014356390965574292,0.05671484636568377
2021,4,ELSEVIER INC,34,0.0,0.0,0.3732712256839276
2021,4,CHINESE CHEMICAL SOC,40,0.025612138568820147,0.003596013620650808,0.16068243233597368
2021,4,COPERNICUS GESELLSCHAFT MBH,267,0.0361801150584439,0.014724784973739746,0.08616384232658819
2021,4,"ELSEVIER MASSON, CORP OFF",31,0.039527304250091266,0.0019251353007588717,0.4675368030808612
2021,4,ELSEVIER ADVANCED TECHNOLOGY,94,0.04099550235131272,0.004199084329229807,0.3023386773576157
2021,2,MDPI,5446,0.06123206661757813,0.05213732333133284,0.0717931183143789
2021,4,AIP Publishing,463,0.004153564361773537,0.0005939261507999684,0.02844042712138297
2021,4,ACADEMIC PRESS LTD- ELSEVIER SCIENCE LTD,788,0.052508667347223294,0.032689560392569345,0.0833088841698555
2021,2,SPRINGER,3689,0.047330350501237954,0.037894421715157965,0.05897186199632863
2021,4,ELSEVIER GMBH,117,0.07032768950217788,0.025992686217057286,0.1765745964678324
2021,4,AMER GEOPHYSICAL UNION,509,0.026739769669503522,0.011088394018806754,0.06307415107283468
2021,4,ELSEVIER SINGAPORE PTE LTD,37,0.0,0.0,0.3917351158678135
2021,4,ELSEVIER SCIENCE LONDON,73,0.09332584030932362,0.029705504779972792,0.2570983523865633
2021,4,"ETHNICITY & DISEASE, INC",14,0.0,0.0,0.4981179012555958
2021,4,EUROPA EDITION,19,0.0,0.0,0.2329541262460582
2021,2,ELSEVIER SCI LTD,5941,0.03696294779241432,0.030017659529289167,0.045439911476274866
2021,4,EUROPEAN MATHEMATICAL SOC-EMS,15,0.0,0.0,0.539834670976991
2021,4,EXCERPTA MEDICA INC-ELSEVIER SCIENCE INC,28,0.0,0.0,0.4361876140079075
2021,4,EUR CENTRE DIS PREVENTION & CONTROL,16,0.0838416928834408,0.008045815389632536,0.5080011341003288
2021,4,ELSEVIER FRANCE-EDITIONS SCIENTIFIQUES MEDICALES ELSEVIER,303,0.09476673631494406,0.05697814749822867,0.15353676068310004
2021,3,AMER CHEMICAL SOC,3708,0.031215817368359922,0.023320122324175397,0.041670767119464304
2021,4,ENDOCRINE SOC,52,0.1093668469890789,0.03357298381641665,0.3026805763526352
2021,4,FERRATA STORTI FOUNDATION,28,0.09922658184987156,0.015384964600676374,0.43712568862069573
2021,4,FUTURE MEDICINE LTD,13,0.6507801660370978,0.17778973926184624,0.9413835399026667
2021,4,"GEOLOGICAL SOC AMER, INC",41,0.0,0.0,0.39968034020705406
2021,4,GEOMETRY & TOPOLOGY PUBLICATIONS,10,0.0,0.0,0.7724109218657205
2021,3,"ROUTLEDGE JOURNALS, TAYLOR & FRANCIS LTD",1489,0.02410021397758645,0.013127792310409014,0.04383619715417764
2021,4,HARBORSIDE PRESS,10,0.013409142217578102,3.2683333349906857e-20,0.9999999999999998
2021,4,GEORG THIEME VERLAG KG,80,0.0,0.0,0.06651387606952575
2021,4,HANLEY & BELFUS-ELSEVIER INC,26,0.19916256533742915,0.059004115823052525,0.49656465967883967
2021,4,HUMAN KINETICS PUBL INC,17,0.11053416879917247,0.006442104954785087,0.7042969211667796
2021,4,HIGHER EDUCATION PRESS,29,0.062261706281455394,0.0008832707310167398,0.8329591863614756
2021,4,ELSEVIER TAIWAN,45,0.0015054195654938252,5.93513407959803e-60,1.0
2021,4,EUROPEAN RESPIRATORY SOC JOURNALS LTD,112,0.04540122661399039,0.010297004120971433,0.17858671536287332
2021,4,IGI GLOBAL,23,0.0,0.0,0.3709869261348326
2021,4,INFORMS,38,0.0,0.0,0.1406857533808411
2021,4,"INST MATERIA MEDICA, CHINESE ACAD MEDICAL SCIENCES",26,0.0,0.0,0.5131324138269497
2021,4,INT SOC BAYESIAN ANALYSIS,12,0.0,0.0,0.641102661943623
2021,4,INST MATHEMATICAL STATISTICS-IMS,53,0.0,0.0,0.17944850194632658
2021,4,INT UNION CRYSTALLOGRAPHY,34,0.0,0.0,0.3727741637417889
2021,4,INT SOC GLOBAL HEALTH,18,0.14450629636166493,0.021867458593064586,0.5606829553968116
2021,4,INTER-RESEARCH,37,0.007139094250755759,1.178089619709491e-08,0.9997721914723592
2021,4,JAPAN EPIDEMIOLOGICAL ASSOC,13,0.0,0.0,0.527681248991884
2021,4,JAPANESE SOC HYGIENE,10,0.5041989539555075,0.12492769380863726,0.8786986242830461
2021,4,JOURNAL OF CENTRAL SOUTH UNIV,30,0.0,0.0,0.4324661238471031
2021,4,KERMAN UNIV MEDICAL SCIENCES,14,0.0,0.0,0.42491912830178463
2021,4,JOURNAL MATER SCI TECHNOL,47,0.0,0.0,0.15803443391267605
2021,4,KOREAN ACAD REHABILITATION MEDICINE,10,0.0,0.0,0.7914137597607821
2021,4,KOREAN FIBER SOC,33,0.0,0.0,0.3789435225137956
2021,4,KOREAN SOC LABORATORY MEDICINE,11,0.0,0.0,1.0
2021,4,BMJ PUBLISHING GROUP,875,0.042663168124513484,0.025286057423209433,0.07111096376434976
2021,4,KOREAN NUCLEAR SOC,31,0.05483056372638138,0.007671210164110122,0.3032957152061649
2021,4,HINDAWI LTD,138,0.015397170613260161,0.0021794693662865283,0.10068675440183715
2021,1,WILEY,5735,0.04826867672137901,0.04046064665578093,0.057493205224089954
2021,4,"MASARYKOVA UNIV, FAC SOCIAL STUDIES",11,0.01631537820400394,3.964066477623454e-10,0.9999985590205867
2021,4,MASSACHUSETTS MEDICAL SOC,55,0.02176902061709359,8.079893940856342e-06,0.9839459193150645
2021,4,CELL PRESS,1279,0.07172286810852337,0.0503032329532686,0.1012904312896281
2021,4,IEEE COMPUTER SOC,178,0.022934895630202057,0.004357950058415089,0.11180834072583225
2021,4,JOHN WILEY & SONS LTD,122,0.0224041357116605,0.0037560552409257055,0.12227307220628633
2021,4,AMER PHYSICAL SOC,818,0.01415697234085072,0.00555140423866725,0.03562466657857358
2021,4,"MARY ANN LIEBERT, INC",169,0.12106092335498685,0.0645985038744388,0.21550455132366225
2021,4,EMERALD GROUP PUBLISHING LTD,344,0.05904090890180664,0.03095020820382842,0.10973977651689572
2021,4,MEDYCYNA PRAKTYCZNA SP K SP ZOO,10,0.0,0.0,0.7764300416345375
2021,4,MICROBIOLOGY SOC,11,0.0,0.0,0.6381462379117563
2021,4,MIT PRESS,41,0.0,0.0,0.27886985947701665
2021,4,Medical Journal Sweden AB,11,0.0,0.0,0.7492488643300019
2021,4,NATL MED ASSOC,10,0.0,0.0,0.9732513344400586
2021,4,NATL ATHLETIC TRAINERS ASSOC INC,16,0.27916213651802124,0.06853487664578635,0.6708811376049664
2021,4,ELSEVIER IRELAND LTD,636,0.05217999225437835,0.02995543562402149,0.08937421995339404
2021,3,PUBLIC LIBRARY SCIENCE,1942,0.05109767691422202,0.03872126388717606,0.06715359188310095
2021,4,KEAI PUBLISHING LTD,274,0.04162195476545086,0.015915829902197937,0.1044404338833824
2021,4,NONFERROUS METALS SOC CHINA,19,0.0,0.0,0.5685215872770738
2021,4,NATURE PUBL GROUP,24,0.0,0.0,0.416333302857137
2021,4,NORTHEAST FORESTRY UNIV,21,0.0848302192732543,0.012538799201755763,0.40357140498183386
2021,4,PALGRAVE MACMILLAN LTD,15,0.0,0.0,0.3633326832909856
2021,4,Optica Publishing Group,20,0.0,0.0,0.5511462933333835
2021,4,ACADEMIC PRESS INC ELSEVIER SCIENCE,1248,0.028201074877815452,0.016752381716511004,0.047099096508514106
2021,3,ELSEVIER SCIENCE INC,2947,0.05237673580919258,0.041605365004980334,0.06574544812617399
2021,4,PEERJ INC,56,0.10325147439242043,0.03559995277892839,0.264238475767595
2021,3,WILEY-V C H VERLAG GMBH,1418,0.015217613561042825,0.006874950264147376,0.03334408812210853
2021,4,"JMIR PUBLICATIONS, INC",278,0.03699166063483063,0.014770214030658091,0.0896042344984617
2021,4,POLISH CARDIAC SOC,19,0.0,0.0,0.25743428656288914
2021,4,PROJECT HOPE,14,0.0,0.0,0.716367782143408
2021,4,PORTLAND PRESS LTD,30,0.10951334341670689,0.019985197319912305,0.4258343244835869
2021,4,RADIOLOGICAL SOC NORTH AMERICA (RSNA),46,0.0,0.0,0.27210753612384064
2021,4,ROYAL COLL GENERAL PRACTITIONERS,20,0.0,0.0,0.48457345594930645
2021,4,SCIPOST FOUNDATION,17,0.0,0.0,0.524280732090338
2021,4,ROCKEFELLER UNIV PRESS,82,0.1299764672096701,0.04820579600687001,0.3058774242849937
2021,4,SOC EXPLORATION GEOPHYSICISTS - SEG,36,0.0,0.0,0.42321366767887036
2021,4,SHANGHAI JIAO TONG UNIV PRESS,18,0.08008311854907625,0.011146888113020998,0.40202106200371573
2021,4,SOC PETROLEUM ENG,28,0.04892404957606008,0.0013956353687518538,0.6543824667074923
2021,4,SPANDIDOS PUBL LTD,33,0.24508905091779287,0.09937393658423106,0.4885629760251514
2021,4,SOC NEUROSCIENCE,74,0.16016239944649358,0.07577529388717512,0.307281901970972
2021,4,SOC NUCLEAR MEDICINE INC,25,0.08244629634265095,0.011980530281100259,0.39970164287027127
2021,4,SPRINGER FRANCE,26,0.0,0.0,0.3424432681165428
2021,4,MOSBY-ELSEVIER,439,0.07118428477447472,0.04348252277987066,0.1144230739428177
2021,4,SPRINGER BASEL AG,138,0.0,0.0,0.06474219220872099
2021,4,SPRINGER JAPAN KK,63,0.0,0.0,0.3041896939230611
2021,4,TARU PUBLICATIONS,21,0.0,0.0,0.5892479157910543
2021,4,SPRINGER SINGAPORE PTE LTD,24,0.13741815161536053,0.02331103182145879,0.5153547718005879
2021,4,TAYLOR & FRANCIS AS,14,0.49295352853567903,0.13649521421119992,0.8567229455139623
2021,4,SPRINGER LONDON LTD,75,0.03527170194086195,0.0033847111194640245,0.282431017749571
2021,4,THIEME MEDICAL PUBL INC,29,0.0,0.0,0.30779959785970995
2021,4,"UNIV KRAGUJEVAC, FAC SCIENCE",13,0.0,0.0,0.892482423761711
2021,4,UNIV SISTAN & BALUCHESTAN,11,0.0,0.0,0.7154373238098982
2021,4,NATL ACAD SCIENCES,351,0.054197449099519894,0.026872463462373722,0.10627320756279154
2021,4,UNIV PENNSYLVANIA PRESS,31,0.0,0.0,1.0
2021,4,US DEPT HEALTH HUMAN SCIENCES PUBLIC HEALTH SCIENCE,17,0.0,0.0,0.4694778397301009
2021,4,VEREIN FORDERUNG OPEN ACCESS PUBLIZIERENS QUANTENWISSENSCHAF,24,0.0,0.0,0.44527305895231195
2021,4,UNIV CHICAGO PRESS,118,0.0,0.0,0.08910568100578457
2021,4,UNIV NIS,12,0.0,0.0,0.755034259188127
2021,4,"VILNIUS UNIV, INST MATHEMATICS & INFORMATICS",18,0.0,0.0,0.6919337603324713
2021,4,TERMEDIA PUBLISHING HOUSE LTD,62,0.16305340938326626,0.059451096364604626,0.37518055927311433
2021,4,WAGENINGEN ACADEMIC PUBLISHERS,12,0.0,0.0,0.7306920373376986
2021,4,VILNIUS GEDIMINAS TECH UNIV,14,0.0926921728043279,0.006377962877457698,0.6191902435794188
2021,4,SPRINGER WIEN,85,0.026652958826498097,0.004140506365715379,0.15278886272253095
2021,4,SPRINGER-VERLAG ITALIA SRL,94,0.03950387338129247,0.010190351858786357,0.14111847911791014
2021,4,SCIENCE PRESS,209,0.04543118454648027,0.01787539668553203,0.11067851491746661
2021,3,IEEE-INST ELECTRICAL ELECTRONICS ENGINEERS INC,2755,0.03246820605046894,0.022841015842614328,0.04596226914209247
2021,4,WALTER DE GRUYTER GMBH,79,0.01751203236964895,0.00019109397414728547,0.6243737116396183
2021,4,ROYAL SOC,210,0.009500846979874597,0.0013496002186614534,0.06374126149268106
2021,4,W B SAUNDERS CO LTD,106,0.09910992679986101,0.039730532397136656,0.22631914495701885
2021,4,SPRINGER INT PUBL AG,185,0.06983803494814414,0.032699492910129115,0.14292440546930751
2021,4,"WILEY PERIODICALS, INC",12,0.11918492325265534,0.00995325080586447,0.6455442109772831
2021,4,ZHEJIANG UNIV PRESS,14,0.0,0.0,0.788348600178164
2021,5,ACAD MEDICINE SINGAPORE,11,0.0,0.0,0.9276449338535974
2021,5,ACAD MANAGEMENT,16,0.0,0.0,0.9462765260914047
2021,4,WORLD SCIENTIFIC PUBL CO PTE LTD,75,0.0,0.0,0.2837963989658389
2021,4,WOLTERS KLUWER MEDKNOW PUBLICATIONS,30,0.11087313956671607,0.02789333520289346,0.3514597729759945
2021,4,SPRINGER/PLENUM PUBLISHERS,192,0.051672149405935126,0.019202392102166406,0.13167475954447647
2021,4,TSINGHUA UNIV PRESS,139,0.014905428251506687,0.0021188497655540875,0.09732878718902323
2021,5,AMER ACAD FAMILY PHYSICIANS,18,0.0,0.0,0.9120602383709799
2021,4,OXFORD UNIV PRESS INC,842,0.04973708029396954,0.03131827374332344,0.07811476978069079
2021,5,AMER ASSOC CRITICAL CARE NURSES,11,0.16482059596392581,0.022836359257456466,0.6249757638658333
2021,5,AMER BOARD FAMILY MEDICINE,27,0.1287910478578481,0.03239353386684545,0.3949589551811751
2021,5,ACOUSTICAL SOC AMER AMER INST PHYSICS,63,0.05247188273382956,0.012372884956400898,0.19665071277164392
2021,5,AMER ACAD SLEEP MEDICINE,47,0.022405896830921146,1.4489066356356326e-05,0.9731575391624293
2021,5,AMER ACAD PEDIATRICS,58,0.004840536981431344,7.744919908112358e-08,0.996737159207274
2021,5,AME PUBLISHING COMPANY,35,0.04354582823427031,0.0061434858327628255,0.2511219641374889
2021,4,FRONTIERS MEDIA SA,1826,0.0746119585599822,0.05836827123136398,0.09492051568822903
2021,4,eLIFE SCIENCES PUBL LTD,175,0.0922367190039641,0.03512518811354795,0.22094449301115662
2021,5,AMER ASSOC CANCER RESEARCH,141,0.13318186050434022,0.06602118493735394,0.2503494958705055
2021,5,AMER ASSOC NEUROLOGICAL SURGEONS,74,0.14233662041163106,0.0606228524455592,0.29912067806005876
2021,5,AMER ECONOMIC ASSOC,26,0.0,0.0,0.3721656616633521
2021,4,TAYLOR & FRANCIS INC,326,0.03341666161241222,0.010792321296184449,0.09873530746522383
2021,5,AMER DIABETES ASSOC,59,0.2445663384318269,0.12595929995182098,0.4210553333887381
2021,5,AMER MATHEMATICAL SOC,20,0.11663600821303878,0.021571796217637332,0.44156872044625184
2021,4,W B SAUNDERS CO-ELSEVIER INC,306,0.1237549067866084,0.07801421193183616,0.19076504222791013
2021,5,AMER METEOROLOGICAL SOC,82,0.0,0.0,0.09002283029327308
2021,5,AMER ROENTGEN RAY SOC,47,0.0,0.0,0.5202170770255927
2021,5,"AMER PSYCHIATRIC PUBLISHING, INC",41,0.0,0.0,0.17244994975747355
2021,5,AMER PSYCHOLOGICAL ASSOC,63,0.0,0.0,0.2620986957925033
2021,5,AMER PUBLIC HEALTH ASSOC INC,26,0.19009355247726803,0.010979122400640884,0.8322858782895156
2021,5,ADIS INT LTD,114,0.05009240514497608,0.014846550204937596,0.15578100452755916
2021,5,AMER COLL PHYSICIANS,64,0.11980775024035206,0.03833754653138985,0.31728649315630425
2021,4,IOP Publishing Ltd,836,0.013168889685118177,0.0053965704292242124,0.03177751424015219
2021,5,AMER SOC PHARMACOLOGY EXPERIMENTAL THERAPEUTICS,18,0.0,0.0,0.40514556384021205
2021,5,AMER THORACIC SOC,32,0.0,0.0,0.2092259518900851
2021,5,ANNALS FAMILY MEDICINE,16,0.03260179164297277,0.00014001831682964005,0.8902318338517519
2021,5,AMER SOC NEURORADIOLOGY,29,0.02800512652881862,0.0003428536940201396,0.7076375947738281
2021,5,AMER PHYTOPATHOLOGICAL SOC,81,0.02992131106605494,0.003245606336556377,0.22610963390552355
2021,5,ASSOCIACAO BRASILEIRA PESQUISA POS-GRADUACAO FISIOTERAPIA-ABRAPG-FT,15,0.0,0.0,0.49932040361645147
2021,5,AUSTRALASIAN SOC COMPUTERS LEARNING TERTIARY EDUCATION-ASCILITE,18,0.0,0.0,0.25800573673683624
2021,5,ASCE-AMER SOC CIVIL ENGINEERS,99,0.0,0.0,0.10103532923900724
2021,5,AMER PHYSIOLOGICAL SOC,131,0.19205244906779068,0.10858161159196883,0.3168804177733164
2021,5,AMER SOC NEPHROLOGY,55,0.10546252704544304,0.030479374059490253,0.30658138198444385
2021,5,AMER SOC HEMATOLOGY,75,0.06207365991584739,0.009381915954504362,0.31622946642150546
2021,5,AMER SOC CLINICAL INVESTIGATION INC,97,0.25607478638539677,0.13726942750427193,0.42683279524453543
2021,5,ASSOC RESEARCH VISION OPHTHALMOLOGY INC,29,0.12016532388140908,0.020087020546802947,0.4764321904680545
2021,5,AMER SPEECH-LANGUAGE-HEARING ASSOC,51,0.15173338429018152,0.060520193713467514,0.3318585921392359
2021,5,BENTHAM SCIENCE PUBL LTD,16,0.2009532148235935,0.03840392180701711,0.6129525285374076
2021,5,BAISHIDENG PUBLISHING GROUP INC,35,0.38081473706088914,0.16983978736447092,0.6489848767272164
2021,5,BIOSCIENTIFICA LTD,26,0.054687377629965256,0.007819735282465053,0.29806872479537205
2021,5,ANNUAL REVIEWS,110,0.042591842369245465,0.009902461819468019,0.16518914249323705
2021,4,WILEY-HINDAWI,306,0.02544901345034745,0.00848655166187084,0.07379190052702038
2021,4,SAGE PUBLICATIONS INC,1041,0.0663901377732986,0.04623138805705385,0.09446828610466125
2021,3,OXFORD UNIV PRESS,2744,0.04762591806202614,0.0370930470949011,0.06096033355545589
2021,5,AMER SOC MICROBIOLOGY,177,0.03748405662494776,0.007127829944029792,0.17441210745151148
2021,5,AMER ASSOC ADVANCEMENT SCIENCE,337,0.027088878404539378,0.0038306165569609433,0.1677794143834796
2021,5,BRILL,11,0.0,0.0,0.7072101785662179
2021,5,C EJ PUBLISHING GROUP,12,0.05064795651406757,0.0007930425931792043,0.7819520883309771
2021,5,CANADIAN OPHTHAL SOC,11,0.0,0.0,0.6931736751089083
2021,4,SAGE PUBLICATIONS LTD,644,0.03443290458248498,0.018222665991458116,0.06412140145372597
2021,5,CHINESE LASER PRESS,18,0.0,0.0,0.5168038936709933
2021,5,CENTERS DISEASE CONTROL & PREVENTION,60,0.0,0.0,0.15649477877217635
2021,5,"CHINA UNIV GEOSCIENCES, BEIJING",24,0.039493141075413886,0.0007605981269528582,0.6895414294844129
2021,5,COGITATIO PRESS,18,0.0,0.0,0.25506331669142723
2021,5,CLEVELAND CLINIC,12,0.04377133022486679,1.1675582762941925e-05,0.994458665019857
2021,5,COLL FAMILY PHYSICIANS CANADA,13,0.0,0.0,0.8307311710948843
2021,5,COLL AMER PATHOLOGISTS,14,0.0,0.0,0.6543300700651855
2021,5,COLEGIO OFICIAL DE PSICOLOGOS DE ASTURIAS,20,0.0,0.0,0.5652460748430483
2021,5,CSIRO PUBLISHING,16,0.0,0.0,0.21447858007222334
2021,5,ASSOC COMPUTING MACHINERY,143,0.03445130179398762,0.01062973180708168,0.10594134196987472
2021,5,"COLD SPRING HARBOR LAB PRESS, PUBLICATIONS DEPT",30,0.15023269850688706,0.03721903890749181,0.44706195724009157
2021,5,CURRENT BIOLOGY LTD,48,0.0,0.0,0.15981147485515707
2021,4,TAYLOR & FRANCIS LTD,824,0.054309960297950585,0.034819004294619975,0.08376465365574678
2021,5,COMPANY BIOLOGISTS LTD,33,0.15598534132584235,0.0451703134061547,0.41928170567311535
2021,5,CURRENT MEDICINE GROUP,18,0.0949873845556678,0.004218959965175137,0.7222257762971346
2021,5,CMA-CANADIAN MEDICAL ASSOC,40,0.08152214502122548,0.012134847492860895,0.390735589765582
2021,5,BRITISH EDITORIAL SOC BONE & JOINT SURGERY,69,0.0500431073765452,0.011251814352914717,0.19605220509190965
2021,5,AMER MEDICAL ASSOC,495,0.050559440676704925,0.02735752544961231,0.09158602045355535
2021,5,EDITURA ASE,16,0.02770349210007243,6.735193271847621e-07,0.9991710685363828
2021,5,CHURCHILL LIVINGSTONE INC MEDICAL PUBLISHERS,59,0.07856996722876033,0.022468171410053202,0.2403167939763334
2021,5,EDIZIONI MINERVA MEDICA,47,0.021795453151052104,0.0004988989992364865,0.4986432600744098
2021,5,EDUCATIONAL PUBLISHING FOUNDATION-AMERICAN PSYCHOLOGICAL ASSOC,23,0.059581218049668344,0.0027154370464965993,0.5958284654660075
2021,5,DUKE UNIV PRESS,66,0.16972314512306985,0.024824327755223006,0.6214276276779258
2021,4,BMC,2077,0.06092531585294767,0.04763700258096614,0.0776182918694313
2021,5,CHINESE CHEMICAL SOC,26,0.02677506898118338,0.001554176449701221,0.3271653366823353
2021,5,AMER GEOPHYSICAL UNION,414,0.022443201411817125,0.008002254557229346,0.06133316937396732
2021,5,AIP Publishing,427,0.009825463730641292,0.002563842431293078,0.03689356867886782
2021,5,CHURCHILL LIVINGSTONE,135,0.08408426600665835,0.0374621107009826,0.17799859921932507
2021,4,SPRINGERNATURE,910,0.06777017199228559,0.04624365107047987,0.0982847071420094
2021,5,DOVE MEDICAL PRESS LTD,128,0.047989684647224425,0.01610769741133396,0.13435836781334257
2021,5,CAMBRIDGE UNIV PRESS,600,0.042393643038495354,0.018713180757797834,0.09319443231659727
2021,5,ELSEVIER ESPANA,13,0.0,0.0,0.773600608109185
2021,4,SPRINGER HEIDELBERG,823,0.05138602995559499,0.03242717086081756,0.08050708308288707
2021,5,ELSEVIER ESPANA SLU,14,0.17203761089233355,0.0318082269235374,0.5678773490276163
2021,5,ELSEVIER - DIVISION REED ELSEVIER INDIA PVT LTD,24,0.25121317488897066,0.07989472345813171,0.5645068336757123
2021,5,ELSEVIER INC,24,0.11929578940876516,0.024029674289190516,0.4270031330868899
2021,5,"ELSEVIER MASSON, CORP OFF",31,0.0,0.0,0.4015640725117304
2021,5,ELSEVIER ADVANCED TECHNOLOGY,106,0.10371484344557907,0.04443009284309659,0.2235953612113064
2021,5,EDP SCIENCES S A,169,0.009114844388726501,0.0012943777085512767,0.06128604776277189
2021,5,COPERNICUS GESELLSCHAFT MBH,271,0.022508005104041676,0.007511642139128521,0.0654684544300113
2021,5,ELSEVIER GMBH,125,0.0974545170079809,0.042983670740125005,0.2060884753747136
2021,5,"ETHNICITY & DISEASE, INC",12,0.0,0.0,0.5287102411514495
2021,5,EUR CENTRE DIS PREVENTION & CONTROL,14,0.0,0.0,0.8111077615935672
2021,5,ELSEVIER SCIENCE LONDON,70,0.0023491090018049597,2.942876079612068e-17,0.9999999999946921
2021,5,EUROPA EDITION,14,0.0,0.0,0.7785433119679411
2021,5,EXCERPTA MEDICA INC-ELSEVIER SCIENCE INC,12,0.0,0.0,0.5306028343021392
2021,5,EUROPEAN MATHEMATICAL SOC-EMS,27,0.0,0.0,0.47634465468361314
2021,5,ELSEVIER SINGAPORE PTE LTD,19,0.02691502176134266,1.59933351109632e-05,0.9795227064111465
2021,5,FERRATA STORTI FOUNDATION,19,0.0,0.0,0.7107117924239954
2021,5,EUROPEAN RESPIRATORY SOC JOURNALS LTD,64,0.0,0.0,0.06518365398271195
2021,5,ELSEVIER TAIWAN,46,0.0,0.0,0.15544838708067713
2021,4,CAMBRIDGE UNIV PRESS,2681,0.05167172977026427,0.040365082639012353,0.06592789428420924
2021,5,"FORUM MULTIMEDIA PUBLISHING, LLC",10,0.14199761614739512,0.019698467052885676,0.5768184225578387
2021,3,NATURE PORTFOLIO,4347,0.04999689128265319,0.04036500043007486,0.06177917924134735
2021,5,ENDOCRINE SOC,69,0.06056225391336216,0.015646528977129686,0.20726620242609164
2021,5,ACADEMIC PRESS LTD- ELSEVIER SCIENCE LTD,709,0.03770753664698181,0.02104192545324012,0.06667365948216938
2021,5,"GEOLOGICAL SOC AMER, INC",33,0.0,0.0,0.3631548692276594
2021,5,GEORG THIEME VERLAG KG,71,0.0,0.0,0.18704919617603774
2021,5,FUTURE MEDICINE LTD,25,0.11144771407661518,0.016080145213166582,0.49047196910712487
2021,4,ELSEVIER SCIENCE SA,1800,0.023060074277306726,0.01421730480268646,0.03719527837243293
2021,5,HUMAN KINETICS PUBL INC,20,0.0,0.0,0.5191035374010764
2021,5,HUMANA PRESS INC,10,0.0,0.0,0.5504042030762992
2021,5,HARBORSIDE PRESS,22,0.15287940391856994,0.024494495335746165,0.5646658057413646
2021,5,ELSEVIER FRANCE-EDITIONS SCIENTIFIQUES MEDICALES ELSEVIER,390,0.09108517792312322,0.05484716355854227,0.14752874948830774
2021,5,HIGHER EDUCATION PRESS,28,0.07823650680140826,0.011305550397897181,0.386508380734995
2021,5,INST MATHEMATICAL STATISTICS-IMS,13,0.0,0.0,0.5990792639044473
2021,5,IGI GLOBAL,24,0.0,0.0,0.3858512952613663
2021,5,INFORMS,36,0.0,0.0,0.3294293951281323
2021,5,HINDAWI LTD,103,0.026847731789237547,0.002353215600223188,0.2439578084194094
2021,5,INT SCIENTIFIC RESEARCH PUBLICATIONS,14,0.0,0.0,0.48981535804875553
2021,5,INT UNION AGAINST TUBERCULOSIS LUNG DISEASE (I U A T L D),17,0.032822082662500245,4.636828419172621e-06,0.9959898701532391
2021,5,INTER-RESEARCH,20,0.0,0.0,0.1880904980780328
2021,5,INT SOC GLOBAL HEALTH,13,0.2152546236607665,0.03561655409809501,0.6707552868030094
2021,5,"INST MATERIA MEDICA, CHINESE ACAD MEDICAL SCIENCES",31,0.0979154721730349,0.013626435457942494,0.46028786239011754
2021,5,JOHN BENJAMINS PUBLISHING CO,10,0.0,0.0,0.8643813814680708
2021,5,INT UNION CRYSTALLOGRAPHY,40,0.0595080637336304,0.008863744049065045,0.3092346677137048
2021,5,KERMAN UNIV MEDICAL SCIENCES,13,0.0,0.0,0.6401430874727734
2021,5,KOREAN INST METALS MATERIALS,13,0.0,0.0,0.6872336879370649
2021,5,JOURNAL OF CENTRAL SOUTH UNIV,23,0.11233233222638725,0.017340360616056844,0.4757576865369734
2021,4,"ROUTLEDGE JOURNALS, TAYLOR & FRANCIS LTD",1427,0.03639990027910231,0.021471370482082818,0.061060201604727145
2021,5,JOURNAL MATER SCI TECHNOL,101,0.0,0.0,0.21089749444586992
2021,5,KOREAN SOC PEDIATRIC ENDOCRINOLOGY,14,0.0,0.0,0.654710589328347
2021,4,WILEY-V C H VERLAG GMBH,1191,0.0257660898811235,0.013814957219282756,0.047557413191367574
2021,5,KOREAN FIBER SOC,59,0.0,0.0,0.15198638281242857
2021,5,KOREAN STROKE SOC,12,0.0,0.0,0.6579837314078495
2021,5,KOREAN SOC PRECISION ENG,18,0.07952355321478574,0.009233207194270794,0.44472592719695747
2021,4,PUBLIC LIBRARY SCIENCE,1766,0.044774132040184995,0.03277475632442266,0.06089011111984186
2021,5,KOREAN NUCLEAR SOC,39,0.044629045770391285,0.006347634573462734,0.25461952407705646
2021,5,IEEE COMPUTER SOC,176,0.06850490300210735,0.03411402546802306,0.13279900546185194
2021,3,SPRINGER,4119,0.029659729820107436,0.02265115924352869,0.03875086498732656
2021,5,"JMIR PUBLICATIONS, INC",228,0.12099079371736576,0.06823755289180605,0.20553069313831887
2021,5,CELL PRESS,1243,0.03654356034874878,0.02078837889591757,0.06346543932511577
2021,5,ELSEVIER IRELAND LTD,697,0.03665610530492696,0.019507076924061707,0.06783808245766573
2021,5,JOHN WILEY & SONS LTD,142,0.05700201252471465,0.017844067425417325,0.16744056546371597
2021,2,WILEY,5866,0.038735001052078125,0.031694212753228874,0.04726353821794686
2021,5,MATHEMATICAL SCIENCE PUBL,10,0.0,0.0,0.8787992398115779
2021,5,"MARY ANN LIEBERT, INC",91,0.0992710855417115,0.037754682949120454,0.2363961591634933
2021,5,MASSACHUSETTS MEDICAL SOC,61,0.07266557390308767,0.011210173490399475,0.3513220674381012
2021,5,KEAI PUBLISHING LTD,221,0.027596240021069703,0.007878310157455737,0.09208398686170549
2021,5,MEDYCYNA PRAKTYCZNA SP K SP ZOO,15,0.0,0.0,0.6744189435839653
2021,5,MICROBIOLOGY SOC,16,0.0,0.0,0.4552308165374991
2021,5,EMERALD GROUP PUBLISHING LTD,461,0.04376764084756617,0.02104251929924778,0.08880861622965239
2021,5,MIT PRESS,38,0.0,0.0,0.2873572671291493
2021,5,Medical Journal Sweden AB,10,0.0,0.0,0.6918272227266262
2021,5,NATL ATHLETIC TRAINERS ASSOC INC,23,0.0,0.0,0.4452409291979059
2021,3,MDPI,6210,0.05701461096784244,0.048745463044552274,0.06658833678551612
2021,3,LIPPINCOTT WILLIAMS & WILKINS,3656,0.06754968061015602,0.05671199956594427,0.08028217828017357
2021,5,NEW YORK BUSINESS GLOBAL LLC,22,0.0,0.0,0.2675669948930286
2021,5,NATURE PUBL GROUP,18,0.2647567755843464,0.07195256233895198,0.6258130705318451
2021,5,NORTHEAST FORESTRY UNIV,15,0.11788283558184015,0.01639345557209177,0.5172622392334877
2021,5,NONFERROUS METALS SOC CHINA,25,0.009422150144545992,8.214266205259992e-09,0.9999092165815072
2021,4,IEEE-INST ELECTRICAL ELECTRONICS ENGINEERS INC,2473,0.045468113938787816,0.03368485360668975,0.06111258291405902
2021,5,IOP Publishing Ltd,777,0.023553248751617132,0.012106712463246452,0.04532560295642569
2021,5,ACADEMIC PRESS INC ELSEVIER SCIENCE,1346,0.051587209636950224,0.0363185980008999,0.07279000936430192
2021,5,PALGRAVE MACMILLAN LTD,23,0.0,0.0,0.3547254516815344
2021,5,NATL ACAD SCIENCES,354,0.05016587437152648,0.022800009254965805,0.10678838696205557
2021,5,Optica Publishing Group,42,0.0034552091570827868,4.161278328517332e-17,0.9999999999965384
2021,5,PEERJ INC,64,0.0,0.0,0.10600071544480409
2021,4,ELSEVIER SCIENCE INC,3302,0.06396570976329971,0.0520275199609411,0.078416628186186
2021,5,MOSBY-ELSEVIER,366,0.08801280608248067,0.05528563307961766,0.1372977496594236
2021,5,BMC,1983,0.0794744787883296,0.06334272819903006,0.09927911287545986
2021,5,PROJECT HOPE,18,0.0852281396296878,0.011761924435284333,0.42174111188643726
2021,5,PORTLAND PRESS LTD,37,0.02320879263866879,0.00032119399437041625,0.6372991052678746
2021,5,ROY COLL PHYS LONDON EDITORIAL OFFICE,32,0.0,0.0,0.4376085536637441
2021,5,RADIOLOGICAL SOC NORTH AMERICA (RSNA),50,0.09929431451514639,0.022825861541446016,0.3422215649421716
2021,5,ROYAL COLL GENERAL PRACTITIONERS,33,0.0,0.0,0.3952167938291581
2021,5,SCANDINAVIAN JOURNAL WORK ENVIRONMENT & HEALTH,10,0.18593387283050578,0.027625146852463298,0.6474191314276879
2021,5,SHANGHAI UNIV,15,0.0,0.0,0.6134368449395068
2021,5,SHANGHAI JIAO TONG UNIV PRESS,14,0.1866544406095194,0.04341358702824293,0.5371326418333969
2021,5,ROCKEFELLER UNIV PRESS,69,0.055031837570983955,0.008501510542681882,0.28343114120677704
2021,5,SCIPOST FOUNDATION,26,0.05449887487220353,0.0077809571088984005,0.297588970836769
2021,5,SOC EXPLORATION GEOPHYSICISTS - SEG,43,0.0,0.0,0.22886917619596628
2021,5,SOC PETROLEUM ENG,20,0.0,0.0,0.563849829953487
2021,5,SPANDIDOS PUBL LTD,41,0.29204073578970285,0.13386193954663633,0.5240436510364682
2021,5,SOC NEUROSCIENCE,57,0.14601062579409219,0.052909250263444736,0.34351659910285676
2021,5,AMER PHYSICAL SOC,837,0.003802566843822603,0.0005791780956795406,0.024525345366624433
2021,5,SPRINGER FRANCE,22,0.09279493617081623,0.013396686131489375,0.4351935547050091
2021,5,SPRINGER JAPAN KK,56,0.0,0.0,0.10859360316042631
2021,5,AMER CHEMICAL SOC,3009,0.04247968598886454,0.032100633896276265,0.05602035167754446
2021,5,TARU PUBLICATIONS,16,0.0,0.0,0.7436753621044373
2021,5,TAYLOR & FRANCIS AS,17,0.0,0.0,0.6950637350609817
2021,5,ROYAL SOC,215,0.07644525512049215,0.03341861874862542,0.16539001501767858
2021,5,SPRINGER LONDON LTD,54,0.036880738619659716,0.005818406232248266,0.20035418961284668
2021,5,SPRINGER SINGAPORE PTE LTD,40,0.06078139622411182,0.007994630399574567,0.34196030524655047
2021,5,SPRINGER INT PUBL AG,126,0.02334853155209129,0.0012579430342866422,0.312131557002717
2021,5,SPRINGER WIEN,73,0.026088043897416653,0.003718389685413427,0.16125113997074578
2021,5,"UNIV KRAGUJEVAC, FAC SCIENCE",11,0.0,0.0,0.8388363150077387
2021,5,TSINGHUA UNIV PRESS,58,0.0,0.0,0.1858983475024751
2021,5,UNIV NEWCASTLE,11,0.0,0.0,0.6708848034384072
2021,5,UNIV SISTAN & BALUCHESTAN,11,0.0,0.0,0.5837169033056608
2021,5,THIEME MEDICAL PUBL INC,24,0.0706773297100997,0.0018422853523189955,0.7580910660933406
2021,5,UNIV CHICAGO PRESS,81,0.0,0.0,0.25384154086345334
2021,5,"UNIV PITTSBURGH, UNIV LIBRARY SYSTEM",14,0.7481632145469391,0.18770766991042284,0.9744852928886709
2021,5,VILNIUS GEDIMINAS TECH UNIV,16,0.0,0.0,0.6632375312430502
2021,5,US DEPT HEALTH HUMAN SCIENCES PUBLIC HEALTH SCIENCE,15,0.18891044389641576,0.031916618006776164,0.6219846426638921
2021,5,SPRINGER BASEL AG,113,0.03210072220438263,0.008154439562611042,0.11800138713613216
2021,5,VEREIN FORDERUNG OPEN ACCESS PUBLIZIERENS QUANTENWISSENSCHAF,15,0.0,0.0,0.46194089826086626
2021,5,SCIENCE PRESS,204,0.012750126124534782,0.0018945849541715117,0.08077191855614385
2021,4,OXFORD UNIV PRESS,2645,0.04942083538880433,0.038947036802185454,0.06252803393193415
2021,5,SPRINGER-VERLAG ITALIA SRL,93,0.01805412509505281,0.002546875043834443,0.11691379372820311
2021,5,TERMEDIA PUBLISHING HOUSE LTD,67,0.04706879333992267,0.011958420215428974,0.16776148195337112
2021,5,W B SAUNDERS CO LTD,105,0.03315121588119124,0.0072552273744461975,0.13857526883020635
2021,5,WALTER DE GRUYTER GMBH,70,0.03777012552397806,0.006558823751130334,0.18921695094495947
2021,4,NATURE PORTFOLIO,3519,0.057940403456088675,0.04671948685965183,0.07165374824778535
2021,5,FRONTIERS MEDIA SA,1809,0.07706912292648047,0.060751399407389974,0.0973156454113607
2021,5,SOC NUCLEAR MEDICINE INC,490,0.062238551576192916,0.040572615436276285,0.09433658185563693
2021,5,SPRINGER/PLENUM PUBLISHERS,234,0.029833364768809784,0.008338604005107747,0.10108788235354971
2021,5,"WILEY PERIODICALS, INC",17,0.09094469820292535,0.003254283772517344,0.7540285639447961
2021,5,W B SAUNDERS CO-ELSEVIER INC,255,0.09267241115174747,0.0509509122366966,0.16270092297553163
2021,5,ZHEJIANG UNIV PRESS,16,0.0,0.0,0.594699052164386
2021,6,ACAD MEDICINE SINGAPORE,11,0.0,0.0,0.9650431733042111
2021,6,ACAD MANAGEMENT,23,0.0,0.0,0.6993951336465113
2021,5,WOLTERS KLUWER MEDKNOW PUBLICATIONS,35,0.0542642766643987,0.00793140791199395,0.2916812921897132
2021,6,AMER ACAD FAMILY PHYSICIANS,17,0.0,0.0,0.901789109984956
2021,6,AMER ACAD PEDIATRICS,60,0.0,0.0,0.24761005068245381
2021,6,AME PUBLISHING COMPANY,101,0.0,0.0,0.10869523234047715
2021,6,AMER ACAD SLEEP MEDICINE,35,0.013696097452436407,8.019646357369671e-07,0.9958582781253483
2021,5,eLIFE SCIENCES PUBL LTD,159,0.05736508962676164,0.01778566682768596,0.16979658251523427
2021,6,AMER ASSOC NEUROLOGICAL SURGEONS,38,0.04926131216084105,0.005642691408991238,0.3211558655109368
2021,6,ACOUSTICAL SOC AMER AMER INST PHYSICS,82,0.026422006018995935,0.0023084504164210657,0.24145962494069972
2021,6,ADIS INT LTD,104,0.048885665406752536,0.013784844451800837,0.15895883246325032
2021,5,WORLD SCIENTIFIC PUBL CO PTE LTD,106,0.0169722743087291,0.0023915027183386765,0.11059542693730182
2021,6,AMER ECONOMIC ASSOC,36,0.0,0.0,0.4341856650940158
2021,6,AMER INST MATHEMATICAL SCIENCES-AIMS,14,0.16085906313449427,0.020855603406549437,0.6330575501205886
2021,5,SAGE PUBLICATIONS INC,778,0.06563444100843412,0.04131087165441192,0.10274469697117904
2021,6,"AMER OCCUPATIONAL THERAPY ASSOC, INC",14,0.25664407491378916,0.042662111257545425,0.7278765561608601
2021,6,AMER COLL PHYSICIANS,44,0.04763398805944501,0.009635119930657353,0.20454161535708015
2021,3,ELSEVIER SCI LTD,6352,0.04293731502014946,0.03582934524897129,0.05138024840968967
2021,6,AMER MATHEMATICAL SOC,52,0.07427138845443348,0.017871618430496745,0.26130390212280935
2021,6,AMER PUBLIC HEALTH ASSOC INC,27,0.0,0.0,0.6607510153254939
2021,6,AMER ROENTGEN RAY SOC,47,0.0,0.0,0.6325927779953527
2021,5,TAYLOR & FRANCIS LTD,708,0.05979475373150897,0.034706681160900046,0.10111826152593602
2021,6,AMER PSYCHOLOGICAL ASSOC,97,0.0,0.0,0.15130536190285165
2021,6,AMER SOC PHARMACOLOGY EXPERIMENTAL THERAPEUTICS,21,0.0,0.0,0.5049042087410365
2021,6,AMER SPEECH-LANGUAGE-HEARING ASSOC,54,0.0,0.0,0.24382479475188049
2021,6,AMER SOC NEURORADIOLOGY,20,0.21314189238646858,0.06868588034840471,0.4987183292373162
2021,6,ASIAN-AUSTRALASIAN ASSOC ANIMAL PRODUCTION SOC,34,0.0,0.0,0.31169352842152004
2021,5,TAYLOR & FRANCIS INC,416,0.030295340050701464,0.011364018509160061,0.07826760250231098
2021,6,"AMER PSYCHIATRIC PUBLISHING, INC",48,0.06242853726490545,0.009707189450375662,0.31143756972544395
2021,6,ASCE-AMER SOC CIVIL ENGINEERS,71,0.0,0.0,0.16129125564213606
2021,6,ANNUAL REVIEWS,103,0.0,0.0,0.09284498229474666
2021,6,AMER ASSOC CANCER RESEARCH,198,0.11018643370583886,0.05469144884651266,0.20951152141888996
2021,6,AMER SOC HEMATOLOGY,73,0.23627875248514385,0.1110389220217622,0.4338381293083557
2021,6,AMER SOC NEPHROLOGY,85,0.0033644256447278565,1.4432739869433585e-16,0.9999999999873351
2021,6,ASSOC COMPUTING MACHINERY,108,0.0,0.0,0.23727987355293995
2021,6,AMER METEOROLOGICAL SOC,86,0.07180478597312999,0.02237881727610777,0.20725125556607377
2021,6,AMER THORACIC SOC,46,0.05007513243704197,0.007026591428610741,0.28196920821432553
2021,6,BENTHAM SCIENCE PUBL LTD,10,0.0,0.0,0.733521926895188
2021,5,SAGE PUBLICATIONS LTD,615,0.04293561674501734,0.024083679263588894,0.07540407610954748
2021,5,ELSEVIER SCIENCE SA,1765,0.02281755805255866,0.014082651620372937,0.036768325077346224
2021,6,BIOSCIENTIFICA LTD,19,0.0,0.0,0.45237058502312566
2021,6,AMER PHYTOPATHOLOGICAL SOC,93,0.021151210308304552,0.0030451693800898154,0.13259447882958406
2021,6,AMER PHYSIOLOGICAL SOC,117,0.1231487849620728,0.05634200682317409,0.24832518028080655
2021,6,AMER ASSOC ADVANCEMENT SCIENCE,382,0.021001206854616237,0.003112435482316085,0.1284572724868817
2021,6,BAISHIDENG PUBLISHING GROUP INC,38,0.07230896715963243,0.010850721701878193,0.3564312430126678
2021,6,AMER SOC CLINICAL INVESTIGATION INC,120,0.1360544949928578,0.06607819273709953,0.2595412181961003
2021,5,WILEY-HINDAWI,366,0.06795643763699345,0.038265175646610035,0.1178627522024743
2021,6,C EJ PUBLISHING GROUP,12,0.0,0.0,0.7496851325008362
2021,6,BRILL,33,0.0,0.0,0.452395951641355
2021,5,SPRINGERNATURE,1131,0.08905270758341323,0.06671235180074414,0.11792898880561664
2021,6,BRITISH EDITORIAL SOC BONE & JOINT SURGERY,35,0.06708291270725243,0.010733479385927449,0.32274661524147963
2021,6,"CHINA UNIV GEOSCIENCES, BEIJING",16,0.0,0.0,0.540499710059416
2021,6,CENTERS DISEASE CONTROL & PREVENTION,57,0.0,0.0,0.2940354043317103
2021,6,CMA-CANADIAN MEDICAL ASSOC,18,0.0,0.0,0.7927039743139289
2021,6,COLL AMER PATHOLOGISTS,15,0.0,0.0,0.6288604736929738
2021,6,CSIRO PUBLISHING,18,0.0,0.0,0.4896500966009817
2021,6,CHINESE LASER PRESS,36,0.11740403689057219,0.0286160531150386,0.375254825761427
2021,6,CURRENT MEDICINE GROUP,15,0.41875894199748726,0.08973142821287403,0.8403961178119544
2021,6,CURRENT BIOLOGY LTD,56,0.0,0.0,0.23909418868624208
2021,6,COGITATIO PRESS,17,0.0796580620803255,0.011127120716814458,0.3996739840891728
2021,6,EDIZIONI MINERVA MEDICA,11,0.0,0.0,0.42042668884198237
2021,6,"COLD SPRING HARBOR LAB PRESS, PUBLICATIONS DEPT",47,0.08084551173582641,0.020170185134963284,0.2731587591809262
2021,6,AMER SOC MICROBIOLOGY,267,0.122826540608245,0.06614760974282226,0.21679646365691096
2021,6,COMPANY BIOLOGISTS LTD,60,0.11843215938369554,0.031157704730658247,0.3594659040015462
2021,6,EDUCATIONAL PUBLISHING FOUNDATION-AMERICAN PSYCHOLOGICAL ASSOC,27,0.0,0.0,0.17966867075086923
2021,6,ASSOC RESEARCH VISION OPHTHALMOLOGY INC,174,0.12567377012526385,0.07103124281128534,0.21272573101313097
2021,6,CHURCHILL LIVINGSTONE INC MEDICAL PUBLISHERS,54,0.0974709933351336,0.03342004002668615,0.2522432744420153
2021,5,SPRINGER HEIDELBERG,780,0.04895139870924005,0.030169460970039978,0.07847981089592407
2021,5,ELSEVIER SCIENCE INC,2429,0.07124144181370187,0.05742905110912224,0.08806549886000224
2021,6,CHINESE CHEMICAL SOC,25,0.12001889397474828,0.03922120554583468,0.31303338020449045
2021,4,AMER CHEMICAL SOC,3502,0.022987195819442696,0.016032284462756428,0.03285844180808656
2021,6,DOVE MEDICAL PRESS LTD,123,0.15897331302854814,0.08244676910311424,0.28450651114713715
2021,4,SPRINGER,3675,0.03506802415560716,0.02711621796246336,0.045243248824379606
2021,6,CHURCHILL LIVINGSTONE,159,0.08214778813932246,0.038911335911611916,0.1651701343242739
2021,5,"ROUTLEDGE JOURNALS, TAYLOR & FRANCIS LTD",1398,0.04100265293853071,0.024451319262659935,0.06797705662720618
2021,6,AMER GEOPHYSICAL UNION,463,0.020209177125118518,0.006635548058636043,0.05987531324014368
2021,4,LIPPINCOTT WILLIAMS & WILKINS,4459,0.06088166544326665,0.050142137896499205,0.07374282480071578
2021,6,ELSEVIER - DIVISION REED ELSEVIER INDIA PVT LTD,19,0.0,0.0,0.34506848861882033
2021,6,ELSEVIER ESPANA SLU,15,0.0,0.0,0.6878132259376288
2021,6,AMER DIABETES ASSOC,555,0.10240402246648656,0.06965715815726146,0.1480950802842304
2021,6,"ELSEVIER MASSON, CORP OFF",29,0.0,0.0,0.44185586537276317
2021,6,EDP SCIENCES S A,207,0.014466306521731049,0.003654383922068012,0.05548517915273555
2021,6,ELSEVIER INC,39,0.08241208947238463,0.02129699579978635,0.2704441561566943
2021,6,ACADEMIC PRESS LTD- ELSEVIER SCIENCE LTD,731,0.06064663193568707,0.039326084170101305,0.09241413407877337
2021,5,OXFORD UNIV PRESS INC,2075,0.0794650268549051,0.06422773901849634,0.09793884901748637
2021,6,ELSEVIER ADVANCED TECHNOLOGY,112,0.06418938304827054,0.019160162725831063,0.19410179758734383
2021,6,AMER MEDICAL ASSOC,544,0.03231702728457567,0.015484170521308509,0.06621811499024642
2021,6,COPERNICUS GESELLSCHAFT MBH,318,0.017845256621569685,0.005222267752878316,0.0591651634252612
2021,5,IEEE-INST ELECTRICAL ELECTRONICS ENGINEERS INC,2467,0.03427745675211684,0.023697036828587453,0.049343141278833394
2021,6,ELSEVIER GMBH,132,0.04574895825525152,0.01410215037320074,0.13844210046383068
2021,6,ELSEVIER SCIENCE LONDON,96,0.0,0.0,0.132774465976067
2021,6,ELSEVIER SINGAPORE PTE LTD,25,0.0,0.0,0.2831582403116735
2021,6,AIP Publishing,461,0.007641909247207591,0.0019201871926698884,0.029902266969851748
2021,6,EUR CENTRE DIS PREVENTION & CONTROL,19,0.0,0.0,0.6585843586810357
2021,6,EUROPA EDITION,16,0.177138707994626,0.021863380760584323,0.6746136928249931
2021,6,EXCERPTA MEDICA INC-ELSEVIER SCIENCE INC,20,0.0,0.0,0.46311444410913316
2021,6,FERRATA STORTI FOUNDATION,20,0.0,0.0,0.6515318420833115
2021,6,EUROPEAN MATHEMATICAL SOC-EMS,45,0.0,0.0,0.3746642938095515
2021,6,"FORUM MULTIMEDIA PUBLISHING, LLC",11,0.15781678941970084,0.021627228875132427,0.6136810662552463
2021,6,ELSEVIER TAIWAN,63,0.07148064605046213,0.019108177722844257,0.23326193888448726
2021,6,FUTURE MEDICINE LTD,13,0.6660527906019813,0.15816391627401702,0.9549000439041408
2021,6,GEOSCIENCEWORLD,14,0.0,0.0,0.6729501576780884
2021,6,HARBORSIDE PRESS,12,0.0,0.0,0.6977568954917924
2021,6,GEORG THIEME VERLAG KG,61,0.0,0.0,0.10949387405907443
2021,6,HONG KONG ACAD MEDICINE PRESS,10,0.0,0.0,0.7415080590981852
2021,6,"GEOLOGICAL SOC AMER, INC",43,0.0,0.0,0.37813509527453754
2021,6,BMJ PUBLISHING GROUP,903,0.06324737769661018,0.04198284934868721,0.09422318612165562
2021,6,HINDAWI LTD,98,0.0,0.0,0.18521918223666461
2021,6,EUROPEAN RESPIRATORY SOC JOURNALS LTD,89,0.03230906474155216,0.004826476684245006,0.18689254248251153
2021,6,ENDOCRINE SOC,89,0.04792911059231135,0.01241959669488859,0.16772313144628603
2021,6,HIGHER EDUCATION PRESS,46,0.03539788033352238,0.005002625504465086,0.21125947135045434
2021,6,INST BADAN GOSPODARCZYCH,10,0.0,0.0,0.646804537439747
2021,6,INFORMS,28,0.0,0.0,0.15869475464527802
2021,6,IGI GLOBAL,40,0.0,0.0,0.20829662264835092
2021,6,"INST MATERIA MEDICA, CHINESE ACAD MEDICAL SCIENCES",24,0.0,0.0,0.4213731060022348
2021,6,INST MATHEMATICAL STATISTICS-IMS,21,0.0,0.0,0.47908858807934146
2021,6,INT UNION CRYSTALLOGRAPHY,29,0.0,0.0,0.3425833081366799
2021,3,PERGAMON-ELSEVIER SCIENCE LTD,5150,0.0352025552311183,0.028110908162144968,0.04400224083311028
2021,5,PUBLIC LIBRARY SCIENCE,1706,0.05533771128250609,0.04162151367226327,0.07322864794686355
2021,6,IOS PRESS,13,0.0,0.0,0.7096852175752587
2021,6,JAPAN PROSTHODONTIC SOC,10,0.0,0.0,0.8483587592154144
2021,6,ELSEVIER FRANCE-EDITIONS SCIENTIFIQUES MEDICALES ELSEVIER,356,0.04955068880758742,0.02381212177924843,0.10025296196835821
2021,6,JOHN WILEY & SONS INC,10,0.15839737981394508,0.002856368932734404,0.9251826642420011
2021,6,JOURNAL OF CENTRAL SOUTH UNIV,20,0.0,0.0,0.6460832490916527
2021,6,JOURNAL MATER SCI TECHNOL,41,0.0,0.0,0.11348889783652666
2021,6,KERMAN UNIV MEDICAL SCIENCES,13,0.0,0.0,0.7263902924353394
2021,6,INTER-RESEARCH,51,0.030717617836985473,0.004391647885447786,0.1854591680058674
2021,6,KOREAN SOC COLOPROCTOLOGY,17,0.0,0.0,0.5954922137723355
2021,4,ELSEVIER SCI LTD,6028,0.04174999176046549,0.03433204824034221,0.050686564569861564
2021,6,KOREAN SOC LABORATORY MEDICINE,11,0.0,0.0,0.5852538365105499
2021,6,KOREAN INST METALS MATERIALS,10,0.1443666105910974,0.018069397199297788,0.6073839180846259
2021,6,KOREAN NUCLEAR SOC,48,0.0,0.0,0.24979811538390753
2021,6,KOREAN SOC GINSENG,12,0.19414147601119205,0.03197334128354469,0.6373116972471962
2021,6,KOREAN SPINAL NEUROSURGERY SOC,18,0.0,0.0,0.5538243373639881
2021,6,KOREAN FIBER SOC,42,0.021018179121902614,0.0005281773808080024,0.46587796768465733
2021,6,LIFE SCIENCE ALLIANCE LLC,30,0.08318058966739128,0.012457377544410203,0.39487008656981654
2021,5,WILEY-V C H VERLAG GMBH,1239,0.035175482630764275,0.02040994262487528,0.059969184538388266
2021,3,WILEY,6532,0.047806176352532224,0.040615612460486596,0.056195187655875084
2021,6,MAGNOLIA PRESS,14,0.0,0.0,0.8287193994677522
2021,6,MASSACHUSETTS MEDICAL SOC,72,0.0,0.0,0.40702090409076486
2021,6,"JMIR PUBLICATIONS, INC",166,0.060821385249414904,0.02169412825663729,0.15904543663807294
2021,6,JOHN WILEY & SONS LTD,164,0.061256366686565686,0.024827294949089033,0.14328393570950584
2021,6,MIT PRESS,32,0.0,0.0,0.402324549986554
2021,6,MEDYCYNA PRAKTYCZNA SP K SP ZOO,19,0.049486918168374576,0.001851839886854574,0.5936644355045482
2021,6,Medical Journal Sweden AB,13,0.1671961622576336,0.025740941481287114,0.6040415505464918
2021,6,NATL ATHLETIC TRAINERS ASSOC INC,18,0.5639304140451702,0.26364245269732905,0.8236652507862351
2021,6,NATL MED ASSOC,12,0.12259168560551094,0.0032606360252241404,0.8564780269974547
2021,6,EMERALD GROUP PUBLISHING LTD,632,0.0683002304694136,0.04225250455826096,0.10858522999492522
2021,6,"MARY ANN LIEBERT, INC",162,0.05787482673203637,0.02190766680791698,0.1441866284253762
2021,4,WILEY,4900,0.052179086801505646,0.043582565725592125,0.062360684543835726
2021,6,IEEE COMPUTER SOC,250,0.015195527615302549,0.0030453800401514927,0.07230535871706482
2021,6,ACADEMIC PRESS INC ELSEVIER SCIENCE,1245,0.020580043882502713,0.010823506881535815,0.0387864789801338
2021,6,NATURE PUBL GROUP,16,0.0,0.0,0.24722475523308032
2021,6,ELSEVIER IRELAND LTD,657,0.07405541507578042,0.04932411345605555,0.10975546525092718
2021,6,NORTHEAST FORESTRY UNIV,14,0.0,0.0,0.29621816228268727
2021,6,NORTH UNIV BAIA MARE,19,0.09242163828719115,0.012458627775611426,0.45114820664213645
2021,6,ONLINE LEARNING CONSORTIUM,16,0.08573382311953195,0.011852202786680567,0.4230097526129605
2021,6,NONFERROUS METALS SOC CHINA,23,0.08754686322743632,0.012930410175009387,0.4127117455335725
2021,2,ELSEVIER,10489,0.03687361830341009,0.03168328524270627,0.04287657818002046
2021,6,PALGRAVE MACMILLAN LTD,20,0.0,0.0,0.6242497777935698
2021,6,PEERJ INC,40,0.0,0.0,0.10194323428601147
2021,6,Optica Publishing Group,31,0.1211858290373854,0.025674279307639453,0.4191556075434592
2021,6,NATL ACAD SCIENCES,294,0.024408360280501324,0.006546911885238527,0.0867449171428588
2021,6,PHYSICIANS POSTGRADUATE PRESS,10,0.0,0.0,0.9108129076746689
2021,6,POLISH CARDIAC SOC,10,0.0,0.0,0.8732460490411287
2021,6,PROJECT HOPE,17,0.0,0.0,0.5456284178169709
2021,6,PORTLAND PRESS LTD,24,0.14932476164204084,0.028831418311680086,0.5093040719048985
2021,6,KEAI PUBLISHING LTD,291,0.010307184980171902,0.001517068964903882,0.06662980689218297
2021,6,ROCKEFELLER UNIV PRESS,55,0.0,0.0,0.2572291607975055
2021,6,RADIOLOGICAL SOC NORTH AMERICA (RSNA),56,0.051736384651954494,0.007861886527965468,0.27306906018731675
2021,6,ROYAL COLL GENERAL PRACTITIONERS,27,0.07137555524353428,0.010083634562257074,0.36707372939187305
2021,6,SHANGHAI UNIV,11,0.0,0.0,0.48287920681924784
2021,6,SOC PETROLEUM ENG,12,0.0,0.0,0.3022812638331573
2021,6,SOC BRASIL PEDIATRIA,13,0.13494558250228528,0.01928313137058098,0.5531018609702836
2021,6,SCIPOST FOUNDATION,31,0.02846030752079591,0.0014653387030964585,0.36899259991788824
2021,6,SPANDIDOS PUBL LTD,26,0.0,0.0,0.41508165442385925
2021,6,SOC NUCLEAR MEDICINE INC,11,0.14719368085099788,0.021444549713336397,0.576162731433256
2021,6,SHANGHAI JIAO TONG UNIV PRESS,20,0.23320493507764636,0.05888633248825705,0.5964875414784515
2021,6,SOC EXPLORATION GEOPHYSICISTS - SEG,27,0.08837090437131304,0.017270009655427916,0.34841401041794023
2021,4,PERGAMON-ELSEVIER SCIENCE LTD,5053,0.03724045724095834,0.02970654573396168,0.046593302106527526
2021,6,SOC NEUROSCIENCE,64,0.14801045944727692,0.06284766696111951,0.3103570515643724
2021,6,SPRINGER FRANCE,12,0.0,0.0,0.678333563524198
2021,6,SPRINGER BASEL AG,155,0.0,0.0,0.08234146950304598
2021,6,AMER PHYSICAL SOC,885,0.010036235203380992,0.00301377382545437,0.03288220555274642
2021,6,ROYAL SOC,235,0.06533373518121757,0.034126355748638273,0.121489611521927
2021,4,MDPI,6364,0.05903660502182978,0.05081230417030349,0.06849600236665662
2021,6,SPRINGER JAPAN KK,50,0.0,0.0,0.10517526543016724
2021,6,SPRINGER SINGAPORE PTE LTD,26,0.3445043815461009,0.12691767480199106,0.6551877086152483
2021,6,MOSBY-ELSEVIER,445,0.09973639671178504,0.06576046324398636,0.14847657514506118
2021,6,SPRINGER WIEN,84,0.0,0.0,0.11069242932785614
2021,6,SPRINGER LONDON LTD,84,0.09764785975753836,0.03755158490322834,0.23085151592828507
2021,6,CELL PRESS,1198,0.06287051859112863,0.041983038595495875,0.09313965512121126
2021,6,SCIENCE PRESS,229,0.032002460167525684,0.010762683448112327,0.09129004741579236
2021,6,TARU PUBLICATIONS,18,0.0,0.0,0.5702835183164416
2021,6,TERMEDIA PUBLISHING HOUSE LTD,16,0.0,0.0,0.23301938893665117
2021,6,THIEME MEDICAL PUBL INC,34,0.0,0.0,0.14807200229069065
2021,6,SPRINGER-VERLAG ITALIA SRL,111,0.013007814713346007,0.0018261629978280358,0.0867077053849833
2021,6,"UNIV TECHNOLOGY, SYDNEY-UTS EPRESS",12,0.0,0.0,0.6090903050186479
2021,6,US DEPT HEALTH HUMAN SCIENCES PUBLIC HEALTH SCIENCE,11,0.0,0.0,0.48114746806079073
2021,6,"UNIV TOMASE BATI & ZLINE, FAK MANAGEMENTU EKONOMIKY",10,0.059904467835965224,0.0002297965202247789,0.9464258369544958
2021,6,UNIV SISTAN & BALUCHESTAN,11,0.17490047464552133,0.014923569347023704,0.7478547744912797
2021,6,VASYL STEFANYK PRECARPATHIAN NATL UNIV,13,0.0,0.0,0.8340903086597781
2021,6,TSINGHUA UNIV PRESS,122,0.0,0.0,0.125239948743994
2021,6,VEREIN FORDERUNG OPEN ACCESS PUBLIZIERENS QUANTENWISSENSCHAF,26,0.0,0.0,0.4343998852438697
2021,6,VILNIUS GEDIMINAS TECH UNIV,12,0.014340027140444552,2.792405942216521e-11,0.9999998680732722
2021,6,"VILNIUS UNIV, INST MATHEMATICS & INFORMATICS",11,0.0,0.0,0.7459143748572153
2021,6,UNIV CHICAGO PRESS,72,0.0,0.0,0.2000455495150666
2021,6,WAGENINGEN ACADEMIC PUBLISHERS,20,0.1482124610008818,0.04035454373002011,0.4186005861072087
2021,6,SPRINGER/PLENUM PUBLISHERS,194,0.06684752778573314,0.027712324629250436,0.15257654669806037
2021,6,WALTER DE GRUYTER GMBH,80,0.019255863466518395,0.0015040765460567537,0.20376596654603668
2021,6,"WILEY PERIODICALS, INC",11,0.4332694893202474,0.11701519368189048,0.8151694020329098
2021,6,W B SAUNDERS CO LTD,102,0.04271225555058728,0.008734116881399327,0.18429871971875622
2021,6,ELSEVIER SCIENCE SA,1680,0.03030003272596741,0.01957956345705391,0.04661125584801888
2021,6,WORLD SCIENTIFIC PUBL CO PTE LTD,48,0.0,0.0,0.29833956423232766
2021,6,ZHEJIANG UNIV PRESS,20,0.0,0.0,0.5001191331252572
2021,6,SPRINGER INT PUBL AG,203,0.013828655059618175,0.0020400021910398276,0.08775080653652444
2021,7,ACAD MANAGEMENT,16,0.008228551872594253,2.2433470959766724e-20,0.9999999999999997
2021,6,SAGE PUBLICATIONS LTD,645,0.03982000731654902,0.021542914267799553,0.07245520484339761
2021,5,BMJ PUBLISHING GROUP,3635,0.03857436385601756,0.031498852427014834,0.0471618356422488
2021,6,WOLTERS KLUWER MEDKNOW PUBLICATIONS,71,0.1050875168600831,0.03989251982299025,0.24917662388630626
2021,7,AKADEMIAI KIADO ZRT,11,0.07830698666384701,0.0004964217704553677,0.9356218644923169
2021,6,IOP Publishing Ltd,818,0.015581173373349404,0.006764985159013515,0.035476320202108204
2021,7,AMER ACAD FAMILY PHYSICIANS,12,0.1273369299287074,0.0038800306435363063,0.8453516294155168
2021,7,AME PUBLISHING COMPANY,39,0.0,0.0,0.21741639100221538
2021,7,AMER ACCOUNTING ASSOC,12,0.0,0.0,0.666594474164823
2021,5,NATURE PORTFOLIO,3800,0.04869783186742108,0.03866036732376259,0.061175504863891436
2021,7,AMER ACAD SLEEP MEDICINE,28,0.20691194011992636,0.05914434077966214,0.5198712501674292
2021,7,ACOUSTICAL SOC AMER AMER INST PHYSICS,57,0.060828677259211185,0.013299147623010717,0.23736035116068016
2021,6,W B SAUNDERS CO-ELSEVIER INC,233,0.059189145133608116,0.02544391933789309,0.1316437528344131
2021,6,BMC,2088,0.07650761962087789,0.062186404709521734,0.09379707238724148
2021,7,ADIS INT LTD,103,0.018394000706146274,0.0026021655513578696,0.11862403453737742
2021,6,eLIFE SCIENCES PUBL LTD,180,0.0826686422534455,0.03477467676738791,0.18395404860511277
2021,6,CAMBRIDGE UNIV PRESS,1467,0.027888299785340215,0.017442792257785826,0.044306964234420945
2021,7,AMER ACAD PEDIATRICS,73,0.051619544748513206,0.013500928596036249,0.17794879797755264
2021,6,TAYLOR & FRANCIS INC,359,0.051079766537229496,0.022022528061101335,0.11400673133687708
2021,7,AMER ASSOC ADVANCEMENT SCIENCE,365,0.08209947850110513,0.03342222831573652,0.187890757994275
2021,6,WILEY-HINDAWI,313,0.0396738673793787,0.014897908601465696,0.10141174454983642
2021,7,AMER ASSOC CRITICAL CARE NURSES,11,0.0,0.0,0.6605085397478722
2021,6,SAGE PUBLICATIONS INC,881,0.045467151051217576,0.027715117637233496,0.07372746808546184
2021,7,AMER BOARD FAMILY MEDICINE,26,0.0,0.0,0.5554130901239038
2021,7,AMER ASSOC NEUROLOGICAL SURGEONS,49,0.04212788308188482,0.006089785892442196,0.2399461153084065
2021,5,SPRINGER,3409,0.041961134393951445,0.03261825330434173,0.05383119235823799
2021,6,"ROUTLEDGE JOURNALS, TAYLOR & FRANCIS LTD",1221,0.03952196763190018,0.022378179011740575,0.06887422653897207
2021,7,AIP Publishing,461,0.018917279369207958,0.007366799603736717,0.047707473569334316
2021,6,OXFORD UNIV PRESS INC,1002,0.06139474776527631,0.04229341561667466,0.08832733462881931
2021,7,AMER ECONOMIC ASSOC,36,0.09209828445231957,0.023040113737239437,0.3037823561273417
2021,6,SPRINGER HEIDELBERG,824,0.022767980087863737,0.011692640344125753,0.04386829798828074
2021,7,AMER INST AERONAUTICS ASTRONAUTICS,10,0.0,0.0,0.4093034796007036
2021,7,AMER DIABETES ASSOC,50,0.09777870589256271,0.0288589113405492,0.2832792610056164
2021,6,TAYLOR & FRANCIS LTD,638,0.030642460482750232,0.013728796701095173,0.06697841332738098
2021,6,FRONTIERS MEDIA SA,2170,0.07101342666547648,0.05625140930323319,0.08928293298438893
2021,7,AMER MATHEMATICAL SOC,18,0.10189577329809173,0.0037431413966978436,0.7740650131003965
2021,7,AMER COLL PHYSICIANS,58,0.09600566734644841,0.03222957877130158,0.25299134958652514
2021,7,"AMER OCCUPATIONAL THERAPY ASSOC, INC",11,0.21851219517085013,0.014534115885104103,0.8412956845012054
2021,6,ELSEVIER SCIENCE INC,2437,0.06335239153164074,0.05060083769001891,0.07904981332680393
2021,7,AMER PUBLIC HEALTH ASSOC INC,32,0.0,0.0,0.3854590531198233
2021,7,"AMER PSYCHIATRIC PUBLISHING, INC",31,0.0,0.0,0.42594393789398133
2021,7,AMER METEOROLOGICAL SOC,70,0.026853352685270247,0.003818769361929208,0.16571754337968056
2021,7,AMER PSYCHOLOGICAL ASSOC,91,0.0,0.0,0.13119931758988826
2021,7,AMER ROENTGEN RAY SOC,32,0.07302499620379724,0.0010320625993019221,0.85728413955812
2021,7,AMER SOC NEURORADIOLOGY,28,0.058171794465547697,0.0015752310834429223,0.7074294897540332
2021,7,ANNALS FAMILY MEDICINE,14,0.0,0.0,0.7456232139604634
2021,7,AMER SOC PHARMACOLOGY EXPERIMENTAL THERAPEUTICS,15,0.08830109365069708,0.012227504948291388,0.43110355205731543
2021,7,AMER THORACIC SOC,30,0.21456772280338218,0.054378957407741235,0.5647953277533061
2021,7,AMER SOC NEPHROLOGY,56,0.13280009806021986,0.042841400269116606,0.3438046509848121
2021,7,AMER SOC HEMATOLOGY,51,0.04226918202293421,0.005997406834491048,0.24404958747713631
2021,7,AMER SPEECH-LANGUAGE-HEARING ASSOC,52,0.2011138264833776,0.08426812755419123,0.40782236355366336
2021,7,AMER PHYSIOLOGICAL SOC,107,0.1411687142242689,0.06529134825173799,0.27891334258878125
2021,7,ACADEMIC PRESS LTD- ELSEVIER SCIENCE LTD,731,0.04063834506949685,0.024006957352098002,0.06798889799173959
2021,7,AMER SOC CLINICAL INVESTIGATION INC,83,0.12436458289262019,0.04564344660368021,0.2966529616939937
2021,7,BENTHAM SCIENCE PUBL LTD,17,0.5951057938056525,0.21130485114880415,0.8896631303177787
2021,7,AMER PHYTOPATHOLOGICAL SOC,80,0.03742225420704073,0.006017394762364873,0.19978586362814477
2021,7,BAISHIDENG PUBLISHING GROUP INC,42,0.0263076658508363,0.00061419913821543,0.5429208471718491
2021,7,ASSOC RESEARCH VISION OPHTHALMOLOGY INC,38,0.10298173310120753,0.018115017990690263,0.4167045570244851
2021,7,BIOSCIENTIFICA LTD,18,0.08764036179976498,0.010960454380201637,0.45434139161866727
2021,7,ASCE-AMER SOC CIVIL ENGINEERS,93,0.11862937672190409,0.043596830428551656,0.2843972751514926
2021,7,AMER SOC MICROBIOLOGY,208,0.0556241214291463,0.018166319512639348,0.1578966543233992
2021,7,BRILL,10,0.1403293545320487,0.018705960365876007,0.5829549432232008
2021,7,BRITISH INST RADIOLOGY,14,0.0,0.0,0.45947540857777586
2021,7,BRAZILIAN SOC UROL,34,0.06233053551695302,0.0009318322894979164,0.825711478484364
2021,7,C EJ PUBLISHING GROUP,12,0.06373981892474846,0.00029064005424678496,0.9409756070854328
2021,7,ANNUAL REVIEWS,112,0.016620271934541634,0.0012741539145387773,0.18294117683107153
2021,6,SPRINGERNATURE,1001,0.06717742200635815,0.0464216272765014,0.09627647649953967
2021,7,BRITISH EDITORIAL SOC BONE & JOINT SURGERY,65,0.04831694877939503,0.012307049644518177,0.17140537773049422
2021,6,AMER CHEMICAL SOC,3567,0.02885548752629015,0.020971579905631955,0.03958338459538437
2021,7,AMER MEDICAL ASSOC,523,0.05215715065690888,0.028618132868046438,0.09319987064313595
2021,6,LIPPINCOTT WILLIAMS & WILKINS,1896,0.059074772083657426,0.04545464867192416,0.07644919821195108
2021,7,CENTERS DISEASE CONTROL & PREVENTION,25,0.0,0.0,0.568388821461372
2021,7,CHINESE JOURNAL NATURAL MEDICINES,10,0.0,0.0,0.7687887304587404
2021,7,CHINESE LASER PRESS,22,0.0,0.0,0.3140255708834948
2021,6,PUBLIC LIBRARY SCIENCE,1710,0.05956657956580179,0.04566141376118043,0.07736298535990638
2021,7,COGITATIO PRESS,17,0.0,0.0,0.550063712247994
2021,7,CHURCHILL LIVINGSTONE INC MEDICAL PUBLISHERS,29,0.09240974771896349,0.009861666574707481,0.5100157590885434
2021,7,COLL AMER PATHOLOGISTS,17,0.0,0.0,0.3002981772600263
2021,7,CMA-CANADIAN MEDICAL ASSOC,35,0.1165490889104501,0.02138368598937415,0.44336040111288794
2021,7,COMPANY BIOLOGISTS LTD,43,0.0,0.0,0.22314174432178657
2021,7,COLL FAMILY PHYSICIANS CANADA,15,0.10105502671189437,0.007720305618166387,0.618936768626556
2021,7,CHINESE CHEMICAL SOC,34,0.003446926259470615,1.3205514127074613e-10,0.9999889620759531
2021,7,"COLD SPRING HARBOR LAB PRESS, PUBLICATIONS DEPT",39,0.057418204868199256,0.008578624297681706,0.3001347038936299
2021,7,CHURCHILL LIVINGSTONE,117,0.13371190624349183,0.06693411508775203,0.24931051122192288
2021,7,ACADEMIC PRESS INC ELSEVIER SCIENCE,1364,0.043047037317021586,0.029500578081165633,0.062413892593922604
2021,6,WILEY-V C H VERLAG GMBH,1366,0.031559782529322664,0.01851413190459057,0.053298633208666436
2021,7,CURRENT MEDICINE GROUP,12,0.0,0.0,0.6292748113931218
2021,7,DE GRUYTER POLAND SP Z O O,18,0.0,0.0,0.3741751833154875
2021,7,CURRENT BIOLOGY LTD,46,0.059615636158146926,0.009775457482995888,0.2893208516434582
2021,7,EDIZIONI MINERVA MEDICA,60,0.0,0.0,0.21930125133746592
2021,7,EDUCATIONAL PUBLISHING FOUNDATION-AMERICAN PSYCHOLOGICAL ASSOC,53,0.07391531645395862,0.002265182410418887,0.7372532868431061
2021,7,DUKE UNIV PRESS,58,0.02338999600706369,0.0033232126170751946,0.14678239840753654
2021,7,DOVE MEDICAL PRESS LTD,151,0.06482564341159339,0.02287622734589076,0.1702935290311337
2021,7,AMER GEOPHYSICAL UNION,516,0.028524417901760357,0.01327496913602888,0.06022232939004037
2021,3,ELSEVIER,10959,0.040071014241448245,0.03470321226072668,0.04622933069147347
2021,7,ASSOC COMPUTING MACHINERY,374,0.009776513843397144,0.002186629161365799,0.042586816899691744
2021,6,IEEE-INST ELECTRICAL ELECTRONICS ENGINEERS INC,2811,0.04833434271508802,0.03668051630280379,0.06344686473886388
2021,7,COPERNICUS GESELLSCHAFT MBH,290,0.029037685958501206,0.01114190704292829,0.07353949005051875
2021,7,CAMBRIDGE UNIV PRESS,528,0.024621116412746454,0.00912161143080419,0.06473682673358103
2021,7,EDP SCIENCES S A,226,0.0059699854548761755,0.0008411501600389478,0.04108548790395525
2021,7,ELSEVIER - DIVISION REED ELSEVIER INDIA PVT LTD,13,0.0,0.0,0.6705025726182381
2021,7,ELSEVIER ESPANA SLU,20,0.0,0.0,0.530436202524084
2021,7,"ELSEVIER MASSON, CORP OFF",22,0.0,0.0,0.48872757996220606
2021,7,ELSEVIER INC,35,0.028544404188650594,0.00028701679997825597,0.750449949404556
2021,7,BMJ PUBLISHING GROUP,1061,0.061226895159167315,0.042312029914326386,0.08782193308191114
2021,5,ELSEVIER SCI LTD,6018,0.034239262659562654,0.027688331817206226,0.042272728222954324
2021,7,ELSEVIER ADVANCED TECHNOLOGY,74,0.0738754130039716,0.014941988640640738,0.2955181836579766
2021,7,ELSEVIER GMBH,143,0.05748337570488384,0.019431058116466643,0.15804386397232645
2021,7,AMER PHYSICAL SOC,876,0.004569102521422307,0.0008125297607648092,0.02525448519512018
2021,7,ELSEVIER SCIENCE LONDON,68,0.033897729675341,0.001441332354015276,0.46030910198329505
2021,7,ELSEVIER SINGAPORE PTE LTD,15,0.021599956077411078,1.0655081413560094e-06,0.9978185964286467
2021,7,ELSEVIER FRANCE-EDITIONS SCIENTIFIQUES MEDICALES ELSEVIER,347,0.08888966317405973,0.051452452871533216,0.14927959404093238
2021,7,EUR CENTRE DIS PREVENTION & CONTROL,22,0.0,0.0,0.49205933620836656
2021,7,"ETHNICITY & DISEASE, INC",11,0.0,0.0,0.38615180995189036
2021,7,EUROPEAN MATHEMATICAL SOC-EMS,35,0.0,0.0,0.4290180662595516
2021,7,FERRATA STORTI FOUNDATION,34,0.02833086942133568,0.00034150284529227285,0.713345107748579
2021,7,EXCERPTA MEDICA INC-ELSEVIER SCIENCE INC,42,0.16718371034166132,0.0542689883174083,0.41254984247213006
2021,7,FUTURE MEDICINE LTD,14,0.0,0.0,0.7630692953629089
2021,7,GEOMETRY & TOPOLOGY PUBLICATIONS,10,0.0,0.0,0.8567456772528752
2021,7,GEOSCIENCEWORLD,14,0.0,0.0,0.6692915036933343
2021,7,HARBORSIDE PRESS,11,0.29481841110611284,0.08220027716776741,0.6611961156333874
2021,7,HIGHER EDUCATION PRESS,28,0.0,0.0,0.1376542537986779
2021,7,HUMANA PRESS INC,14,0.0,0.0,0.6071104819093931
2021,7,"GEOLOGICAL SOC AMER, INC",57,0.057649130493440365,0.00683795428890218,0.35215049533255816
2021,7,GEORG THIEME VERLAG KG,71,0.0,0.0,0.25509288372114697
2021,7,ELSEVIER TAIWAN,67,0.030893169612693224,0.004486191746522112,0.18400809707682236
2021,7,HINDAWI LTD,99,0.0,0.0,0.25988227262481606
2021,7,EUROPEAN RESPIRATORY SOC JOURNALS LTD,113,0.09867359068431344,0.037373309951777796,0.2358818493442841
2021,7,CELL PRESS,1221,0.06041323800030783,0.040933243223113716,0.08831008091143633
2021,7,ENDOCRINE SOC,74,0.0686524932026413,0.024787753565578663,0.1761221299925124
2021,7,IGI GLOBAL,39,0.0,0.0,0.411983057932719
2021,7,INT COUNCIL RESEARCH & INNOVATION BUILDING & CONSTRUCTION,14,0.1602725946967775,0.024502290689078266,0.5918887105042945
2021,7,"INST MATERIA MEDICA, CHINESE ACAD MEDICAL SCIENCES",27,0.12323568326555227,0.020920947354802488,0.4804056201280739
2021,7,INTER-RESEARCH,33,0.0,0.0,0.2821253062666803
2021,7,INT SOC GLOBAL HEALTH,27,0.16491157959408437,0.04572842626592446,0.4486743882897839
2021,7,ELSEVIER IRELAND LTD,672,0.08906325089294347,0.06141437784018067,0.12746919683359262
2021,7,IOS PRESS,10,0.0,0.0,0.7147264363010299
2021,7,INFORMS,49,0.045684559698675666,0.003997162776760937,0.36347747592056745
2021,7,JAPAN PROSTHODONTIC SOC,11,0.0,0.0,0.7458392428177185
2021,7,KARGER,12,0.0,0.0,0.645026732498283
2021,7,JOURNAL OF CENTRAL SOUTH UNIV,24,0.0,0.0,0.5464146130813143
2021,7,JOHN BENJAMINS PUBLISHING CO,29,0.06597907088175084,0.001495725731163943,0.7691156444560345
2021,7,INT UNION CRYSTALLOGRAPHY,38,0.04368769576911785,0.006163034987573295,0.2518005561632926
2021,7,JOHN WILEY & SONS INC,10,0.0,0.0,0.9748668549405919
2021,7,KERMAN UNIV MEDICAL SCIENCES,15,0.31485158596407464,0.0788377897387423,0.7116016287321866
2021,7,KOREAN INST METALS MATERIALS,20,0.0,0.0,0.45385364974277115
2021,7,KOREAN DIABETES ASSOC,14,0.08724316534557794,0.00041113594300742846,0.9569189242748884
2021,7,KOREAN FIBER SOC,46,0.0,0.0,0.25237220757516027
2021,7,KOREAN NUCLEAR SOC,41,0.0,0.0,0.15490747672058727
2021,7,KOREAN SOC GINSENG,12,0.4046733908297305,0.06931591393702005,0.8611871972877324
2021,7,LIFE SCIENCE ALLIANCE LLC,20,0.0,0.0,0.421582368867348
2021,7,KOREAN SOC COLOPROCTOLOGY,25,0.05992033639997691,0.005530163102169499,0.4221618904757018
2021,7,KOREAN SOCIETY ANIMAL SCIENCE & TECHNOLOGY,31,0.11338734699007205,0.029315033775561595,0.3513078661103863
2021,7,JOURNAL MATER SCI TECHNOL,84,0.020383261425562012,0.0028657074232766653,0.13092275545521262
2021,6,SPRINGER,3447,0.04743161233800235,0.03764895648614331,0.05959875916048871
2021,7,"JMIR PUBLICATIONS, INC",206,0.07457821785869208,0.03611542471983151,0.1477257600816769
2021,7,MASSACHUSETTS MEDICAL SOC,54,0.0,0.0,0.3262118009541521
2021,7,JOHN WILEY & SONS LTD,118,0.03808841711875607,0.008962130224044308,0.1477598759384905
2021,7,IEEE COMPUTER SOC,160,0.024305996163647616,0.006200519905179719,0.09046671756432902
2021,7,"MARY ANN LIEBERT, INC",142,0.07856810902875581,0.03486753535930361,0.16753250499602074
2021,5,MDPI,6409,0.0572684582902061,0.049003173664214625,0.0668298671581009
2021,7,KEAI PUBLISHING LTD,295,0.08211437018166935,0.045691089553557794,0.14321556583119424
2021,7,BMC,1933,0.07437203232045693,0.05938714935786031,0.09276508492469489
2021,7,EMERALD GROUP PUBLISHING LTD,543,0.04609613457599711,0.024966983139188235,0.08357387089325145
2021,6,OXFORD UNIV PRESS,2471,0.04053449117686568,0.030787941701913554,0.053197157067715335
2021,6,NATURE PORTFOLIO,4054,0.04973409912495717,0.039948226043762906,0.06176293983606814
2021,7,MICROBIOLOGY SOC,21,0.0,0.0,0.35796682523340867
2021,7,MIT PRESS,36,0.0,0.0,0.2104478520077286
2021,7,MEDICAL LIBRARY ASSOC,19,0.10486474363501413,0.015558267738140017,0.46477733672590765
2021,7,Medical Journal Sweden AB,12,0.0,0.0,0.6659895524391654
2021,7,NATL ATHLETIC TRAINERS ASSOC INC,42,0.13897296266766812,0.04474124569884485,0.3574138456273201
2021,5,PERGAMON-ELSEVIER SCIENCE LTD,5317,0.035833798031309476,0.028527665421610178,0.04492455268097827
2021,7,NATURE PUBL GROUP,25,0.55296048391078,0.21770729306729758,0.8461028761848042
2021,7,NORTHEAST FORESTRY UNIV,13,0.16623162469027392,0.01729851777909816,0.69307559366463
2021,4,ELSEVIER,10412,0.03966489550109008,0.03421983892506451,0.04593515965025424
2021,5,OXFORD UNIV PRESS,5602,0.04721310273125501,0.040296748973309364,0.055248209983333914
2021,7,MOSBY-ELSEVIER,441,0.08393654295571412,0.05267597314606336,0.13117979177112288
2021,7,IOP Publishing Ltd,733,0.01135949857983064,0.00368525837189251,0.0344619260082783
2021,7,NATL ACAD SCIENCES,320,0.016630139221421807,0.004318170276742469,0.061864882758520624
2021,7,Optica Publishing Group,25,0.0,0.0,0.4141152433676014
2021,7,PALGRAVE MACMILLAN LTD,11,0.0,0.0,0.5232337679087417
2021,7,PEERJ INC,33,0.0,0.0,0.34530346501702497
2021,7,PHYSICIANS POSTGRADUATE PRESS,12,0.0,0.0,0.6691219039363828
2021,7,PROJECT HOPE,19,0.2892154080242366,0.06838643914644335,0.692822535366518
2021,7,PORTLAND PRESS LTD,45,0.26823051208489423,0.12588653105301267,0.48265485962370946
2021,7,AMER ASSOC CANCER RESEARCH,3374,0.1215044241232029,0.10750014285466385,0.13705292270054506
2021,7,ROCKEFELLER UNIV PRESS,62,0.05947356498046645,0.00638677351032806,0.3835051673116971
2021,7,RADIOLOGICAL SOC NORTH AMERICA (RSNA),52,0.0856766964490847,0.02219393507435827,0.2789422555794392
2021,7,ELSEVIER SCIENCE SA,1529,0.03294711968315711,0.02081962578440315,0.05176545272985732
2021,7,OXFORD UNIV PRESS INC,670,0.09667600947176835,0.06831265056535285,0.1351080590151193
2021,7,ROYAL COLL GENERAL PRACTITIONERS,18,0.0,0.0,0.3894029767046128
2021,7,ROY COLL PHYS LONDON EDITORIAL OFFICE,26,0.0,0.0,0.5298082355604458
2021,7,FRONTIERS MEDIA SA,2202,0.0719559591569819,0.05744234560629013,0.08978731848186322
2021,7,SCIPOST FOUNDATION,18,0.0,0.0,0.5819735546740451
2021,7,SHANGHAI UNIV SPORT,10,0.0,0.0,0.7785976263641987
2021,7,SHANGHAI JIAO TONG UNIV PRESS,10,0.19970060430902795,0.017085213432909373,0.7817639865492815
2021,7,SOC BRASIL PEDIATRIA,10,0.0,0.0,0.7437509880370353
2021,7,SOC EXPLORATION GEOPHYSICISTS - SEG,43,0.0,0.0,0.23484375727894102
2021,7,ROYAL SOC,198,0.018210952806840826,0.003111246943615755,0.09929425431291358
2021,5,LIPPINCOTT WILLIAMS & WILKINS,6741,0.04644412633217352,0.04018531801094923,0.05362327496277529
2021,7,SOC NUCLEAR MEDICINE INC,48,0.05896127655950566,0.0041639400332156885,0.4842337570259063
2021,7,SPANDIDOS PUBL LTD,37,0.14322361194821417,0.04149700448804752,0.39226811835989867
2021,7,SOC NEUROSCIENCE,72,0.0864805656874107,0.026908666640335203,0.24476316111488616
2021,7,SCIENCE PRESS,242,0.047424838992266904,0.01993592997960989,0.1086164954207849
2021,7,SPRINGER FRANCE,19,0.024782761001757022,2.5234936719319755e-05,0.9623929744124413
2021,7,SPRINGER BASEL AG,111,0.0,0.0,0.11650359166667242
2021,6,ELSEVIER SCI LTD,6295,0.0319417044338981,0.025703895726801297,0.03963172466786114
2021,7,SPRINGER SINGAPORE PTE LTD,45,0.0,0.0,0.2844685435050182
2021,7,ELSEVIER SCIENCE INC,2520,0.05329912509902012,0.04159588243235803,0.06806130569325328
2021,7,SPRINGER LONDON LTD,60,0.04459203475522982,0.0030712823110663726,0.4142114562249141
2021,7,SPRINGER-VERLAG ITALIA SRL,81,0.0,0.0,0.2506223729558822
2021,7,SPRINGER JAPAN KK,59,0.03879012457547927,0.005715479358078636,0.22076585066652626
2021,7,TARU PUBLICATIONS,19,0.0,0.0,0.6789406881543554
2021,7,TAYLOR & FRANCIS AS,17,0.0,0.0,0.6604662903724037
2021,7,SPRINGER WIEN,93,0.056969410272790184,0.015655893556104344,0.18663267956438415
2021,7,SPRINGER INT PUBL AG,151,0.03347260623958275,0.007376591868478215,0.13896358191606764
2021,7,TERMEDIA PUBLISHING HOUSE LTD,16,0.020024949194709693,1.707821519251033e-06,0.9959265935674533
2021,7,"UNIV ALICANTE, GRUPO INVESTIGACION EDUTIC-ADEI",10,0.0,0.0,0.9579480979228927
2021,7,UNIV NIS,12,0.0,0.0,0.8855485531354663
2021,7,THIEME MEDICAL PUBL INC,20,0.1312720638098506,0.022287396823648557,0.5004195993058
2021,7,US DEPT HEALTH HUMAN SCIENCES PUBLIC HEALTH SCIENCE,12,0.0,0.0,0.7147952174056067
2021,7,VILNIUS GEDIMINAS TECH UNIV,22,0.0,0.0,0.23892295502066396
2021,7,"VILNIUS UNIV, INST MATHEMATICS & INFORMATICS",14,0.0,0.0,0.5909175687836865
2021,7,VEREIN FORDERUNG OPEN ACCESS PUBLIZIERENS QUANTENWISSENSCHAF,25,0.0,0.0,0.4775797125865632
2021,7,SPRINGER/PLENUM PUBLISHERS,194,0.03019573418373972,0.005374695665363601,0.15211308253682568
2021,7,UNIV CHICAGO PRESS,53,0.022349062238374247,0.0012343236482809938,0.2971848381796003
2021,7,WAGENINGEN ACADEMIC PUBLISHERS,22,0.0,0.0,0.5446882971010664
2021,6,MDPI,6443,0.06131449188310389,0.052956787811347,0.07089248124722718
2021,7,TSINGHUA UNIV PRESS,117,0.020605727864589283,0.001312273942592202,0.251985705318888
2021,7,W B SAUNDERS CO LTD,117,0.07944724771210006,0.031927288126655705,0.18423473277802624
2021,7,AMER CHEMICAL SOC,3662,0.03301873737917974,0.024761502040866273,0.04390555320486687
2021,6,PERGAMON-ELSEVIER SCIENCE LTD,5362,0.03775423946342267,0.03033770567425648,0.04689617549305159
2021,7,WALTER DE GRUYTER GMBH,102,0.06418007202495005,0.020965887439817678,0.1800821740261567
2021,7,SAGE PUBLICATIONS LTD,651,0.038341024463309344,0.02057298838842078,0.07035230637365876
2021,7,W B SAUNDERS CO-ELSEVIER INC,283,0.09379474718968031,0.05187429571958364,0.16374130188656957
2021,7,TAYLOR & FRANCIS INC,417,0.027860142025539786,0.010667673335373388,0.07077843030344712
2021,7,"WILEY PERIODICALS, INC",12,0.10105051956537336,0.008681430935984192,0.5906461270393394
2021,7,IEEE-INST ELECTRICAL ELECTRONICS ENGINEERS INC,2067,0.02751032673986493,0.01779738530457401,0.0422958496002745
2021,7,ZHEJIANG UNIV PRESS,21,0.005066794613405695,3.807675787271797e-19,0.9999999999999853
2021,8,ACAD MEDICINE SINGAPORE,13,0.18930985050170326,0.030943182500796602,0.6306878642912611
2021,7,SAGE PUBLICATIONS INC,1061,0.03574854307961729,0.02165101181522145,0.05847668801499384
2021,7,TAYLOR & FRANCIS LTD,705,0.0651591900127241,0.0401904083564598,0.10395996165764165
2021,7,WOLTERS KLUWER MEDKNOW PUBLICATIONS,79,0.0751211779383374,0.027850774843817105,0.187174989979804
2021,7,eLIFE SCIENCES PUBL LTD,211,0.05689984226621703,0.018914741517881167,0.15881894672408597
2021,7,WORLD SCIENTIFIC PUBL CO PTE LTD,102,0.02022897750780364,0.002885301730869511,0.12840122695321948
2021,8,AMER ACAD FAMILY PHYSICIANS,23,0.0,0.0,0.8898835010919867
2021,8,AME PUBLISHING COMPANY,20,0.004124644419486788,5.703860987120222e-19,0.9999999999999668
2021,8,ACOUSTICAL SOC AMER AMER INST PHYSICS,78,0.049533884221311046,0.009888934187598659,0.21379661655968168
2021,8,AMER ACAD SLEEP MEDICINE,20,0.098193393304383,0.013463510757617437,0.4648816402107955
2021,7,LIPPINCOTT WILLIAMS & WILKINS,3265,0.06082009309486768,0.05005325657378268,0.07372321638549924
2021,7,SPRINGERNATURE,963,0.060658101168447845,0.04009788474272087,0.09076375578742582
2021,8,AMER ACAD PEDIATRICS,72,0.07815715328351665,0.02655612883295275,0.20854358578976637
2021,7,SPRINGER HEIDELBERG,860,0.020233941095309963,0.010647826442710378,0.03811781614519989
2021,8,ADIS INT LTD,93,0.03870445728716647,0.008083551608753847,0.1659167982580974
2021,7,WILEY-HINDAWI,387,0.06652020615879839,0.035986708656277275,0.11974241178803983
2021,8,AMER ASSOC NEUROLOGICAL SURGEONS,89,0.05706570909644723,0.017104380776750364,0.1738737570857112
2021,8,AMER ECONOMIC ASSOC,17,0.0,0.0,0.3798502289748728
2021,6,WILEY,5906,0.049056835239841404,0.04145586689504199,0.05796716810122169
2021,8,AMER COLL PHYSICIANS,50,0.0,0.0,0.08714590768138811
2021,8,AMER INST AERONAUTICS ASTRONAUTICS,11,0.0,0.0,0.961552899558187
2021,8,AMER INST MATHEMATICAL SCIENCES-AIMS,18,0.0,0.0,0.6363792952907531
2021,7,PUBLIC LIBRARY SCIENCE,1851,0.04423481584333478,0.032530167691581874,0.05989019749175284
2021,8,AMER ASSOC CANCER RESEARCH,175,0.05792596674906042,0.017954052128777587,0.1713607457816805
2021,8,AMER ASSOC ADVANCEMENT SCIENCE,305,0.033408371018155573,0.0087014497104723,0.1197907600783484
2021,8,AMER DIABETES ASSOC,58,0.04166441605108079,0.005978147723752965,0.23913044265037195
2021,8,AMER MATHEMATICAL SOC,18,0.05796776722197281,0.005007155538603936,0.4293662754318087
2021,7,"ROUTLEDGE JOURNALS, TAYLOR & FRANCIS LTD",1447,0.01740627194495475,0.0077447239362555724,0.038651117440881615
2021,8,AMER METEOROLOGICAL SOC,68,0.0,0.0,0.15512367488055043
2021,8,AIP Publishing,419,0.021719743218967684,0.008640496929552146,0.05352823363376586
2021,8,AMER ROENTGEN RAY SOC,30,0.0,0.0,0.6755924074668229
2021,8,AMER SOC CELL BIOLOGY,10,0.0,0.0,0.8680392062083991
2021,8,AMER PUBLIC HEALTH ASSOC INC,49,0.0,0.0,0.744386485198589
2021,5,WILEY,10356,0.07930400434987142,0.07218950268449349,0.0870538748897442
2021,8,"AMER PSYCHIATRIC PUBLISHING, INC",33,0.08346328351297236,0.012695315915098709,0.3920638779317368
2021,8,AMER SOC HEMATOLOGY,30,0.16571113183332042,0.021127238599688746,0.6463815188386357
2021,8,AMER SOC PHARMACOLOGY EXPERIMENTAL THERAPEUTICS,10,0.0,0.0,0.7055372173375158
2021,8,AMER PHYSIOLOGICAL SOC,98,0.097972454680989,0.03551215697777126,0.24265187000026878
2021,8,AMER SOC NEURORADIOLOGY,24,0.1413610469772825,0.022178556923312963,0.5444172493752376
2021,8,ACADEMIC PRESS LTD- ELSEVIER SCIENCE LTD,657,0.06494002651205359,0.04140953479317177,0.10044045241288631
2021,8,AMER THORACIC SOC,28,0.09987534982063509,0.014804448572014052,0.45033722606942606
2021,8,AMER SOC NEPHROLOGY,63,0.008354583453749523,3.133214409505376e-08,0.9995587734078556
2021,8,AMER SOC CLINICAL INVESTIGATION INC,105,0.1152302506338218,0.04733856965918017,0.25448068834792004
2021,8,ANNUAL REVIEWS,121,0.0,0.0,0.047903146036406836
2021,8,AMER SPEECH-LANGUAGE-HEARING ASSOC,49,0.17067274369274812,0.0657325329796358,0.37576451922899656
2021,8,ASIAN-AUSTRALASIAN ASSOC ANIMAL PRODUCTION SOC,23,0.06110809904600169,0.008622957458754691,0.3275151941450979
2021,8,AMER PHYTOPATHOLOGICAL SOC,70,0.0704705038337488,0.015833224577184352,0.26322298000836414
2021,8,BAISHIDENG PUBLISHING GROUP INC,32,0.0,0.0,0.4216061984085624
2021,8,AMER PSYCHOLOGICAL ASSOC,75,0.07956348911071777,0.02561753144902025,0.22130829683294476
2021,8,BENTHAM SCIENCE PUBL LTD,17,0.0,0.0,0.6503318496679021
2021,8,ASSOC RESEARCH VISION OPHTHALMOLOGY INC,38,0.27664402520352627,0.11749539871701646,0.5234889616703227
2021,8,ASSOC COMPUTING MACHINERY,52,0.042003105580766316,0.004762684030388763,0.28658418257565355
2021,8,BIOSCIENTIFICA LTD,17,0.09331590053952768,0.010137963150027336,0.5084170323185485
2021,8,"AMER OCCUPATIONAL THERAPY ASSOC, INC",418,0.724354840135554,0.6149530416738836,0.8121671017539716
2021,8,ASCE-AMER SOC CIVIL ENGINEERS,120,0.06976942282982823,0.021930250842706778,0.2005662096857079
2021,8,AMER SOC MICROBIOLOGY,287,0.09946744260799775,0.05284784864670116,0.1794218914837211
2021,8,AMER MEDICAL ASSOC,547,0.049796723591498726,0.02772044202081397,0.08786549859717598
2021,8,BRILL,11,0.0,0.0,0.5768599439778614
2021,8,C EJ PUBLISHING GROUP,12,0.16430963592868356,0.038044742329705554,0.49429876043359855
2021,8,BRITISH EDITORIAL SOC BONE & JOINT SURGERY,40,0.132239602753714,0.03941386413957997,0.36142736023034716
2021,7,WILEY-V C H VERLAG GMBH,1269,0.039209397310966926,0.02426332638905546,0.06276988910143212
2021,8,AMER GEOPHYSICAL UNION,462,0.011631983181486148,0.003081772687058067,0.042883847667418394
2021,8,CHIN SOCIETY IMMUNOLOGY,10,0.12792407524136326,0.0014671177180697664,0.9360823678647634
2021,8,"CHINA UNIV GEOSCIENCES, WUHAN",27,0.0,0.0,0.3446564307062768
2021,8,"CHINA UNIV GEOSCIENCES, BEIJING",15,0.03470536005784908,0.00017926400433755006,0.8781892171240699
2021,8,CENTERS DISEASE CONTROL & PREVENTION,82,0.0,0.0,0.19040606817776654
2021,8,CHINESE CHEMICAL SOC,23,0.0,0.0,0.40394653021185095
2021,8,COGITATIO PRESS,27,0.0,0.0,0.20017616648648384
2021,8,CHINESE LASER PRESS,29,0.040536502311508515,0.005189275524900304,0.2549498964013856
2021,8,CMA-CANADIAN MEDICAL ASSOC,35,0.0,0.0,0.40391148580964087
2021,8,COLL AMER PATHOLOGISTS,16,0.0,0.0,0.36249005479100826
2021,8,COLEGIO OFICIAL DE PSICOLOGOS DE ASTURIAS,17,0.0,0.0,0.591618637099694
2021,8,COLL FAMILY PHYSICIANS CANADA,14,0.0,0.0,1.0
2021,8,CHURCHILL LIVINGSTONE INC MEDICAL PUBLISHERS,46,0.0683064551053427,0.011778383664002726,0.31080504713723023
2021,8,"COLD SPRING HARBOR LAB PRESS, PUBLICATIONS DEPT",32,0.06828675310726202,0.009647829468942059,0.35542178786794015
2021,8,CSIRO PUBLISHING,22,0.0,0.0,0.26380784018955267
2021,8,CURRENT MEDICINE GROUP,14,0.5118344488020439,0.1990097040525586,0.8156559098350012
2021,8,CURRENT BIOLOGY LTD,61,0.0,0.0,0.30075034936184974
2021,8,DUKE UNIV PRESS,83,0.0,0.0,0.5586468871360205
2021,8,EDIZIONI MINERVA MEDICA,12,0.0,0.0,0.7311644088539642
2021,8,COMPANY BIOLOGISTS LTD,55,0.25744071533603574,0.11749910030075023,0.47444793692159937
2021,8,EDITURA ASE,19,0.0,0.0,0.32678956248523594
2021,8,EDUCATIONAL PUBLISHING FOUNDATION-AMERICAN PSYCHOLOGICAL ASSOC,38,0.0,0.0,0.11823912265000379
2021,7,NATURE PORTFOLIO,3430,0.048967872489612096,0.03838536460256382,0.06227893279716818
2021,8,DOVE MEDICAL PRESS LTD,139,0.13790154806660254,0.06841937456573606,0.2583748994634137
2021,8,CHURCHILL LIVINGSTONE,143,0.09219987283351962,0.039262027346123204,0.20154159734765284
2021,8,ACADEMIC PRESS INC ELSEVIER SCIENCE,1332,0.03919238921058373,0.02592869163012582,0.05883127304814738
2021,8,EDP SCIENCES S A,169,0.017423185650254323,0.004407857195848592,0.06630996130567596
2021,8,ELSEVIER ESPANA SLU,11,0.0,0.0,0.7590904804509471
2021,8,ELSEVIER - DIVISION REED ELSEVIER INDIA PVT LTD,10,0.0,0.0,0.7866737744646578
2021,5,ELSEVIER,10785,0.04157542507653545,0.03617847392910902,0.04773759457069107
2021,8,ELSEVIER ADVANCED TECHNOLOGY,89,0.15518892542842078,0.07082934407138186,0.30684295807752476
2021,8,COPERNICUS GESELLSCHAFT MBH,271,0.006202503257854563,0.00041872011797953996,0.08507787278430588
2021,8,"ELSEVIER MASSON, CORP OFF",10,0.0,0.0,0.7241036753905489
2021,8,ELSEVIER INC,43,0.06486286544485152,0.011988097945316727,0.28392894436794813
2021,8,CAMBRIDGE UNIV PRESS,571,0.008790763223800157,0.0013949216259835473,0.05330599733051809
2021,8,ELSEVIER GMBH,144,0.06701558238579429,0.02528470782561159,0.16589821148889683
2021,8,AMER PHYSICAL SOC,865,0.0053539134488283825,0.0009532490073801064,0.02947090979214724
2021,8,ELSEVIER FRANCE-EDITIONS SCIENTIFIQUES MEDICALES ELSEVIER,401,0.06058851690070292,0.03347881204598543,0.10721535031188227
2021,8,CELL PRESS,1201,0.07181776716842572,0.048916907051725994,0.10426451919011867
2021,7,SPRINGER,3454,0.052566703820404174,0.04237719996795096,0.0650398491768406
2021,8,ELSEVIER SCIENCE LONDON,75,0.025392989503394626,0.0030953592994940144,0.1794068569511383
2021,8,ELSEVIER SINGAPORE PTE LTD,25,0.09425686701958003,0.01725313660552475,0.3815188354730307
2021,8,EUR CENTRE DIS PREVENTION & CONTROL,13,0.0,0.0,0.6409448432836158
2021,8,EUROPA EDITION,15,0.0,0.0,0.6356557327567114
2021,8,EUROPEAN MATHEMATICAL SOC-EMS,40,0.0,0.0,0.38069134296446083
2021,8,FERRATA STORTI FOUNDATION,27,0.30761738722689375,0.07515667410228122,0.7083710003911934
2021,8,EXCERPTA MEDICA INC-ELSEVIER SCIENCE INC,18,0.21864342429243794,0.04036117493216166,0.6505618676080241
2021,8,ELSEVIER IRELAND LTD,665,0.08973974456189095,0.06223249445204002,0.12774911148519938
2021,8,ENDOCRINE SOC,68,0.1700495236760241,0.07909280740455264,0.3283151426753798
2021,8,ELSEVIER TAIWAN,56,0.03717580811349807,0.003249319630113441,0.31380928619439974
2021,8,BMJ PUBLISHING GROUP,1013,0.07006800534474183,0.04967481234812171,0.09797020496948204
2021,8,EUROPEAN RESPIRATORY SOC JOURNALS LTD,64,0.07631925872059798,0.019264354155433202,0.2579145895244801
2021,8,"GEOLOGICAL SOC AMER, INC",23,0.0,0.0,0.17527972884398366
2021,8,GEOSCIENCEWORLD,11,0.0,0.0,0.6606439357504403
2021,8,FUTURE MEDICINE LTD,10,0.11179141195583234,0.002774329899904138,0.8506139022851924
2021,8,GEORG THIEME VERLAG KG,73,0.0,0.0,0.22499619884163555
2021,8,BMC,1787,0.07237660929681793,0.0569642956020959,0.09155405411600265
2021,8,HARBORSIDE PRESS,14,0.15082635223049595,0.020462851540493047,0.6016152860599058
2021,8,HIGHER EDUCATION PRESS,33,0.13739999260967695,0.026518866746860208,0.4822355998961987
2021,8,HUMAN KINETICS PUBL INC,23,0.0,0.0,0.5229658108618287
2021,8,HINDAWI LTD,104,0.02139359244222374,0.0029442739297769467,0.13929813130364768
2021,8,INST MATHEMATICAL STATISTICS-IMS,25,0.0,0.0,0.43288253359352385
2021,8,INT RHINOLOGIC SOC,11,0.0,0.0,0.7603426545125548
2021,8,"INST MATERIA MEDICA, CHINESE ACAD MEDICAL SCIENCES",27,0.0,0.0,0.29474802082266066
2021,8,INT SOC GLOBAL HEALTH,16,0.0,0.0,0.6187476467604589
2021,8,INFORMS,67,0.0,0.0,0.1547853338597232
2021,8,INT UNION CRYSTALLOGRAPHY,20,0.0,0.0,0.25085659817075245
2021,8,INTER-RESEARCH,46,0.0,0.0,0.1692751098433334
2021,8,IGI GLOBAL,29,0.05636502327473832,0.007903123743332867,0.3093374638291839
2021,8,JOHN WILEY & SONS INC,10,0.0,0.0,0.8933222039011344
2021,8,IEEE COMPUTER SOC,208,0.033053389936469876,0.011218799410448201,0.09337069552957314
2021,8,JOURNAL OF CENTRAL SOUTH UNIV,23,0.0,0.0,0.24743315879522962
2021,8,KERMAN UNIV MEDICAL SCIENCES,27,0.0,0.0,0.18165585589223543
2021,8,EMERALD GROUP PUBLISHING LTD,674,0.05270572708408785,0.032341378305652986,0.08476955419151547
2021,8,KOREAN INST METALS MATERIALS,14,0.0,0.0,0.7039201495961444
2021,8,KOREAN NUCLEAR SOC,34,0.0,0.0,0.4271339307457416
2021,8,KOREAN FIBER SOC,29,0.0,0.0,0.28425078616356736
2021,8,KOREAN SOC COLOPROCTOLOGY,13,0.0,0.0,0.8300855842712707
2021,8,KOREAN SOC LABORATORY MEDICINE,13,0.019072366945470775,8.477673005176946e-17,0.9999999999997757
2021,8,JOURNAL MATER SCI TECHNOL,62,0.05021337206154277,0.008629986237993537,0.24304318656652837
2021,7,ELSEVIER SCI LTD,6246,0.038278410062132416,0.03128008142019142,0.04676689339894797
2021,8,JOHN WILEY & SONS LTD,97,0.12020873165699676,0.04893407424498303,0.2662367203623715
2021,8,LIFE SCIENCE ALLIANCE LLC,19,0.0,0.0,0.3023292387797027
2021,8,"JMIR PUBLICATIONS, INC",158,0.09242629599255155,0.044300010485666425,0.18283343908541771
2021,8,MAGNOLIA PRESS,14,0.10969968581259738,0.015061851942659275,0.4981972555746767
2021,8,"MASARYKOVA UNIV, FAC SOCIAL STUDIES",10,0.0,0.0,0.527618081331749
2021,8,MASSACHUSETTS MEDICAL SOC,58,0.0,0.0,0.2370404181179537
2021,7,OXFORD UNIV PRESS,4424,0.037239810821498506,0.029894821358895134,0.04630328793401473
2021,8,"MARY ANN LIEBERT, INC",151,0.1129533260170239,0.051282752758567744,0.2307485145470278
2021,8,KEAI PUBLISHING LTD,221,0.02540440950723952,0.006238396320281308,0.09766650671698082
2021,8,MICROBIOLOGY SOC,19,0.0,0.0,0.574727579340921
2021,8,MIT PRESS,45,0.0,0.0,0.36365663470175175
2021,7,MDPI,6563,0.06110963121944503,0.05281760994386794,0.07060640551474641
2021,8,NEW YORK BUSINESS GLOBAL LLC,38,0.0,0.0,0.40890654719842257
2021,8,NONFERROUS METALS SOC CHINA,18,0.0,0.0,0.5957720224693307
2021,8,NATURE PUBL GROUP,22,0.24833639260231863,0.06590209137474412,0.6074013172149959
2021,8,Optica Publishing Group,20,0.0,0.0,0.5495569019947091
2021,8,PEERJ INC,42,0.0,0.0,0.28206938546267335
2021,8,MOSBY-ELSEVIER,465,0.08218208097164799,0.053001591185145046,0.12530242274670841
2021,8,PALGRAVE MACMILLAN LTD,18,0.08497615323760943,0.008559114052337719,0.4997509298050519
2021,8,NATL ACAD SCIENCES,349,0.011588785578804748,0.001831016101792894,0.06971533160182224
2021,8,PROJECT HOPE,16,0.0,0.0,0.48690085009207945
2021,8,PHYSICIANS POSTGRADUATE PRESS,17,0.15357650720032615,0.019646526249421276,0.6216060636066085
2021,8,PORTLAND PRESS LTD,36,0.0,0.0,0.21596170273943832
2021,8,RADIOLOGICAL SOC NORTH AMERICA (RSNA),53,0.0,0.0,0.17184317120289985
2021,8,FRONTIERS MEDIA SA,1983,0.07274394302328054,0.05717490030562494,0.09213821093974174
2021,8,ROCKEFELLER UNIV PRESS,54,0.20951573992599914,0.08327210068945105,0.43610214742247755
2021,8,IOP Publishing Ltd,725,0.009456351132038713,0.0031392794429719313,0.02812640556895843
2021,6,ELSEVIER,11066,0.038317208738370426,0.03295652020778197,0.04450973010801131
2021,8,ROYAL SOC CHEMISTRY,18,0.0,0.0,0.8901405781257521
2021,8,ROYAL COLL GENERAL PRACTITIONERS,22,0.0,0.0,0.29280480630146793
2021,8,SCIPOST FOUNDATION,28,0.0,0.0,0.26419166551148876
2021,7,PERGAMON-ELSEVIER SCIENCE LTD,5226,0.0291280449412484,0.022374675769395887,0.037840890506093496
2021,8,SHANGHAI JIAO TONG UNIV PRESS,25,0.0,0.0,0.47258949745284956
2021,8,SHANGHAI UNIV,10,0.1705075877517587,0.011246590114860584,0.7878997229603225
2021,8,SOC CULTURAL ANTHROPOLOGY,11,0.0,0.0,0.8531199006466997
2021,8,"SOC ECONOMIC GEOLOGISTS, INC",10,0.0,0.0,0.6844187449271164
2021,8,SOC EXPLORATION GEOPHYSICISTS - SEG,45,0.0,0.0,0.16698874587209464
2021,8,SPANDIDOS PUBL LTD,21,0.0,0.0,0.8175213710264317
2021,8,SOC NUCLEAR MEDICINE INC,31,0.0,0.0,0.36528664820338586
2021,8,SOC NEUROSCIENCE,64,0.019160345273078236,0.00029284329636217367,0.5657293006702526
2021,8,SPRINGER FRANCE,16,0.028801581080254983,6.867209039075573e-05,0.9275666621626032
2021,8,OXFORD UNIV PRESS INC,580,0.05523651419891802,0.033733199814846584,0.08918204566616658
2021,8,SPRINGER SINGAPORE PTE LTD,25,0.0,0.0,0.3710492050790918
2021,8,SPRINGER BASEL AG,104,0.0,0.0,0.23323838305909717
2021,8,TAYLOR & FRANCIS AS,12,0.0,0.0,0.6596490209292649
2021,8,TARU PUBLICATIONS,14,0.0,0.0,0.7621041089958729
2021,8,SPRINGER LONDON LTD,65,0.08731574231512536,0.025820598536907,0.2566801785068287
2021,8,ELSEVIER SCIENCE SA,1820,0.031224914250958913,0.02071389868093803,0.04681464045608995
2021,8,ROYAL SOC,262,0.042665301990834556,0.019599896311098555,0.09037229327205917
2021,8,THIEME MEDICAL PUBL INC,11,0.0,0.0,0.5383112075386213
2021,8,SPRINGER-VERLAG ITALIA SRL,73,0.053433650127638954,0.014045195565620104,0.18280307704556606
2021,8,UNIV SISTAN & BALUCHESTAN,17,0.09211331363191456,0.002120794704915926,0.8288701919402557
2021,8,TSINGHUA UNIV PRESS,151,0.0,0.0,0.08315225875059179
2021,8,SPRINGER JAPAN KK,49,0.04099080472758593,0.005968775362365676,0.23328058645454447
2021,8,AMER CHEMICAL SOC,3591,0.032846396066589255,0.024237966151680276,0.04437318581270544
2021,8,"VILNIUS UNIV, INST MATHEMATICS & INFORMATICS",18,0.0,0.0,0.5802298339149552
2021,8,VEREIN FORDERUNG OPEN ACCESS PUBLIZIERENS QUANTENWISSENSCHAF,22,0.06644988938162245,0.009516802354622229,0.34525579724199024
2021,8,TERMEDIA PUBLISHING HOUSE LTD,45,0.04773728963032695,0.006774955492156575,0.26923019622507377
2021,8,WAGENINGEN ACADEMIC PUBLISHERS,21,0.04188499612147001,0.0006042973469204552,0.7596496011058108
2021,8,UNIV CHICAGO PRESS,42,0.0375684822569871,0.005246683035317012,0.2241408764888217
2021,8,SPRINGER WIEN,95,0.045630964791027864,0.011033087124120463,0.17006515385263507
2021,8,SPRINGER INT PUBL AG,170,0.028082182536067233,0.007816342497492398,0.09581797447539754
2021,8,SPRINGER/PLENUM PUBLISHERS,167,0.03719513102732617,0.010826433787956138,0.11999614223688874
2021,8,SCIENCE PRESS,265,0.007959318910615326,0.0011368603612862418,0.05353015408036931
2021,8,W B SAUNDERS CO LTD,118,0.09758526995220297,0.04231976717834948,0.20925273249349158
2021,8,SAGE PUBLICATIONS INC,600,0.05684064709752107,0.03368948302668231,0.0943477810338918
2021,8,W B SAUNDERS CO-ELSEVIER INC,276,0.099548124739922,0.05871666842502869,0.16383166105568348
2021,8,WALTER DE GRUYTER GMBH,109,0.016117081307679335,0.0011441618291756321,0.18979905821576487
2021,8,ELSEVIER SCIENCE INC,2414,0.05185114801735125,0.03988925309825981,0.06714926887441908
2021,8,TAYLOR & FRANCIS INC,401,0.0750730166831871,0.04233634803578339,0.12969518003804026
2021,8,SAGE PUBLICATIONS LTD,536,0.0316786236002754,0.014447152908138807,0.06804353116041909
2021,8,WORLD SCIENTIFIC PUBL CO PTE LTD,76,0.0,0.0,0.18618698082970134
2021,8,LIPPINCOTT WILLIAMS & WILKINS,1931,0.08383167233616291,0.06657521874676274,0.1050576098368094
2021,9,ACAD MANAGEMENT,16,0.0,0.0,0.5114115952229292
2021,9,ACAD MEDICINE SINGAPORE,14,0.1674145442271005,0.025114293128231865,0.6108193097044451
2021,8,TAYLOR & FRANCIS LTD,592,0.04130669152267972,0.022400593840825576,0.07494623221882359
2021,8,WOLTERS KLUWER MEDKNOW PUBLICATIONS,98,0.12677125936023562,0.06186567708934249,0.24219209047434342
2021,9,ACOUSTICAL SOC AMER AMER INST PHYSICS,59,0.0,0.0,0.3032130105126657
2021,9,ALEXANDER VON HUMBOLDT INST INTERNET & SOC,10,0.0,0.0,0.7116435570596161
2021,9,AMER ACAD FAMILY PHYSICIANS,19,0.0,0.0,0.7979054133106517
2021,9,AME PUBLISHING COMPANY,34,0.0,0.0,0.2929660051172369
2021,9,AKADEMIAI KIADO ZRT,17,0.05956339113748836,0.003458424441314053,0.5361546718758724
2021,8,SPRINGERNATURE,880,0.07051319445372276,0.04812846571800762,0.1021914118548859
2021,9,AMER ACAD SLEEP MEDICINE,16,0.0657279604149245,0.003750745986872537,0.5679657469969371
2021,8,eLIFE SCIENCES PUBL LTD,170,0.09689862231296167,0.045514113061751654,0.19447531232097048
2021,8,SPRINGER HEIDELBERG,777,0.029040115082336136,0.015095118843929584,0.05514630401689281
2021,9,AMER ASSOC CRITICAL CARE NURSES,14,0.0,0.0,0.5807740869670827
2021,9,AMER BOARD FAMILY MEDICINE,23,0.015244693557677227,4.144505320282658e-07,0.9982735988013184
2021,9,AMER ACAD PEDIATRICS,60,0.10840358237556794,0.03253785837467895,0.30533230526349686
2021,9,ADIS INT LTD,90,0.03740284537751775,0.006941335855007857,0.1776309843186873
2021,9,AMER ASSOC CANCER RESEARCH,177,0.09236158983997471,0.04203250950666795,0.19094225170373247
2021,8,WILEY-HINDAWI,369,0.017722768348831006,0.004904381914609284,0.06195805244604384
2021,9,AMER ASSOC NEUROLOGICAL SURGEONS,102,0.021678504945514165,0.0032242903717364943,0.13179028713497284
2021,9,AMER COLL PHYSICIANS,43,0.0,0.0,0.4047678532958749
2021,9,AMER ASSOC ADVANCEMENT SCIENCE,361,0.08532459633032424,0.04098886844916823,0.16915738607892267
2021,8,OXFORD UNIV PRESS,1738,0.05446662437576348,0.040726747431477806,0.07249159504350701
2021,9,AMER ECONOMIC ASSOC,38,0.0,0.0,0.17921694389811263
2021,9,AMER DIABETES ASSOC,49,0.038395434111528744,0.0053711044624367155,0.2279376142659686
2021,9,AMER INST AERONAUTICS ASTRONAUTICS,16,0.0,0.0,0.7055191478224301
2021,9,AMER INST MATHEMATICAL SCIENCES-AIMS,29,0.0,0.0,0.49084354882347064
2021,9,AMER MATHEMATICAL SOC,27,0.3220295692604678,0.13902975357406064,0.5828420693093669
2021,8,"ROUTLEDGE JOURNALS, TAYLOR & FRANCIS LTD",1256,0.037187385584148386,0.020730134715658582,0.06583142700660777
2021,9,AMER METEOROLOGICAL SOC,73,0.12002291292051732,0.05107971511738251,0.2568340783047494
2021,9,AMER PUBLIC HEALTH ASSOC INC,28,0.0,0.0,0.6793187154444269
2021,9,"AMER PSYCHIATRIC PUBLISHING, INC",24,0.15859618296943254,0.029497672404828413,0.5389413541344774
2021,9,AMER SOC ENGINEERING EDUCATION,10,0.0,0.0,0.7043240686675433
2021,9,AMER PHYTOPATHOLOGICAL SOC,55,0.18345055763772136,0.08168176154809025,0.36202835698203484
2021,9,AIP Publishing,390,0.00989931738443277,0.002495789852508205,0.03841885682443221
2021,9,AMER PHYSIOLOGICAL SOC,109,0.2550875848595937,0.1475919293581856,0.4037882586071943
2021,9,ACADEMIC PRESS LTD- ELSEVIER SCIENCE LTD,700,0.04611077195845147,0.028004015641440325,0.07502133239921357
2021,9,AMER ROENTGEN RAY SOC,65,0.061811301847850386,0.009136693329704888,0.3200696587781604
2021,9,AMER SOC HEMATOLOGY,45,0.16872764229502737,0.05675408198854693,0.4064298969342719
2021,9,AMER THORACIC SOC,26,0.23292309703505834,0.06054174753285608,0.5886077292634884
2021,9,ANNALS FAMILY MEDICINE,17,0.18388340759735536,0.012922481928059358,0.7949897665957688
2021,9,AMER SOC NEURORADIOLOGY,28,0.10017909383942404,0.022984174720907618,0.34507125096758323
2021,9,AMER SOC CLINICAL INVESTIGATION INC,84,0.1644756034959544,0.07171684665953187,0.3340367520815822
2021,9,AMER SPEECH-LANGUAGE-HEARING ASSOC,54,0.1103348109996932,0.04149493541862765,0.26214530296132815
2021,9,AMER SOC NEPHROLOGY,71,0.08182043911030691,0.023942355799909165,0.24455638730763996
2021,9,ASCE-AMER SOC CIVIL ENGINEERS,136,0.0,0.0,0.07342487365013911
2021,9,ASSOC RESEARCH VISION OPHTHALMOLOGY INC,27,0.16449920176961402,0.03559256993426407,0.5122789738673067
2021,9,AMER PSYCHOLOGICAL ASSOC,147,0.033872523571533406,0.0059565481508460855,0.17021652951040148
2021,9,ANNUAL REVIEWS,116,0.00017453781160160545,0.0,0.056722140707188375
2021,9,BENTHAM SCIENCE PUBL LTD,20,0.038566342023889436,0.0001374333413664994,0.921300019736788
2021,9,BIOSCIENTIFICA LTD,23,0.07309371824982182,0.006229056715631327,0.49801545147208387
2021,9,AMER SOC MICROBIOLOGY,192,0.1689963297802863,0.09952302743238899,0.27230110789958445
2021,9,ASSOC COMPUTING MACHINERY,98,0.020848072701399,0.003083360946507599,0.12783885485510066
2021,9,BAISHIDENG PUBLISHING GROUP INC,67,0.07043097695519757,0.01845589984525001,0.23389751292030445
2021,9,BRILL,12,0.0,0.0,0.610503078133851
2021,9,AMER MEDICAL ASSOC,541,0.04887394742746398,0.02773530003691488,0.08471970618609775
2021,9,C EJ PUBLISHING GROUP,13,0.0746316994935698,0.002028914242489471,0.7618720608923107
2021,8,PUBLIC LIBRARY SCIENCE,1769,0.04452243377417308,0.0320152586801229,0.06160473686794432
2021,9,BRITISH EDITORIAL SOC BONE & JOINT SURGERY,44,0.15032987737948073,0.05779106164279939,0.33790610722000614
2021,9,AMER GEOPHYSICAL UNION,481,0.023104898260719223,0.009915321100233833,0.05290207410143003
2021,9,CHIN SOCIETY IMMUNOLOGY,12,0.0,0.0,0.6705301528181119
2021,9,CHINESE JOURNAL NATURAL MEDICINES,11,0.0,0.0,0.8219661604028617
2021,9,CENTERS DISEASE CONTROL & PREVENTION,54,0.0,0.0,0.4359278689331669
2021,9,CHINA ANTI-CANCER ASSOC,14,0.17067474768294522,0.024598821881453806,0.6267840432186874
2021,9,ACADEMIC PRESS INC ELSEVIER SCIENCE,1235,0.037894478342264774,0.024058691382871276,0.05920432876188601
2021,9,CHINESE CHEMICAL SOC,18,0.0,0.0,0.46211006092007534
2021,9,CAMBRIDGE UNIV PRESS,592,0.0,0.0,0.05611456384631476
2021,9,CHINESE LASER PRESS,24,0.41054815646918497,0.1787443620568213,0.6902905956786943
2021,8,WILEY-V C H VERLAG GMBH,1248,0.026680323306760456,0.014372542552190946,0.04900373377235134
2021,9,CMA-CANADIAN MEDICAL ASSOC,34,0.0,0.0,0.35398175936178056
2021,9,COGITATIO PRESS,19,0.0,0.0,0.21045036249313756
2021,9,AMER PHYSICAL SOC,901,0.008479137012107101,0.0020967294153624453,0.03363465651201181
2021,9,COLL AMER PATHOLOGISTS,21,0.0,0.0,0.48590341545588056
2021,9,CHURCHILL LIVINGSTONE INC MEDICAL PUBLISHERS,32,0.05826680785497017,0.008659685404869475,0.3047034754763738
2021,9,"COLD SPRING HARBOR LAB PRESS, PUBLICATIONS DEPT",23,0.17250788061625197,0.026436029229633843,0.6154600575752323
2021,9,CHURCHILL LIVINGSTONE,126,0.08241482363601443,0.03377364439198236,0.1875143615939178
2021,9,COMPANY BIOLOGISTS LTD,57,0.16719971820680296,0.055542937445624004,0.40666827869012634
2021,9,CURRENT BIOLOGY LTD,31,0.0,0.0,0.31426991167222657
2021,9,CSIRO PUBLISHING,13,0.19500898408953055,0.03056888504524744,0.6504813675972647
2021,9,CURRENT MEDICINE GROUP,20,0.14686396642928337,0.0070828763078317385,0.805987026176763
2021,9,DUKE UNIV PRESS,32,0.0,0.0,0.2592619745079578
2021,8,IEEE-INST ELECTRICAL ELECTRONICS ENGINEERS INC,2983,0.03455420303764994,0.024994758883595477,0.04759127428792248
2021,9,EDUCATIONAL PUBLISHING FOUNDATION-AMERICAN PSYCHOLOGICAL ASSOC,43,0.067410039785536,0.005391710193992649,0.49078680507302525
2021,9,EDIZIONI MINERVA MEDICA,81,0.09312039561967594,0.028779658883047655,0.26243545806233237
2021,9,DOVE MEDICAL PRESS LTD,109,0.11658138964660233,0.05131064036209253,0.2435644472058192
2021,9,EDP SCIENCES S A,196,0.0,0.0,0.15143299255372303
2021,8,NATURE PORTFOLIO,3157,0.05287652835915614,0.041627921640155816,0.06695236299356407
2021,9,COPERNICUS GESELLSCHAFT MBH,248,0.014830375947130187,0.0037581401988504596,0.05666809668865303
2021,7,WILEY,6168,0.04432126463981859,0.03709104016027566,0.052883484969975136
2021,9,ELSEVIER - DIVISION REED ELSEVIER INDIA PVT LTD,13,0.15306547054027353,0.021287613188349215,0.6002716588050069
2021,8,SPRINGER,3099,0.05388877839081456,0.0431072656856713,0.06717753552144158
2021,9,BMJ PUBLISHING GROUP,944,0.03218882415411762,0.018658340528900055,0.05498148877427813
2021,9,ELSEVIER INC,43,0.12178203135082578,0.04011530146211993,0.3151246291071634
2021,9,"ELSEVIER MASSON, CORP OFF",19,0.0,0.0,0.5607955140194667
2021,9,ELSEVIER ADVANCED TECHNOLOGY,93,0.05360912265800093,0.014497420255314293,0.17906547754272212
2021,9,ELSEVIER GMBH,172,0.04017562130354079,0.009659299663528518,0.15227708707424556
2021,9,ELSEVIER FRANCE-EDITIONS SCIENTIFIQUES MEDICALES ELSEVIER,332,0.08630366192666415,0.047560605579381895,0.15158404143740267
2021,9,CELL PRESS,1159,0.04727096508522927,0.02818830865396492,0.07823207167429239
2021,9,ELSEVIER IRELAND LTD,693,0.07329910937615816,0.04860535912444265,0.10909977339813903
2021,9,BMC,1855,0.06333493246885599,0.04922406243858871,0.0811456735979609
2021,9,ELSEVIER SCIENCE LONDON,62,0.15018200502057052,0.05829447412646301,0.3353327448329537
2021,7,ELSEVIER,11222,0.03962270944877855,0.03441961392812423,0.045575214887206034
2021,9,ELSEVIER SINGAPORE PTE LTD,26,0.1150984883840011,0.01694877504345151,0.49527247272895586
2021,9,ELSEVIER TAIWAN,42,0.10690294102500779,0.028130833509174367,0.33110469519885394
2021,9,EUR CENTRE DIS PREVENTION & CONTROL,24,0.0,0.0,0.499791250565261
2021,9,EUROPA EDITION,15,0.0,0.0,0.7324117309327204
2021,9,EUROPEAN MATHEMATICAL SOC-EMS,33,0.0,0.0,0.3276082970304779
2021,9,FERRATA STORTI FOUNDATION,24,0.0,0.0,0.47703225087500234
2021,9,EXCERPTA MEDICA INC-ELSEVIER SCIENCE INC,19,0.0,0.0,0.4351700414906705
2021,9,EUROPEAN RESPIRATORY SOC JOURNALS LTD,92,0.0,0.0,0.2793069799825824
2021,8,ELSEVIER SCI LTD,5855,0.041971641051634825,0.03457462363637179,0.05086781904603606
2021,9,ENDOCRINE SOC,64,0.04031870996333181,0.006172606703579772,0.22129615826497054
2021,9,FUTURE MEDICINE LTD,16,0.0,0.0,0.8191540570697394
2021,9,GEOMETRY & TOPOLOGY PUBLICATIONS,12,0.0,0.0,0.6896312250758474
2021,9,"GEOLOGICAL SOC AMER, INC",39,0.0,0.0,0.37075817618996126
2021,9,GEOSCIENCEWORLD,18,0.0,0.0,0.27009832849623533
2021,9,GEORG THIEME VERLAG KG,73,0.0,0.0,0.13466825961155116
2021,9,HARBORSIDE PRESS,11,0.11916138040676175,0.009649711879973929,0.652566373632639
2021,9,HUMAN KINETICS PUBL INC,29,0.0,0.0,0.44338721709589135
2021,9,HIGHER EDUCATION PRESS,59,0.0,0.0,0.08712918181116926
2021,9,HUMANA PRESS INC,15,0.0,0.0,0.2694003793253475
2021,9,HINDAWI LTD,105,0.0,0.0,0.15686273159591801
2021,9,INST BADAN GOSPODARCZYCH,10,0.0,0.0,0.6890469990900596
2021,9,INST MATHEMATICAL STATISTICS-IMS,15,0.0,0.0,0.6864467392140977
2021,9,"INT PRESS BOSTON, INC",10,0.0,0.0,0.6378345787378992
2021,9,INFORMS,52,0.0,0.0,0.14756380437727554
2021,9,INT SOC GLOBAL HEALTH,16,0.0,0.0,0.3541135636993745
2021,9,"INST MATERIA MEDICA, CHINESE ACAD MEDICAL SCIENCES",30,0.12638980644739756,0.022183273783937477,0.4798750793710488
2021,9,INT UNION CRYSTALLOGRAPHY,36,0.0,0.0,0.2918971879267773
2021,9,IGI GLOBAL,44,0.061923712343156946,0.010031597972394777,0.30070918354784215
2021,9,INTER-RESEARCH,40,0.0,0.0,0.17017799471431186
2021,9,JAPAN PROSTHODONTIC SOC,12,0.0,0.0,0.8271687966632846
2021,9,IEEE COMPUTER SOC,278,0.04269274642721303,0.018057556790106052,0.09759630922262241
2021,9,JAPANESE SOC HYGIENE,13,0.12923022252218855,0.018817969488128895,0.5345402701613214
2021,9,JOHN BENJAMINS PUBLISHING CO,17,0.0,0.0,0.5849181891078947
2021,9,JOURNAL OF CENTRAL SOUTH UNIV,27,0.06311334654388438,0.008795865013248555,0.33835773163588384
2021,9,KARGER,21,0.06365397145166014,0.008844139295695557,0.3412047677731592
2021,9,KERMAN UNIV MEDICAL SCIENCES,30,0.0,0.0,0.3564797361786827
2021,9,KOREAN DIABETES ASSOC,15,0.0,0.0,0.8412966471967593
2021,8,MDPI,6687,0.06664003896611632,0.058030803175836115,0.07642288591992619
2021,9,KOREAN INST METALS MATERIALS,38,0.0,0.0,0.13307587722748987
2021,9,KOREAN NUCLEAR SOC,41,0.0,0.0,0.4112580006395216
2021,9,JOURNAL MATER SCI TECHNOL,69,0.047814682485474456,0.010037266074100076,0.19916978386762565
2021,9,JOHN WILEY & SONS LTD,120,0.1315131254194368,0.06455106026453375,0.24941745641971577
2021,9,KOREAN STROKE SOC,13,0.10132743786140222,0.003381115021524895,0.7893546615798394
2021,9,LIFE SCIENCE ALLIANCE LLC,20,0.3135453083303087,0.09863177128987016,0.6559568060177703
2021,9,EMERALD GROUP PUBLISHING LTD,509,0.05484980760159171,0.030241900122961803,0.09746870050227148
2021,9,KOREAN SPINAL NEUROSURGERY SOC,31,0.07792813040299754,0.011187959053515379,0.3869843534755665
2021,9,"JMIR PUBLICATIONS, INC",186,0.07638613514554712,0.03355816553278361,0.16456528082862493
2021,9,MAGNOLIA PRESS,15,0.0,0.0,0.40144519232888476
2021,9,MATHEMATICAL SCIENCE PUBL,11,0.0,0.0,0.6984577275891113
2021,9,MASSON EDITEUR,16,0.11399580904855242,0.016122295304703892,0.5025446026085828
2021,9,MASSACHUSETTS MEDICAL SOC,71,0.0836306408059547,0.019212061130341962,0.2983429504083667
2021,9,KEAI PUBLISHING LTD,342,0.06975029573389048,0.04013140082499748,0.11852993796246583
2021,9,"MARY ANN LIEBERT, INC",218,0.06940295807824462,0.031224256233712576,0.14717201160031484
2021,9,MEDYCYNA PRAKTYCZNA SP K SP ZOO,13,0.0,0.0,0.5954167020294048
2021,9,MICROBIOLOGY SOC,23,0.0,0.0,0.391132814364836
2021,9,MIT PRESS,31,0.0,0.0,0.4538757304389547
2021,9,NATL CENTRE MARINE RESEARCH,13,0.0,0.0,0.6252258774909469
2021,9,NATL ATHLETIC TRAINERS ASSOC INC,16,0.0,0.0,0.3431137371348477
2021,9,NATL MINING UNIV,12,0.11348319591464916,0.015341397972997328,0.5126096863537628
2021,9,AMER CHEMICAL SOC,3440,0.028383516363984274,0.019841717428851654,0.040450776262064565
2021,9,NORTHEAST FORESTRY UNIV,11,0.0,0.0,0.7594282071526429
2021,9,NATURE PUBL GROUP,16,0.10877252493003087,0.005889269859390763,0.7154565133537447
2021,9,ONLINE LEARNING CONSORTIUM,18,0.0,0.0,0.4327642814092398
2021,9,NONFERROUS METALS SOC CHINA,18,0.061334867097172056,0.00259494617468339,0.6213707775404279
2021,9,PALGRAVE MACMILLAN LTD,17,0.0,0.0,0.4188062170410314
2021,9,PEERJ INC,42,0.0,0.0,0.34837514716182466
2021,9,Optica Publishing Group,26,0.0,0.0,0.4238171714930424
2021,8,PERGAMON-ELSEVIER SCIENCE LTD,4834,0.032995496193338296,0.025569729065529113,0.04248377652259947
2021,9,NATL ACAD SCIENCES,374,0.04243746383357574,0.017657687331886458,0.09850471902316235
2021,9,PORTLAND PRESS LTD,16,0.5851862865245814,0.22475359722625032,0.8728479366885729
2021,9,PHYSICIANS POSTGRADUATE PRESS,10,0.20906039000906193,0.020417716882274162,0.7702151259037339
2021,9,PROJECT HOPE,17,0.11728955741487827,0.017200714955690574,0.5021877292305128
2021,9,ROCKEFELLER UNIV PRESS,39,0.0,0.0,0.4668032026262088
2021,9,MOSBY-ELSEVIER,404,0.05611990469126794,0.029964400715641076,0.10268928380970285
2021,9,ROYAL COLL GENERAL PRACTITIONERS,22,0.0,0.0,0.451809514753702
2021,9,ROY COLL PHYS LONDON EDITORIAL OFFICE,21,0.007016623003415943,1.6661181544034414e-19,0.9999999999999967
2021,9,RADIOLOGICAL SOC NORTH AMERICA (RSNA),47,0.033337632040334755,0.004780455122072199,0.19846796232826433
2021,9,SCIPOST FOUNDATION,27,0.0,0.0,0.2387906836876512
2021,9,SCIENDO,14,0.0,0.0,0.5867317178387834
2021,9,SHANGHAI UNIV,10,0.0,0.0,0.86935432800268
2021,9,SOC BRASIL PEDIATRIA,10,0.0,0.0,0.635068000024506
2021,9,ROYAL SOC CHEMISTRY,51,0.07320135749199608,0.010356568372342905,0.3734788959865016
2021,9,SOC EXPLORATION GEOPHYSICISTS - SEG,32,0.0,0.0,0.35074336710919524
2021,9,SHANGHAI JIAO TONG UNIV PRESS,17,0.08473355848925855,0.0120076266908798,0.4135584842736251
2021,9,IOP Publishing Ltd,750,0.008395931238869225,0.002685645614183484,0.025931870569551884
2021,9,SOC PETROLEUM ENG,25,0.0,0.0,0.1394324624165209
2021,9,SPANDIDOS PUBL LTD,22,0.24961615293076034,0.06958848281590937,0.5966935232245497
2021,9,SOC NEUROSCIENCE,46,0.16796566794943918,0.06736999843065397,0.3606787382372883
2021,9,SOC NUCLEAR MEDICINE INC,34,0.03640799509420802,0.0022545328816832464,0.3871747315548923
2021,9,SPRINGER FRANCE,18,0.1441287699600205,0.021353647601783078,0.5651578982209298
2021,9,SPRINGER WIEN,84,0.0,0.0,0.09197182942191008
2021,9,SPRINGER-VERLAG ITALIA SRL,70,0.0,0.0,0.23286612923254876
2021,9,SPRINGER JAPAN KK,36,0.07115019960512232,0.013625174046358976,0.2981358695759649
2021,9,TERMEDIA PUBLISHING HOUSE LTD,13,0.0,0.0,0.6307983004211197
2021,9,SPRINGER SINGAPORE PTE LTD,45,0.03567985586686704,0.005097538207019011,0.21085370720495816
2021,9,UNIV CHICAGO PRESS,33,0.0,0.0,0.34131870039770296
2021,9,SPRINGER LONDON LTD,75,0.08732529668648212,0.03192451467375047,0.2172877186376837
2021,9,US DEPT HEALTH HUMAN SCIENCES PUBLIC HEALTH SCIENCE,17,0.23112729069274787,0.05307274967151902,0.6171916233152102
2021,9,SCIENCE PRESS,190,0.05358019880837657,0.02209469800144412,0.12423333564380447
2021,9,TSINGHUA UNIV PRESS,151,0.0,0.0,0.0916694338763486
2021,9,WAGENINGEN ACADEMIC PUBLISHERS,10,0.0,0.0,0.7907350528641895
2021,9,VEREIN FORDERUNG OPEN ACCESS PUBLIZIERENS QUANTENWISSENSCHAF,22,0.0347415186730803,0.0010765208119857502,0.5458763369933664
2021,9,SPRINGER BASEL AG,122,0.01764520011388865,0.002524235397879006,0.1130771321953942
2021,9,WALTER DE GRUYTER GMBH,74,0.0,0.0,0.12906752244047395
2021,9,SPRINGER INT PUBL AG,147,0.043910661307631584,0.014461409344163451,0.12568259618473598
2021,9,FRONTIERS MEDIA SA,2097,0.08036332712555445,0.06442134841768314,0.09982942284377168
2021,9,ELSEVIER SCIENCE SA,1863,0.029167131806422754,0.01922981745335188,0.04400928110166422
2021,9,SPRINGER/PLENUM PUBLISHERS,154,0.061146867360831525,0.021315352647983853,0.1630129470648629
2021,9,W B SAUNDERS CO LTD,97,0.10932770486158,0.04645716462163047,0.23620491953871797
2021,9,"WILEY PERIODICALS, INC",12,0.14506912141132866,0.011717498135709685,0.7083253825506223
2021,9,ELSEVIER SCIENCE INC,2358,0.053166470343296815,0.04107743917986379,0.0685589193740376
2021,9,TAYLOR & FRANCIS INC,375,0.08812644152654371,0.05187101962142583,0.14582520946541233
2021,9,WROCLAW MEDICAL UNIV,11,0.13026998429284067,0.00588806163435862,0.7911341700041965
2021,9,ZHEJIANG UNIV PRESS,23,0.08718111374124529,0.005515264323629116,0.6218964820052546
2021,10,ACAD MANAGEMENT,11,0.0,0.0,1.0
2021,9,ROYAL SOC,240,0.009625314001478267,0.0013866089155327532,0.06369309781250937
2021,10,ACAD MEDICINE SINGAPORE,15,0.05307094140308568,0.0004022841462316707,0.8864277311472659
2021,9,WOLTERS KLUWER MEDKNOW PUBLICATIONS,63,0.06855514102579341,0.02242964910095619,0.19100229607843533
2021,10,ACADEMIC & SCIENTIFIC PUBLISHERS-ASP,186,0.0,0.0,0.07471332882674643
2021,9,SAGE PUBLICATIONS INC,622,0.040103035490367686,0.021056330995353416,0.07505764388220787
2021,9,eLIFE SCIENCES PUBL LTD,194,0.026932724904432503,0.006914435539383057,0.09912214757803639
2021,9,W B SAUNDERS CO-ELSEVIER INC,253,0.07110043565244209,0.03502249239024206,0.13899049235203917
2021,9,TAYLOR & FRANCIS LTD,622,0.059869083394785715,0.03400929852138256,0.10328947870941094
2021,9,WORLD SCIENTIFIC PUBL CO PTE LTD,161,0.024289988576141824,0.006266097728823319,0.08948929701428986
2021,9,SAGE PUBLICATIONS LTD,482,0.03352606041784459,0.015168803188826083,0.07246457306976636
2021,10,ACTA DERMATO-VENEREOLOGICA,27,0.0,0.0,0.5728202390680799
2021,10,AME PUBLISHING COMPANY,21,0.0,0.0,0.40644175515273934
2021,9,WILEY-HINDAWI,328,0.04902611636471718,0.023303340140328508,0.1002285692158628
2021,10,AMER ACAD PEDIATRICS,54,0.0,0.0,0.1601148737467147
2021,10,AMER ACAD SLEEP MEDICINE,31,0.08282095579143195,0.01286711124466539,0.3848261967380655
2021,9,OXFORD UNIV PRESS INC,1075,0.047916161310868344,0.03296818808181671,0.06915694423242318
2021,10,ADIS INT LTD,108,0.06044257721429144,0.022152607036614657,0.15446109995684512
2021,10,AIP Publishing,462,0.0,0.0,0.023638500202513946
2021,9,SPRINGERNATURE,881,0.08849908640867792,0.06350375150390997,0.12205049779182747
2021,10,AMER ASSOC NEUROLOGICAL SURGEONS,86,0.025171897291429848,0.003674809117025785,0.15309972794049215
2021,10,AMER ASSOC CANCER RESEARCH,157,0.11776296470880755,0.05517221501372792,0.2337904175118238
2021,10,AMER ECONOMIC ASSOC,25,0.0,0.0,0.5363129748513786
2021,10,AMER COLL PHYSICIANS,53,0.0,0.0,0.3578303628005425
2021,9,PUBLIC LIBRARY SCIENCE,1651,0.05506975455694901,0.041159797284043016,0.07332111438045223
2021,10,AMER INST MATHEMATICAL SCIENCES-AIMS,22,0.0,0.0,0.4865756901305343
2021,9,"ROUTLEDGE JOURNALS, TAYLOR & FRANCIS LTD",1161,0.021128248430781902,0.009499904720335307,0.046324556494147795
2021,10,AMER DIABETES ASSOC,58,0.12236093333696324,0.042454127618167685,0.3047942116758651
2021,10,AMER MATHEMATICAL SOC,17,0.12676296998640138,0.01778727891822733,0.5378147133642217
2021,10,AMER ASSOC ADVANCEMENT SCIENCE,372,0.024091044346030273,0.0054087508121003,0.10076579296106465
2021,9,SPRINGER HEIDELBERG,642,0.007117529717576619,0.0018121252125497785,0.027527348176192974
2021,10,AMER METEOROLOGICAL SOC,52,0.09703852953560228,0.029099653885618477,0.2781521748186629
2021,10,"AMER PSYCHIATRIC PUBLISHING, INC",21,0.007928698084432561,4.9159646428589286e-17,0.9999999999992304
2021,10,AMER PHYTOPATHOLOGICAL SOC,65,0.0,0.0,0.11746974906891923
2021,10,AMER PUBLIC HEALTH ASSOC INC,33,0.1658847219142745,0.03139780215447461,0.5495763373979694
2021,10,AMER ROENTGEN RAY SOC,40,0.23031590612531944,0.07096021508097822,0.5396604090560146
2021,10,AMER PHYSIOLOGICAL SOC,98,0.10101841155870005,0.03674180087075411,0.2487083271953331
2021,10,AMER SOC CLINICAL INVESTIGATION INC,82,0.2804285368923447,0.15449348671487623,0.4539087470129773
2021,10,AMER SOC HEMATOLOGY,56,0.20347526210379768,0.08177745346465452,0.4228732821819984
2021,10,ACADEMIC PRESS LTD- ELSEVIER SCIENCE LTD,629,0.0402192184082324,0.02168864192037958,0.07339438235654085
2021,10,AMER SPEECH-LANGUAGE-HEARING ASSOC,44,0.000206517611372147,0.0,0.08810132449964407
2021,9,LIPPINCOTT WILLIAMS & WILKINS,2539,0.09305884152986911,0.07789177873238776,0.1108242823397357
2021,10,AMER SOC NEURORADIOLOGY,29,0.04834010357595007,0.006724475312218994,0.2759505092328795
2021,10,AMER THORACIC SOC,27,0.08144945549977264,0.01139121985911574,0.405602962331394
2021,10,ASCE-AMER SOC CIVIL ENGINEERS,81,0.0,0.0,0.19293188254274585
2021,10,ASIAN-AUSTRALASIAN ASSOC ANIMAL PRODUCTION SOC,18,0.09673971298567725,0.015955631757698027,0.4143249883775052
2021,10,AMER SOC PHARMACOLOGY EXPERIMENTAL THERAPEUTICS,25,0.03507953481758323,0.0026490781588842916,0.3322636627223232
2021,10,AMER PSYCHOLOGICAL ASSOC,125,0.0665086896442405,0.02454362316126884,0.16787755588032297
2021,10,ASSOC RESEARCH VISION OPHTHALMOLOGY INC,30,0.0410308421270066,0.0004916513593425263,0.7882116426399273
2021,10,ANNUAL REVIEWS,121,0.024905355753478253,0.0011887823417459631,0.35405385834509423
2021,9,IEEE-INST ELECTRICAL ELECTRONICS ENGINEERS INC,2629,0.03767620366773499,0.027150381522972916,0.05206435038810481
2021,10,BIOSCIENTIFICA LTD,23,0.16810562907956825,0.0421832933378583,0.4811105651937759
2021,10,BAISHIDENG PUBLISHING GROUP INC,67,0.05658556021592492,0.009867449699665378,0.2652404956164801
2021,10,AMER SOC MICROBIOLOGY,185,0.1155801167971887,0.05402192423555244,0.23021341317896574
2021,10,BRAZILIAN SOC UROL,26,0.0,0.0,0.26535003265860246
2021,10,AMER GEOPHYSICAL UNION,477,0.04883391331071362,0.026975203056429534,0.08682477143855445
2021,10,C EJ PUBLISHING GROUP,11,0.0,0.0,0.7089906774777188
2021,10,BRITISH EDITORIAL SOC BONE & JOINT SURGERY,18,0.04456328705845769,6.165110706842685e-05,0.9724399585466408
2021,10,ASSOC COMPUTING MACHINERY,161,0.06830114283085761,0.03071044295056467,0.14502009235308339
2021,10,CENTERS DISEASE CONTROL & PREVENTION,48,0.0,0.0,0.34270966023254296
2021,10,"CHINA UNIV GEOSCIENCES, BEIJING",11,0.0,0.0,0.6601068442597442
2021,10,"CHINA UNIV GEOSCIENCES, WUHAN",14,0.0,0.0,0.6481413955861431
2021,10,CHINA ANTI-CANCER ASSOC,14,0.1733574754989319,0.014174345026450296,0.7536199204751887
2021,10,CHINESE CHEMICAL SOC,20,0.0,0.0,0.43826127556521893
2021,10,CMA-CANADIAN MEDICAL ASSOC,29,0.0,0.0,0.3699649988586142
2021,10,"COLD SPRING HARBOR LAB PRESS, PUBLICATIONS DEPT",29,0.0,0.0,0.5241157815249021
2021,10,COLL FAMILY PHYSICIANS CANADA,11,0.0,0.0,0.5644298762253247
2021,10,CHINESE LASER PRESS,18,0.04574774758906362,0.0006129595286660273,0.7893526065174319
2021,10,COLL AMER PATHOLOGISTS,16,0.0,0.0,0.5346788483466552
2021,10,COMPANY BIOLOGISTS LTD,30,0.0,0.0,0.4239529248562784
2021,10,COGITATIO PRESS,31,0.0,0.0,0.3990910130500235
2021,10,CSIRO PUBLISHING,20,0.0,0.0,0.5491869981422685
2021,10,CHURCHILL LIVINGSTONE INC MEDICAL PUBLISHERS,30,0.1277511127747668,0.02759570143644127,0.43048562749218017
2021,10,CURRENT BIOLOGY LTD,56,0.0,0.0,0.29360609378043645
2021,10,CHURCHILL LIVINGSTONE,112,0.1414438853772849,0.07235867070987917,0.2581343307843894
2021,10,DE GRUYTER MOUTON,10,0.12339063918784675,0.004609620569538217,0.8105483309433162
2021,10,DE GRUYTER POLAND SP Z O O,10,0.0,0.0,0.6887545869930903
2021,10,DUKE UNIV PRESS,15,0.0,0.0,0.5509165896873549
2021,10,EDIZIONI MINERVA MEDICA,34,0.0,0.0,0.24081882723429585
2021,10,EDUCATIONAL PUBLISHING FOUNDATION-AMERICAN PSYCHOLOGICAL ASSOC,19,0.0,0.0,0.2116076547695189
2021,10,EDP SCIENCES S A,180,0.0,0.0,0.14467720715008056
2021,10,DOVE MEDICAL PRESS LTD,102,0.11532507026597472,0.048879274189259865,0.24849720679800208
2021,10,ACADEMIC PRESS INC ELSEVIER SCIENCE,1192,0.035518797447100244,0.022480552882060658,0.05568815468716225
2021,10,AMER MEDICAL ASSOC,502,0.023098199370602323,0.009797959093532276,0.053477788109784756
2021,10,ACOUSTICAL SOC AMER AMER INST PHYSICS,1101,0.023438092630592745,0.01273678083846906,0.04274128580589592
2021,10,ELSEVIER - DIVISION REED ELSEVIER INDIA PVT LTD,11,0.0,0.0,0.48971660090726926
2021,10,ELSEVIER ESPANA,10,0.0,0.0,0.7795995965805013
2021,10,ELSEVIER ESPANA SLU,12,0.0,0.0,0.7349785739768737
2021,9,WILEY-V C H VERLAG GMBH,1339,0.03799418665627711,0.02273737281250287,0.06283016772312888
2021,10,COPERNICUS GESELLSCHAFT MBH,264,0.006868914474276108,0.0009771959618576863,0.04662517594913481
2021,10,ELSEVIER ADVANCED TECHNOLOGY,78,0.027055301789043827,0.0012743620838717763,0.3773399637663862
2021,10,AMER SOC NEPHROLOGY,1351,0.026722582480707083,0.007885895478340293,0.08662500710285463
2021,10,ELSEVIER INC,51,0.14739175392567544,0.062256982072168815,0.31040918310811777
2021,10,"ELSEVIER MASSON, CORP OFF",38,0.07705970288348046,0.013608611437115531,0.3356773107615855
2021,10,CAMBRIDGE UNIV PRESS,590,0.02974386793385403,0.014656220275517199,0.05942656146151794
2021,10,ELSEVIER GMBH,152,0.05669875297296929,0.021114513053923378,0.14346391575172396
2021,8,ELSEVIER,10500,0.04320579661678592,0.037522400948772516,0.04970558073434289
2021,10,ELSEVIER SINGAPORE PTE LTD,56,0.0,0.0,0.1928065466238699
2021,10,EUR CENTRE DIS PREVENTION & CONTROL,18,0.0,0.0,0.20963666296953282
2021,10,EUROPA EDITION,19,0.0,0.0,0.4821748311341466
2021,10,ELSEVIER FRANCE-EDITIONS SCIENTIFIQUES MEDICALES ELSEVIER,363,0.09561065193390679,0.057545088260431684,0.15472245130250203
2021,10,EUROPEAN MATHEMATICAL SOC-EMS,33,0.0,0.0,0.4495495306019026
2021,10,ELSEVIER SCIENCE LONDON,85,0.16396492669924767,0.0780277287173793,0.3124725444738493
2021,10,FERRATA STORTI FOUNDATION,23,0.16843163850589646,0.015453623280845537,0.7232760283542031
2021,10,ELSEVIER TAIWAN,63,0.09402637915628999,0.032518094062577885,0.24269334235409212
2021,8,WILEY,5799,0.04455714175351843,0.0370821130951237,0.05345534052351888
2021,10,EXCERPTA MEDICA INC-ELSEVIER SCIENCE INC,29,0.11841861508079707,0.026686867122450775,0.39688806859913467
2021,10,ENDOCRINE SOC,68,0.08333841768820467,0.02774812597553857,0.22457338091711038
2021,10,"GEOLOGICAL SOC AMER, INC",24,0.0,0.0,0.5359572106359102
2021,10,HIGHER EDUCATION PRESS,33,0.0,0.0,0.18061408405853407
2021,10,GEOSCIENCEWORLD,25,0.011611222973121393,6.940090611139909e-08,0.9994973721966469
2021,10,GEORG THIEME VERLAG KG,68,0.0,0.0,0.2484835657795633
2021,10,HUMAN KINETICS PUBL INC,18,0.0,0.0,0.5832671832607447
2021,10,BMJ PUBLISHING GROUP,854,0.0640054616995948,0.04308710837028133,0.09408098823864436
2021,10,HARBORSIDE PRESS,24,0.13992829998877554,0.03754019513877294,0.4042732341229332
2021,10,EUROPEAN RESPIRATORY SOC JOURNALS LTD,89,0.063960029041515,0.017313095768976394,0.20949496635803105
2021,10,HOGREFE PUBLISHING CORP,12,0.07621524970855494,0.0032106219327117666,0.6787950361616665
2021,10,IGI GLOBAL,24,0.0,0.0,0.5560396615566436
2021,10,INST MATHEMATICAL STATISTICS-IMS,34,0.0,0.0,0.3700826756649733
2021,10,INFORMS,76,0.0,0.0,0.23015020853088963
2021,10,"INST MATERIA MEDICA, CHINESE ACAD MEDICAL SCIENCES",30,0.261739858275622,0.0626723123755436,0.6527666925431007
2021,10,AMER PHYSICAL SOC,930,0.009896811689013622,0.0036150471331057327,0.026800612461888286
2021,10,INT UNION CRYSTALLOGRAPHY,35,0.0,0.0,0.2553822380441046
2021,10,INT UNION AGAINST TUBERCULOSIS LUNG DISEASE (I U A T L D),15,0.0,0.0,0.7214614597579126
2021,10,INT SOC GLOBAL HEALTH,21,0.1996232679036031,0.037253625667861875,0.6165049240912256
2021,10,INTER-RESEARCH,28,0.08961475093440996,0.011154366945197688,0.4620758061941646
2021,10,JAPAN EPIDEMIOLOGICAL ASSOC,11,0.3451184200599065,0.06471784269502925,0.8005407809345663
2021,10,HINDAWI LTD,125,0.016564512640077737,0.0023605132170177474,0.10706612097904113
2021,10,CELL PRESS,1188,0.10520401144286651,0.07880343906111031,0.1391135827179899
2021,10,KARGER,20,0.0,0.0,0.19981177388172366
2021,10,JOURNAL OF CENTRAL SOUTH UNIV,20,0.0,0.0,0.48259638653015796
2021,10,KERMAN UNIV MEDICAL SCIENCES,10,0.34970038694025,0.07724428073521702,0.7755080935643657
2021,10,KOREAN INST METALS MATERIALS,13,0.0,0.0,0.7544507089195266
2021,10,KOREAN SOC LABORATORY MEDICINE,14,0.3254261783344135,0.07248099820099362,0.7486260454363738
2021,10,KOREAN SOCIETY ANIMAL SCIENCE & TECHNOLOGY,19,0.107234099501435,0.01846596781529032,0.4340286318095401
2021,10,LIFE SCIENCE ALLIANCE LLC,14,0.0,0.0,0.63289547876672
2021,10,KOREAN NUCLEAR SOC,50,0.09543692487705133,0.023176357723128264,0.3193415258492308
2021,10,JOURNAL MATER SCI TECHNOL,76,0.061480175387234576,0.017357053163911406,0.1954573886804419
2021,10,"JMIR PUBLICATIONS, INC",177,0.12154924143451828,0.06697999879241051,0.21054420666090218
2021,10,EMERALD GROUP PUBLISHING LTD,486,0.0674557073209001,0.040682784242244995,0.10983045141288633
2021,10,IEEE COMPUTER SOC,211,0.00908166856898165,0.0013529993824941248,0.05837766581785778
2021,10,JOHN WILEY & SONS LTD,122,0.06670286796534668,0.02625998263004515,0.15924542837570138
2021,10,ELSEVIER IRELAND LTD,651,0.06327888817526153,0.040592279909674754,0.0973581458379719
2021,10,MANAGED CARE & HEALTHCARE COMMUNICATIONS LLC,12,0.0,0.0,0.7171494710726595
2021,10,MASSON EDITEUR,15,0.03009113082551578,3.596647568019952e-05,0.9639781880214711
2021,10,KEAI PUBLISHING LTD,307,0.010317009421952178,0.0006791996454906535,0.1378497210167034
2021,10,MASSACHUSETTS MEDICAL SOC,69,0.03878826646451803,0.005443281521903098,0.22930515858571368
2021,10,"MARY ANN LIEBERT, INC",142,0.12185931579106744,0.062329403469372144,0.22462512231435242
2021,10,MICROBIOLOGY SOC,17,0.0,0.0,0.33416482810294434
2021,9,NATURE PORTFOLIO,3334,0.061832543305355536,0.04997306140930303,0.07628050614847749
2021,10,Medical Journal Sweden AB,14,0.0,0.0,0.44662738330585894
2021,10,MEDICAL LIBRARY ASSOC,25,0.20626648824668942,0.06184422777783231,0.506034609617433
2021,10,MEDYCYNA PRAKTYCZNA SP K SP ZOO,24,0.24262517725169375,0.07762185504890949,0.5494441895506548
2021,10,NATL CENTRE MARINE RESEARCH,15,0.0,0.0,0.29952654665070727
2021,10,MIT PRESS,19,0.1081972341061791,0.017781226121972943,0.44845687667891915
2021,10,NATL ATHLETIC TRAINERS ASSOC INC,10,0.22797493228120946,0.03489986695541961,0.7068607957074553
2021,10,NORTHEAST FORESTRY UNIV,15,0.0,0.0,0.25031631487594425
2021,9,SPRINGER,2982,0.04312468861538123,0.033354497281554325,0.05559217405076284
2021,10,MOSBY-ELSEVIER,407,0.09918587048385692,0.06436096215145183,0.14983646496908062
2021,10,NATL ACAD SCIENCES,239,0.032451379111358446,0.009350169947576393,0.10649262359297378
2021,10,Optica Publishing Group,19,0.002222519087202656,1.1155929755837066e-40,1.0
2021,10,PALGRAVE MACMILLAN LTD,14,0.0,0.0,0.7031447407203419
2021,10,PACINI EDITORE,13,0.0,0.0,0.8044258523163148
2021,10,PEERJ INC,20,0.2610107631302895,0.09065456442308027,0.5558226446580732
2021,10,PROJECT HOPE,19,0.0,0.0,0.5382087516344017
2021,10,PHYSICIANS POSTGRADUATE PRESS,15,0.24400873800233663,0.06702534081628127,0.591858995032558
2021,10,POLISH CARDIAC SOC,15,0.02578192267534729,1.660214109026483e-06,0.9976350699824958
2021,10,PORTLAND PRESS LTD,21,0.19100715588449213,0.04411816298508145,0.547061380178362
2021,10,RADIOLOGICAL SOC NORTH AMERICA (RSNA),62,0.0,0.0,0.09515802589795125
2021,10,ROYAL COLL GENERAL PRACTITIONERS,28,0.0,0.0,0.39251798359974843
2021,10,ROYAL SOC CHEMISTRY,109,0.0,0.0,0.1833186120295646
2021,10,SCIPOST FOUNDATION,12,0.0,0.0,0.638322077654826
2021,10,SHANGHAI UNIV,11,0.0,0.0,0.6870400276283184
2021,10,SHANGHAI JIAO TONG UNIV PRESS,13,0.0,0.0,0.27054607570720424
2021,10,ROCKEFELLER UNIV PRESS,47,0.14335980395258613,0.03941415659800639,0.40566811460168456
2021,10,"SOC ECONOMIC GEOLOGISTS, INC",13,0.0,0.0,0.5828838622213819
2021,10,SOC PETROLEUM ENG,12,0.14164058509695351,0.015091792681541937,0.6399015976618717
2021,10,SOC EXPLORATION GEOPHYSICISTS - SEG,39,0.049167902227009536,0.0030239756685731746,0.4685319857289536
2021,10,SPANDIDOS PUBL LTD,25,0.16675963847300662,0.04029531904410326,0.4882154264083902
2021,10,SOC NUCLEAR MEDICINE INC,19,0.0796933051311822,0.010915730721537674,0.4045677994480996
2021,10,SOC NEUROSCIENCE,51,0.10013087407159077,0.03628833229365651,0.24745228134460742
2021,10,SPRINGER FRANCE,21,0.0,0.0,0.24506244598626617
2021,10,SPRINGER BASEL AG,123,0.05881628332244687,0.020999620272903145,0.15402022216668246
2021,10,SCIENCE PRESS,144,0.04951095841461669,0.017329530630976635,0.13334474844053162
2021,10,SPRINGER SINGAPORE PTE LTD,21,0.21786092860730133,0.0659836727977072,0.5234166801948931
2021,10,SPRINGER JAPAN KK,58,0.009352938875411526,7.069180594909891e-05,0.5576856853217489
2021,10,SPRINGER LONDON LTD,76,0.10071666114977224,0.03743093261496878,0.24389075886697462
2021,10,TARU PUBLICATIONS,32,0.0,0.0,0.513756565962604
2021,10,SPRINGER INT PUBL AG,150,0.030582923809521417,0.008129504977114285,0.10828173529505414
2021,9,ELSEVIER SCI LTD,6171,0.038886303792151564,0.03193369383376224,0.047278709645419914
2021,10,THIEME MEDICAL PUBL INC,17,0.0,0.0,0.605517073046308
2021,10,SPRINGER WIEN,93,0.035414898531950796,0.00617830003201512,0.1781962307654674
2021,10,TERMEDIA PUBLISHING HOUSE LTD,39,0.0,0.0,0.15790344935568615
2021,10,ELSEVIER SCIENCE SA,1615,0.037291885096716125,0.02548372299809277,0.05426680632947358
2021,9,OXFORD UNIV PRESS,4568,0.04848637770059839,0.04004858509305778,0.05859340954003404
2021,10,IOP Publishing Ltd,853,0.012453941443425444,0.0050007518642967794,0.03067302883090683
2021,10,UNIV CHICAGO PRESS,27,0.0,0.0,0.3753018321600568
2021,10,UNIV ILLINOIS PRESS,11,0.0,0.0,1.0
2021,10,UNIV NIS,13,0.0,0.0,0.34329211758639855
2021,10,UNIV SISTAN & BALUCHESTAN,12,0.0,0.0,0.7864300811088598
2021,10,SPRINGER-VERLAG ITALIA SRL,99,0.024878924146389782,0.003751085568332143,0.14740140065993657
2021,10,VEREIN FORDERUNG OPEN ACCESS PUBLIZIERENS QUANTENWISSENSCHAF,13,0.13050133072262232,0.01463583044768556,0.6026386910518532
2021,10,VILNIUS GEDIMINAS TECH UNIV,17,0.0,0.0,0.4096918885743408
2021,10,ROYAL SOC,226,0.011645355405238852,0.0018330192509816191,0.07028548775171439
2021,10,SPRINGER/PLENUM PUBLISHERS,237,0.04264183975080709,0.015450133054288271,0.11223458306439267
2021,10,WAGENINGEN ACADEMIC PUBLISHERS,11,0.0,0.0,0.7711432297115495
2021,10,TSINGHUA UNIV PRESS,69,0.02417852965049029,0.0034025275342929565,0.15241283451225454
2021,10,SAGE PUBLICATIONS LTD,503,0.039486479910021785,0.020773428660076046,0.07378635481803332
2021,10,WALTER DE GRUYTER GMBH,116,0.025866534730640094,0.0038866978804488342,0.15304760349079138
2021,10,W B SAUNDERS CO LTD,82,0.029186468579319506,0.003914747726076126,0.1869765916124317
2021,10,W B SAUNDERS CO-ELSEVIER INC,274,0.07678543723863308,0.041658665763872026,0.13728815131188823
2021,10,TAYLOR & FRANCIS INC,398,0.03538757119848378,0.01505188778554882,0.08093980311005254
2021,10,BMC,1974,0.05625949750603487,0.0431863976957825,0.07298811890260563
2021,10,TAYLOR & FRANCIS LTD,602,0.09884327438714546,0.06489624579902727,0.14774226978142746
2021,10,SPRINGER HEIDELBERG,777,0.02857306205820627,0.015531727252483545,0.051986408689031344
2021,10,"WILEY PERIODICALS, INC",15,0.037073398983002014,0.0001102122385115862,0.9307867204963909
2021,10,ELSEVIER SCIENCE INC,2523,0.06171818731843175,0.049202514678527494,0.0771591219141897
2021,10,IEEE-INST ELECTRICAL ELECTRONICS ENGINEERS INC,2419,0.03628103879212449,0.025449184336044164,0.051479684621983754
2021,10,SAGE PUBLICATIONS INC,879,0.04562957550029222,0.02710176073914114,0.075836395686497
2021,10,WOLTERS KLUWER MEDKNOW PUBLICATIONS,36,0.0,0.0,0.33582855269279965
2021,10,ZHEJIANG UNIV PRESS,15,0.03895058729359312,0.0003221907993861096,0.8359750818319299
2021,11,ACAD CONFERENCES & PUBL INT LTD,17,0.0,0.0,0.5170487412793285
2021,11,ACAD MANAGEMENT,11,0.24806398467330087,0.030472502352240766,0.7759215289349456
2021,10,WORLD SCIENTIFIC PUBL CO PTE LTD,106,0.0,0.0,0.18693397671087306
2021,11,ACAD MEDICINE SINGAPORE,14,0.12295835327481429,0.016491253979182264,0.5396363603187027
2021,10,SPRINGERNATURE,1062,0.06926424436351798,0.048901182989688256,0.09723980563290796
2021,10,WILEY-HINDAWI,333,0.01175115597396395,0.00092807595722998,0.13210228480100636
2021,10,eLIFE SCIENCES PUBL LTD,162,0.07264062872852667,0.0314237177212075,0.1590425550035815
2021,10,OXFORD UNIV PRESS INC,1534,0.06672290810104549,0.04984212832072792,0.08878670910351671
2021,11,ACTA DERMATO-VENEREOLOGICA,18,0.18581904921004477,0.024433901834096675,0.6752939448270181
2021,10,FRONTIERS MEDIA SA,2172,0.0677864715241305,0.05375297483383695,0.0851540389799524
2021,11,AME PUBLISHING COMPANY,40,0.0,0.0,0.10673719702966095
2021,11,AMER ACAD SLEEP MEDICINE,14,0.0,0.0,0.4387856054122982
2021,11,AMER ACCOUNTING ASSOC,12,0.0873514569406073,0.00029072782504924253,0.9692314382903673
2021,11,AMER ACAD PEDIATRICS,54,0.0,0.0,0.26429493907008894
2021,11,ACOUSTICAL SOC AMER AMER INST PHYSICS,65,0.07929106116904734,0.02101497084873787,0.2567831609592544
2021,11,ADIS INT LTD,88,0.07863469288092897,0.03029712815221811,0.18905681084277007
2021,10,"ROUTLEDGE JOURNALS, TAYLOR & FRANCIS LTD",1308,0.01489703320740897,0.005649915468600594,0.03868986407908518
2021,11,AMER ASSOC CRITICAL CARE NURSES,12,0.18948544680199905,0.013505613211787084,0.799686813979614
2021,11,AMER BOARD FAMILY MEDICINE,21,0.0,0.0,0.29574614600250126
2021,11,AMER ASSOC NEUROLOGICAL SURGEONS,66,0.0,0.0,0.2896403453464028
2021,10,AMER CHEMICAL SOC,3378,0.03624438820111654,0.027459018228692317,0.04770272139057771
2021,11,AMER ASSOC CANCER RESEARCH,286,0.11068089363436658,0.0671582719977222,0.1770553808093044
2021,11,AMER ASSOC ADVANCEMENT SCIENCE,337,0.04717134878216362,0.013004898349207693,0.15683639785096667
2021,11,AMER COLL PHYSICIANS,56,0.013369706794550018,5.608906254773647e-05,0.766008015430389
2021,10,PUBLIC LIBRARY SCIENCE,1405,0.06759975887797741,0.05081237416190986,0.08941091889355586
2021,11,AMER ECONOMIC ASSOC,26,0.06231016211318126,0.00872063391095113,0.3341921609334175
2021,11,AMER INST AERONAUTICS ASTRONAUTICS,11,0.0,0.0,0.7166772410014521
2021,11,AMER DIABETES ASSOC,43,0.0701663640580291,0.01081090307301542,0.3425518384371274
2021,11,AMER MATHEMATICAL SOC,17,0.09698115154583314,0.013915985989147785,0.4497328237174929
2021,11,"AMER OCCUPATIONAL THERAPY ASSOC, INC",22,0.0,0.0,0.2713570282650749
2021,11,"AMER PSYCHIATRIC PUBLISHING, INC",14,0.0,0.0,0.5264464055988722
2021,11,AMER INST MATHEMATICAL SCIENCES-AIMS,103,0.03985331263967953,0.009902433992938421,0.14694844425670045
2021,11,AMER ROENTGEN RAY SOC,35,0.0,0.0,0.7398630336826432
2021,11,AMER PHYSIOLOGICAL SOC,78,0.0,0.0,0.15576274978769694
2021,11,AMER METEOROLOGICAL SOC,72,0.0,0.0,0.1314591648219686
2021,11,ANNALS FAMILY MEDICINE,15,0.0,0.0,0.7910125704399619
2021,11,AMER SOC NEURORADIOLOGY,18,0.08632231942964798,0.011918644374946117,0.4252841446067166
2021,11,AMER THORACIC SOC,32,0.17035401468305147,0.03702648577569635,0.5230216282222782
2021,11,Accscience Publishing,21,0.0,0.0,0.419912027199234
2021,11,AMER SOC HEMATOLOGY,69,0.10170340055593555,0.028788996175684523,0.30188691421691405
2021,11,BENTHAM SCIENCE PUBL LTD,20,0.0,0.0,0.244749843540184
2021,11,ANNUAL REVIEWS,117,0.0,0.0,0.15388639904331766
2021,11,BASTAS PUBL LTD - UK,11,0.2174482174923912,0.025169312544590303,0.7494046486351152
2021,11,AMER SOC NEPHROLOGY,63,0.07613086870158749,0.016918172229386453,0.2829390805236584
2021,11,ASSOC COMPUTING MACHINERY,115,0.0,0.0,0.18441533330544346
2021,11,AMER SPEECH-LANGUAGE-HEARING ASSOC,55,0.10734580844005091,0.0348368085113582,0.2860462005645411
2021,11,AMER SOC CLINICAL INVESTIGATION INC,88,0.1714785649914106,0.07854585412834701,0.3344562185382868
2021,11,BAISHIDENG PUBLISHING GROUP INC,81,0.0,0.0,0.15349953790227197
2021,11,BIOSCIENTIFICA LTD,14,0.19909445651223137,0.03533103492362674,0.6278714173585342
2021,11,ASSOC RESEARCH VISION OPHTHALMOLOGY INC,28,0.05464882227823077,0.007688575225624348,0.30133345276631646
2021,11,ASCE-AMER SOC CIVIL ENGINEERS,65,0.018308063075608227,0.00011031939082580161,0.7591725811164302
2021,11,AIP Publishing,427,0.011955252155634106,0.0032292867623076155,0.0432371647131947
2021,11,AMER PHYTOPATHOLOGICAL SOC,59,0.03784823058105335,0.005459855191459026,0.21988824456758993
2021,11,BRITISH INST RADIOLOGY,13,0.0,0.0,0.7097912564049631
2021,11,C EJ PUBLISHING GROUP,12,0.0,0.0,0.642847320190185
2021,11,BRITISH EDITORIAL SOC BONE & JOINT SURGERY,31,0.0,0.0,0.2674496219718613
2021,11,BRILL,26,0.1530075409755906,0.031607517782560324,0.49995832435531434
2021,11,AMER SOC MICROBIOLOGY,181,0.0561693010929536,0.018498700938519706,0.15818832700261024
2021,11,CENTERS DISEASE CONTROL & PREVENTION,58,0.0,0.0,0.3654175623167399
2021,11,CHIN SOCIETY IMMUNOLOGY,13,0.5337204270382466,0.10255962939968913,0.919773666821758
2021,11,CLEVELAND CLINIC,10,0.0,0.0,0.8425619834718564
2021,11,CMA-CANADIAN MEDICAL ASSOC,32,0.0,0.0,0.24084300938643532
2021,11,COLEGIO OFICIAL DE PSICOLOGOS DE ASTURIAS,16,0.0,0.0,0.2791388190996368
2021,11,COLL FAMILY PHYSICIANS CANADA,14,0.0,0.0,0.8483125062738298
2021,11,COGITATIO PRESS,23,0.0,0.0,0.3734036310482181
2021,11,CHINESE CHEMICAL SOC,27,0.0,0.0,0.37720546442179287
2021,11,CHINESE LASER PRESS,43,0.008132253744478023,2.1541175295334963e-06,0.9689502918743659
2021,11,"COLD SPRING HARBOR LAB PRESS, PUBLICATIONS DEPT",33,0.17062032274252184,0.0321285616237779,0.5604230798806488
2021,11,COMPANY BIOLOGISTS LTD,48,0.0,0.0,0.16234602989753597
2021,11,CSIRO PUBLISHING,22,0.0,0.0,0.5621957913187275
2021,11,COLL AMER PATHOLOGISTS,16,0.07163404616486022,0.009918742544897791,0.37277034715428153
2021,11,DE GRUYTER MOUTON,12,0.11761346748492822,0.004461430365859594,0.7985668514343157
2021,11,EDITURA ASE,10,0.07001390995745813,0.0026169858871751945,0.6835555571026858
2021,11,EDUCATIONAL PUBLISHING FOUNDATION-AMERICAN PSYCHOLOGICAL ASSOC,24,0.0,0.0,0.5175207666750118
2021,11,AMER PSYCHOLOGICAL ASSOC,120,0.035803498042792516,0.006695101916035552,0.16982929443358555
2021,11,CURRENT BIOLOGY LTD,52,0.07085140356955176,0.013640908273754769,0.29599965321886157
2021,11,ACADEMIC PRESS LTD- ELSEVIER SCIENCE LTD,643,0.041693302978870105,0.02304894369897673,0.0742725727460266
2021,11,CHURCHILL LIVINGSTONE INC MEDICAL PUBLISHERS,57,0.054647556120654917,0.009068884492762393,0.2674672569853273
2021,11,DOVE MEDICAL PRESS LTD,100,0.07277730995026849,0.02590302057720241,0.1880962824884303
2021,11,EDIZIONI MINERVA MEDICA,51,0.07937204518690791,0.02065939519387331,0.26055031918547056
2021,11,CHURCHILL LIVINGSTONE,126,0.03692747809754914,0.00829078043656301,0.1495595530248696
2021,11,AMER MEDICAL ASSOC,499,0.0343553190630641,0.016727417110439725,0.069251718275011
2021,9,PERGAMON-ELSEVIER SCIENCE LTD,4773,0.03589116293208862,0.02843269733870544,0.0452150809438755
2021,11,DUKE UNIV PRESS,121,0.03674271002584694,0.008270556355251394,0.14855079725127526
2021,11,AMER GEOPHYSICAL UNION,458,0.025213567549440156,0.010236525004932256,0.06075833565313723
2021,11,ACADEMIC PRESS INC ELSEVIER SCIENCE,1164,0.05044190808192566,0.034504901367020877,0.0731819068103273
2021,11,ELSEVIER ESPANA,42,0.0,0.0,0.7103677434443113
2021,11,"ELSEVIER MASSON, CORP OFF",19,0.08507510382471817,0.012591717638113379,0.40406141455526273
2021,11,ELSEVIER INC,53,0.11368374313997386,0.039835468326718804,0.2839483646091651
2021,11,ELSEVIER GMBH,115,0.08812363897740128,0.036057517242221705,0.1997894326397032
2021,11,ELSEVIER ADVANCED TECHNOLOGY,120,0.154415078658448,0.08290135620911507,0.26949130594363735
2021,11,ELSEVIER SINGAPORE PTE LTD,19,0.0,0.0,0.4808643762880266
2021,11,ELSEVIER TAIWAN,42,0.17315889947836952,0.05703013829408982,0.42034646401071496
2021,11,EDP SCIENCES S A,193,0.0071129391800635764,0.0010035565031397877,0.048605055167658666
2021,10,NATURE PORTFOLIO,3126,0.05816498318905377,0.04677134699777788,0.07212413791579128
2021,11,ELSEVIER SCIENCE LONDON,66,0.1068730027290831,0.03582992184780405,0.27814319182077146
2021,11,EUR CENTRE DIS PREVENTION & CONTROL,20,0.11693298650302203,0.011775563032315983,0.5953876385785
2021,11,EXCERPTA MEDICA INC-ELSEVIER SCIENCE INC,21,0.0,0.0,0.3833648297614007
2021,11,FERRATA STORTI FOUNDATION,21,0.0,0.0,0.8480144582862224
2021,11,ENDOCRINE SOC,72,0.009509026814180862,3.507834878810501e-08,0.9996195454377764
2021,11,EUROPEAN MATHEMATICAL SOC-EMS,39,0.06107365161029271,0.008655670672630312,0.3264103542658849
2021,11,COPERNICUS GESELLSCHAFT MBH,222,0.025646972313277165,0.007504507918144971,0.08394014265479575
2021,9,WILEY,5745,0.05295398087553646,0.044821029248112765,0.06246617795051236
2021,11,EUROPEAN RESPIRATORY SOC JOURNALS LTD,72,0.030441970844146408,0.004435737126478414,0.18117303198581056
2021,11,ELSEVIER FRANCE-EDITIONS SCIENTIFIQUES MEDICALES ELSEVIER,307,0.0650858082889409,0.0318966570400875,0.12823461501144445
2021,11,CAMBRIDGE UNIV PRESS,521,0.02606492022433081,0.01041668128208582,0.06370705413092671
2021,11,"GEOLOGICAL SOC AMER, INC",42,0.0,0.0,0.08563963571430748
2021,11,GEOMETRY & TOPOLOGY PUBLICATIONS,10,0.0,0.0,0.8694812110847807
2021,11,HARBORSIDE PRESS,10,0.0,0.0,0.6320448881424886
2021,11,GEOSCIENCEWORLD,26,0.0,0.0,0.4340484235861132
2021,11,GEORG THIEME VERLAG KG,52,0.0,0.0,0.12314218254514586
2021,11,HUMAN KINETICS PUBL INC,10,0.0,0.0,0.7562389215162195
2021,11,HIGHER EDUCATION PRESS,39,0.020684626168777,0.00046532762067451637,0.4893459627470745
2021,11,EMERALD GROUP PUBLISHING LTD,384,0.06882172842169074,0.03773231848752792,0.1222722049316031
2021,11,AMER PHYSICAL SOC,807,0.014714305234988359,0.005704548884219985,0.037418537332207194
2021,10,WILEY-V C H VERLAG GMBH,1532,0.04248413534715689,0.02787270220115977,0.06424894490804445
2021,11,CELL PRESS,1135,0.07615915877855892,0.05284325705060893,0.10858329298642674
2021,11,HINDAWI LTD,129,0.01855375578532633,0.0027743977538351667,0.11383363278407559
2021,11,INST MATHEMATICAL STATISTICS-IMS,11,0.0,0.0,0.697674177135501
2021,11,INT COUNCIL RESEARCH & INNOVATION BUILDING & CONSTRUCTION,12,0.14292706184722215,0.01508376352951545,0.6448690171934021
2021,11,IGI GLOBAL,23,0.004102122064046684,3.9229615685267975e-26,1.0
2021,11,INT PRESS EDITING CENTRE INC,10,0.0,0.0,0.6318534261477293
2021,11,INT SOC GLOBAL HEALTH,21,0.0,0.0,0.29487376183106706
2021,11,"INST MATERIA MEDICA, CHINESE ACAD MEDICAL SCIENCES",22,0.1768878756798462,0.04118098647150146,0.5181352757858778
2021,11,INT SCIENTIFIC RESEARCH PUBLICATIONS,13,0.026519676388384403,4.3674607556425205e-07,0.9994118452501851
2021,11,IEEE COMPUTER SOC,237,0.03584633606611406,0.01552181521244926,0.08060513234227704
2021,11,INTER-RESEARCH,31,0.0,0.0,0.11857809298214424
2021,11,ELSEVIER IRELAND LTD,604,0.09491692943671394,0.06430185317020325,0.13795917575632943
2021,11,INT UNION CRYSTALLOGRAPHY,40,0.15319163887790047,0.045666184714567765,0.40614763230707246
2021,9,MDPI,7041,0.04977273985101477,0.04229125710224022,0.05849688550954197
2021,11,BMJ PUBLISHING GROUP,1012,0.06415674628392747,0.04547920141382067,0.08978334410232554
2021,11,JOHN BENJAMINS PUBLISHING CO,13,0.0,0.0,0.6648622146994483
2021,11,JOURNAL OF CENTRAL SOUTH UNIV,24,0.0,0.0,0.4235890945931596
2021,11,IVYSPRING INT PUBL,51,0.13747382112487974,0.04210338357272909,0.36626999800619203
2021,11,JOURNAL MATER SCI TECHNOL,48,0.0,0.0,0.24632408539195816
2021,11,KARGER,41,0.0,0.0,0.3334504393987575
2021,11,INFORMS,112,0.03524356553839036,0.007617818488784124,0.14810180327673997
2021,11,KERMAN UNIV MEDICAL SCIENCES,16,0.0,0.0,0.6172674487417161
2021,11,KOREAN DIABETES ASSOC,15,0.0,0.0,1.0
2021,11,KOREAN INST METALS MATERIALS,17,0.0,0.0,0.5536074600120203
2021,11,KOREAN NUCLEAR SOC,27,0.1016741237747772,0.015597931542326679,0.44704335650775456
2021,11,KEAI PUBLISHING LTD,297,0.0,0.0,0.06459686948809731
2021,11,KOREAN SOC NEPHROLOGY,18,0.11181734356627276,0.01616733572040181,0.4909613494423689
2021,11,Korean Pediatric Soc,11,0.25014262383521696,0.0547017476095012,0.657889069076955
2021,11,LIFE SCIENCE ALLIANCE LLC,24,0.1482324908411412,0.02396007786868686,0.5523205424336898
2021,11,"JMIR PUBLICATIONS, INC",165,0.09543162449159731,0.04633076095329164,0.1863983258856041
2021,11,JOHN WILEY & SONS LTD,129,0.05578119195955701,0.02024535119500421,0.1444927335421071
2021,10,SPRINGER,3190,0.03627978895921103,0.027697574091884548,0.04739162516366408
2021,11,MANAGED CARE & HEALTHCARE COMMUNICATIONS LLC,15,0.19250722739223913,0.041935693854505345,0.5649255388365159
2021,11,MATHEMATICAL SCIENCE PUBL,15,0.0,0.0,0.6114201757060455
2021,11,"MASARYKOVA UNIV, FAC SOCIAL STUDIES",10,0.09645212230484347,0.00044767394068277933,0.9621825265921267
2021,11,MASSACHUSETTS MEDICAL SOC,66,0.0,0.0,0.2936429580242158
2021,11,"MARY ANN LIEBERT, INC",106,0.03835347579352003,0.008628461933150186,0.15452006675856966
2021,11,MEDYCYNA PRAKTYCZNA SP K SP ZOO,15,0.03658691246284796,5.2553122152448614e-05,0.964839895260847
2021,11,NATL ATHLETIC TRAINERS ASSOC INC,10,0.23022651302613267,0.051245017896912756,0.6235084954743962
2021,11,MICROBIOLOGY SOC,33,0.08691692723005894,0.01554326704956192,0.36463895019491355
2021,11,MEDICAL LIBRARY ASSOC,29,0.11405980045091675,0.010939577943030871,0.5997719649723979
2021,11,MIT PRESS,36,0.04243409069373651,0.002547114276578583,0.4347145726560361
2021,11,BMC,1718,0.06588101832144773,0.05079949869664504,0.08503885362781688
2021,11,NONFERROUS METALS SOC CHINA,11,0.0,0.0,0.7593741165018129
2021,11,NEW YORK BUSINESS GLOBAL LLC,30,0.0,0.0,0.4131240862832831
2021,11,NIHR JOURNALS LIBRARY,14,0.0,0.0,0.24561179421700935
2021,11,NATURE PUBL GROUP,20,0.20656092236624107,0.05464656521668036,0.539693736272855
2021,11,PALGRAVE MACMILLAN LTD,14,0.0,0.0,0.741389501313707
2021,11,PEERJ INC,33,0.06441186188567764,0.01053583029768415,0.3080240359611716
2021,11,Optica Publishing Group,41,0.06419328947516799,0.009410390671643029,0.3312504970098007
2021,11,NATL ACAD SCIENCES,311,0.04319235243817382,0.01648780727801841,0.10838265708741734
2021,11,ELSEVIER SCIENCE SA,1710,0.04096722598354752,0.02883203994487949,0.057905480470194184
2021,10,LIPPINCOTT WILLIAMS & WILKINS,5240,0.059473759449844246,0.05142308772396231,0.06869354996870176
2021,11,MOSBY-ELSEVIER,393,0.06967889503100781,0.040300268653789,0.11784450559453298
2021,11,PROJECT HOPE,15,0.0,0.0,0.2979289147275368
2021,11,PHYSICIANS POSTGRADUATE PRESS,18,0.05146878439094324,0.0013446482094602555,0.6861969000489927
2021,11,PORTLAND PRESS LTD,15,0.17351546377471946,0.028407038817732246,0.6012008165991497
2021,11,RADIOLOGICAL SOC NORTH AMERICA (RSNA),50,0.0,0.0,0.3333105362872987
2021,11,ROYAL COLL GENERAL PRACTITIONERS,13,0.02919611439385998,8.475626507839832e-06,0.9907159484249227
2021,11,ROY COLL PHYS LONDON EDITORIAL OFFICE,24,0.0,0.0,0.6456266935399423
2021,11,ROCKEFELLER UNIV PRESS,100,0.0,0.0,0.09416481526035977
2021,11,SCIPOST FOUNDATION,13,0.0,0.0,0.6968950005282326
2021,11,SOC EXPLORATION GEOPHYSICISTS - SEG,33,0.0,0.0,0.4171950808802622
2021,11,SOC PETROLEUM ENG,23,0.0,0.0,0.49885613554551145
2021,11,SPANDIDOS PUBL LTD,20,0.0,0.0,0.571388053773144
2021,11,SOC NUCLEAR MEDICINE INC,16,0.11002896490083418,0.010047386875612123,0.6009569391316235
2021,11,SOC NEUROSCIENCE,61,0.1448319137474998,0.06694793427020862,0.2855894336109565
2021,11,SPRINGER FRANCE,16,0.0,0.0,0.2063058803700487
2021,11,SPRINGER SINGAPORE PTE LTD,40,0.0,0.0,0.37820741852093787
2021,11,SPRINGER-VERLAG ITALIA SRL,72,0.0,0.0,0.15719201114238346
2021,11,SPRINGER WIEN,100,0.0,0.0,0.10201593765534502
2021,11,SPRINGER INT PUBL AG,170,0.0,0.0,0.04505447324213251
2021,11,SPRINGER JAPAN KK,28,0.09161886468069178,0.014969802750561739,0.40097207813949887
2021,11,SCIENCE PRESS,190,0.09216556170686675,0.04853645105346376,0.1680844124145333
2021,11,UNIV CHICAGO PRESS,41,0.0,0.0,0.24985331654936052
2021,11,TERMEDIA PUBLISHING HOUSE LTD,22,0.13325849945174487,0.023862677137320185,0.4915977412003599
2021,11,FRONTIERS MEDIA SA,2374,0.07460290742217492,0.060112950475188005,0.09224281749444402
2021,11,UNIV PENNSYLVANIA PRESS,37,0.4520620222745376,0.015758337570819618,0.9770185088542741
2021,11,US DEPT HEALTH HUMAN SCIENCES PUBLIC HEALTH SCIENCE,10,0.0,0.0,0.7821920418863977
2021,11,VEREIN FORDERUNG OPEN ACCESS PUBLIZIERENS QUANTENWISSENSCHAF,25,0.0,0.0,0.4807647423687447
2021,11,VILNIUS GEDIMINAS TECH UNIV,23,0.0,0.0,0.3299302606931063
2021,11,"VILNIUS UNIV, INST MATHEMATICS & INFORMATICS",13,0.0,0.0,0.7480420551126897
2021,11,SPRINGER LONDON LTD,63,0.0748660369328293,0.020323168044035392,0.23993877843102088
2021,11,SPRINGER BASEL AG,115,0.024401544121894037,0.00411779411948591,0.13141582505135332
2021,11,W B SAUNDERS CO LTD,86,0.0,0.0,0.11139567142808825
2021,11,WALTER DE GRUYTER GMBH,113,0.11771211950585436,0.05326620500641923,0.2403362409322846
2021,11,ROYAL SOC,215,0.026143250910480916,0.0072437270296988885,0.08988851092328154
2021,11,IOP Publishing Ltd,967,0.011650505638516108,0.005088828077618644,0.026448077421195076
2021,11,ELSEVIER SCIENCE INC,2444,0.05282059149138738,0.040944698569966756,0.06789719186659333
2021,11,SPRINGER/PLENUM PUBLISHERS,215,0.07090450166987926,0.036170408097602275,0.13434422020239198
2021,11,W B SAUNDERS CO-ELSEVIER INC,246,0.10177051123044006,0.05900202626617356,0.16994160079197557
2021,11,"WILEY PERIODICALS, INC",14,0.08207456045473385,8.099822586639464e-05,0.9899693262639496
2021,11,TSINGHUA UNIV PRESS,102,0.06142391142207593,0.015967331357727058,0.2088262210693951
2021,12,ACAD MEDICINE SINGAPORE,10,0.0,0.0,0.7035816465860028
2021,11,ZHEJIANG UNIV PRESS,31,0.0,0.0,0.4061830006562044
2021,11,"ZAGREB UNIV, FAC FORESTRY",15,0.018090571120948726,4.2933643822164835e-08,0.9998735318560069
2021,11,WORLD SCIENTIFIC PUBL CO PTE LTD,72,0.0,0.0,0.2518397043980457
2021,12,ACADEMIC & SCIENTIFIC PUBLISHERS-ASP,16,0.12592443913585716,0.009561953769728095,0.6825218760059157
2021,11,WOLTERS KLUWER MEDKNOW PUBLICATIONS,58,0.13911367755557508,0.05680395343148909,0.3024467018338404
2021,12,ALEXANDER VON HUMBOLDT INST INTERNET & SOC,12,0.0,0.0,0.9921995847413855
2021,12,AMER ACAD SLEEP MEDICINE,34,0.0,0.0,0.2737563762531382
2021,12,ACOUSTICAL SOC AMER AMER INST PHYSICS,51,0.0,0.0,0.22558737255427855
2021,12,ACTA DERMATO-VENEREOLOGICA,22,0.25045325258731804,0.036547804083107926,0.7464010485155108
2021,12,AME PUBLISHING COMPANY,25,0.11871861869936713,0.03005002870793019,0.36938390817991446
2021,11,TAYLOR & FRANCIS INC,376,0.021079161633909622,0.006135443850037867,0.0698618669857504
2021,10,MDPI,7053,0.06649151715696931,0.05791743289595562,0.07623219630878818
2021,12,AMER COLL PHYSICIANS,50,0.0,0.0,0.32232690757960886
2021,12,AMER ECONOMIC ASSOC,42,0.0,0.0,0.18080960865211543
2021,12,AMER ASSOC NEUROLOGICAL SURGEONS,96,0.14071469200747572,0.06437758114773873,0.28043866905383574
2021,12,AMER DIABETES ASSOC,20,0.26685835230089333,0.0916241226002188,0.5677609855026272
2021,12,ADIS INT LTD,79,0.03645027323824868,0.009146967360053488,0.13421350870817392
2021,10,ELSEVIER SCI LTD,5894,0.037067009468700535,0.0300966593161821,0.045575827111524234
2021,11,eLIFE SCIENCES PUBL LTD,179,0.07896074618369857,0.03491060794619329,0.16886767102461148
2021,12,AMER MATHEMATICAL SOC,32,0.0,0.0,0.24153194169416745
2021,12,AMER ACAD PEDIATRICS,116,0.05578705100510461,0.02346871839238733,0.12683012861443566
2021,12,AMER INST MATHEMATICAL SCIENCES-AIMS,130,0.0,0.0,0.20261191535920597
2021,11,SAGE PUBLICATIONS LTD,409,0.018578113435077055,0.006616226793835147,0.05105513185176808
2021,11,SAGE PUBLICATIONS INC,590,0.0458535818626998,0.024594458826564483,0.08390802703355292
2021,12,"AMER OCCUPATIONAL THERAPY ASSOC, INC",10,0.0,0.0,0.7459482600659223
2021,10,PERGAMON-ELSEVIER SCIENCE LTD,4778,0.034154662543129946,0.026900794258524242,0.04327756292880038
2021,12,AMER ASSOC CANCER RESEARCH,395,0.15525335699306395,0.11237123220700171,0.21061685559695414
2021,12,AMER ASSOC ADVANCEMENT SCIENCE,331,0.04791706248305843,0.01480195301280884,0.14426887851294867
2021,12,"AMER PSYCHIATRIC PUBLISHING, INC",14,0.0,0.0,0.6347304279707744
2021,12,AMER PUBLIC HEALTH ASSOC INC,53,0.0,0.0,0.4977684061455612
2021,12,AMER ROENTGEN RAY SOC,40,0.0,0.0,0.731418920734802
2021,12,AMER METEOROLOGICAL SOC,65,0.07368501958612848,0.021111184495438057,0.2268446584970488
2021,12,AMER PHYSIOLOGICAL SOC,103,0.14952111899162882,0.065342105236786,0.3065751585222077
2021,11,SPRINGER HEIDELBERG,684,0.039419970946389424,0.023122658518607255,0.06642291736294308
2021,12,AMER PSYCHOLOGICAL ASSOC,159,0.0,0.0,0.15014557313233437
2021,11,ROYAL SOC CHEMISTRY,691,0.02121889286867839,0.005646206100072461,0.07644047620639412
2021,12,AMER SOC CLINICAL INVESTIGATION INC,70,0.260493134348646,0.13381835982795637,0.4454176698552261
2021,12,AMER SOC PHARMACOLOGY EXPERIMENTAL THERAPEUTICS,26,0.0,0.0,0.45174395773620313
2021,12,AMER PHYTOPATHOLOGICAL SOC,58,0.04891456086003197,0.007892886515581664,0.24951729153455826
2021,11,WILEY-HINDAWI,402,0.04194267610065536,0.01942543444455951,0.08821299451566893
2021,12,AMER SOC NEURORADIOLOGY,14,0.1059709224261149,0.009846604008172305,0.585546819618009
2021,12,AMER SPEECH-LANGUAGE-HEARING ASSOC,43,0.0,0.0,0.17776758326242428
2021,12,AMER SOC NEPHROLOGY,69,0.0,0.0,0.12144798349187114
2021,12,ANNUAL REVIEWS,57,0.0,0.0,0.24107060587584345
2021,12,AMER THORACIC SOC,30,0.14580994893933552,0.024816277219211768,0.5338050480505697
2021,12,ASCE-AMER SOC CIVIL ENGINEERS,88,0.0,0.0,0.10956900795575
2021,12,AMER SOC MICROBIOLOGY,129,0.01449144560339849,0.00013164491478822842,0.6215358091396109
2021,12,AMER SOC HEMATOLOGY,149,0.10835598357027926,0.047041611428713645,0.23027636592673095
2021,12,AUSTRALASIAN SOC COMPUTERS LEARNING TERTIARY EDUCATION-ASCILITE,11,0.11833696979937444,0.011012279458724466,0.6180131498085413
2021,12,ASSOC RESEARCH VISION OPHTHALMOLOGY INC,31,0.3040411808345612,0.1365134667152567,0.5469364873249303
2021,12,BENTHAM SCIENCE PUBL LTD,22,0.0,0.0,0.3018126953927298
2021,9,ELSEVIER,11098,0.03862744744522336,0.03336899334741213,0.04467625608539658
2021,12,AIP Publishing,417,0.011662819563462708,0.003024512947359214,0.04388692341050315
2021,12,BAISHIDENG PUBLISHING GROUP INC,81,0.018596484461529034,0.00017471097051269298,0.6726467674438262
2021,11,TAYLOR & FRANCIS LTD,610,0.06325265729971083,0.03864748179796196,0.10186304287901062
2021,11,OXFORD UNIV PRESS INC,1516,0.09170858698980595,0.07322794518724887,0.11427810963387736
2021,11,"ROUTLEDGE JOURNALS, TAYLOR & FRANCIS LTD",1036,0.05436218931717793,0.03409106943440643,0.08561842639320662
2021,12,ASSOC COMPUTING MACHINERY,163,0.010774006012987941,0.0015141557151512057,0.07254811733059614
2021,12,AMER MEDICAL ASSOC,524,0.07493109082974628,0.048620082851030116,0.11377764169200197
2021,11,SPRINGERNATURE,933,0.07310076438842639,0.05107046515173167,0.10359679925998712
2021,12,BRILL,47,0.0,0.0,0.11880753603243925
2021,12,C EJ PUBLISHING GROUP,21,0.025156997898154898,2.4659408561684435e-05,0.9642929408339843
2021,12,ACADEMIC PRESS LTD- ELSEVIER SCIENCE LTD,718,0.06073969953043639,0.03930131451711344,0.0927435139963071
2021,12,CHINESE LASER PRESS,22,0.0,0.0,0.5142546905029489
2021,12,CHINESE CHEMICAL SOC,17,0.0,0.0,0.4753732766898881
2021,12,CMA-CANADIAN MEDICAL ASSOC,23,0.0,0.0,0.5182551962450787
2021,12,COGITATIO PRESS,18,0.0,0.0,0.3840721843752895
2021,12,BRITISH EDITORIAL SOC BONE & JOINT SURGERY,56,0.07979998809406542,0.021654175464654007,0.25360623697475143
2021,12,COLL AMER PATHOLOGISTS,15,0.0,0.0,0.6113516030247476
2021,12,CLEVELAND CLINIC,12,0.8470267736137003,0.010580715983503053,0.9996513258029804
2021,12,"COLD SPRING HARBOR LAB PRESS, PUBLICATIONS DEPT",36,0.0,0.0,0.3800071364885621
2021,12,COLL FAMILY PHYSICIANS CANADA,12,0.028474271946985378,7.491984369566162e-13,0.9999999991278319
2021,12,CURRENT MEDICINE GROUP,23,0.0,0.0,0.5572260068114552
2021,12,CURRENT BIOLOGY LTD,36,0.0,0.0,0.4705976521860775
2021,12,Cherkas Global Univ Press,48,0.0,0.0,0.3179797722786615
2021,12,DE GRUYTER POLAND SP Z O O,22,0.0,0.0,0.4366100584123919
2021,12,CHURCHILL LIVINGSTONE INC MEDICAL PUBLISHERS,50,0.0758750215622635,0.016760574665805494,0.2833923189403335
2021,12,COMPANY BIOLOGISTS LTD,52,0.29559513679849475,0.13081194433535231,0.5391878790869826
2021,12,CENTERS DISEASE CONTROL & PREVENTION,62,0.04705478411135626,0.0069315176828686435,0.25888556588834233
2021,12,CSIRO PUBLISHING,182,0.0,0.0,0.4012899335515098
2021,12,COPERNICUS GESELLSCHAFT MBH,236,0.0,0.0,0.06708771170644155
2021,12,AMER GEOPHYSICAL UNION,423,0.005191707342066002,0.0007369517751351717,0.035614989667073535
2021,12,EDIZIONI MINERVA MEDICA,26,0.1673433237861436,0.026598870093373073,0.5964704012748411
2021,12,CHURCHILL LIVINGSTONE,120,0.11931752500451949,0.05507433073610583,0.2395049837728621
2021,12,EDUCATIONAL PUBLISHING FOUNDATION-AMERICAN PSYCHOLOGICAL ASSOC,44,0.07295870461374045,0.006539882352912876,0.4847711365934047
2021,12,EDP SCIENCES S A,168,0.0,0.0,0.06850641710424368
2021,12,DOVE MEDICAL PRESS LTD,105,0.07129192466158929,0.02283788246937938,0.20136402845488802
2021,12,ELSEVIER - DIVISION REED ELSEVIER INDIA PVT LTD,10,0.0,0.0,0.562205445218025
2021,12,ELSEVIER ESPANA SLU,11,0.0,0.0,0.6956867289245868
2021,11,PUBLIC LIBRARY SCIENCE,1569,0.047527423777440805,0.03403002243764716,0.06601248072431307
2021,12,ELSEVIER ADVANCED TECHNOLOGY,100,0.0,0.0,0.08950696227698207
2021,12,ACADEMIC PRESS INC ELSEVIER SCIENCE,1221,0.04913449391312615,0.033809423407130265,0.07089636681003467
2021,12,"ELSEVIER MASSON, CORP OFF",16,0.0,0.0,0.6451025983027555
2021,12,ELSEVIER INC,54,0.11784178583233626,0.041091367921060704,0.29399506094375505
2021,12,ELSEVIER GMBH,151,0.11789754717207775,0.06260572733119142,0.21102846704794978
2021,11,WILEY-V C H VERLAG GMBH,1353,0.03910878587581098,0.023412201246159534,0.06463258196748263
2021,12,ELSEVIER SINGAPORE PTE LTD,10,0.0,0.0,0.6306121918751373
2021,12,EUR CENTRE DIS PREVENTION & CONTROL,21,0.0,0.0,0.4766368014000046
2021,12,ELSEVIER SCIENCE LONDON,61,0.016089637356749144,2.048292866580793e-05,0.9288514932307752
2021,12,EUROPA EDITION,15,0.0,0.0,0.6292379841631048
2021,12,EUROPEAN MATHEMATICAL SOC-EMS,36,0.0,0.0,0.4134398396100352
2021,12,ENDOCRINE SOC,57,0.0,0.0,0.1514836203699965
2021,11,IEEE-INST ELECTRICAL ELECTRONICS ENGINEERS INC,2783,0.03772777955069973,0.027283938401075385,0.05195581934909482
2021,12,EXCERPTA MEDICA INC-ELSEVIER SCIENCE INC,39,0.0,0.0,0.2956136836579263
2021,12,FERRATA STORTI FOUNDATION,20,0.0,0.0,1.0
2021,12,ELSEVIER TAIWAN,45,0.11074284915435444,0.02271647284036131,0.4001921010597014
2021,12,FUTURE MEDICINE LTD,10,0.4538288905278122,0.10779209913713078,0.8510766757415958
2021,12,GLOBAL SCIENCE PRESS,10,0.0,0.0,0.7678409666007506
2021,12,"GEOLOGICAL SOC AMER, INC",34,0.0,0.0,0.09951648871111286
2021,12,GEOSCIENCEWORLD,14,0.0,0.0,0.5518667229499894
2021,12,HARBORSIDE PRESS,12,0.0,0.0,0.6329135474333892
2021,12,EUROPEAN RESPIRATORY SOC JOURNALS LTD,72,0.05713770849617015,0.009534757288907826,0.2761418223758679
2021,12,CAMBRIDGE UNIV PRESS,672,0.018175710392909505,0.006397388993836565,0.05053631468200419
2021,12,HUMAN KINETICS PUBL INC,14,0.04572303928578162,0.0008402395853780332,0.7318991724247595
2021,12,AMER PHYSICAL SOC,899,0.004404110676369593,0.0007698874012017662,0.02476830946161477
2021,12,ELSEVIER FRANCE-EDITIONS SCIENTIFIQUES MEDICALES ELSEVIER,352,0.0704615592537134,0.03897478649656071,0.12410089400937131
2021,12,HIGHER EDUCATION PRESS,37,0.0570152774045243,0.005855084611773675,0.3829869846806632
2021,12,HINDAWI LTD,144,0.0,0.0,0.09831920461758924
2021,12,GEORG THIEME VERLAG KG,58,0.03201618946417732,0.0015736388629085264,0.4097116280051302
2021,12,INST MATHEMATICAL STATISTICS-IMS,23,0.0,0.0,0.48218932344945425
2021,12,IGI GLOBAL,22,0.05537763937728722,0.0011777515225575087,0.744549564856332
2021,12,INT UNION AGAINST TUBERCULOSIS LUNG DISEASE (I U A T L D),18,0.0,0.0,0.2818555847571155
2021,11,AMER CHEMICAL SOC,3546,0.027261365458496827,0.01948084557846237,0.038028851058117014
2021,12,INTER-RESEARCH,17,0.0,0.0,0.5890849796052591
2021,12,INT UNION CRYSTALLOGRAPHY,31,0.0,0.0,0.2025258822381696
2021,12,"INST MATERIA MEDICA, CHINESE ACAD MEDICAL SCIENCES",23,0.2661488215275505,0.08180966978367663,0.5961642563984775
2021,12,INT SOC GLOBAL HEALTH,22,0.1246554671561386,0.018006330336510484,0.5251621506456424
2021,12,Inst Navigation - ION,10,0.20873812646872342,0.027611979095211465,0.710210833200182
2021,12,JOHN BENJAMINS PUBLISHING CO,20,0.0,0.0,1.0
2021,12,JOURNAL MATER SCI TECHNOL,50,0.0,0.0,0.30932293228848023
2021,12,ELSEVIER IRELAND LTD,583,0.06693961929627273,0.040294336680067724,0.10919968530194131
2021,12,JOURNAL OF CENTRAL SOUTH UNIV,18,0.0,0.0,0.4872076165909648
2021,12,KERMAN UNIV MEDICAL SCIENCES,18,0.0,0.0,0.29315630567184003
2021,12,KOREAN ACAD MEDICAL SCIENCES,12,0.0,0.0,0.6308440260481197
2021,12,KOREAN SOC GINSENG,11,0.0,0.0,0.7475584832045279
2021,12,KOREAN SOC LABORATORY MEDICINE,11,0.0,0.0,0.9068869361041973
2021,12,KOREAN NUCLEAR SOC,38,0.0,0.0,0.3850110748813423
2021,12,KOREAN SOC NEPHROLOGY,10,0.21839077182994174,0.030183142240468915,0.7149780904804613
2021,12,Korean Pediatric Soc,11,0.0,0.0,0.947907929197245
2021,12,LABORATORY KNOWLEDGE MANAGEMENT & E-LEARNING UNIV,12,0.0,0.0,0.7288428211947667
2021,12,KARGER,49,0.12630034373701957,0.04613436014429708,0.3017068742056584
2021,12,IVYSPRING INT PUBL,81,0.19172403921931777,0.09769439733787091,0.34195730381556316
2021,11,OXFORD UNIV PRESS,2324,0.0453914514445524,0.03406897929269298,0.06024214896318524
2021,12,KOREAN SPINAL NEUROSURGERY SOC,32,0.22217762931297327,0.07065505930555534,0.5176497332034036
2021,12,LIFE SCIENCE ALLIANCE LLC,16,0.1643014470375644,0.028225044434966713,0.5709637478948476
2021,12,BMJ PUBLISHING GROUP,897,0.051280911633112665,0.03283429536707017,0.07924190877935208
2021,12,MANAGED CARE & HEALTHCARE COMMUNICATIONS LLC,11,0.022102284102494936,3.5292511359745775e-08,0.9999309179645988
2021,12,MAGNOLIA PRESS,13,0.020732635715972256,9.381381500979739e-13,0.9999999979070429
2021,12,MASSACHUSETTS MEDICAL SOC,65,0.0,0.0,0.3145233695344627
2021,12,JOHN WILEY & SONS LTD,115,0.1640007508570471,0.0950785135565977,0.2680834402903399
2021,12,INFORMS,114,0.03568654274159459,0.009463423173834728,0.12537643784025176
2021,12,CELL PRESS,1091,0.06784841369473282,0.04464188398761775,0.10183269453212697
2021,12,"JMIR PUBLICATIONS, INC",211,0.08449348223645738,0.04531376713968,0.15215032561653638
2021,12,EMERALD GROUP PUBLISHING LTD,504,0.02966962185405857,0.01294272951568018,0.0665563287747447
2021,12,"MARY ANN LIEBERT, INC",153,0.07696384731965157,0.0323330156275959,0.17223548500595348
2021,12,Medical Journal Sweden AB,10,0.0,0.0,0.7320465593772044
2021,12,MICROBIOLOGY SOC,37,0.03030328961506736,0.0005336764288403044,0.6465098620621765
2021,12,NATL CENTRE MARINE RESEARCH,13,0.0,0.0,0.6943112551344669
2021,12,MIT PRESS,52,0.026669796189682026,0.0037378349402295862,0.16674423836930186
2021,12,NATURE PUBL GROUP,22,0.353476310995329,0.14235620130456522,0.6429680465535649
2021,12,ONLINE LEARNING CONSORTIUM,24,0.18156644473622327,0.05417465953468328,0.46214845239700103
2021,12,IEEE COMPUTER SOC,269,0.04030283298413154,0.01771401454465218,0.08908442904749272
2021,12,PACINI EDITORE,14,0.0,0.0,0.6210706505384571
2021,12,Optica Publishing Group,24,0.0,0.0,0.4803388986032346
2021,12,BMC,1578,0.0673877195720408,0.05084865460413631,0.08880298228104694
2021,12,PEERJ INC,31,0.16431629827419444,0.05224625266313438,0.41222196947917894
2021,12,PHYSICIANS POSTGRADUATE PRESS,11,0.0,0.0,0.7280116202769171
2021,12,PORTLAND PRESS LTD,31,0.12713385759223528,0.025430873231467727,0.4484211767916955
2021,12,PROJECT HOPE,19,0.2003108738021131,0.034072587682384824,0.6401212508140856
2021,12,KEAI PUBLISHING LTD,395,0.029607418931469936,0.012185996180278349,0.0701658507926859
2021,12,ROYAL COLL GENERAL PRACTITIONERS,12,0.0,0.0,0.41303687795618355
2021,12,ROCKEFELLER UNIV PRESS,46,0.1232620980651306,0.023045366215959494,0.45591111761253145
2021,12,RADIOLOGICAL SOC NORTH AMERICA (RSNA),38,0.10102173099371894,0.02233179811008555,0.3560184191432134
2021,11,NATURE PORTFOLIO,3409,0.0628032698381496,0.050875874152911275,0.07729920140780046
2021,12,NATL ACAD SCIENCES,297,0.027238218464367414,0.007621378297504162,0.09263407042597394
2021,12,SCIENDO,22,0.0,0.0,0.47654152731924604
2021,12,SCIPOST FOUNDATION,13,0.0,0.0,0.45387859687154003
2021,12,SOC BRASIL PEDIATRIA,14,0.0,0.0,0.694244329694851
2021,12,SHANGHAI JIAO TONG UNIV PRESS,41,0.0,0.0,0.09293445412073692
2021,12,MOSBY-ELSEVIER,432,0.07469024829042925,0.0449312935912002,0.12164869930823727
2021,12,SOC NEUROSCIENCE,62,0.0,0.0,0.2576104929466035
2021,12,SOC PETROLEUM ENG,17,0.099486650116592,0.011955646333862308,0.502160206005213
2021,12,SPANDIDOS PUBL LTD,24,0.10108559349485127,0.01888080165889462,0.39654257823745015
2021,12,SOC NUCLEAR MEDICINE INC,35,0.06717388184895327,0.008239778916938424,0.38429422069935937
2021,12,SOC EXPLORATION GEOPHYSICISTS - SEG,34,0.04636469644340195,0.006584951501185794,0.2628661702107196
2021,12,SPRINGER FRANCE,15,0.0,0.0,0.2726077041769237
2021,12,SPRINGER JAPAN KK,24,0.0,0.0,0.5062536902661109
2021,12,SCIENCE PRESS,247,0.004820354510834784,3.5561956484926195e-05,0.3974855611824214
2021,12,SPRINGER SINGAPORE PTE LTD,32,0.0,0.0,0.17037627589318874
2021,12,SPRINGER-VERLAG ITALIA SRL,35,0.0,0.0,0.36332535516964026
2021,12,SPRINGER INT PUBL AG,115,0.0,0.0,0.1741836077802529
2021,12,TAYLOR & FRANCIS AS,16,0.019373769275631194,1.8676616759365108e-07,0.9995217342336818
2021,12,SPRINGER LONDON LTD,38,0.16544623550271287,0.06401074922687294,0.3649487415188052
2021,10,WILEY,6513,0.04650921796285974,0.039542765584897596,0.054633173341418456
2021,12,SPRINGER WIEN,67,0.13678938884237557,0.051043430235963194,0.31826723418322544
2021,12,UNIV CHICAGO PRESS,31,0.0,0.0,0.1673068761403356
2021,12,"UNIV KRAGUJEVAC, FAC SCIENCE",17,0.0,0.0,0.6693735494174599
2021,12,UNIV PRESOV,11,0.0,0.0,0.6688025073086209
2021,12,"UNIV TOMASE BATI & ZLINE, FAK MANAGEMENTU EKONOMIKY",10,0.0,0.0,0.6328111663935564
2021,12,"UNIV PITTSBURGH, UNIV LIBRARY SYSTEM",11,0.19525886148823865,0.02484776790071231,0.6979250803807994
2021,12,TSINGHUA UNIV PRESS,106,0.0,0.0,0.09362870181304474
2021,12,TERMEDIA PUBLISHING HOUSE LTD,33,0.052322316366548584,0.007365042883380385,0.29119963934237225
2021,12,UNIV NIS,12,0.0,0.0,0.7618433078900664
2021,12,VASYL STEFANYK PRECARPATHIAN NATL UNIV,20,0.0,0.0,0.7324981395160425
2021,12,VIETNAM NATL UNIV,11,0.0,0.0,0.656825373957534
2021,12,VEREIN FORDERUNG OPEN ACCESS PUBLIZIERENS QUANTENWISSENSCHAF,18,0.0,0.0,0.5172492934934023
2021,12,"VILNIUS UNIV, INST MATHEMATICS & INFORMATICS",20,0.0,0.0,0.5615622899984305
2021,12,VILNIUS GEDIMINAS TECH UNIV,16,0.22394886093083502,0.04233682754012531,0.6532231704025623
2021,12,WAGENINGEN ACADEMIC PUBLISHERS,11,0.0,0.0,0.7700448743497794
2021,12,SPRINGER/PLENUM PUBLISHERS,74,0.020144391035827887,0.002828434626580184,0.12968359231304682
2021,12,SPRINGER BASEL AG,126,0.06882186499061126,0.020559894178173752,0.2064891410887546
2021,12,WALTER DE GRUYTER GMBH,111,0.0,0.0,0.20327513754745896
2021,12,W B SAUNDERS CO LTD,95,0.0641626282473754,0.021559131107692576,0.17582688981519765
2021,12,ROYAL SOC,192,0.024883878485733698,0.005305013390300752,0.10881634350370159
2021,11,SPRINGER,3034,0.035595812528133125,0.0267695511382766,0.04719109483307895
2021,12,SPRINGER HEIDELBERG,404,0.015666967337160675,0.0036977371094222716,0.0638947978579095
2021,12,"WILEY PERIODICALS, INC",13,0.0,0.0,0.5914011164173816
2021,12,W B SAUNDERS CO-ELSEVIER INC,241,0.12782264703696317,0.07652925628841213,0.20583242943491312
2021,12,OXFORD UNIV PRESS INC,639,0.04380643307041997,0.025078425876765963,0.07543790864023542
2021,12,SAGE PUBLICATIONS LTD,528,0.02849396795935877,0.012064677589557028,0.06580589152277312
2021,12,WROCLAW MEDICAL UNIV,12,0.0,0.0,0.3155637153992593
2021,12,YONSEI UNIV COLL MEDICINE,12,0.21369463096119715,0.032383038617723174,0.6881763111086001
2021,12,WORLD SCIENTIFIC PUBL CO PTE LTD,70,0.0,0.0,0.07722147238527913
2021,12,ZHEJIANG UNIV PRESS,17,0.0,0.0,0.3945564770871469
2022,1,ACAD MANAGEMENT,16,0.0,0.0,0.35588919531470187
2022,1,ACAD MEDICINE SINGAPORE,13,0.0,0.0,0.5543474114465452
2021,12,SPRINGERNATURE,611,0.09131257223562658,0.06024250391504734,0.13608653111810975
2022,1,ACTA DERMATO-VENEREOLOGICA,16,0.0,0.0,0.5131358291634261
2021,12,eLIFE SCIENCES PUBL LTD,166,0.08100288339873453,0.033165582541737716,0.1846610571003028
2021,12,IOP Publishing Ltd,912,0.0054992413798165204,0.0011215522673959518,0.026510607304923432
2021,12,TAYLOR & FRANCIS INC,362,0.033024319750942006,0.013018973890166404,0.08124014955315041
2022,1,AGH UNIV SCIENCE & TECHNOLOGY PRESS,39,0.0010290286625007946,1.9577743518263313e-47,1.0
2022,1,ACOUSTICAL SOC AMER AMER INST PHYSICS,55,0.03549049770800185,0.005028464179216888,0.2112995387445121
2022,1,AME PUBLISHING COMPANY,17,0.0,0.0,0.626922624548578
2021,12,WILEY-HINDAWI,290,0.05586009083155691,0.02619035702816547,0.11516617237138474
2021,12,WOLTERS KLUWER MEDKNOW PUBLICATIONS,96,0.0317478671995838,0.005344955349475329,0.16671483393083436
2022,1,ADIS INT LTD,84,0.09250754036022005,0.03295224127876101,0.23368816324511135
2022,1,AMER ACAD SLEEP MEDICINE,26,0.0,0.0,0.43771398011140866
2022,1,AMER ACAD PEDIATRICS,34,0.19091231995794133,0.06586592001203193,0.4412261601902892
2021,12,LIPPINCOTT WILLIAMS & WILKINS,2613,0.05930075130262825,0.043816582834810804,0.07980014156743782
2021,10,OXFORD UNIV PRESS,8321,0.04822980578791227,0.04223422773363998,0.05502761597233629
2022,1,AMER ASSOC CRITICAL CARE NURSES,15,0.2543459763232468,0.07456886963793732,0.5908315595281738
2022,1,AMER BOARD FAMILY MEDICINE,30,0.04826281699339296,0.00030299236565423603,0.8945651882209904
2022,1,AMER ASSOC NEUROLOGICAL SURGEONS,75,0.045693209491914875,0.007577978932570885,0.23091193081579314
2021,12,ELSEVIER SCIENCE SA,1782,0.03209497960675888,0.02127377002320018,0.048149758703108114
2021,12,FRONTIERS MEDIA SA,2167,0.06860303418074917,0.05401811451123998,0.08676470556174887
2021,12,"ROUTLEDGE JOURNALS, TAYLOR & FRANCIS LTD",991,0.040363737636062026,0.022960650616710723,0.07001232584729605
2022,1,AMER COLL PHYSICIANS,67,0.00354429446844574,1.6379451213925233e-09,0.9998705507533505
2022,1,AMER INST AERONAUTICS ASTRONAUTICS,12,0.0,0.0,0.8309340799511913
2021,12,TAYLOR & FRANCIS LTD,704,0.051202364914489144,0.029842965131786286,0.0864864212761863
2021,12,ELSEVIER SCIENCE INC,2225,0.06822316277721453,0.05397896969796778,0.08588492649015175
2022,1,AMER ASSOC ADVANCEMENT SCIENCE,530,0.04934118927465032,0.024842465495871973,0.0956303879222038
2022,1,AMER DIABETES ASSOC,74,0.03387712641462785,0.0048804788331925815,0.20045028780630783
2021,11,ELSEVIER SCI LTD,6020,0.03265959207585891,0.02620494954853865,0.04063775528799099
2022,1,AMER MATHEMATICAL SOC,28,0.0,0.0,0.15658748539278328
2022,1,"AMER OCCUPATIONAL THERAPY ASSOC, INC",10,0.2460561066392964,0.02835869908808164,0.784913988270258
2022,1,AMER ASSOC CANCER RESEARCH,560,0.07009135951222097,0.045399426522932,0.1067115534866754
2022,1,AMER METEOROLOGICAL SOC,82,0.0,0.0,0.10221390087682342
2022,1,AIP Publishing,447,0.012391083297946128,0.0037322262963752793,0.040325576310700065
2021,12,SAGE PUBLICATIONS INC,830,0.037967740392546516,0.02198703942907427,0.06479408088558186
2022,1,"AMER PSYCHIATRIC PUBLISHING, INC",12,0.1976727274525649,0.036736585598505164,0.6141394822717161
2021,12,AMER CHEMICAL SOC,3518,0.02942045355741862,0.021043279084257797,0.04099287412824379
2022,1,AMER ROENTGEN RAY SOC,41,0.22147180197923605,0.02963646163173515,0.7260046924816594
2022,1,AMER PUBLIC HEALTH ASSOC INC,25,0.11651898424875212,0.005643377206393645,0.7539853882552018
2022,1,AMER PSYCHOLOGICAL ASSOC,100,0.0,0.0,0.1114307380720427
2022,1,ACADEMIC PRESS LTD- ELSEVIER SCIENCE LTD,646,0.061947776033980065,0.039478958640047294,0.09592724669799729
2022,1,AMER PHYTOPATHOLOGICAL SOC,76,0.03663956025296744,0.0032784640133452494,0.30544496678082156
2022,1,AMER PHYSIOLOGICAL SOC,96,0.12455321181422757,0.056310425975399696,0.253300723115794
2022,1,AMER SOC PHARMACOLOGY EXPERIMENTAL THERAPEUTICS,21,0.0,0.0,0.48726111681908524
2022,1,AMER SOC HEMATOLOGY,57,0.04262732827171102,0.006244499698688905,0.23983138088353062
2022,1,AMER SOC CLINICAL INVESTIGATION INC,97,0.08415618375695143,0.030847455677855417,0.20966015420910628
2022,1,AMER SOC NEURORADIOLOGY,19,0.09733801261526516,0.012128780043698589,0.4864168560068109
2021,12,ROYAL SOC CHEMISTRY,1481,0.03951962579979949,0.022391797993748255,0.06882641868284863
2022,1,ANNALS FAMILY MEDICINE,20,0.09638153711428767,0.013736102767796621,0.44959956225803094
2022,1,ASCE-AMER SOC CIVIL ENGINEERS,41,0.0,0.0,0.25424604714952503
2022,1,AMER THORACIC SOC,37,0.09894375053077645,0.015257950620726456,0.43763808557628386
2022,1,ANNUAL REVIEWS,115,0.0,0.0,0.10245591608495658
2022,1,ASSOC BRASILEIRA PSIQUIATRIA,25,0.0,0.0,0.3344776013054256
2022,1,AMER SPEECH-LANGUAGE-HEARING ASSOC,52,0.10198022225120913,0.02656223305311645,0.32093398567728015
2022,1,AMER SOC NEPHROLOGY,68,0.04802689893830309,0.012146428782554732,0.1714974124714375
2022,1,ASSOC INFORMATION SYSTEMS,17,0.0,0.0,0.601514237199883
2022,1,ASSOCIACAO BRASILEIRA PESQUISA POS-GRADUACAO FISIOTERAPIA-ABRAPG-FT,10,0.0,0.0,0.38462753465693045
2022,1,ASIAN-AUSTRALASIAN ASSOC ANIMAL PRODUCTION SOC,49,0.09233301746742932,0.027170755446599058,0.2703427775433358
2022,1,ASSOC RESEARCH VISION OPHTHALMOLOGY INC,42,0.0,0.0,0.22880540634737018
2022,1,AMER SOC MICROBIOLOGY,199,0.06400043450873069,0.023749073220094646,0.16120707625240427
2022,1,AMER GEOPHYSICAL UNION,447,0.05980546850768651,0.03377832628833314,0.10373417078208386
2022,1,BASTAS PUBL LTD - UK,18,0.0,0.0,0.2994588468245374
2022,1,ASSOC COMPUTING MACHINERY,221,0.0,0.0,0.10163314933518632
2022,1,BENTHAM SCIENCE PUBL LTD,10,0.0,0.0,0.9608952675263902
2021,12,PUBLIC LIBRARY SCIENCE,1551,0.04801050353481434,0.034366631846586206,0.06669698054835692
2022,1,BAISHIDENG PUBLISHING GROUP INC,45,0.09787267396210361,0.020730694136281612,0.3573268683639782
2022,1,BIEMDAS ACAD PUBLISHERS INC,52,0.0,0.0,0.09612752402327213
2022,1,BIOSCIENTIFICA LTD,13,0.29737093958512706,0.07097302240733153,0.7010159405190303
2021,11,LIPPINCOTT WILLIAMS & WILKINS,5324,0.08506875456034288,0.0749066504250227,0.0964657273087495
2022,1,AMER MEDICAL ASSOC,495,0.03975110345468685,0.02095899927073671,0.07411689873399367
2022,1,ACADEMIC PRESS INC ELSEVIER SCIENCE,1189,0.044961052852395815,0.030566659917154588,0.06567480702292208
2021,12,WILEY-V C H VERLAG GMBH,1384,0.02659999694344131,0.014087172821066302,0.04966733074712332
2021,12,SPRINGER,1499,0.019474772759470686,0.010870473630319958,0.03465104096258378
2022,1,BRITISH EDITORIAL SOC BONE & JOINT SURGERY,33,0.0,0.0,0.4282502243876277
2022,1,BRAZILIAN SOC UROL,24,0.20735133495124142,0.073651527889007,0.46256386238980784
2022,1,CANADIAN SCIENCE PUBLISHING,72,0.016388423959041703,2.5461525010758323e-05,0.9159850209354077
2022,1,"CAS, INST OPTICS & ELECTRONICS, ED OFF OPTO-ELECTRONIC JOURNALS",50,0.054032826790830275,0.010286017771710796,0.2389214590459965
2022,1,"CHINA UNIV GEOSCIENCES, BEIJING",10,0.0,0.0,0.43829489708030234
2021,10,ELSEVIER,11208,0.042389755155670394,0.036886951047602555,0.04867198331018392
2022,1,CHIN SOCIETY IMMUNOLOGY,17,0.23194027870232456,0.05176202544452352,0.6255501385814768
2022,1,CHINESE JOURNAL CANCER RESEARCH CO,37,0.0,0.0,0.40945742145788666
2022,1,CHINA ELECTRIC POWER RESEARCH INST,27,0.12103037714184241,0.025198934535102652,0.42311819382695465
2022,1,CENTERS DISEASE CONTROL & PREVENTION,49,0.05049967700779603,0.007107974467230113,0.28322237983901927
2022,1,CHINESE CHEMICAL SOC,26,0.0,0.0,0.3843974193126009
2022,1,CMA-CANADIAN MEDICAL ASSOC,27,0.0,0.0,0.5640733255408639
2022,1,CHINESE LASER PRESS,33,0.1079619991019426,0.02753762738939963,0.34092365479657233
2022,1,COGITATIO PRESS,28,0.0,0.0,0.3939774306907444
2022,1,"COLD SPRING HARBOR LAB PRESS, PUBLICATIONS DEPT",27,0.0,0.0,0.27230493327168703
2022,1,COLL FAMILY PHYSICIANS CANADA,10,0.0,0.0,1.0
2022,1,COLL AMER PATHOLOGISTS,19,0.0,0.0,0.3033909981994946
2021,12,NATURE PORTFOLIO,2543,0.046201629488464624,0.03474141631000686,0.06120254609694762
2022,1,CHURCHILL LIVINGSTONE INC MEDICAL PUBLISHERS,70,0.10065236666855984,0.034951313825327006,0.25697106938696995
2022,1,CHURCHILL LIVINGSTONE,96,0.1340005231510372,0.065919601404464,0.2533254241060874
2022,1,COMPANY BIOLOGISTS LTD,44,0.09561899191444376,0.02126754569470901,0.3396885443787029
2022,1,CSIRO PUBLISHING,23,0.0,0.0,0.5102637255627198
2022,1,AMER PHYSICAL SOC,824,0.012379675020381694,0.004740716953353454,0.031932740609695996
2022,1,CZECH BOTANICAL SOC,13,0.017820239840507388,4.1949923871510807e-10,0.9999987256594735
2022,1,CURRENT MEDICINE GROUP,18,0.15049152965628942,0.022881721005997693,0.572673430470595
2022,1,CRACOW UNIV ECONOMICS,30,0.09966663010749721,0.018266448711192942,0.39708774152189447
2022,1,CURRENT BIOLOGY LTD,21,0.11432045680318974,0.007243175609527564,0.6954506016002585
2022,1,DUKE UNIV PRESS,32,0.0,0.0,0.4472391636317139
2022,1,EDIZIONI MINERVA MEDICA,58,0.06269436818968728,0.016036915595328025,0.21538255667085024
2022,1,Chinese Center for Disease Control and Prevention,116,0.04198296418775962,0.010790278919481875,0.14970170478647374
2022,1,EDP SCIENCES S A,280,0.0,0.0,0.07918935622009138
2022,1,DOVE MEDICAL PRESS LTD,95,0.06521884643987715,0.01820552290403841,0.20792627167000938
2022,1,EDUCATIONAL PUBLISHING FOUNDATION-AMERICAN PSYCHOLOGICAL ASSOC,68,0.11558885140727913,0.03515833582141926,0.3191539083694015
2022,1,ELSEVIER ESPANA SLU,11,0.0,0.0,0.588347899413963
2022,1,ELSEVIER ESPANA,21,0.0,0.0,0.5402593914892758
2022,1,COPERNICUS GESELLSCHAFT MBH,265,0.02261337401442201,0.007930369046356831,0.06276197545372131
2022,1,"ELSEVIER MASSON, CORP OFF",29,0.0,0.0,0.413005934446732
2021,12,IEEE-INST ELECTRICAL ELECTRONICS ENGINEERS INC,3284,0.04597078055980765,0.03545561338213073,0.05941237052255388
2022,1,ELSEVIER ADVANCED TECHNOLOGY,114,0.09872943596416861,0.03203661517865577,0.2660942693793979
2022,1,ELSEVIER INC,146,0.2408203953270104,0.1603003558483307,0.3451608783211201
2022,1,BMJ PUBLISHING GROUP,791,0.03793607621843374,0.022038659795605764,0.06454413263117792
2022,1,CELL PRESS,1051,0.08889268439311704,0.06247011551175211,0.12500096360404747
2022,1,DE GRUYTER POLAND SP Z O O,456,0.020589151974456796,0.006231524042877319,0.06583567852619336
2022,1,ELSEVIER GMBH,135,0.07516157248098725,0.02153934623951697,0.2307894952238291
2022,1,ELSEVIER FRANCE-EDITIONS SCIENTIFIQUES MEDICALES ELSEVIER,261,0.09334064206045149,0.050984986921825924,0.1647737978875513
2022,1,ELSEVIER SINGAPORE PTE LTD,13,0.0,0.0,0.4171211887282347
2022,1,ELSEVIER TAIWAN,42,0.0,0.0,0.15136562898924483
2022,1,EUR CENTRE DIS PREVENTION & CONTROL,20,0.0,0.0,0.15458676981286348
2022,1,ENDOCRINE SOC,40,0.0,0.0,0.20406555411015387
2022,1,EUROPEAN MATHEMATICAL SOC-EMS,28,0.0,0.0,0.4460013143761447
2022,1,ELSEVIER SCIENCE LONDON,58,0.07457835140475684,0.020392684732970647,0.23779205236870682
2022,1,EMW PUBLISHING,23,0.026192973247583688,2.2777055635389622e-05,0.9694774103503956
2022,1,EXCERPTA MEDICA INC-ELSEVIER SCIENCE INC,22,0.0,0.0,0.26608211941767307
2022,1,FEDERAL RESERVE BANK ST LOUIS,15,0.0,0.0,0.5577450764993456
2022,1,FRANZ STEINER VERLAG GMBH,22,0.0,0.0,0.6021617323968002
2022,1,FERRATA STORTI FOUNDATION,28,0.12656875396006267,0.019188928554650812,0.5176823447607567
2022,1,EUROPEAN RESPIRATORY SOC JOURNALS LTD,91,0.05293506433765221,0.013559469762028738,0.18518805264614965
2022,1,FUTURE MEDICINE LTD,12,0.0,0.0,0.7028642698984401
2022,1,"GEOLOGICAL SOC AMER, INC",16,0.0,0.0,0.4869170337770422
2022,1,GLOBAL SCIENCE PRESS,61,0.0,0.0,0.3037940944992626
2022,1,HARBORSIDE PRESS,12,0.282201603745447,0.05558714310172511,0.724217138384343
2022,1,GEOSCIENCEWORLD,31,0.0987296258110673,0.024995201239198798,0.31884562234426
2021,11,MDPI,7215,0.051625620209052,0.04426534921471408,0.0601327274226081
2022,1,GEORG THIEME VERLAG KG,45,0.06030894020760442,0.008623147966763264,0.3213669172409854
2022,1,HUMAN KINETICS PUBL INC,16,0.14123839391734985,0.0047140606019339506,0.8509911583021882
2022,1,HUMANA PRESS INC,20,0.07104685017336149,0.009979901662674331,0.3671912151975524
2022,1,HIGHER EDUCATION PRESS,73,0.09822156249946513,0.03068990442365149,0.27256741487874814
2021,11,PERGAMON-ELSEVIER SCIENCE LTD,4803,0.030657436020479146,0.023422619065743784,0.04003534221290865
2022,1,ELSEVIER IRELAND LTD,605,0.08518025436556682,0.057761440818899244,0.12390300793710905
2022,1,INDERSCIENCE ENTERPRISES LTD,24,0.0,0.0,0.43876586420736763
2022,1,INDIANA UNIV MATH JOURNAL,27,0.0,0.0,0.3673594189287136
2022,1,INST MATHEMATICAL STATISTICS-IMS,21,0.0,0.0,0.49489549533750116
2022,1,"INST MATERIA MEDICA, CHINESE ACAD MEDICAL SCIENCES",19,0.0,0.0,0.5337058809355325
2022,1,"INT PRESS BOSTON, INC",33,0.0,0.0,0.1802413448121374
2022,1,INT UNION AGAINST TUBERCULOSIS LUNG DISEASE (I U A T L D),10,0.0,0.0,0.7995502519580893
2022,1,INT SOC BAYESIAN ANALYSIS,16,0.0,0.0,0.4300084779523163
2022,1,INTER-RESEARCH,17,0.0,0.0,0.593300461827941
2022,1,INT PRESS EDITING CENTRE INC,27,0.16984872792402209,0.048059539432600606,0.45330208743762535
2022,1,INST MATHEMATICS & INFORMATICS,29,0.08702134098952363,0.010397384774376957,0.46372159339504176
2022,1,EMERALD GROUP PUBLISHING LTD,421,0.07381477140987204,0.04424346761449457,0.12065572055515926
2022,1,INT UNION CRYSTALLOGRAPHY,33,0.24667751985709532,0.08478861968558069,0.5364777553670205
2022,1,J A S S S,28,0.0,0.0,0.4537467744277877
2022,1,Inst Navigation - ION,50,0.0,0.0,0.27641506829888685
2022,1,JOHN WILEY & SONS INC,10,0.0,0.0,1.0
2022,1,JOHN BENJAMINS PUBLISHING CO,14,0.0,0.0,0.700152211978871
2022,1,JAPANESE SOC HYGIENE,49,0.0,0.0,0.227838189607803
2022,1,JOHNS HOPKINS UNIV PRESS,24,0.0,0.0,0.3531567337457633
2022,1,JOURNAL OF CENTRAL SOUTH UNIV,25,0.0,0.0,0.24392640152978176
2022,1,JAPAN PROSTHODONTIC SOC,32,0.14340074517666043,0.023071471688080547,0.542686459709432
2022,1,KERMAN UNIV MEDICAL SCIENCES,10,0.0,0.0,0.7037083820765769
2022,1,"JMIR PUBLICATIONS, INC",100,0.036667452645650064,0.001611278445033616,0.47305025436237574
2022,1,KOREAN INST METALS MATERIALS,13,0.0,0.0,0.6563863606362521
2022,1,KOREAN DIABETES ASSOC,15,0.31270773458271084,0.03303297292593313,0.8583529408891016
2022,1,KOREAN SOC NEPHROLOGY,13,0.0,0.0,0.49574131623574014
2022,1,KOREAN NUCLEAR SOC,28,0.0,0.0,0.4385581782067235
2022,1,JOURNAL STATISTICAL SOFTWARE,55,0.11833900044114802,0.045171769939722634,0.2757884725326838
2022,1,KOREAN SOC PEDIATRIC ENDOCRINOLOGY,11,0.0,0.0,0.7256297503703101
2022,1,KOREAN SOC HORTICULTURAL SCIENCE,27,0.0,0.0,0.45967067818773666
2022,1,KOREAN SOC GYNECOLOGY ONCOLOGY & COLPOSCOPY,58,0.0,0.0,0.20116094034977847
2022,1,KOREAN ACAD PROSTHODONTICS,39,0.12768252408260633,0.016540583988755346,0.5602178681791642
2022,1,INT SOC AGING & DISEASE,159,0.10567397398040015,0.053007393494931734,0.19963716486199165
2022,1,AMER INST MATHEMATICAL SCIENCES-AIMS,1586,0.004731455662398732,0.0012883119197811992,0.017218100935269237
2022,1,KOREAN STROKE SOC,15,0.24792539590465665,0.056747144905401344,0.6436665226122807
2022,1,LIFE SCIENCE ALLIANCE LLC,22,0.11705726260551601,0.01702980189766331,0.5036048679269852
2022,1,JOHN WILEY & SONS LTD,133,0.09746866585057609,0.04298100184945076,0.20615173356434366
2022,1,KOREAN SOC SEXUAL MEDICINE & ANDROLOGY,32,0.09688919965733138,0.010430163008089665,0.5219893204291409
2022,1,INFORMS,104,0.02594110291157157,0.004019210842442954,0.14948528457063273
2022,1,MANAGED CARE & HEALTHCARE COMMUNICATIONS LLC,12,0.0,0.0,0.6630373209555303
2022,1,MATHEMATICAL RESEARCH PRESS-MATH RES,43,0.0,0.0,0.43690678051104387
2022,1,KOREAN SOCIETY OF RADIOLOGY,101,0.034898711643175546,0.008992190792643092,0.12595574585279232
2022,1,JOURNAL MATER SCI TECHNOL,79,0.02504711634133743,0.003741656263179122,0.1494676278328797
2022,1,MASSACHUSETTS MEDICAL SOC,61,0.09433710495986308,0.023954647510531175,0.30656271863129597
2022,1,"MARY ANN LIEBERT, INC",161,0.11856194428012375,0.06085032627000038,0.21828636901444942
2021,11,WILEY,5902,0.048097692251635744,0.04042034686373266,0.05714641247312365
2022,1,MICROBIOLOGY SOC,13,0.0,0.0,0.588688936060514
2022,1,MEDYCYNA PRAKTYCZNA SP K SP ZOO,15,0.0,0.0,0.3803524444771302
2022,1,MICH LAW REV ASSOC,43,0.0,0.0,0.17981751738521706
2022,1,MYCOSPHERE PRESS,12,0.0,0.0,0.4641412820797621
2022,1,Medical Journal Sweden AB,17,0.024873339783283998,5.241961344911116e-06,0.9920078239201181
2022,1,NATL MED ASSOC,19,0.09318466906303438,0.004959574305842557,0.6793425841337716
2022,1,BMC,2234,0.07129816372958865,0.0574322176840081,0.08819853501459815
2022,1,NOW PUBLISHERS INC,10,0.0,0.0,0.6508439801923727
2022,1,NATURE PUBL GROUP,16,0.30314321414923484,0.06511804045147057,0.7309542643427378
2022,1,OCEANOGRAPHY SOC,20,0.0,0.0,0.44071638805058666
2022,1,KOREAN ACAD MEDICAL SCIENCES,297,0.048599757491056904,0.01933250561406491,0.11689303483565512
2022,1,NORTHEAST FORESTRY UNIV,18,0.01091701631574504,4.154568503969154e-18,0.9999999999999659
2022,1,NONFERROUS METALS SOC CHINA,21,0.16269605045436428,0.03365917599671652,0.5201451060995506
2022,1,NEW YORK BUSINESS GLOBAL LLC,25,0.0,0.0,0.14607530016974798
2022,1,KARGER,468,0.0635258661851432,0.03888495614347306,0.10212229532671697
2022,1,NIHR JOURNALS LIBRARY,10,0.11725137797167252,0.01637323961724023,0.5145353075321498
2022,1,KEAI PUBLISHING LTD,490,0.022844859352649693,0.009125469278099332,0.05602402832444432
2022,1,IVYSPRING INT PUBL,996,0.13076932460463583,0.09937356747546074,0.17020954654613413
2022,1,OAE PUBLISHING INC,116,0.06682342606902646,0.02427739795799504,0.1708735422847067
2022,1,Optica Publishing Group,25,0.0,0.0,0.264651592158512
2022,1,PALGRAVE MACMILLAN LTD,26,0.0,0.0,0.5015924655916078
2022,1,PEKING UNIV PRESS,69,0.0,0.0,0.18010636807491814
2022,1,PEERJ INC,45,0.08628134623932297,0.019015309308867738,0.3150733861287092
2022,1,MOSBY-ELSEVIER,361,0.07446322304028602,0.04172258671947106,0.12942612678016427
2022,1,POLISH ACAD SCIENCES INST MATHEMATICS-IMPAN,11,0.0,0.0,0.5237904174004661
2022,1,HINDAWI LTD,929,0.01912451038420644,0.008260729632959997,0.04364659768389874
2022,1,POLICY PRESS,14,0.0,0.0,0.8272210394732218
2022,1,POLISH CARDIAC SOC,13,0.044364969922697804,0.0005302189274907716,0.802475460138418
2022,1,PROJECT HOPE,17,0.0,0.0,0.5570779611351662
2022,1,NATL ACAD SCIENCES,307,0.023408431694430937,0.0063089532921173095,0.08298317793294983
2022,1,REGIONAL EURO-ASIAN BIOLOGICAL INVASIONS CENTRE-REABIC,10,0.0,0.0,0.770131666838508
2022,1,ROCKEFELLER UNIV PRESS,36,0.01830163836670241,8.035722975825543e-07,0.9976932605811015
2022,1,ROYAL COLL GENERAL PRACTITIONERS,12,0.0,0.0,0.654733553913264
2022,1,ROY COLL PHYS LONDON EDITORIAL OFFICE,18,0.0,0.0,0.7605704424004592
2022,1,RADIOLOGICAL SOC NORTH AMERICA (RSNA),45,0.09485319777815703,0.017012557737554942,0.38819902106508986
2022,1,MIT PRESS,356,0.03337164963580116,0.015548295841968957,0.07016999864390977
2022,1,IEEE COMPUTER SOC,988,0.030870380879598487,0.019254698911091914,0.04914227792941943
2022,1,IOP Publishing Ltd,823,0.009366118914336455,0.0032218094879948203,0.026911866962071398
2022,1,ROYAL SOC,223,0.032647709611674465,0.009197149610889565,0.10929582964323165
2022,1,RUSSELL SAGE FOUNDATION,18,0.0,0.0,0.5356326681992198
2022,1,CAMBRIDGE UNIV PRESS,2074,0.010163294717899769,0.004710616995320165,0.02178942945572969
2022,1,SHANGHAI UNIV,13,0.0,0.0,0.5966252131926848
2022,1,SHANGHAI JIAO TONG UNIV PRESS,13,0.0,0.0,0.460700108290042
2022,1,SCIPOST FOUNDATION,46,0.0,0.0,0.29954354379166986
2022,1,SIAM PUBLICATIONS,66,0.0,0.0,0.6177958401222824
2022,1,ELSEVIER SCIENCE SA,1707,0.03273876380001717,0.021457228386980432,0.04965081508768209
2022,1,SOC MATHEMATIQUE FRANCE,10,0.0,0.0,0.9713376213503713
2022,1,SOC BRASILEIRA ICTIOLOGIA,59,0.0,0.0,0.2816766249867284
2022,1,SOC PETROLEUM ENG,18,0.0,0.0,0.5135974088294345
2022,1,SOC NUCLEAR MEDICINE INC,31,0.0,0.0,0.5045238825248913
2022,1,SOC EXPLORATION GEOPHYSICISTS - SEG,33,0.03546937157859314,0.00033919462829257803,0.7994167724134983
2022,1,SOC VAUDOISE SCIENCES NATURELLES,31,0.0,0.0,0.4677214423341759
2022,1,SOC SOCIOLOGICAL SCIENCE,18,0.10037401076863153,0.01343427359667046,0.47758233735315064
2022,1,SPANDIDOS PUBL LTD,34,0.12444857084701712,0.041326700367669486,0.3191064713575729
2022,1,SOC NEUROSCIENCE,62,0.0764573622136108,0.022049281796631248,0.23311799100363695
2022,1,ELSEVIER SCIENCE INC,2199,0.05039852344820808,0.03828544185156589,0.06608071499742603
2022,1,Resilience Alliance,158,0.03229745104742686,0.006969249326230416,0.13697812761043723
2022,1,SPRINGER SINGAPORE PTE LTD,45,0.11396097258660383,0.030097177707474443,0.34772701529112343
2022,1,TARU PUBLICATIONS,12,0.0,0.0,0.7721364526726372
2022,1,"Steklov Mathematical Inst, Russian Acad Sciences",18,0.0,0.0,0.5169748677159204
2022,1,SPRINGER LONDON LTD,82,0.06967952875443735,0.02137298652765404,0.20436672307749174
2022,1,SPRINGER JAPAN KK,66,0.029620682826211102,0.004220754465281531,0.18021128596730665
2022,1,THIEME MEDICAL PUBL INC,10,0.0,0.0,0.7999959508791707
2022,1,"UNIV ALICANTE, GRUPO INVESTIGACION EDUTIC-ADEI",10,0.0,0.0,0.34090485991548797
2022,1,OXFORD UNIV PRESS INC,1055,0.06945301682130119,0.049573890620670434,0.09649434211233857
2022,1,UBIQUITY PRESS LTD,23,0.0,0.0,0.2622189809577885
2022,1,"UNIV BELGRADE, FAC ELECTRICAL ENGINEERING",28,0.0,0.0,0.49327159137412885
2022,1,UNIV ILLINOIS PRESS,10,0.0,0.0,0.6476280440044369
2022,1,UNIV CHICAGO PRESS,61,0.0,0.0,0.143641736366494
2022,1,TERMEDIA PUBLISHING HOUSE LTD,38,0.06357341214834601,0.009520108494471638,0.32410542336504744
2022,1,"UNIV KRAGUJEVAC, FAC SCIENCE",35,0.0,0.0,0.49189894290882075
2022,1,US DEPT HEALTH HUMAN SCIENCES PUBLIC HEALTH SCIENCE,12,0.0,0.0,1.0
2022,1,VEREIN FORDERUNG OPEN ACCESS PUBLIZIERENS QUANTENWISSENSCHAF,24,0.0,0.0,0.4198939340311603
2022,1,"VILNIUS UNIV, INST MATHEMATICS & INFORMATICS",12,0.0,0.0,0.3909959651196889
2022,1,Tubitak Scientific & Technological Research Council Turkey,42,0.06954755505124338,0.013666495074502589,0.28735334588782835
2022,1,WAGENINGEN ACADEMIC PUBLISHERS,19,0.20490573131657414,0.023182464267677942,0.736737964295422
2022,1,SPRINGER WIEN,123,0.021400553693436238,0.004487365793743937,0.09591861889241499
2022,1,"UNIV SZEGED, BOLYAI INSTITUTE",69,0.24600554533949906,0.12908742918998345,0.41799484674224363
2022,1,SPRINGER-VERLAG ITALIA SRL,90,0.022243023231395077,0.0032403867276298705,0.13732963102268808
2021,12,PERGAMON-ELSEVIER SCIENCE LTD,5103,0.0416038376707616,0.03368919657628719,0.051279201838651554
2022,1,STATE GRID ELECTRIC POWER RESEARCH INST,169,0.05957196961357077,0.0145381911777554,0.21383388707020207
2022,1,W B SAUNDERS CO LTD,74,0.13046732838104066,0.05264351860343879,0.28832483940665465
2022,1,SPRINGER BASEL AG,241,0.09033153914890665,0.050832672465296685,0.15549444952788039
2021,11,ELSEVIER,10860,0.04202053666511475,0.03656274463813699,0.048252221212521595
2022,1,SPRINGER INT PUBL AG,190,0.02317497628280938,0.0059238785123114784,0.08630206462763092
2021,12,OXFORD UNIV PRESS,5674,0.056138470273960836,0.047444196387116014,0.06631507388562229
2022,1,TSINGHUA UNIV PRESS,99,0.02142544114155341,0.0032504210987519353,0.12816062471951994
2022,1,SPRINGER/PLENUM PUBLISHERS,254,0.08422616307450101,0.04314765915979404,0.15795719824173413
2022,1,"WILEY PERIODICALS, INC",11,0.0,0.0,0.7671835832302012
2022,1,FRONTIERS MEDIA SA,2570,0.06507121669643318,0.05186784200739326,0.08134724908237695
2022,1,SCIENCE PRESS,390,0.03798608125812449,0.01828478452009666,0.07724466841973741
2022,1,WALTER DE GRUYTER GMBH,115,0.05646298212500198,0.016166957002800884,0.17892995958379443
2022,2,ACAD CONFERENCES & PUBL INT LTD,10,0.0,0.0,0.6059509679751548
2022,2,ACAD MEDICINE SINGAPORE,14,0.0,0.0,0.7415786336321664
2022,2,ACAD MANAGEMENT,21,0.0,0.0,0.5421047185467505
2022,1,ZHEJIANG UNIV PRESS,73,0.0,0.0,0.2871765336069534
2021,12,ELSEVIER SCI LTD,6101,0.03615978711912985,0.029317760301288392,0.0445253272141377
2022,1,WORLD SCIENTIFIC PUBL CO PTE LTD,176,0.0,0.0,0.10972968601684746
2022,2,ACTA DERMATO-VENEREOLOGICA,26,0.0,0.0,0.9424599929032087
2022,2,ACOUSTICAL SOC AMER AMER INST PHYSICS,64,0.0,0.0,0.21570768651883723
2022,2,ADIS INT LTD,75,0.0,0.0,0.09854302533535911
2022,1,W B SAUNDERS CO-ELSEVIER INC,280,0.04764894200097878,0.02115334115626956,0.10381192335249498
2022,2,AMER ACCOUNTING ASSOC,10,0.0,0.0,0.8179778754229101
2022,2,AMER ACAD SLEEP MEDICINE,11,0.15692552938703408,0.02253091680371136,0.6004907560582965
2022,2,AME PUBLISHING COMPANY,22,0.09173005417853138,0.01350136567549084,0.4270219423017398
2022,2,AMER ACAD PEDIATRICS,39,0.14027595185246863,0.04293859105077046,0.37240730620349816
2022,1,WILEY-HINDAWI,268,0.06961682577796628,0.0328190560571037,0.14163158455790303
2022,1,YONSEI UNIV COLL MEDICINE,141,0.07184521715542644,0.028716488196244568,0.1685103064779672
2022,2,AMER ASSOC NEUROLOGICAL SURGEONS,65,0.11538406630473502,0.03514943237731624,0.3183402517372994
2022,1,"ROUTLEDGE JOURNALS, TAYLOR & FRANCIS LTD",1278,0.02035955422272727,0.009644051325448034,0.04247047242099811
2022,1,eLIFE SCIENCES PUBL LTD,177,0.06855332827619515,0.025644142888931652,0.17068326447517101
2022,1,SAGE PUBLICATIONS LTD,848,0.03263281511500978,0.017762071024709874,0.05920321624468257
2022,2,AMER INST AERONAUTICS ASTRONAUTICS,12,0.0,0.0,0.7420113674009856
2022,2,AMER ECONOMIC ASSOC,41,0.0,0.0,0.3457789046770084
2022,2,AMER DIABETES ASSOC,46,0.13745430700362168,0.03916161430205948,0.38388656956641903
2022,2,AMER COLL PHYSICIANS,48,0.12066491683860694,0.042587061148903094,0.2974202256748349
2022,1,UNIV CALIFORNIA PRESS,240,0.01064585279014064,0.0017238282298701437,0.0628388663047646
2022,2,"AMER OCCUPATIONAL THERAPY ASSOC, INC",21,0.13716221963025885,0.01260074779215134,0.664451085956515
2022,2,AMER MATHEMATICAL SOC,43,0.18490562224138077,0.07656512692206845,0.3829706680519058
2022,2,AMER METEOROLOGICAL SOC,84,0.0,0.0,0.24545015706863618
2022,2,AMER PUBLIC HEALTH ASSOC INC,32,0.0,0.0,0.4106424748261669
2022,2,AMER ROENTGEN RAY SOC,32,0.007368266439096436,1.2834400116980437e-24,1.0
2022,1,LIPPINCOTT WILLIAMS & WILKINS,2255,0.07072964776106061,0.05691759986776008,0.08758216107203333
2022,2,"AMER PSYCHIATRIC PUBLISHING, INC",17,0.1724431666026223,0.03189591929179422,0.5685754490535612
2022,2,AMER THORACIC SOC,29,0.0,0.0,0.6301001898279812
2022,1,TAYLOR & FRANCIS INC,422,0.0978285023268868,0.06184564170597318,0.1513689278217345
2022,2,AMER SOC NEPHROLOGY,60,0.0,0.0,0.13062578114646645
2022,2,AMER SOC HEMATOLOGY,53,0.03505808245356644,0.00015211762382779412,0.8966533920417072
2022,2,AMER SOC PHARMACOLOGY EXPERIMENTAL THERAPEUTICS,19,0.08245056464760894,0.011990801057640898,0.39952062775523794
2022,2,AMER SOC NEURORADIOLOGY,32,0.20599137255836342,0.06735316659678897,0.48239642955546425
2022,2,Accscience Publishing,10,0.0,0.0,0.7731963739535033
2022,2,AMER PHYSIOLOGICAL SOC,105,0.14243390759022018,0.057426814879645724,0.31166685071648326
2022,2,ANNUAL REVIEWS,89,0.0,0.0,0.13856645167529755
2022,2,ASCE-AMER SOC CIVIL ENGINEERS,76,0.0,0.0,0.1145500061858768
2022,2,BENTHAM SCIENCE PUBL LTD,13,0.0,0.0,0.48124418010470493
2022,2,BASTAS PUBL LTD - UK,12,0.24134279521467936,0.06106721515375915,0.6087605669637509
2022,2,BIOSCIENTIFICA LTD,10,0.07037068526692226,1.0612432940559402e-05,0.9981513613386129
2022,2,ASSOC RESEARCH VISION OPHTHALMOLOGY INC,35,0.17621327289484284,0.04922018292392692,0.4691755109887121
2022,2,BAISHIDENG PUBLISHING GROUP INC,36,0.04202666305438081,0.005895190344544664,0.24502478218790652
2022,2,AMER SOC CLINICAL INVESTIGATION INC,112,0.2108742304899664,0.11133941494732204,0.36303959265557134
2022,2,AMER PHYTOPATHOLOGICAL SOC,79,0.038270037545519525,0.007694162321513763,0.16958611386684094
2022,2,AMER SPEECH-LANGUAGE-HEARING ASSOC,51,0.0409000537133856,0.005946992436238998,0.23311179112024577
2022,2,AMER SOC MICROBIOLOGY,105,0.09108137256442507,0.03174261050755639,0.23448332362732263
2022,2,AMER PSYCHOLOGICAL ASSOC,82,0.05251238466518216,0.010714891722283371,0.22094263136975292
2022,2,AMER ASSOC ADVANCEMENT SCIENCE,337,0.1212131953056363,0.07177350430693594,0.19746368912156106
2022,2,BRILL,18,0.0,0.0,0.5430546822528001
2022,2,BRITISH EDITORIAL SOC BONE & JOINT SURGERY,18,0.0,0.0,0.4858122840366503
2022,2,C EJ PUBLISHING GROUP,13,0.16981618603386966,0.02469329465858838,0.6230135832993423
2022,2,"CHINA UNIV GEOSCIENCES, BEIJING",10,0.0,0.0,0.6141305442772469
2022,2,CENTERS DISEASE CONTROL & PREVENTION,43,0.0,0.0,0.29905941224314103
2022,1,SPRINGERNATURE,1080,0.06945376406266598,0.04884152007466042,0.09786977854021785
2022,1,SPRINGER HEIDELBERG,980,0.043506993319049926,0.02782909735993534,0.06740485698746834
2022,2,"CHINA UNIV GEOSCIENCES, WUHAN",20,0.0,0.0,0.33105884564110666
2022,2,COGITATIO PRESS,25,0.0,0.0,0.30372914928275313
2022,2,CHINESE CHEMICAL SOC,26,0.0,0.0,0.3857252557140028
2022,2,COLEGIO OFICIAL DE PSICOLOGOS DE ASTURIAS,18,0.0,0.0,0.3565281156021918
2022,2,COLL FAMILY PHYSICIANS CANADA,14,0.0,0.0,0.9463215782798592
2022,2,COLL AMER PATHOLOGISTS,19,0.0,0.0,0.5103444446762959
2022,2,CMA-CANADIAN MEDICAL ASSOC,30,0.09308716526258949,0.013933014004320945,0.4271333033990401
2022,2,CHINESE LASER PRESS,31,0.11989802788878666,0.034924489031757454,0.33899540133402095
2022,2,"COLD SPRING HARBOR LAB PRESS, PUBLICATIONS DEPT",28,0.06982147117244555,0.0011894226161243552,0.8255234371284702
2022,2,CSIRO PUBLISHING,16,0.0,0.0,0.4799600737346597
2021,12,MDPI,7438,0.06224590441471152,0.054113880747062186,0.07150759190096931
2022,2,ASSOC COMPUTING MACHINERY,157,0.048512532629148536,0.018579589070282718,0.12073679227768076
2022,2,COMPANY BIOLOGISTS LTD,56,0.23962799094838647,0.09809457427800852,0.47729995950663767
2022,2,CURRENT MEDICINE GROUP,20,0.25258274367288297,0.061441210252076245,0.6356412295867709
2022,2,CURRENT BIOLOGY LTD,49,0.12715015493548415,0.02922592247587342,0.41344257048170885
2022,2,EDIZIONI MINERVA MEDICA,57,0.0,0.0,0.14252001486083832
2022,2,EDITURA ASE,19,0.02482914313014646,8.133822856467875e-06,0.9876085804833573
2022,2,AMER MEDICAL ASSOC,517,0.049228280872262956,0.027371974354125722,0.08697604521930162
2022,2,DUKE UNIV PRESS,115,0.0,0.0,0.2816751120168716
2022,2,CHURCHILL LIVINGSTONE,122,0.08271426532470744,0.03451998479039345,0.1852814190633109
2022,2,AMER GEOPHYSICAL UNION,445,0.0030069938392943423,2.128381248223293e-06,0.8103891755075954
2022,2,EDUCATIONAL PUBLISHING FOUNDATION-AMERICAN PSYCHOLOGICAL ASSOC,32,0.06307734527581105,0.008764082959516558,0.3389028229179411
2022,2,DOVE MEDICAL PRESS LTD,88,0.14333210313644357,0.06897740122332292,0.27422972773290255
2022,1,WOLTERS KLUWER MEDKNOW PUBLICATIONS,488,0.08382337310933782,0.05478721935740613,0.12619361722600192
2022,2,CHURCHILL LIVINGSTONE INC MEDICAL PUBLISHERS,128,0.06604503512366096,0.028090756833226992,0.1474980080470561
2022,1,PUBLIC LIBRARY SCIENCE,1537,0.056086520458523526,0.04150454539293503,0.0753886932727843
2022,1,TAYLOR & FRANCIS LTD,842,0.05124552157413247,0.03257315208196764,0.07973946275334441
2022,2,ELSEVIER - DIVISION REED ELSEVIER INDIA PVT LTD,11,0.0,0.0,0.8844321750560988
2022,2,ELSEVIER ESPANA,18,0.0,0.0,0.3503590063335777
2022,2,COPERNICUS GESELLSCHAFT MBH,274,0.014549415044862367,0.0033779381968028965,0.06042695486442363
2022,2,ELSEVIER ESPANA SLU,13,0.0,0.0,0.46096583694418736
2022,2,EDP SCIENCES S A,181,0.03371149436059265,0.012256082648972235,0.0893297678416972
2022,2,"ELSEVIER MASSON, CORP OFF",18,0.1510446730237496,0.03135868410293805,0.49438556085959035
2022,2,ELSEVIER INC,59,0.1899536969542627,0.07951219128160716,0.3889735885921707
2022,2,ELSEVIER ADVANCED TECHNOLOGY,99,0.10026124943096239,0.04210842043442735,0.22025800606232934
2022,2,ELSEVIER GMBH,129,0.12892244562111987,0.06463727670515043,0.24069063319354012
2022,2,AIP Publishing,363,0.011010516575383569,0.002820209298145241,0.04198521513137073
2022,2,CAMBRIDGE UNIV PRESS,555,0.014389685269995072,0.004796338940383018,0.04235444611879117
2022,2,ELSEVIER TAIWAN,44,0.0,0.0,0.09068201014311164
2022,2,ELSEVIER SCIENCE LONDON,51,0.146270235723184,0.05053843037197298,0.3554525387950105
2022,2,EUR CENTRE DIS PREVENTION & CONTROL,15,0.0,0.0,0.6101613494320843
2022,2,ACADEMIC PRESS LTD- ELSEVIER SCIENCE LTD,625,0.04282442273533353,0.023940534754730174,0.0754521533976117
2022,2,EUROPEAN MATHEMATICAL SOC-EMS,34,0.0,0.0,0.43487720564241633
2022,2,ENDOCRINE SOC,68,0.0,0.0,0.07316391974327324
2022,2,ELSEVIER SINGAPORE PTE LTD,24,0.11197585212588904,0.0191003576225361,0.4495056439334352
2022,2,FERRATA STORTI FOUNDATION,25,0.08564250745796313,0.0027059513741503685,0.7637792999492632
2022,2,EXCERPTA MEDICA INC-ELSEVIER SCIENCE INC,29,0.07090057263993192,0.010313155875697293,0.3584940781358902
2022,2,ELSEVIER FRANCE-EDITIONS SCIENTIFIQUES MEDICALES ELSEVIER,286,0.06359869647025894,0.03290352494073615,0.11939373889534445
2022,2,EUROPEAN RESPIRATORY SOC JOURNALS LTD,60,0.1377245841058627,0.053109581589902206,0.31263875604421953
2022,2,FUTURE MEDICINE LTD,12,0.44440331275923456,0.10882158711937291,0.8397292099433709
2022,2,HIGHER EDUCATION PRESS,12,0.0,0.0,0.4969175327039567
2022,2,HUMAN KINETICS PUBL INC,13,0.0,0.0,0.4751783938521439
2022,2,HARBORSIDE PRESS,20,0.1937838032939897,0.04804889646155944,0.5337179643149194
2022,2,HINDAWI LTD,35,0.0,0.0,0.10405967584056967
2022,2,GEORG THIEME VERLAG KG,91,0.0,0.0,0.22565941096095554
2022,1,WILEY-V C H VERLAG GMBH,1213,0.025396248152808183,0.013802403713073822,0.04627184163306097
2022,2,GEOSCIENCEWORLD,29,0.06633366877799349,0.010698784660977425,0.3182177627375256
2022,2,"GEOLOGICAL SOC AMER, INC",55,0.04401186341405074,0.006930684720324081,0.2329495418782161
2022,1,SAGE PUBLICATIONS INC,1745,0.0732734145046491,0.055845066752246465,0.09559019152307907
2022,2,INST MATHEMATICAL STATISTICS-IMS,25,0.0,0.0,0.4302236248700813
2022,1,AMER CHEMICAL SOC,3512,0.02810231269820584,0.02056394257658895,0.038296062773984466
2022,2,"INST MATERIA MEDICA, CHINESE ACAD MEDICAL SCIENCES",29,0.27107807792579225,0.09144615536194925,0.578784187362385
2022,2,INTER-RESEARCH,23,0.0,0.0,0.4597478046056372
2022,2,IGI GLOBAL,43,0.035037695730647536,0.00016590513288021287,0.8882113248408595
2022,2,INT UNION CRYSTALLOGRAPHY,28,0.06237983550943443,0.008684524609636283,0.3356554922166283
2022,2,INT SOC GLOBAL HEALTH,25,0.11373871813963647,0.02392862429749726,0.401851707812808
2022,2,JOHN BENJAMINS PUBLISHING CO,25,0.0,0.0,0.3329048238565949
2022,2,INFORMS,88,0.007641553708726452,5.132694347806498e-06,0.9203350319173232
2022,2,JOURNAL OF CENTRAL SOUTH UNIV,25,0.0,0.0,0.3659700822026528
2022,2,JOHN WILEY & SONS INC,18,0.26529010166020944,0.0873634895205494,0.5766305757170855
2022,2,KERMAN UNIV MEDICAL SCIENCES,28,0.0,0.0,0.1994781286480263
2022,2,KOREAN NUCLEAR SOC,30,0.0,0.0,0.15585361187165925
2022,2,KOREAN SOC LABORATORY MEDICINE,14,0.0,0.0,0.8681000747847176
2022,2,JOURNAL MATER SCI TECHNOL,40,0.0992564831223831,0.028035045890449445,0.2962619342433028
2022,2,ELSEVIER IRELAND LTD,537,0.07066207446681348,0.04340414109748864,0.11301568339185616
2022,2,LIFE SCIENCE ALLIANCE LLC,19,0.14336890370603123,0.021869111674358534,0.5561115606193285
2022,2,CELL PRESS,1111,0.07852975246137013,0.054322583351850556,0.11224374911296542
2022,2,"JMIR PUBLICATIONS, INC",134,0.05552092921952821,0.017026683776632263,0.16631851212871235
2022,2,JOHN WILEY & SONS LTD,108,0.06584484510079235,0.020045360969929014,0.1954192205463484
2022,2,ACADEMIC PRESS INC ELSEVIER SCIENCE,1165,0.042058990102732154,0.027896211580860964,0.06294654837609186
2022,2,MASSON EDITEUR,10,0.0,0.0,0.7019001535997567
2022,2,MASSACHUSETTS MEDICAL SOC,57,0.0,0.0,0.2534526302475704
2022,2,EMERALD GROUP PUBLISHING LTD,428,0.045692000260083285,0.020433539976720715,0.09901706979967174
2022,2,BMJ PUBLISHING GROUP,889,0.0392149259868356,0.0238223738469948,0.06390213557543575
2022,2,IEEE COMPUTER SOC,273,0.07126140851827545,0.03977995781657628,0.12442850494508348
2022,2,"MARY ANN LIEBERT, INC",125,0.06642111381886665,0.023659810563755913,0.17278912477133265
2022,2,MEDICAL LIBRARY ASSOC,22,0.2810541714173789,0.09538148010372081,0.5917372495994747
2022,2,MICROBIOLOGY SOC,22,0.09080885460020738,0.013077099551539071,0.4295057987541486
2022,2,MIT PRESS,33,0.10057775873552106,0.020804211397480357,0.3705013225347907
2022,2,NATL ATHLETIC TRAINERS ASSOC INC,13,0.12301055033036298,0.016227115715310738,0.5439517017168679
2022,2,KEAI PUBLISHING LTD,249,0.0547301589580423,0.024442140485371983,0.11801011076645548
2022,2,NONFERROUS METALS SOC CHINA,21,0.0,0.0,0.5278277812685599
2022,2,AMER PHYSICAL SOC,789,0.0037455167148026497,0.0005797953858112381,0.023784924744732726
2022,2,NATURE PUBL GROUP,30,0.2198311592597401,0.05465513854382159,0.5786430427664117
2022,2,PALGRAVE MACMILLAN LTD,13,0.0,0.0,0.6349063098003579
2022,2,AMER ASSOC CANCER RESEARCH,1486,0.06457622984116591,0.05067598700406966,0.0819600820525317
2022,2,PEERJ INC,29,0.04940662912260585,0.002980918000943654,0.474655499269959
2022,2,Optica Publishing Group,26,0.04485121489932435,0.003963191040457191,0.3565664359565631
2022,1,NATURE PORTFOLIO,3116,0.04749138809739271,0.036467795042196334,0.06163407248889854
2022,2,PHYSICIANS POSTGRADUATE PRESS,15,0.0,0.0,0.5250399610614717
2022,2,PROJECT HOPE,20,0.0,0.0,0.4213217301160439
2022,2,PORTLAND PRESS LTD,15,0.15362231712813315,0.02905955012813896,0.5239767913142935
2022,2,MOSBY-ELSEVIER,393,0.08071159114005613,0.047924915463971395,0.1327998112716737
2022,2,ROYAL COLL GENERAL PRACTITIONERS,19,0.0,0.0,0.4065503000477198
2022,2,ROCKEFELLER UNIV PRESS,28,0.1590458605564094,0.045487115376201766,0.4287587944677042
2022,2,RADIOLOGICAL SOC NORTH AMERICA (RSNA),46,0.04718562356322819,0.006858594960749364,0.2620595735429491
2022,2,SHANGHAI JIAO TONG UNIV PRESS,15,0.0,0.0,0.6101071564714544
2022,2,"SOC ECONOMIC GEOLOGISTS, INC",12,0.0,0.0,0.6229006574644743
2022,2,SIAM PUBLICATIONS,43,0.0,0.0,0.38804099522206087
2022,2,SCIPOST FOUNDATION,34,0.0,0.0,0.37589634808796374
2022,2,SOC EXPLORATION GEOPHYSICISTS - SEG,27,0.0,0.0,0.3020554714293221
2022,2,SPANDIDOS PUBL LTD,31,0.0,0.0,0.3074783353824119
2022,2,SOC PETROLEUM ENG,39,0.0,0.0,0.12198443272404873
2022,2,SOC NUCLEAR MEDICINE INC,18,0.11811480433981272,0.017150828207861207,0.5068994567337322
2022,2,SOC NEUROSCIENCE,45,0.09944363232357877,0.03171632184457791,0.27127766161111716
2022,2,SPRINGER JAPAN KK,49,0.0,0.0,0.13626013876968093
2022,2,TARU PUBLICATIONS,26,0.0,0.0,0.3110795144640089
2022,1,ELSEVIER SCI LTD,5788,0.04588189734939294,0.0380827122491074,0.055186687720703904
2022,2,TAYLOR & FRANCIS AS,10,0.13954346977734658,0.019858973150545953,0.5648493207505165
2022,2,SPRINGER WIEN,93,0.026962098335350453,0.0007632532363487778,0.5012938222865763
2022,2,TERMEDIA PUBLISHING HOUSE LTD,16,0.0,0.0,0.3877376373236403
2022,2,UNIV CHICAGO PRESS,27,0.0,0.0,0.5368374903191718
2022,2,THIEME MEDICAL PUBL INC,15,0.08667588992316355,0.011880029151673336,0.4282769191411578
2022,2,SPRINGER-VERLAG ITALIA SRL,58,0.024911667826865047,0.003490097781143548,0.15708828642527595
2022,2,US DEPT HEALTH HUMAN SCIENCES PUBLIC HEALTH SCIENCE,18,0.0,0.0,0.2980605049756291
2022,2,VEREIN FORDERUNG OPEN ACCESS PUBLIZIERENS QUANTENWISSENSCHAF,25,0.0,0.0,0.3836535233659743
2022,2,VIETNAM NATL UNIV,10,0.1625312571043064,0.008444880675726912,0.8155804743023867
2022,2,VILNIUS GEDIMINAS TECH UNIV,21,0.0,0.0,0.44392419481408624
2022,2,SPRINGER LONDON LTD,59,0.034704423794328094,0.005190180783746806,0.19855482346428527
2022,2,SPRINGER SINGAPORE PTE LTD,63,0.04981993768552395,0.008297290149262277,0.2473160970492126
2022,2,TSINGHUA UNIV PRESS,91,0.021836712915402155,0.00019316386146176514,0.7206343875476177
2022,2,NATL ACAD SCIENCES,297,0.012435402142508066,0.001848112992945438,0.07888101462024953
2022,2,SPRINGER INT PUBL AG,137,0.013686971214646581,0.0002729181446374681,0.41362660857118055
2022,2,W B SAUNDERS CO LTD,100,0.0214796505931184,0.0031033922368076477,0.13403774503938867
2022,2,SPRINGER BASEL AG,152,0.02877610735619272,0.007389778781108606,0.1054783953272514
2022,2,WALTER DE GRUYTER GMBH,115,0.04132288009022155,0.008677160290976843,0.17509637176807757
2022,2,ROYAL SOC,193,0.014871722594820617,0.002214483725899446,0.0931216606910631
2022,2,"WILEY PERIODICALS, INC",10,0.0,0.0,0.7483254224539869
2022,2,SPRINGER/PLENUM PUBLISHERS,172,0.06401626708230677,0.024912938640245123,0.15475513441005945
2022,2,SCIENCE PRESS,273,0.03832305075902299,0.01654480308324031,0.08625417374085077
2022,2,ZHEJIANG UNIV PRESS,14,0.0,0.0,0.6543246115425695
2022,2,WOLTERS KLUWER MEDKNOW PUBLICATIONS,41,0.0,0.0,0.247085624148158
2022,2,WORLD SCIENTIFIC PUBL CO PTE LTD,88,0.0,0.0,0.25718097380526894
2022,3,ACAD MEDICINE SINGAPORE,13,0.0,0.0,0.7005208239810111
2022,3,ACAD MANAGEMENT,11,0.17618073432632497,0.010207569270874843,0.8160008297969416
2022,2,TAYLOR & FRANCIS INC,385,0.08979915528376056,0.05125152907607566,0.1526739240651977
2022,3,ACTA DERMATO-VENEREOLOGICA,25,0.0,0.0,0.8153409985565101
2022,3,ALEXANDER VON HUMBOLDT INST INTERNET & SOC,18,0.0,0.0,0.5701686158938941
2022,3,AMER ACCOUNTING ASSOC,14,0.0,0.0,0.5908795705204094
2022,3,AMER ACAD SLEEP MEDICINE,13,0.11601173789838719,0.01588480235169843,0.5162131430377355
2022,3,ACOUSTICAL SOC AMER AMER INST PHYSICS,69,0.06638064468563853,0.009006157661491664,0.35743216478259576
2022,3,AME PUBLISHING COMPANY,26,0.12664181715369494,0.029842898258488543,0.4060171921406419
2022,3,ADIS INT LTD,86,0.03572579576969872,0.004094012199612115,0.25032531941070285
2022,3,AMER BOARD FAMILY MEDICINE,26,0.1325320658158312,0.02563671019854699,0.4700984869055133
2022,2,IOP Publishing Ltd,819,0.01791201209841904,0.008158093450763697,0.03887080174654809
2022,3,AMER ACAD PEDIATRICS,46,0.047955387370573935,0.007303988232385867,0.2564165859984065
2022,2,OXFORD UNIV PRESS INC,651,0.06777159090182967,0.04438982939229991,0.10215282931692873
2022,3,AMER ASSOC NEUROLOGICAL SURGEONS,67,0.03692140747648287,0.005362930514331758,0.21419537518896917
2022,3,AMER ECONOMIC ASSOC,31,0.06262847025787548,0.008831796820195147,0.3337675772965659
2022,3,AMER INST AERONAUTICS ASTRONAUTICS,10,0.12915041306807953,0.0005023268013793871,0.9776598017427311
2022,3,AMER ASSOC CANCER RESEARCH,148,0.2005049816555407,0.1089935478378152,0.3395681143911457
2022,3,"AMER OCCUPATIONAL THERAPY ASSOC, INC",10,0.21568296532660888,0.03472842239587512,0.6776173517380265
2022,3,AMER MATHEMATICAL SOC,45,0.21913100865294607,0.09600837705783712,0.42577980640094076
2022,3,AMER COLL PHYSICIANS,41,0.1255745166441545,0.04492605444432268,0.3047955786556443
2022,3,AMER DIABETES ASSOC,49,0.09056574965990144,0.022992745433027536,0.2964672076677615
2022,2,W B SAUNDERS CO-ELSEVIER INC,252,0.06612432703454216,0.030810851061170267,0.13622312176426943
2022,3,AMER PUBLIC HEALTH ASSOC INC,42,0.0,0.0,0.5774459980391372
2022,3,"AMER PSYCHIATRIC PUBLISHING, INC",17,0.09073533105435633,0.01239137593192217,0.4424824827149882
2022,3,AMER ROENTGEN RAY SOC,33,0.0,0.0,0.8476614389249494
2022,2,eLIFE SCIENCES PUBL LTD,184,0.05146669418038257,0.015345076309346676,0.15889572777591224
2022,3,ANNALS FAMILY MEDICINE,11,0.0,0.0,0.7546421193434195
2022,3,AMER THORACIC SOC,33,0.0,0.0,0.23802209805022856
2022,3,AMER SOC NEURORADIOLOGY,30,0.012752266695027048,3.5348430226520054e-08,0.9997881855107312
2022,3,AMER SOC PHARMACOLOGY EXPERIMENTAL THERAPEUTICS,18,0.05438924440424704,0.0008591303980207059,0.7937044226098431
2022,3,AMER SPEECH-LANGUAGE-HEARING ASSOC,60,0.0,0.0,0.16944013459592264
2022,2,SAGE PUBLICATIONS INC,675,0.03918629828371689,0.02119482381689235,0.07133697743881551
2022,3,ASIAN-AUSTRALASIAN ASSOC ANIMAL PRODUCTION SOC,20,0.08573855852214296,0.01293306153596046,0.40163026297601695
2022,3,ASSOC RESEARCH VISION OPHTHALMOLOGY INC,27,0.22775127324061262,0.07562515475655822,0.5153011184572817
2022,3,BIOSCIENTIFICA LTD,12,0.0,0.0,0.7683764141924886
2022,3,AMER METEOROLOGICAL SOC,104,0.016616376434039244,0.002378823296214879,0.10693354283247189
2022,1,OXFORD UNIV PRESS,3575,0.06214545353174805,0.05225435399089763,0.07376309697133102
2022,3,AMER PHYSIOLOGICAL SOC,94,0.14732760186610402,0.06992893490819117,0.2842143667273442
2022,3,BENTHAM SCIENCE PUBL LTD,18,0.06589538296085563,0.0017826991271072568,0.7359069696182732
2022,3,ASCE-AMER SOC CIVIL ENGINEERS,79,0.029405571909666462,0.0008591240749801296,0.5163163729496539
2022,3,AMER SOC HEMATOLOGY,68,0.06109043463853244,0.014139313753561365,0.22790621809424624
2022,3,AMER SOC CLINICAL INVESTIGATION INC,98,0.03609304416635095,0.0057736235500583655,0.19448540946217696
2022,3,AMER SOC MICROBIOLOGY,184,0.2160611480519951,0.12924281857143563,0.3385261931628551
2022,2,"ROUTLEDGE JOURNALS, TAYLOR & FRANCIS LTD",1084,0.02048206273876545,0.008546299877324994,0.04827564564559391
2022,3,ANNUAL REVIEWS,91,0.045918410727360616,0.00803851930580591,0.2222976319287058
2022,3,BAISHIDENG PUBLISHING GROUP INC,60,0.061469121478058386,0.016088320838675292,0.20781954928656762
2022,2,WILEY-HINDAWI,317,0.07727988476577458,0.04339469134351003,0.13392045590943552
2022,3,BRAZILIAN SOC UROL,18,0.0,0.0,0.1790172289783371
2022,2,BMC,1699,0.05482371186017342,0.040619144603519695,0.07361448325757729
2022,3,BRILL,40,0.0,0.0,0.3171790302884667
2022,2,SAGE PUBLICATIONS LTD,526,0.05370143456932796,0.030589606963344874,0.0926071538846024
2022,3,C EJ PUBLISHING GROUP,20,0.0,0.0,0.5024415985950064
2022,3,AMER PSYCHOLOGICAL ASSOC,101,0.031392364885927025,0.00788839501488457,0.11669087299332853
2022,3,AMER SOC NEPHROLOGY,94,0.07466238468281854,0.028696203443624096,0.1805700633098281
2022,3,AMER PHYTOPATHOLOGICAL SOC,107,0.04903351604815206,0.015541357527778804,0.14413499704388621
2022,3,BRITISH EDITORIAL SOC BONE & JOINT SURGERY,31,0.0763304730942561,0.012517835260212107,0.3501089752792248
2022,3,"CHINA UNIV GEOSCIENCES, BEIJING",10,0.0,0.0,0.6803955622443444
2022,3,COGITATIO PRESS,14,0.0,0.0,0.5693827171112409
2022,3,COLL FAMILY PHYSICIANS CANADA,13,0.0,0.0,0.8331727564152086
2022,3,COLL AMER PATHOLOGISTS,19,0.0,0.0,0.5192550294312742
2022,3,CHINESE CHEMICAL SOC,23,0.0,0.0,0.4086807418306062
2022,3,CHINESE LASER PRESS,31,0.03831406047550066,0.0011769216751337643,0.5739372436898135
2022,3,CSIRO PUBLISHING,10,0.0,0.0,0.78156055744557
2022,3,CMA-CANADIAN MEDICAL ASSOC,30,0.17902041637845575,0.04520817280192626,0.5010546688787667
2022,3,"COLD SPRING HARBOR LAB PRESS, PUBLICATIONS DEPT",31,0.02290090013602162,1.8289674294232545e-05,0.9677773331388492
2022,2,TAYLOR & FRANCIS LTD,790,0.0752006902421475,0.051227932064969346,0.10910177562447355
2022,3,COMPANY BIOLOGISTS LTD,59,0.0,0.0,0.1464443131056678
2022,3,CURRENT MEDICINE GROUP,21,0.33299192742940853,0.09060578182825153,0.714408580412244
2022,3,Cherkas Global Univ Press,48,0.0,0.0,0.09476733368111005
2022,3,CURRENT BIOLOGY LTD,31,0.29481399685070453,0.09164464072809692,0.6340156908587915
2022,3,DUKE UNIV PRESS,32,0.0,0.0,0.4106205260590811
2022,3,EDIZIONI MINERVA MEDICA,47,0.0,0.0,0.16609371325443537
2022,3,CHURCHILL LIVINGSTONE,97,0.10794558502119928,0.04172601394607996,0.2516576765194833
2022,3,EDUCATIONAL PUBLISHING FOUNDATION-AMERICAN PSYCHOLOGICAL ASSOC,18,0.2555448783192182,0.058662096849100676,0.654074833936913
2022,3,CHURCHILL LIVINGSTONE INC MEDICAL PUBLISHERS,92,0.1480585092676595,0.07548077333105752,0.27003899021229344
2022,3,CENTERS DISEASE CONTROL & PREVENTION,62,0.03887513992376854,0.005459337328599631,0.2296046080590515
2022,3,EDP SCIENCES S A,187,0.0,0.0,0.1583238196077742
2022,3,AMER ASSOC ADVANCEMENT SCIENCE,412,0.04486683610372405,0.017745540923042903,0.1088455745046078
2022,3,DOVE MEDICAL PRESS LTD,117,0.10087857468123393,0.0409803246291493,0.22755276921428935
2022,3,AIP Publishing,377,0.005932807141190015,0.0008553078842418768,0.03994752360543305
2022,2,SPRINGER HEIDELBERG,768,0.039852419044980436,0.023760057677711593,0.066105883477359
2022,3,ASSOC COMPUTING MACHINERY,266,0.047273222168298316,0.023330308651795237,0.09343699932618484
2022,3,ACADEMIC PRESS LTD- ELSEVIER SCIENCE LTD,653,0.06102674719152908,0.03928130246208748,0.09363681286265241
2022,3,ELSEVIER ESPANA SLU,11,0.0,0.0,0.746815904405787
2022,3,ELSEVIER ESPANA,25,0.08721917685120867,0.012454874655871074,0.41993675547955706
2022,3,"ELSEVIER MASSON, CORP OFF",25,0.0,0.0,0.41911313217043633
2022,2,ELSEVIER SCIENCE SA,1554,0.03449988207240493,0.0231421897476423,0.05113987453804947
2022,3,AMER MEDICAL ASSOC,592,0.030804149144537732,0.0155526898269148,0.060098632461868196
2022,3,ELSEVIER INC,62,0.06507379381640409,0.009125051900743001,0.34472079280243856
2022,2,FRONTIERS MEDIA SA,2462,0.07083658459608903,0.056940226669346804,0.08780859493195238
2022,3,ELSEVIER GMBH,135,0.10927998170654869,0.0531448104845885,0.21146652837533236
2022,3,ELSEVIER ADVANCED TECHNOLOGY,112,0.05347896794747855,0.01211637278532698,0.2065247267650925
2022,3,CAMBRIDGE UNIV PRESS,690,0.029964995573946034,0.013394466880524866,0.06567070844009087
2022,3,EUR CENTRE DIS PREVENTION & CONTROL,20,0.0,0.0,0.5812759364437183
2022,3,EUROPA EDITION,13,0.0,0.0,0.7181792596549055
2022,3,ELSEVIER TAIWAN,42,0.20615405551385768,0.07133329289116089,0.46750969043839385
2022,3,EUROPEAN MATHEMATICAL SOC-EMS,50,0.0,0.0,0.3262585792983699
2022,3,FOUNDATION REHABILITATION INFORMATION,10,0.0,0.0,0.4892001828575337
2022,3,FERRATA STORTI FOUNDATION,38,0.0,0.0,0.5042521326203401
2022,3,ELSEVIER SCIENCE LONDON,48,0.06652198270110495,0.010035480508384775,0.3337600278675764
2022,3,ELSEVIER SINGAPORE PTE LTD,38,0.043681620049410425,0.006186027432784707,0.25104061594867866
2022,3,EXCERPTA MEDICA INC-ELSEVIER SCIENCE INC,27,0.13005011499294677,0.02833549093660796,0.43385594942549105
2022,3,AMER GEOPHYSICAL UNION,522,0.020198818938396368,0.00689380818357043,0.057690724826725326
2022,2,WILEY-V C H VERLAG GMBH,1338,0.03733579161856081,0.023146893415461906,0.05969091806112459
2022,3,BMJ PUBLISHING GROUP,928,0.0472285664962947,0.029809914387825844,0.07404852375781806
2022,2,SPRINGERNATURE,1050,0.04442126277197011,0.026843097631212544,0.0726511075008285
2022,3,"GEOLOGICAL SOC AMER, INC",42,0.0,0.0,0.26601615095918574
2022,3,GUILFORD PUBLICATIONS INC,11,0.34416324239887436,0.045178161469392436,0.8533748158991753
2022,3,GEOSCIENCEWORLD,32,0.0,0.0,0.24306520097932957
2022,3,EUROPEAN RESPIRATORY SOC JOURNALS LTD,62,0.08132697026276219,0.021647964236209186,0.2615463156829812
2022,3,HARBORSIDE PRESS,92,0.0,0.0,0.968823496079925
2022,3,ENDOCRINE SOC,69,0.03512083974282339,0.0055883992409530145,0.19077873817895816
2022,3,HUMANA PRESS INC,15,0.07401666873993004,0.00044666824052698765,0.9346317440141956
2022,2,PUBLIC LIBRARY SCIENCE,1428,0.04883143007874868,0.034795471111442676,0.06812963099347506
2022,3,HINDAWI LTD,73,0.0,0.0,0.18554639214505597
2022,3,HUMAN KINETICS PUBL INC,25,0.15748735538548875,0.045441868832547014,0.42329235866835935
2022,3,HIGHER EDUCATION PRESS,29,0.0562555735754724,0.007810791014763679,0.3109904424134924
2022,3,COPERNICUS GESELLSCHAFT MBH,301,0.023263392094533163,0.00889793500180039,0.05943073300133608
2022,3,GEORG THIEME VERLAG KG,57,0.04425238094109563,0.006249452548658351,0.2542301539742729
2022,3,CELL PRESS,1241,0.08391175233321077,0.06059722891606977,0.11509739721238464
2022,3,INST MATHEMATICAL STATISTICS-IMS,10,0.0,0.0,0.7533352222691565
2022,3,ELSEVIER FRANCE-EDITIONS SCIENTIFIQUES MEDICALES ELSEVIER,343,0.08869175776461892,0.051959324977653674,0.14735580173218651
2022,3,IGI GLOBAL,28,0.34099606285214845,0.11007006894221295,0.684020040074049
2022,3,INT UNION AGAINST TUBERCULOSIS LUNG DISEASE (I U A T L D),10,0.0,0.0,0.8149414681761069
2022,3,INTER-RESEARCH,31,0.0,0.0,0.2928483821844819
2022,3,INT UNION CRYSTALLOGRAPHY,22,0.0,0.0,0.2920525286501082
2022,3,"INST MATERIA MEDICA, CHINESE ACAD MEDICAL SCIENCES",21,0.10306287667475873,0.007372472455956975,0.6399873761254562
2022,3,INT SOC GLOBAL HEALTH,18,0.15600687082951506,0.02324079210072626,0.5894863874155963
2022,3,INFORMS,138,0.0,0.0,0.07392027197886683
2022,3,ACADEMIC PRESS INC ELSEVIER SCIENCE,1231,0.06921160010742375,0.05083268637244129,0.09358039189092272
2022,3,JOHN BENJAMINS PUBLISHING CO,11,0.0,0.0,0.7467716938720484
2021,12,WILEY,8130,0.050120943946350346,0.043632469519070405,0.057516274533319575
2022,2,AMER CHEMICAL SOC,3140,0.028534547734217527,0.020189103933787193,0.04018820147982029
2022,3,ELSEVIER IRELAND LTD,617,0.08634480708743507,0.05774120995489438,0.12720504546784211
2022,3,JOURNAL OF CENTRAL SOUTH UNIV,24,0.07143438925230042,0.009938032242110274,0.3709076878219571
2022,3,KOREAN FIBER SOC,30,0.0,0.0,0.4855262516090311
2022,3,KOREAN SOC NEPHROLOGY,10,0.0,0.0,0.7963140174732792
2022,3,KOREAN SOC COLOPROCTOLOGY,15,0.0,0.0,0.4875135267275091
2022,3,KOREAN DIABETES ASSOC,24,0.20458188178346995,0.039728210179616426,0.6152312260100614
2022,3,KOREAN SOCIETY ANIMAL SCIENCE & TECHNOLOGY,12,0.0,0.0,0.5926089432704639
2022,3,KOREAN SOC STUDY OBESITY,11,0.23228985133070512,0.027030580483243694,0.767193464593926
2022,3,Korean Pediatric Soc,10,0.0,0.0,1.0
2022,2,IEEE-INST ELECTRICAL ELECTRONICS ENGINEERS INC,2179,0.04006578553293641,0.028457148504751527,0.056136356263475934
2022,3,KOREAN SPINAL NEUROSURGERY SOC,14,0.21255529786547714,0.037675394664595,0.650482932018144
2022,3,LIFE SCIENCE ALLIANCE LLC,22,0.17884433355782894,0.03182991427225279,0.5906389536396591
2022,3,KOREAN NUCLEAR SOC,39,0.06996491009472962,0.01739115801582442,0.24228221661559038
2022,3,"JMIR PUBLICATIONS, INC",130,0.0500403583929842,0.014490951954568258,0.15875170841869513
2022,3,JOHN WILEY & SONS LTD,114,0.12598495152237016,0.06323164729062256,0.23536895004257508
2022,3,MASSON EDITEUR,10,0.0,0.0,0.8435040764963587
2022,3,MASSACHUSETTS MEDICAL SOC,73,0.0,0.0,0.2738427982175444
2022,3,JOURNAL MATER SCI TECHNOL,97,0.019026782175246768,0.002716430938216949,0.1213530737641229
2022,3,AMER PHYSICAL SOC,812,0.012946847180847935,0.00471203305900172,0.03506590409349147
2022,3,MEDYCYNA PRAKTYCZNA SP K SP ZOO,12,0.0,0.0,0.8315285005681505
2022,3,"MARY ANN LIEBERT, INC",165,0.09291943189388584,0.04438860113898567,0.18427796983108222
2022,3,MICROBIOLOGY SOC,20,0.055733662434955415,0.0014673968969201514,0.7033181293445837
2022,3,MIT PRESS,20,0.0,0.0,0.6151367719854157
2022,3,NATL ATHLETIC TRAINERS ASSOC INC,12,0.18370259657980562,0.045792435125953754,0.5134570149288424
2022,3,EMERALD GROUP PUBLISHING LTD,464,0.01959705969989641,0.007381431359699224,0.05099002312275232
2022,3,NORTHEAST FORESTRY UNIV,11,0.0,0.0,0.7208777073886825
2022,3,ONLINE LEARNING CONSORTIUM,17,0.0,0.0,0.6106416960409188
2022,3,NONFERROUS METALS SOC CHINA,23,0.0,0.0,0.52797553096331
2022,3,NATURE PUBL GROUP,16,0.20907443859841987,0.03493268416419325,0.6587543157453406
2022,3,IEEE COMPUTER SOC,276,0.022708709834322292,0.007651835635485487,0.06543988760388636
2022,1,PERGAMON-ELSEVIER SCIENCE LTD,4635,0.037520208548354736,0.02967534497075459,0.047337737827395227
2022,3,PALGRAVE MACMILLAN LTD,25,0.025146931061872296,1.0440455722693937e-07,0.9998431228434328
2022,3,Optica Publishing Group,38,0.0,0.0,0.3688425021813519
2022,2,LIPPINCOTT WILLIAMS & WILKINS,3002,0.06397534991065715,0.05228624083969292,0.07806242698429586
2022,3,PEERJ INC,47,0.11781631670129736,0.03192497056549124,0.35100468590950734
2022,3,KEAI PUBLISHING LTD,349,0.03739745925225063,0.014484619386590632,0.0931303771210868
2022,3,POLISH CARDIAC SOC,12,0.11568773000338448,0.005829587458424829,0.7448119527199762
2022,3,PHYSICIANS POSTGRADUATE PRESS,15,0.1045071313661317,0.014931214016164339,0.47328039298251157
2022,3,PROJECT HOPE,16,0.0,0.0,0.6608669636605451
2022,3,PORTLAND PRESS LTD,23,0.18119889072355763,0.04223431049147043,0.5261955819365339
2022,2,ELSEVIER SCIENCE INC,2325,0.061176024830530626,0.047757684260078904,0.07805544163772715
2022,2,NATURE PORTFOLIO,3008,0.0537062686712652,0.04221941806507971,0.06809620352948355
2022,3,ROCKEFELLER UNIV PRESS,52,0.05219961714703274,0.001991915738420713,0.6031307232326089
2022,3,ROYAL COLL GENERAL PRACTITIONERS,22,0.0,0.0,0.3914240740774047
2022,3,ROY COLL PHYS LONDON EDITORIAL OFFICE,18,0.1513053095009696,0.006982458818964491,0.8188458631610961
2022,3,RADIOLOGICAL SOC NORTH AMERICA (RSNA),52,0.031540954966339935,0.004421599718075949,0.19278470724287491
2022,3,SHANGHAI UNIV,14,0.0,0.0,0.5793528811037331
2022,3,SHANGHAI JIAO TONG UNIV PRESS,15,0.0,0.0,0.361913528887854
2022,3,NATL ACAD SCIENCES,354,0.05277514208399323,0.02346196516817287,0.11442076596520495
2022,3,SCIENDO,18,0.1480813858488089,0.019390110690986728,0.604428921641129
2022,3,"SOC ECONOMIC GEOLOGISTS, INC",11,0.0,0.0,0.37025144950460565
2022,3,SOC EXPLORATION GEOPHYSICISTS - SEG,40,0.0,0.0,0.286490952334334
2022,3,SOC NUCLEAR MEDICINE INC,20,0.0,0.0,0.6589659117854465
2022,3,SPIE-SOC PHOTO-OPTICAL INSTRUMENTATION ENGINEERS,13,0.0,0.0,0.7264051935112483
2022,3,SOC PETROLEUM ENG,47,0.0,0.0,0.2848623620496921
2022,3,MOSBY-ELSEVIER,420,0.09595569355770171,0.061851810637479035,0.1459386035157265
2022,3,SCIPOST FOUNDATION,38,0.03606382064881656,0.004680777004057282,0.2293702624305175
2022,3,SPANDIDOS PUBL LTD,31,0.1444047784344034,0.04129054353184666,0.3980972442651233
2022,3,SIAM PUBLICATIONS,44,0.03469782229163587,0.004505074393817657,0.22209608603715433
2022,3,SOC NEUROSCIENCE,68,0.1701194910752126,0.07988020636601244,0.3261642027774254
2022,3,SPRINGER FRANCE,34,0.0,0.0,0.4029181015783314
2022,3,SPRINGER JAPAN KK,51,0.0,0.0,0.3276021007242755
2022,3,SPRINGER WIEN,109,0.0,0.0,0.11417341909707154
2022,3,TARU PUBLICATIONS,28,0.0,0.0,0.40107747329625704
2022,3,SPRINGER SINGAPORE PTE LTD,43,0.036252727198291514,0.0019432257367078163,0.4208784900415233
2022,3,TAYLOR & FRANCIS AS,10,0.1345877614483803,0.005972052609350477,0.8010222427116335
2022,3,SPRINGER LONDON LTD,49,0.03348000209955987,0.004746334669057005,0.2010278892309036
2022,3,UNIV WISCONSIN PRESS,12,0.0,0.0,1.0
2022,3,UNIV CHICAGO PRESS,60,0.0,0.0,0.19108743762178046
2022,3,US DEPT HEALTH HUMAN SCIENCES PUBLIC HEALTH SCIENCE,13,0.37287263535588594,0.10968795833038664,0.7415627590743256
2022,3,VEREIN FORDERUNG OPEN ACCESS PUBLIZIERENS QUANTENWISSENSCHAF,18,0.0,0.0,0.5395382508826836
2022,3,VILNIUS GEDIMINAS TECH UNIV,21,0.0,0.0,0.5523338293920652
2022,3,WAGENINGEN ACADEMIC PUBLISHERS,19,0.0,0.0,0.5541572837007543
2022,3,SPRINGER-VERLAG ITALIA SRL,88,0.02142735991974374,0.0030978934384453603,0.13366643648077597
2022,3,ROYAL SOC,237,0.0361633745782152,0.013271049279257312,0.09475256210473826
2022,3,SPRINGER INT PUBL AG,141,0.03940565997367752,0.013137493265092639,0.11222376218567394
2022,3,SPRINGER/PLENUM PUBLISHERS,193,0.04128550998380345,0.013655297699405633,0.11812727340307196
2022,3,SPRINGER BASEL AG,199,0.03455099615856432,0.011596727872612457,0.09841633986629585
2022,3,W B SAUNDERS CO LTD,98,0.02057069428245228,0.0029273668812701205,0.1306203444772214
2022,3,BMC,2138,0.06660722488397769,0.052357799045328696,0.08438935249475676
2022,3,SCIENCE PRESS,271,0.0369315033182097,0.014689020721290094,0.08978505625191512
2022,3,WALTER DE GRUYTER GMBH,120,0.03593887097296605,0.006746277465072248,0.1698521874357834
2022,3,"WILEY PERIODICALS, INC",15,0.19208952268142487,0.044830646026580045,0.5463706733261695
2022,3,TSINGHUA UNIV PRESS,157,0.024954047732456155,0.00481593797921243,0.11921339678240087
2022,3,WROCLAW MEDICAL UNIV,12,0.0,0.0,0.5763791402132896
2022,3,W B SAUNDERS CO-ELSEVIER INC,250,0.12245563542269729,0.07501151793761618,0.19362621670457103
2022,3,ZHEJIANG UNIV PRESS,15,0.18205281686883334,0.031724385123375984,0.6019098757534318
2022,3,WORLD SCIENTIFIC PUBL CO PTE LTD,78,0.0,0.0,0.15000131970304126
2022,4,ACAD MEDICINE SINGAPORE,14,0.0,0.0,0.8186935582217937
2022,4,ACAD MANAGEMENT,12,0.15823384975572277,0.013710952576976283,0.7176628576255342
2022,3,OXFORD UNIV PRESS INC,802,0.05392627075751784,0.03460582367320786,0.08310477969198272
2022,3,WOLTERS KLUWER MEDKNOW PUBLICATIONS,43,0.05648071802291999,0.009126232814173683,0.2800929010546154
2022,3,SAGE PUBLICATIONS LTD,561,0.04436320662437724,0.02415257247338362,0.0800977546254305
2022,4,ACTA DERMATO-VENEREOLOGICA,13,0.0,0.0,0.6389887807996555
2022,4,AME PUBLISHING COMPANY,19,0.0,0.0,0.6261237127347392
2022,4,AMER ACAD SLEEP MEDICINE,21,0.0,0.0,0.34397698536774296
2022,4,AKADEMIAI KIADO ZRT,10,0.47476024043035814,0.10804362108256736,0.8708834124129538
2022,4,AMER ACAD PEDIATRICS,50,0.0,0.0,0.15420748391170816
2022,4,AMER ASSOC NEUROLOGICAL SURGEONS,73,0.07643685486831013,0.024920804269093173,0.21136240518617766
2022,4,AMER COLL PHYSICIANS,44,0.0,0.0,0.10374970727598956
2022,4,AMER DIABETES ASSOC,20,0.0,0.0,0.32107065726469475
2022,4,AMER ECONOMIC ASSOC,39,0.0,0.0,0.3228675784346248
2022,4,ADIS INT LTD,78,0.025564334443622473,0.0037730333831014935,0.153784108988286
2022,3,TAYLOR & FRANCIS INC,410,0.06897779642543245,0.04006560498726995,0.11622749784271463
2022,4,AMER INST MATHEMATICAL SCIENCES-AIMS,14,0.0,0.0,0.7075081893289069
2022,4,AMER INST AERONAUTICS ASTRONAUTICS,10,0.1801368622032865,0.006930972741867106,0.8736869717131089
2022,3,eLIFE SCIENCES PUBL LTD,186,0.07357428668481572,0.033410611583112634,0.15431169497349903
2022,4,AMER ASSOC CANCER RESEARCH,154,0.07256397682437193,0.026228886174421456,0.18518655623740832
2022,4,AMER MATHEMATICAL SOC,31,0.13109911628572787,0.03171529970293235,0.4100342308262718
2022,4,AMER PUBLIC HEALTH ASSOC INC,17,0.0,0.0,1.0
2022,4,AMER ROENTGEN RAY SOC,24,0.0,0.0,1.0
2022,4,"AMER PSYCHIATRIC PUBLISHING, INC",23,0.06726823919899969,0.002743162397941374,0.6540835922166105
2022,1,SPRINGER,4727,0.04605062062272894,0.03777890961820648,0.0560279708521259
2022,4,AMER METEOROLOGICAL SOC,57,0.07236772613261938,0.02046755996509978,0.2255666753549873
2022,4,AMER THORACIC SOC,40,0.2876774522104357,0.1133301991127846,0.5606462190451597
2022,4,AMER SOC NEURORADIOLOGY,21,0.1087397198849531,0.017563332690874296,0.454343479682136
2022,4,AMER SOC NEPHROLOGY,24,0.12080028790002674,0.02478736219409641,0.4261870321356599
2022,4,ASIAN-AUSTRALASIAN ASSOC ANIMAL PRODUCTION SOC,18,0.0,0.0,0.4306962874380444
2022,4,AMER SPEECH-LANGUAGE-HEARING ASSOC,46,0.13970922938627434,0.04522270038049418,0.3576599233581054
2022,4,AMER PHYSIOLOGICAL SOC,87,0.13761720360349555,0.051916497729726806,0.3174228749391634
2022,4,BENTHAM SCIENCE PUBL LTD,13,0.0,0.0,0.7863196798586172
2022,4,AMER SOC HEMATOLOGY,57,0.052743383607843586,0.00800918117090643,0.27745156529935056
2022,4,ASSOC RESEARCH VISION OPHTHALMOLOGY INC,24,0.12296812519589014,0.020060076127190126,0.48988222389634106
2022,4,AMER SOC CLINICAL INVESTIGATION INC,80,0.2653150056867894,0.148897160388726,0.4270809358368563
2022,4,BAISHIDENG PUBLISHING GROUP INC,54,0.17909425506537754,0.06721912489425204,0.3977666129681318
2022,4,AMER PSYCHOLOGICAL ASSOC,99,0.05487362755722582,0.015133210307627168,0.17991007379868823
2022,4,AMER PHYTOPATHOLOGICAL SOC,75,0.02936838084678166,0.004283150119881957,0.17547908933269854
2022,4,ASCE-AMER SOC CIVIL ENGINEERS,80,0.04204651002738053,0.007334335392434789,0.20681717294688365
2022,4,AMER SOC MICROBIOLOGY,172,0.14754260898793262,0.07879000381627352,0.2593959360504474
2022,3,LIPPINCOTT WILLIAMS & WILKINS,1944,0.06861433284630684,0.053349981616199346,0.0878408226917799
2022,4,ANNUAL REVIEWS,123,0.04744883251531365,0.012892513699766926,0.15964770176519122
2022,3,SAGE PUBLICATIONS INC,758,0.042446092412527635,0.023367739185630083,0.07589039582810285
2022,4,BRILL,21,0.0159961297141626,9.068952426440984e-07,0.9965799422584541
2022,4,C EJ PUBLISHING GROUP,14,0.016659565475267032,7.624727356703999e-08,0.9997344236156308
2022,4,BRITISH EDITORIAL SOC BONE & JOINT SURGERY,28,0.08284603867099352,0.01624870122896012,0.3306553041769232
2022,3,WILEY-HINDAWI,357,0.05287190281074652,0.02590556651710497,0.10488626680659881
2022,4,CENTERS DISEASE CONTROL & PREVENTION,40,0.0,0.0,0.25330477919575783
2022,4,ASSOC COMPUTING MACHINERY,148,0.03323833688864651,0.008749853743835948,0.11809799656284095
2022,4,AMER ASSOC ADVANCEMENT SCIENCE,381,0.05140338312859976,0.02235771782985356,0.11379123477045541
2022,4,COGITATIO PRESS,14,0.0,0.0,0.6112147056002011
2022,4,COLL FAMILY PHYSICIANS CANADA,10,0.0,0.0,0.8511156120605792
2022,4,CODON PUBLICATIONS,10,0.07163935501303707,0.0005708829710754192,0.9124724153898469
2022,4,COLL AMER PATHOLOGISTS,19,0.03553835896528244,3.1987735609862104e-05,0.9769824377564742
2022,4,CMA-CANADIAN MEDICAL ASSOC,21,0.11647430538230004,0.01648560128907892,0.5090354080570489
2022,4,CHINESE CHEMICAL SOC,28,0.0,0.0,0.37044910395774766
2022,4,"COLD SPRING HARBOR LAB PRESS, PUBLICATIONS DEPT",20,0.11910797582395458,0.016861713819854126,0.5159683071931047
2022,4,"CHINA UNIV GEOSCIENCES, WUHAN",24,0.06373920191378814,0.008825045078928164,0.34233830614597566
2022,4,CHINESE LASER PRESS,20,0.05485013808197298,0.0010743765136966407,0.7579480048909353
2022,4,CURRENT MEDICINE GROUP,20,0.4833089147940998,0.1445785343464124,0.8381046893654518
2022,4,COMPANY BIOLOGISTS LTD,50,0.24412940791996432,0.10857336248348429,0.46134070532407945
2022,4,DE GRUYTER MOUTON,12,0.0,0.0,0.7599869647445717
2022,4,CSIRO PUBLISHING,21,0.06948589374687936,0.0054121865676158305,0.506111762513083
2022,4,DUKE UNIV PRESS,22,0.0,0.0,0.5153835801785558
2022,4,CURRENT BIOLOGY LTD,55,0.03733676106698464,0.0007930820096696278,0.6546042542040923
2022,4,EDUCATIONAL PUBLISHING FOUNDATION-AMERICAN PSYCHOLOGICAL ASSOC,20,0.17497665821289432,0.026144510123603956,0.6262366526848774
2022,4,EDIZIONI MINERVA MEDICA,30,0.05689179309271744,0.008027369437909767,0.3101921322856953
2022,2,OXFORD UNIV PRESS,2712,0.041874510303831526,0.032250608737871285,0.05420940914414467
2022,4,CHURCHILL LIVINGSTONE INC MEDICAL PUBLISHERS,59,0.0353720508185686,0.005157946116427734,0.2059365148065424
2022,4,EDP SCIENCES S A,159,0.0,0.0,0.109651621832911
2022,3,IOP Publishing Ltd,969,0.014096721709957995,0.0065599301233846725,0.030030876004779165
2022,4,DOVE MEDICAL PRESS LTD,100,0.10692595454165811,0.04667781001106611,0.22646477533679407
2022,2,SPRINGER,2959,0.03533748513671583,0.026335021648741873,0.04726798619326122
2022,4,CHURCHILL LIVINGSTONE,117,0.04646752436632322,0.01286865964729104,0.1540958294207258
2022,4,AMER GEOPHYSICAL UNION,413,0.038730908584019584,0.019750158033518518,0.07456540009504055
2022,3,ELSEVIER SCIENCE INC,2301,0.07122496247293635,0.05714709796183396,0.0884455089741176
2022,3,TAYLOR & FRANCIS LTD,864,0.0562199159035808,0.03555441875909877,0.08780340488634027
2022,3,ELSEVIER SCIENCE SA,1724,0.035886731507910656,0.024466426161375607,0.052351674260905194
2022,3,SPRINGERNATURE,1070,0.08842844281524907,0.06584907338540909,0.11777405529316422
2022,4,CAMBRIDGE UNIV PRESS,542,0.03755979068414141,0.01847728472170695,0.07484702813637814
2022,4,AMER MEDICAL ASSOC,523,0.06277840230857286,0.03721154332050383,0.10401369086846927
2022,4,COPERNICUS GESELLSCHAFT MBH,276,0.03838141498614458,0.01757015111805668,0.08179071399937314
2022,4,ELSEVIER ESPANA,23,0.12759597926452995,0.015100367326502563,0.5825020581243031
2022,4,ELSEVIER ADVANCED TECHNOLOGY,87,0.0,0.0,0.09509086952358009
2022,4,"ELSEVIER MASSON, CORP OFF",23,0.0830077389008928,0.01221911010017399,0.3984636700145769
2022,4,ELSEVIER INC,48,0.050440866701186866,0.007727774998013146,0.2659603678786748
2022,4,ELSEVIER GMBH,149,0.10702578786764892,0.04770076935430206,0.22286567056887086
2022,4,ACOUSTICAL SOC AMER AMER INST PHYSICS,818,0.048633021907066025,0.03001303254676287,0.07787733528137858
2022,4,ACADEMIC PRESS LTD- ELSEVIER SCIENCE LTD,665,0.05978407387801079,0.03798200685687426,0.09289234456469196
2022,4,ELSEVIER SCIENCE LONDON,44,0.0,0.0,0.2540309576770584
2022,3,SPRINGER HEIDELBERG,922,0.02628002747958649,0.01468959659536668,0.04658321576268281
2022,4,ELSEVIER TAIWAN,47,0.0,0.0,0.1753748491031213
2022,4,ELSEVIER SINGAPORE PTE LTD,22,0.1331438281154974,0.03363441491681335,0.4039836224499342
2022,4,AIP Publishing,559,0.02009170083057583,0.00869048513587706,0.04575993857826149
2022,4,"ETHNICITY & DISEASE, INC",14,0.16613074247916587,0.023050688000453252,0.627179583607903
2022,4,EUR CENTRE DIS PREVENTION & CONTROL,23,0.0930581158351515,0.0024874178451775803,0.8085028460069325
2022,4,EUROPEAN MATHEMATICAL SOC-EMS,31,0.0,0.0,0.4216455804768569
2022,3,"ROUTLEDGE JOURNALS, TAYLOR & FRANCIS LTD",1251,0.03412783501453374,0.01892735483415579,0.060779481453448456
2022,4,EUROPEAN RESPIRATORY SOC JOURNALS LTD,85,0.10560132523771683,0.03228089766532851,0.2947353702654186
2022,4,FERRATA STORTI FOUNDATION,36,0.09337519819452542,0.013272893763796673,0.44089359525084193
2022,4,EXCERPTA MEDICA INC-ELSEVIER SCIENCE INC,40,0.08623991894677793,0.021709559090424844,0.2864239777191337
2022,4,"GEOLOGICAL SOC AMER, INC",40,0.0,0.0,0.3762147126906288
2022,3,IEEE-INST ELECTRICAL ELECTRONICS ENGINEERS INC,2734,0.03966608528637368,0.02891703268860847,0.05418781804702292
2022,4,FUTURE MEDICINE LTD,11,0.18832869312621575,0.005515768316493206,0.9065991509277346
2022,4,ENDOCRINE SOC,62,0.12070172313614855,0.04462787164655629,0.2874376999781904
2022,4,GEOSCIENCEWORLD,31,0.0,0.0,0.27977248016348283
2022,4,HIGHER EDUCATION PRESS,28,0.0,0.0,0.330814638479086
2022,4,HUMAN KINETICS PUBL INC,19,0.0,0.0,0.49385698044561416
2022,4,HARBORSIDE PRESS,13,0.10112469468082892,0.005622510936829945,0.6912049567480897
2022,4,HONG KONG ACAD MEDICINE PRESS,11,0.11979809308318987,0.016315899153508843,0.5275913581791534
2022,1,WILEY,5979,0.05662150995638433,0.04830112208294744,0.0662753622112489
2022,4,ELSEVIER IRELAND LTD,521,0.06695517230716731,0.039779991711064895,0.11055726798936828
2022,4,HINDAWI LTD,64,0.05756132397592239,0.008112151226348932,0.3132447833268046
2022,4,"INST MATERIA MEDICA, CHINESE ACAD MEDICAL SCIENCES",21,0.0,0.0,0.24723189191783532
2022,4,INT SCIENTIFIC RESEARCH PUBLICATIONS,11,0.0,0.0,0.5521456060110732
2022,4,IGI GLOBAL,18,0.1871762859611494,0.042380793834200896,0.5450842614938572
2022,4,INT COUNCIL RESEARCH & INNOVATION BUILDING & CONSTRUCTION,10,0.2460874200002869,0.034994723390747315,0.7460693040362889
2022,4,INT SOC GLOBAL HEALTH,25,0.0,0.0,0.34902027556290777
2022,4,INST MATHEMATICAL STATISTICS-IMS,33,0.0,0.0,0.3915635452027818
2022,4,INT UNION CRYSTALLOGRAPHY,28,0.09297718771321566,0.016073239206436975,0.39144765551329547
2022,4,ELSEVIER FRANCE-EDITIONS SCIENTIFIQUES MEDICALES ELSEVIER,380,0.08348804678025047,0.04905240177796763,0.13857533753929535
2022,4,INTER-RESEARCH,21,0.10044289335251448,0.014561809199844265,0.4576163847774464
2022,4,JOHN BENJAMINS PUBLISHING CO,10,0.0,0.0,0.9750736825976672
2022,4,JOURNAL OF CENTRAL SOUTH UNIV,26,0.0,0.0,0.37204393052393886
2022,4,JOURNAL MATER SCI TECHNOL,57,0.0,0.0,0.10841354251901535
2022,4,BMJ PUBLISHING GROUP,1031,0.08403327600649142,0.06160916720031749,0.11363084795640725
2022,4,CELL PRESS,1152,0.0553649669506115,0.03494971820160457,0.08663486214646382
2022,4,KOREAN DIABETES ASSOC,10,0.0,0.0,0.9646017050568103
2022,4,KERMAN UNIV MEDICAL SCIENCES,17,0.1651147603147469,0.01942260028833974,0.6638273364914679
2022,4,KOREAN NUCLEAR SOC,24,0.0,0.0,0.46210926787507905
2022,4,KOREAN SOC LABORATORY MEDICINE,10,0.03516640264413268,6.143952973989587e-07,0.9995377293834057
2022,4,INFORMS,63,0.06142350976853786,0.014854717888012039,0.2212026210266139
2022,4,KOREAN FIBER SOC,78,0.0,0.0,0.20996011242192103
2022,4,KOREAN INST METALS MATERIALS,12,0.1634728734555593,0.022826227389277767,0.6204669206277739
2022,4,LIFE SCIENCE ALLIANCE LLC,22,0.0,0.0,0.5515675367746302
2022,4,MAGNOLIA PRESS,12,0.07124415455946762,5.831913451666286e-05,0.9901857365736452
2022,4,JOHN WILEY & SONS LTD,131,0.14293001980903192,0.07953512867541722,0.2434883519998771
2022,4,"MASARYKOVA UNIV, FAC SOCIAL STUDIES",10,0.0,0.0,0.7945581530850545
2022,4,IEEE COMPUTER SOC,218,0.029232665350831553,0.00940128113399679,0.08721400147655307
2022,4,MASSACHUSETTS MEDICAL SOC,70,0.020947670124917803,9.644427992751398e-05,0.8259703727842234
2022,4,EMERALD GROUP PUBLISHING LTD,440,0.07476518602345329,0.043915393383707396,0.12446518117935272
2022,3,AMER CHEMICAL SOC,3428,0.028369402278149165,0.02043650076510525,0.039258231878590066
2022,4,"JMIR PUBLICATIONS, INC",171,0.06351985504489145,0.02413576169186527,0.15684103656672865
2022,4,"MARY ANN LIEBERT, INC",123,0.1251318953721965,0.06002266201979162,0.24263702792342418
2022,1,MDPI,7637,0.05730351511887278,0.04963594036666736,0.06607319980081075
2021,12,ELSEVIER,10987,0.035359349405093304,0.03024362070371974,0.04130355123193876
2022,2,PERGAMON-ELSEVIER SCIENCE LTD,4669,0.03782564523986708,0.029936844627458995,0.04769106082743244
2022,4,MEDYCYNA PRAKTYCZNA SP K SP ZOO,10,0.0,0.0,0.47144024905999343
2022,4,MICROBIOLOGY SOC,21,0.0,0.0,0.5488674935534059
2022,4,Medical Journal Sweden AB,13,0.0,0.0,0.6760613573157782
2022,4,ACADEMIC PRESS INC ELSEVIER SCIENCE,1162,0.04752040284400773,0.032456574412496636,0.06907654721283944
2022,4,AMER PHYSICAL SOC,840,0.009487669375668807,0.0031857975985086838,0.027906376073947373
2022,4,NATL ATHLETIC TRAINERS ASSOC INC,14,0.0,0.0,0.6526697371472678
2022,3,PUBLIC LIBRARY SCIENCE,1690,0.06084716163977055,0.04619173129656294,0.07976353267753396
2022,4,NEW YORK BUSINESS GLOBAL LLC,32,0.0,0.0,0.4792263918731286
2022,4,NATURE PUBL GROUP,11,0.09327259775020907,0.002676243973911435,0.7977079575546027
2022,4,NONFERROUS METALS SOC CHINA,17,0.10174473862726234,0.0025648575050890264,0.8330375614598641
2022,4,KEAI PUBLISHING LTD,295,0.029721879202769114,0.01015385178790636,0.08380763735058597
2022,4,NATL ACAD SCIENCES,251,0.07166733549205088,0.028458204316071527,0.16906583835793038
2022,4,PALGRAVE MACMILLAN LTD,24,0.0,0.0,0.5085926475953791
2022,4,PACINI EDITORE,13,0.0,0.0,0.760701682432292
2022,4,Optica Publishing Group,28,0.1345140188735528,0.027768927347877802,0.45820533317314877
2022,4,PEERJ INC,26,0.0959622381708683,0.01767568386140788,0.3850657797940403
2022,4,GEORG THIEME VERLAG KG,844,0.07967784035650777,0.0413044861181638,0.14819077256918514
2022,3,WILEY-V C H VERLAG GMBH,1451,0.037347017118432524,0.021933043807288586,0.06289691817340737
2022,4,PORTLAND PRESS LTD,20,0.0,0.0,0.37790121268181104
2022,4,PROJECT HOPE,16,0.0,0.0,0.6458466668222583
2022,4,PHYSICIANS POSTGRADUATE PRESS,14,0.12279553950134599,0.01671546252267566,0.5354716920395727
2022,3,OXFORD UNIV PRESS,2064,0.045160757311297345,0.03386671268364595,0.05998734172289012
2022,4,ROYAL COLL GENERAL PRACTITIONERS,15,0.0,0.0,0.4169394063562842
2022,4,MOSBY-ELSEVIER,347,0.1032575054377529,0.06669757112646489,0.15649722763179622
2022,4,RADIOLOGICAL SOC NORTH AMERICA (RSNA),50,0.08328604853722654,0.02239246869650823,0.2649017311323445
2022,3,NATURE PORTFOLIO,3818,0.052778596043884275,0.042634809021949056,0.06517152790578869
2022,4,ROCKEFELLER UNIV PRESS,51,0.13365208596024955,0.044204396069690594,0.33975791629300844
2022,4,SCIPOST FOUNDATION,27,0.0,0.0,0.4440469682112601
2022,4,SIAM PUBLICATIONS,57,0.0,0.0,0.3008310321292129
2022,4,SOC NUCLEAR MEDICINE INC,17,0.0,0.0,0.6641748704690575
2022,4,SHANGHAI JIAO TONG UNIV PRESS,31,0.0005119719611724248,0.0,0.17433044497414812
2022,4,SOC PETROLEUM ENG,29,0.0,0.0,0.38465724688376035
2022,4,SOC EXPLORATION GEOPHYSICISTS - SEG,32,0.15170510674253865,0.03981440676852191,0.4354419331053619
2022,4,SPIE-SOC PHOTO-OPTICAL INSTRUMENTATION ENGINEERS,10,0.3201094330117834,0.07621154430618453,0.7287781556111346
2022,4,BMC,1861,0.061107271074416575,0.0465195136232558,0.07988624272161504
2022,4,SPANDIDOS PUBL LTD,30,0.17912895856788577,0.05889963539043893,0.432095858177139
2022,4,SOC NEUROSCIENCE,44,0.03786834443925983,0.005477555725967603,0.21951964433713864
2022,4,SPRINGER FRANCE,20,0.09447288309022919,0.013305508035344952,0.4466472889463139
2022,4,SPRINGER SINGAPORE PTE LTD,32,0.0,0.0,0.2051346347828257
2022,4,SPRINGER JAPAN KK,30,0.07867074675148884,0.01169840691556479,0.38117664945434315
2022,4,SPRINGER-VERLAG ITALIA SRL,49,0.0,0.0,0.3327097051907724
2022,4,SPRINGER LONDON LTD,58,0.1361983344230967,0.050315078929260765,0.31937694338017864
2022,3,FRONTIERS MEDIA SA,2827,0.05536016708375604,0.043825652042986725,0.06970914094895189
2022,4,SCIENCE PRESS,229,0.015396296292932581,0.002266396058847705,0.09718255765534482
2022,4,ROYAL SOC,206,0.02475045505410827,0.007042531723585179,0.08325059304187452
2022,4,SPRINGER WIEN,87,0.020500969778625304,0.0013373836943758057,0.24648712381314633
2022,2,WILEY,5434,0.05239981306369503,0.04389346381914904,0.06244698398478812
2022,4,TERMEDIA PUBLISHING HOUSE LTD,23,0.0,0.0,0.30928341104792256
2022,4,"UNIV NAVARRA, SERVICIO PUBLICACIONES",14,0.5,0.0,1.0
2022,4,"UNIV KRAGUJEVAC, FAC SCIENCE",16,0.0,0.0,0.6713397680831749
2022,4,UNIV NEWCASTLE,12,0.0,0.0,0.6819122096945353
2022,4,UNIV ILLINOIS PRESS,10,0.0,0.0,0.6239866282094138
2022,4,UNIV NIS,12,0.11943349782118629,0.01012127612327672,0.6427525649255813
2022,4,UNIV CHICAGO PRESS,71,0.0,0.0,0.17134330722852306
2022,4,VEREIN FORDERUNG OPEN ACCESS PUBLIZIERENS QUANTENWISSENSCHAF,23,0.0,0.0,0.4855155143278391
2022,4,VIETNAM NATL UNIV,18,0.0,0.0,0.35160864293204946
2022,4,VILNIUS GEDIMINAS TECH UNIV,18,0.0,0.0,0.5729418377075218
2022,4,IOP Publishing Ltd,721,0.019820752159371936,0.009620927024464177,0.04039309706341605
2022,4,"VILNIUS UNIV, INST MATHEMATICS & INFORMATICS",10,0.17733597838921739,0.02404541868515626,0.6535018836280149
2022,4,SPRINGER BASEL AG,178,0.03616829749046592,0.011928268277688586,0.10445994866942879
2022,4,SPRINGER INT PUBL AG,155,0.050257175943554756,0.019734427481681003,0.12210807712391439
2022,4,W B SAUNDERS CO LTD,62,0.034464054829029776,0.0047654999467107535,0.21016071472828426
2022,4,WALTER DE GRUYTER GMBH,101,0.020049826391016986,0.00032407927123541744,0.5635631766191923
2022,4,W B SAUNDERS CO-ELSEVIER INC,180,0.07310744926584473,0.03024913797920395,0.16627740000921432
2022,4,TSINGHUA UNIV PRESS,160,0.03258335649691442,0.008773899993440947,0.11359907157146014
2022,4,"WILEY PERIODICALS, INC",12,0.06196139189624922,0.0006327715395921329,0.8732725389434777
2022,4,SPRINGER/PLENUM PUBLISHERS,182,0.030143281840131663,0.008010956315253812,0.10683644252920456
2022,4,ZHEJIANG UNIV PRESS,16,0.0,0.0,0.5756540752893169
2022,4,WOLTERS KLUWER MEDKNOW PUBLICATIONS,45,0.0,0.0,0.3239180602785517
2022,5,ACAD MEDICINE SINGAPORE,14,0.04089007203284277,0.00026112641845758215,0.874353016372742
2022,4,WORLD SCIENTIFIC PUBL CO PTE LTD,105,0.0,0.0,0.1643493404201874
2022,5,ACTA DERMATO-VENEREOLOGICA,22,0.0,0.0,0.7419232320856647
2022,5,AME PUBLISHING COMPANY,25,0.219809223280366,0.07789878341950589,0.4844269679150823
2022,5,AMER ACAD SLEEP MEDICINE,19,0.10124560632033801,0.013268151980367942,0.48553173247785036
2022,5,AMER ASSOC CRITICAL CARE NURSES,11,0.0,0.0,0.7113448470285598
2022,4,eLIFE SCIENCES PUBL LTD,131,0.07484194552194541,0.01849536062360242,0.2577673366008723
2022,5,AMER ACAD PEDIATRICS,79,0.0,0.0,0.15656948393880712
2022,4,TAYLOR & FRANCIS INC,509,0.06101204087798808,0.03240361180337542,0.1119557682011981
2022,5,AMER BOARD FAMILY MEDICINE,26,0.18396222579915497,0.03775112216197809,0.5643406718799606
2022,4,LIPPINCOTT WILLIAMS & WILKINS,1428,0.048671851064469925,0.034168145752980016,0.06889294695312123
2022,5,ACOUSTICAL SOC AMER AMER INST PHYSICS,56,0.05305566938287138,0.009566584298590424,0.24528289975358478
2022,5,AMER ASSOC NEUROLOGICAL SURGEONS,52,0.10149397656597826,0.028909404852319062,0.3000173757997169
2022,4,OXFORD UNIV PRESS INC,981,0.06987650719186604,0.049499891263213566,0.09777827185674264
2022,2,ELSEVIER SCI LTD,5947,0.0356009257034065,0.028669790300723738,0.044131582795340164
2022,5,ADIS INT LTD,111,0.05090101311869679,0.016276633288692752,0.1480918082944898
2022,5,AMER INST AERONAUTICS ASTRONAUTICS,15,0.0,0.0,0.6939582045901427
2022,5,AMER ECONOMIC ASSOC,21,0.13661349836042055,0.027692084499431717,0.46782266810907996
2022,5,AMER COLL PHYSICIANS,45,0.03505723913016585,0.004938987387222067,0.21006567595625125
2022,2,MDPI,7097,0.05944845517241849,0.05142419956618921,0.06863422295228078
2022,5,"AMER OCCUPATIONAL THERAPY ASSOC, INC",13,0.11746773941159833,0.0011661051478476664,0.938176585379816
2022,5,AMER MATHEMATICAL SOC,29,0.10894240357689385,0.02826740028322274,0.33943613216826357
2022,5,AMER SOC CELL BIOLOGY,14,0.0,0.0,0.6646212444902896
2022,5,"AMER PSYCHIATRIC PUBLISHING, INC",30,0.0,0.0,0.4663112780646842
2022,5,AMER PUBLIC HEALTH ASSOC INC,15,0.15149619515841675,0.0017166554405626448,0.9488180996908532
2022,5,AMER ROENTGEN RAY SOC,36,0.08666574135532729,0.0006442100508979448,0.933189920860938
2022,5,AMER SOC HEMATOLOGY,46,0.0,0.0,0.4028754420119449
2022,5,AMER PHYTOPATHOLOGICAL SOC,81,0.0,0.0,0.13082023256113712
2022,5,AMER SOC PHARMACOLOGY EXPERIMENTAL THERAPEUTICS,15,0.0,0.0,0.6759411283604696
2022,5,AMER ASSOC ADVANCEMENT SCIENCE,352,0.06850679410025023,0.035285125597605424,0.12883028874566707
2022,5,AMER SPEECH-LANGUAGE-HEARING ASSOC,33,0.0,0.0,0.21535493697294544
2022,5,AMER SOC NEURORADIOLOGY,20,0.0,0.0,0.47173796987382866
2022,4,SAGE PUBLICATIONS INC,1170,0.0479593427973952,0.030154869365050904,0.07545828089264363
2022,5,AMER PSYCHOLOGICAL ASSOC,76,0.018130409243500803,6.848638838015656e-05,0.8327259690976836
2022,5,ANNALS FAMILY MEDICINE,16,0.21216494966792337,0.04044412674239238,0.6324402133716136
2022,4,ELSEVIER SCIENCE SA,1649,0.037630179255367296,0.02593867314669072,0.054297716479707436
2022,5,AMER THORACIC SOC,62,0.04026632723610307,0.0007654028584069793,0.6967907618707871
2022,5,ASIAN-AUSTRALASIAN ASSOC ANIMAL PRODUCTION SOC,14,0.008271931335380843,1.0370713244415494e-13,0.9999999985093352
2022,4,TAYLOR & FRANCIS LTD,699,0.06296679316578029,0.039359961397257746,0.09926913805643106
2022,5,ATHABASCA UNIV PRESS,12,0.0,0.0,0.6319337275800838
2022,5,AMER SOC CLINICAL INVESTIGATION INC,111,0.24412345026570118,0.1329885939649957,0.40477231123422963
2022,5,ASCE-AMER SOC CIVIL ENGINEERS,57,0.019398349233801085,1.8349113483228335e-05,0.9552103402608337
2022,5,AMER METEOROLOGICAL SOC,59,0.038889013418677926,0.006036587912437848,0.2123371556914228
2022,5,AMER PHYSIOLOGICAL SOC,87,0.10076249334523411,0.035435534787118125,0.25471898289306105
2022,5,ASSOC RESEARCH VISION OPHTHALMOLOGY INC,35,0.2525702668072778,0.10044536426762654,0.5055958271084436
2022,5,BAISHIDENG PUBLISHING GROUP INC,41,0.1751703094473795,0.057094563781296695,0.426883132286392
2022,4,WILEY-HINDAWI,320,0.049835956669165585,0.020761932719936364,0.11484878252049997
2022,4,SPRINGERNATURE,1231,0.10189435991881364,0.07860823856851551,0.13109706467042895
2022,5,AMER SOC NEPHROLOGY,94,0.06078330534036288,0.02084862882492508,0.16437026111675995
2022,5,ANNUAL REVIEWS,98,0.030740121164819837,0.002985806499004517,0.25142379519588526
2022,5,AMER SOC MICROBIOLOGY,155,0.06335266838784043,0.0196556217435253,0.18578428680353784
2022,5,AMER ASSOC CANCER RESEARCH,242,0.0454709856546811,0.017681448345300062,0.11195876753232903
2022,4,SAGE PUBLICATIONS LTD,586,0.02125171608842343,0.007711674219942424,0.05719487628959203
2022,1,IEEE-INST ELECTRICAL ELECTRONICS ENGINEERS INC,9570,0.03524128014521213,0.029793042636636412,0.0416430701565052
2022,5,ASSOC COMPUTING MACHINERY,124,0.04033937417900938,0.011673922637242226,0.13012565432462528
2022,4,SPRINGER HEIDELBERG,832,0.01841548796568858,0.007749200657073281,0.04312516328481671
2022,4,"ROUTLEDGE JOURNALS, TAYLOR & FRANCIS LTD",1134,0.0350563197007701,0.01763839379053619,0.0684755183948971
2022,5,AIP Publishing,471,0.019588875366634836,0.007739077524664095,0.048692295631515205
2022,5,BRILL,15,0.0,0.0,0.4624239742650065
2022,5,C EJ PUBLISHING GROUP,18,0.1545936262960327,0.03227110870124743,0.5006861436434673
2022,5,BRITISH EDITORIAL SOC BONE & JOINT SURGERY,50,0.04912153959427904,0.006494194067035637,0.28990491316389144
2022,5,AMER GEOPHYSICAL UNION,510,0.03127566159598866,0.014982530900959202,0.0641335413426834
2022,5,COLEGIO OFICIAL DE PSICOLOGOS DE ASTURIAS,19,0.0,0.0,0.47019567633157605
2022,5,"COLD SPRING HARBOR LAB PRESS, PUBLICATIONS DEPT",28,0.0,0.0,0.38654129652393515
2022,5,COGITATIO PRESS,26,0.0,0.0,0.4351144159593141
2022,5,CHINESE CHEMICAL SOC,21,0.0,0.0,0.43270607024043184
2022,5,COLL AMER PATHOLOGISTS,23,0.0,0.0,0.3230747375620565
2022,4,FRONTIERS MEDIA SA,2488,0.07489469527682771,0.060666467799183145,0.09213259699230089
2022,5,COLL FAMILY PHYSICIANS CANADA,15,0.20122349889710547,0.03142842788308357,0.6616777102415307
2022,5,CMA-CANADIAN MEDICAL ASSOC,31,0.11635978239113903,0.01669967838331712,0.5051995832597747
2022,5,CHINESE LASER PRESS,27,0.05178050061967622,0.007215253491520946,0.290938945452593
2022,5,CENTERS DISEASE CONTROL & PREVENTION,47,0.04675721678050955,0.006530626976257148,0.26793953995997577
2022,5,CURRENT MEDICINE GROUP,17,0.20786649957265294,0.034656573970832445,0.6573098194858836
2022,5,COMPANY BIOLOGISTS LTD,53,0.16986876131596015,0.05954365943268009,0.39808279043982375
2022,5,CHURCHILL LIVINGSTONE INC MEDICAL PUBLISHERS,51,0.10261422529286021,0.024342662131035815,0.34386045670121873
2022,5,CSIRO PUBLISHING,26,0.11467794332893111,0.02417310476682632,0.403812876860563
2022,5,EDITURA ASE,15,0.0,0.0,0.6947451757177565
2022,5,EDUCATIONAL PUBLISHING FOUNDATION-AMERICAN PSYCHOLOGICAL ASSOC,20,0.03414293849416278,1.7355751590544345e-06,0.99861303552502
2022,5,CHURCHILL LIVINGSTONE,100,0.1131085966526172,0.04553762851029141,0.25423735654938584
2022,5,CURRENT BIOLOGY LTD,62,0.08941570804870738,0.015265504121329944,0.3834798820697875
2022,5,EDIZIONI MINERVA MEDICA,20,0.04975204781178026,0.0029789369569510685,0.47847898711533515
2022,5,DUKE UNIV PRESS,113,0.0,0.0,0.1943241866455653
2022,3,SPRINGER,3421,0.042700125324969355,0.03360316483779199,0.05412187026306154
2022,4,ELSEVIER SCIENCE INC,2175,0.06031924473606554,0.04688543124638438,0.07729003909191892
2022,5,EDP SCIENCES S A,175,0.0,0.0,0.15478924796686916
2022,5,AMER MEDICAL ASSOC,531,0.07078131964958219,0.04462960100146369,0.11048504067721429
2022,5,AMER DIABETES ASSOC,605,0.1262111301737525,0.09126506165517305,0.17200552844727315
2022,5,DOVE MEDICAL PRESS LTD,112,0.034617211160467246,0.006503125871331882,0.16418692098461976
2022,4,AMER CHEMICAL SOC,3240,0.027412202041663277,0.019334414466311553,0.03873154457859436
2022,5,ACADEMIC PRESS LTD- ELSEVIER SCIENCE LTD,718,0.036242375591579605,0.020638593045780786,0.0628858660718074
2022,5,ELSEVIER ESPANA SLU,11,0.13340503004754423,0.0186288876405922,0.5552419360798904
2022,5,ELSEVIER ESPANA,25,0.06340773873032018,0.008754002590089517,0.3416673976545212
2022,5,"ELSEVIER MASSON, CORP OFF",23,0.0,0.0,0.2896957783903848
2022,5,ELSEVIER ADVANCED TECHNOLOGY,106,0.01518111524138999,0.00015435262265836174,0.6061853483421161
2022,5,COPERNICUS GESELLSCHAFT MBH,243,0.008029394217178718,0.0011617139929810305,0.05332894753545417
2022,4,PUBLIC LIBRARY SCIENCE,1468,0.06576176347588539,0.04937113343338792,0.08709534560808553
2022,5,ELSEVIER INC,41,0.04330576240625552,0.006208096052708417,0.24699148244122598
2022,4,WILEY-V C H VERLAG GMBH,1208,0.009804651513918001,0.002970686108133114,0.031857593474607725
2022,5,ELSEVIER GMBH,186,0.04759072360814815,0.014958021676679837,0.1412098573356082
2022,5,CAMBRIDGE UNIV PRESS,559,0.024864269496392012,0.011358301496929613,0.05355992048735848
2022,4,IEEE-INST ELECTRICAL ELECTRONICS ENGINEERS INC,2396,0.04507390835965292,0.03332694091796057,0.06070140604618214
2022,5,ELSEVIER SCIENCE LONDON,35,0.14429685507539292,0.017827041331232467,0.6103893769463176
2022,5,EUR CENTRE DIS PREVENTION & CONTROL,21,0.0,0.0,0.5200099672278754
2022,5,EUROPEAN MATHEMATICAL SOC-EMS,24,0.0,0.0,0.5475336952715797
2022,5,ELSEVIER SINGAPORE PTE LTD,24,0.08318526752557219,0.012146223688085057,0.4010351252203673
2022,5,ELSEVIER TAIWAN,38,0.101631846052594,0.019310111585457798,0.393930867000288
2022,5,EXCERPTA MEDICA INC-ELSEVIER SCIENCE INC,29,0.16095239851436172,0.045793971979587025,0.4339899596453795
2022,5,EUROPEAN RESPIRATORY SOC JOURNALS LTD,40,0.06534099299558523,0.009654568594632457,0.33392146534647826
2022,5,FERRATA STORTI FOUNDATION,37,0.13035275957246661,0.03271217903665483,0.39916678227550395
2022,5,ELSEVIER FRANCE-EDITIONS SCIENTIFIQUES MEDICALES ELSEVIER,401,0.062452238182894006,0.03269718136887073,0.11603675059136748
2022,5,ENDOCRINE SOC,65,0.07437722837420427,0.02028824149953219,0.23768438494129424
2022,5,ELSEVIER IRELAND LTD,555,0.07300447627800823,0.046575515068361,0.11265830870627169
2022,5,ACADEMIC PRESS INC ELSEVIER SCIENCE,1286,0.05391823150208446,0.037859333009289946,0.07624905082537799
2022,5,GEOSCIENCEWORLD,35,0.0,0.0,0.38098715318279464
2022,5,HIGHER EDUCATION PRESS,19,0.0,0.0,0.536825860820687
2022,5,HARBORSIDE PRESS,11,0.0921440638474594,0.0010528016653839141,0.9071887082922504
2022,5,HUMANA PRESS INC,10,0.056007772731464976,0.000562019841838695,0.8622561187549269
2022,5,"GEOLOGICAL SOC AMER, INC",50,0.03561580602625277,0.0016180288050475415,0.4569882852453115
2022,5,HUMAN KINETICS PUBL INC,14,0.07696871501803372,0.0013285149036863875,0.8394088230804204
2022,5,HINDAWI LTD,63,0.021440187133554427,0.00028373196949886857,0.6284486086834841
2022,5,IGI GLOBAL,29,0.0,0.0,0.4450429885649174
2022,5,GEORG THIEME VERLAG KG,85,0.03411630356700527,0.005097286188525087,0.19582438335741292
2022,1,ELSEVIER,11572,0.042355948343222156,0.036964602041927246,0.04849403483185104
2022,5,INST MATHEMATICAL STATISTICS-IMS,19,0.12063038006099518,0.018846733079493676,0.4948603800657671
2022,5,INT SOC GLOBAL HEALTH,21,0.0,0.0,0.37526124212407913
2022,5,INFORMS,50,0.0,0.0,0.24515877580854728
2022,5,INT UNION CRYSTALLOGRAPHY,31,0.0,0.0,0.24083900661361643
2022,5,INT SCIENTIFIC RESEARCH PUBLICATIONS,13,0.08020743875309534,0.0003040141904854922,0.9615455793941928
2022,5,"INST MATERIA MEDICA, CHINESE ACAD MEDICAL SCIENCES",31,0.014994977164918537,1.3645608164505453e-08,0.9999411220603812
2022,4,OXFORD UNIV PRESS,2181,0.047856530483071924,0.03634940660319119,0.06276918102474342
2022,5,IEEE COMPUTER SOC,194,0.05089472162418582,0.02271587287566405,0.11009143020095041
2022,5,INTER-RESEARCH,29,0.048125634497427454,0.006746338022542338,0.2734378000595635
2022,5,AMER PHYSICAL SOC,904,0.008713666532987309,0.0026501269401795037,0.028257623595642937
2022,5,JOHN WILEY & SONS INC,15,0.0,0.0,0.7480370719784576
2022,5,JOHN BENJAMINS PUBLISHING CO,18,0.05340281424221132,0.0023648410688818723,0.5731357178980335
2022,5,KARGER,10,0.5628275291866814,0.14485353726331113,0.9072777792154265
2022,5,KERMAN UNIV MEDICAL SCIENCES,15,0.3233057638965961,0.05900665093831369,0.7844929363220112
2022,5,JOURNAL OF CENTRAL SOUTH UNIV,24,0.06248324292470137,0.0032962471177068325,0.5732189297484368
2022,5,KOREAN FIBER SOC,13,0.0,0.0,0.6819843621941724
2022,5,JOURNAL MATER SCI TECHNOL,41,0.04314246782901134,0.006541172861307435,0.23591324578494488
2022,5,KOREAN SOC GINSENG,11,0.6073552037602462,0.07162108625052686,0.968764530112128
2022,5,KOREAN STROKE SOC,13,0.0,0.0,0.6910761538689518
2022,5,KOREAN SPINAL NEUROSURGERY SOC,15,0.0,0.0,0.3479208197065764
2022,5,LIFE SCIENCE ALLIANCE LLC,23,0.0,0.0,0.21532870144913271
2022,5,KOREAN SOC NEPHROLOGY,12,0.13703133187065938,0.009494095003443002,0.7245626893468006
2022,5,KOREAN SOCIETY ANIMAL SCIENCE & TECHNOLOGY,16,0.11474260923134705,0.017673417123983775,0.4828787385639437
2022,5,KOREAN INST METALS MATERIALS,36,0.05414373793802553,0.0077954064427811645,0.2943184155963194
2022,5,EMERALD GROUP PUBLISHING LTD,446,0.042220868133079875,0.019457901756439622,0.08919101779594497
2022,5,KOREAN NUCLEAR SOC,32,0.05807580241505238,0.008448788086870886,0.3085079963124955
2022,5,"JMIR PUBLICATIONS, INC",129,0.07071790053326013,0.027166466175645478,0.1717610245722059
2022,5,CELL PRESS,1232,0.05570572205626956,0.03590576360715498,0.08545640727710209
2022,5,JOHN WILEY & SONS LTD,159,0.09295285968284284,0.04549134250368828,0.18056426736423892
2022,5,BMC,1982,0.05648047815015398,0.042899171565593336,0.07402887970968249
2022,3,MDPI,7557,0.05321904005319272,0.04583234622904623,0.06171922445317089
2022,5,KEAI PUBLISHING LTD,339,0.03974095021776725,0.016363523167117793,0.09334665393844509
2022,5,MASSACHUSETTS MEDICAL SOC,63,0.04581109587925862,0.006572704034498268,0.25837434774402124
2022,5,"MARY ANN LIEBERT, INC",108,0.05243182615195876,0.01557885961015456,0.1621073435414693
2022,5,MIT PRESS,24,0.016022078894508934,1.0272094503668738e-07,0.9996127211315471
2022,5,MICROBIOLOGY SOC,15,0.11741891174610423,0.016534205775045302,0.512858706963781
2022,3,PERGAMON-ELSEVIER SCIENCE LTD,5146,0.042619152367148264,0.03474299891799998,0.05218428167376997
2022,5,NATL ACAD SCIENCES,241,0.06647578465165578,0.02934928961612172,0.14361794548339685
2022,5,NONFERROUS METALS SOC CHINA,13,0.0,0.0,0.7140682012379895
2022,5,NATURE PUBL GROUP,10,0.2070215615696624,0.02011240138851237,0.7685523733726978
2022,5,NORTHEAST FORESTRY UNIV,11,0.0,0.0,0.5291057016623538
2022,5,IOP Publishing Ltd,816,0.016374286920527392,0.007218132635018881,0.03671543073965925
2022,4,NATURE PORTFOLIO,3210,0.05466412804456237,0.04323645236873944,0.06889471885909741
2022,5,MOSBY-ELSEVIER,366,0.07988980633064621,0.04812944318382981,0.12975176121251208
2022,3,ELSEVIER SCI LTD,5994,0.034237887738880375,0.02730816813807136,0.04284862860656746
2022,5,ELSEVIER SCIENCE SA,1607,0.02592076417547849,0.015771522903997817,0.04232038119133777
2022,5,Optica Publishing Group,17,0.0,0.0,0.5274657751850799
2022,5,PALGRAVE MACMILLAN LTD,18,0.0,0.0,0.45288013044303704
2022,5,PEERJ INC,32,0.0,0.0,0.20137870891531978
2022,5,POLISH CARDIAC SOC,10,0.0,0.0,0.351518538734596
2022,5,PROJECT HOPE,26,0.0,0.0,0.555991273016649
2022,4,SPRINGER,3279,0.03286038627058797,0.024732305714235046,0.04354044145623294
2022,5,PHYSICIANS POSTGRADUATE PRESS,11,0.13205347080616306,0.01771529485953981,0.562079627833436
2022,5,PORTLAND PRESS LTD,28,0.10803863185624567,0.01618819109256752,0.47135257944446146
2022,5,RADIOLOGICAL SOC NORTH AMERICA (RSNA),58,0.0,0.0,0.1008369382798524
2022,5,ROCKEFELLER UNIV PRESS,49,0.07269349639685754,0.010540526641541198,0.36583351587361823
2022,5,ROY COLL PHYS LONDON EDITORIAL OFFICE,22,0.0,0.0,0.6213321200452617
2022,5,ROYAL COLL GENERAL PRACTITIONERS,18,0.0,0.0,0.5640407582481272
2022,5,RUSSELL SAGE FOUNDATION,16,0.0,0.0,0.7142176853914594
2022,5,SHANGHAI UNIV,11,0.0,0.0,0.757380738334949
2022,5,SIAM PUBLICATIONS,69,0.0,0.0,0.28966315469821463
2022,5,SOC NUCLEAR MEDICINE INC,21,0.0,0.0,0.5541832739430713
2022,5,SOC EXPLORATION GEOPHYSICISTS - SEG,39,0.0,0.0,0.29871291754539775
2022,5,SOC PETROLEUM ENG,19,0.0,0.0,0.4601315934554737
2022,4,ELSEVIER SCI LTD,5785,0.044637408960707343,0.03701573615115278,0.05374083264754845
2022,5,SPIE-SOC PHOTO-OPTICAL INSTRUMENTATION ENGINEERS,10,0.0,0.0,0.7496690797096386
2022,5,SPANDIDOS PUBL LTD,30,0.0,0.0,0.2864513012263971
2022,5,SCIPOST FOUNDATION,37,0.04162154118449411,0.004878333855373419,0.2778425642125467
2022,5,ROYAL SOC,226,0.02504820213414141,0.004373167278616812,0.1306428281777276
2022,5,SOC NEUROSCIENCE,62,0.15910695810911685,0.06559911863515383,0.33772871518476966
2022,5,FRONTIERS MEDIA SA,2667,0.060604389113778676,0.048183337096336494,0.07597185494664273
2022,5,AMER CHEMICAL SOC,3251,0.03004365765779015,0.021713743611740104,0.0414337842367405
2022,5,SPRINGER FRANCE,21,0.07216536193150427,0.0011432948883799555,0.8408960505429168
2022,5,SCIENCE PRESS,258,0.04841637080701902,0.021808947756465046,0.10403308726781026
2022,3,WILEY,6152,0.04653826311580696,0.03914993565378284,0.05524074523472266
2022,5,ELSEVIER SCIENCE INC,2260,0.058608726572706354,0.045469284919976045,0.07524581063863399
2022,5,SPRINGER JAPAN KK,48,0.049201773492224765,0.002687040145322384,0.4984699924263989
2022,5,SPRINGER-VERLAG ITALIA SRL,78,0.0,0.0,0.15035849254590147
2022,5,SPRINGER SINGAPORE PTE LTD,51,0.05999843642128238,0.009490721859802362,0.29833867405525405
2022,5,SPRINGER WIEN,83,0.003032948876084067,4.5965088509624165e-08,0.9950579410442304
2022,5,SPRINGER LONDON LTD,59,0.09411330195373482,0.03005690579938434,0.2583265193033696
2022,5,IEEE-INST ELECTRICAL ELECTRONICS ENGINEERS INC,2660,0.04156279559437092,0.03040678411235074,0.056573042334240764
2022,5,TARU PUBLICATIONS,22,0.0,0.0,0.6006703845507307
2022,5,SPRINGER/PLENUM PUBLISHERS,170,0.07591178245550627,0.03320209021434754,0.16422875953061075
2022,5,SPRINGER BASEL AG,167,0.05329696595567094,0.01969769638021734,0.1362428378069632
2022,5,SPRINGER INT PUBL AG,155,0.017063847803172473,0.0029679971336326483,0.09193211630590134
2022,5,TERMEDIA PUBLISHING HOUSE LTD,15,0.18829341061962906,0.021792363850600557,0.7072131729523541
2022,5,"UNIV PITTSBURGH, UNIV LIBRARY SYSTEM",13,0.0,0.0,0.606262719713385
2022,5,US DEPT HEALTH HUMAN SCIENCES PUBLIC HEALTH SCIENCE,14,0.0,0.0,0.7231236464315127
2022,5,UNIV CHICAGO PRESS,43,0.0,0.0,0.234521100492534
2022,5,"VILNIUS UNIV, INST MATHEMATICS & INFORMATICS",12,0.0,0.0,0.7600190561422213
2022,5,VEREIN FORDERUNG OPEN ACCESS PUBLIZIERENS QUANTENWISSENSCHAF,24,0.0,0.0,0.45378043273494856
2022,5,VILNIUS GEDIMINAS TECH UNIV,13,0.12241410830211323,0.006581505124678993,0.7459937118398504
2022,5,WAGENINGEN ACADEMIC PUBLISHERS,11,0.0,0.0,0.7127866907382857
2022,5,W B SAUNDERS CO LTD,78,0.025928910447056787,0.0037548309710663265,0.1582507580860557
2022,5,LIPPINCOTT WILLIAMS & WILKINS,3265,0.08748776310963063,0.07151281210159538,0.10662149970654186
2022,5,W B SAUNDERS CO-ELSEVIER INC,198,0.062456145704800715,0.023960955749647003,0.1530961703295256
2022,5,SAGE PUBLICATIONS LTD,648,0.02709082341973472,0.012823947772846319,0.0563242573156966
2022,5,"ROUTLEDGE JOURNALS, TAYLOR & FRANCIS LTD",1167,0.047843827910225394,0.028934646149405614,0.07811633659306713
2022,5,TSINGHUA UNIV PRESS,155,0.07224619274691334,0.031390785962602065,0.15762231458642098
2022,5,OXFORD UNIV PRESS INC,1386,0.07665526271544112,0.05942744140318032,0.09835512329762743
2022,5,WALTER DE GRUYTER GMBH,103,0.01950397339167023,0.002788672662375699,0.12395663644827055
2022,5,TAYLOR & FRANCIS INC,451,0.05988144879484374,0.032273830723792786,0.10845834234970778
2022,5,SAGE PUBLICATIONS INC,835,0.0407128816495599,0.023556296014812565,0.06947591647845465
2022,4,PERGAMON-ELSEVIER SCIENCE LTD,4810,0.04344640697986932,0.03531565928078451,0.05334558625869238
2022,5,SPRINGERNATURE,967,0.08751264106873341,0.06299100979086017,0.12035411184345564
2022,5,Yandy Scientific Press,11,0.0,0.0,0.542526611159244
2022,5,"ZAGREB UNIV, FAC FORESTRY",10,0.0,0.0,0.7190383396713574
2022,5,ZHEJIANG UNIV PRESS,15,0.0,0.0,0.6818263874920888
2022,6,ACAD MEDICINE SINGAPORE,13,0.0,0.0,0.7510291986216721
2022,5,WORLD SCIENTIFIC PUBL CO PTE LTD,94,0.001251783434766441,7.542258773896075e-14,0.9999999519874203
2022,6,ACAD MANAGEMENT,17,0.01587179026272095,7.339249789082119e-09,0.999971784292264
2022,5,SPRINGER HEIDELBERG,719,0.030145650916642956,0.016278272895365785,0.05516411011388156
2022,6,ACOUSTICAL SOC AMER AMER INST PHYSICS,66,0.0,0.0,0.20204468582848495
2022,6,AKADEMIAI KIADO ZRT,11,0.0,0.0,0.5386048348563514
2022,5,WOLTERS KLUWER MEDKNOW PUBLICATIONS,60,0.05318764075064049,0.013061481497757052,0.19253689495274642
2022,5,TAYLOR & FRANCIS LTD,879,0.04780893619971234,0.029060103521214152,0.07768619601659243
2022,6,AMER ACAD SLEEP MEDICINE,21,0.1121501528975174,0.016641569455322018,0.4852897232480825
2022,6,AME PUBLISHING COMPANY,37,0.05478429501978262,0.008875489232938781,0.27279804320669754
2022,6,AMER ACAD PEDIATRICS,55,0.09606965483143497,0.0278635447006205,0.28268525282322315
2022,6,ADIS INT LTD,91,0.09237741371047062,0.03728284661598564,0.21104033028285948
2022,5,WILEY-HINDAWI,335,0.05282659935774117,0.02334337808865128,0.11515709248149578
2022,5,eLIFE SCIENCES PUBL LTD,174,0.04323248678857916,0.012333704777712442,0.14052609379130765
2022,2,ELSEVIER,10262,0.04162682476036376,0.035982273136478546,0.04811264705919236
2022,5,PUBLIC LIBRARY SCIENCE,1470,0.04018487712506555,0.027465532594458934,0.05844061862169946
2022,6,AMER ASSOC NEUROLOGICAL SURGEONS,36,0.2587379445104046,0.11301701336030963,0.488804499015735
2022,6,AMER ASSOC ADVANCEMENT SCIENCE,403,0.07071882861701992,0.035457987753528174,0.1360968198208317
2022,4,WILEY,5294,0.04391912344420676,0.03628074019513027,0.05307708810045115
2022,6,AMER ECONOMIC ASSOC,55,0.013234765489021532,3.8621949702063036e-06,0.978981319162429
2022,6,AMER MATHEMATICAL SOC,40,0.1877354267256204,0.07425136932052233,0.3997664381211942
2022,6,AMER METEOROLOGICAL SOC,60,0.0,0.0,0.30073164083642173
2022,6,"AMER OCCUPATIONAL THERAPY ASSOC, INC",19,0.016014258038697302,1.1692757517716606e-09,0.9999955855256907
2022,6,AMER DIABETES ASSOC,65,0.16132844836274743,0.0641267951514026,0.3506607842279289
2022,6,AMER COLL PHYSICIANS,47,0.016758760102777683,0.0005668502006949894,0.3387166938365789
2022,6,"AMER PSYCHIATRIC PUBLISHING, INC",25,0.0,0.0,0.5185493638274666
2022,6,AMER PUBLIC HEALTH ASSOC INC,37,0.0,0.0,0.1480779461813292
2022,6,AMER ROENTGEN RAY SOC,51,0.0,0.0,0.4702816147909622
2022,6,AMER PSYCHOLOGICAL ASSOC,68,0.0,0.0,0.09090076789401913
2022,6,AMER PHYTOPATHOLOGICAL SOC,89,0.0,0.0,0.09903422125265553
2022,6,AMER SOC PHARMACOLOGY EXPERIMENTAL THERAPEUTICS,21,0.0,0.0,0.5003015228246595
2022,6,AMER SPEECH-LANGUAGE-HEARING ASSOC,27,0.0,0.0,0.40671817535565985
2022,6,AMER SOC NEURORADIOLOGY,25,0.06869034930522293,0.0033897333414253696,0.6152990930105359
2022,6,ASIAN-AUSTRALASIAN ASSOC ANIMAL PRODUCTION SOC,28,0.0,0.0,0.1536154673644939
2022,6,ASSOC RESEARCH VISION OPHTHALMOLOGY INC,29,0.3018122854820826,0.1268685548634542,0.5625626649462799
2022,6,AMER SOC CLINICAL INVESTIGATION INC,72,0.21524621852517353,0.10399036706609878,0.39328562849862164
2022,6,BAISHIDENG PUBLISHING GROUP INC,56,0.0,0.0,0.18186600109138376
2022,6,AMER THORACIC SOC,53,0.11414164883474064,0.02085787492516264,0.4379986384903246
2022,6,ANNUAL REVIEWS,108,0.006655105592831659,3.7612176921716434e-08,0.9991627504010705
2022,6,AMER SOC HEMATOLOGY,49,0.06671430013386173,0.012335981914591178,0.29033412110087436
2022,6,ASCE-AMER SOC CIVIL ENGINEERS,87,0.01638724781141589,3.721228478744867e-05,0.8817780688918577
2022,6,AMER SOC NEPHROLOGY,62,0.04232307203611309,0.00711663651688457,0.21413502178485896
2022,6,AMER PHYSIOLOGICAL SOC,120,0.10967666008582784,0.048942565063911,0.22773075020230343
2022,6,AIP Publishing,452,0.025099289639135627,0.01152700785922355,0.05378253459536205
2022,6,AMER SOC MICROBIOLOGY,165,0.10568990915638223,0.04888662581605909,0.21366779784972256
2022,6,BRAZILIAN SOC UROL,15,0.0,0.0,0.6460439320067858
2022,6,BRITISH EDITORIAL SOC BONE & JOINT SURGERY,16,0.0,0.0,0.6540319105456512
2022,6,ASSOC COMPUTING MACHINERY,110,0.0480728389544254,0.015776039824718875,0.13726653943513556
2022,6,C EJ PUBLISHING GROUP,15,0.09869801908886712,0.01423542168686379,0.4536666220286087
2022,6,ACADEMIC PRESS LTD- ELSEVIER SCIENCE LTD,681,0.041535855454816466,0.023961328044152897,0.071062003059661
2022,6,"CHINA UNIV GEOSCIENCES, WUHAN",11,0.0,0.0,0.715642711197408
2022,6,CHINESE CHEMICAL SOC,16,0.0,0.0,0.49000253560065055
2022,6,COGITATIO PRESS,25,0.0,0.0,0.17964864731641914
2022,6,CONSEJO SUPERIOR INVESTIGACIONES CIENTIFICAS-CSIC,10,0.0,0.0,0.7243721089301107
2022,6,CODON PUBLICATIONS,10,0.0,0.0,0.8435470909642196
2022,6,COLL FAMILY PHYSICIANS CANADA,13,0.3434990437399937,0.030987785865607145,0.8954072541134108
2022,6,COLL AMER PATHOLOGISTS,14,0.26729139245749356,0.07433708467763833,0.6236530770426282
2022,6,CROATIAN SOC MEDICAL BIOCHEMISTRY & LABORATORY MEDICINE,11,0.0,0.0,0.767761707767502
2022,6,CENTERS DISEASE CONTROL & PREVENTION,54,0.08772472423285634,0.013624035683995147,0.40100628952750056
2022,6,CHURCHILL LIVINGSTONE INC MEDICAL PUBLISHERS,27,0.21508240273664134,0.07467008442799822,0.4819967285216359
2022,6,CHINESE LASER PRESS,30,0.04484779991238031,0.001337509728609861,0.6220867938822892
2022,6,CMA-CANADIAN MEDICAL ASSOC,28,0.059331227754040324,0.008183862528098359,0.32529631521617697
2022,6,CHURCHILL LIVINGSTONE,94,0.0,0.0,0.16507512961193327
2022,6,CSIRO PUBLISHING,10,0.21758594146651009,0.03691854630790931,0.6685963938752989
2022,6,CURRENT MEDICINE GROUP,12,0.4368146953346148,0.08528810445868124,0.8658060601098242
2022,6,"COLD SPRING HARBOR LAB PRESS, PUBLICATIONS DEPT",37,0.11263029184222881,0.01818872914532011,0.46513043881426885
2022,6,COMPANY BIOLOGISTS LTD,54,0.11123711870403011,0.02927417984051045,0.3418649160802915
2022,6,Cherkas Global Univ Press,42,0.0,0.0,0.3456542592382903
2022,6,DUKE UNIV PRESS,22,0.0,0.0,0.5630793354006931
2022,6,EDICIONES PROFESIONALES INFORMACION SL-EPI,10,0.008886303975101867,4.175896473340314e-17,0.9999999999994805
2022,6,EDIZIONI MINERVA MEDICA,20,0.0,0.0,0.5871827168163274
2022,6,EDUCATIONAL PUBLISHING FOUNDATION-AMERICAN PSYCHOLOGICAL ASSOC,25,0.0,0.0,0.298655225735654
2022,6,CURRENT BIOLOGY LTD,53,0.07387017469067683,0.015306258305910944,0.2904207096866262
2022,6,AMER GEOPHYSICAL UNION,422,0.005279072076198641,0.0007501253609204497,0.03616236350251392
2022,5,NATURE PORTFOLIO,3676,0.0537431580489109,0.04350451726172008,0.06622459347019187
2022,6,DOVE MEDICAL PRESS LTD,103,0.07253059138876752,0.02276546916377908,0.2079344975860701
2022,6,EDP SCIENCES S A,173,0.0,0.0,0.10123483842579907
2022,6,AMER MEDICAL ASSOC,536,0.04667650071085593,0.026465047842785618,0.08103863223173423
2022,6,ACADEMIC PRESS INC ELSEVIER SCIENCE,1179,0.048366888637881064,0.03345672790415576,0.06944442192938684
2022,4,MDPI,7078,0.0602824455340774,0.05222371205181296,0.06949355541026349
2022,6,ELSEVIER - DIVISION REED ELSEVIER INDIA PVT LTD,11,0.0,0.0,0.4231642281387116
2022,6,ELSEVIER ESPANA,17,0.29087906417332215,0.06223144747417962,0.7171575927184415
2022,6,ELSEVIER INC,41,0.0,0.0,0.2021359912465713
2022,5,WILEY-V C H VERLAG GMBH,1344,0.01957525121487892,0.008379221350919073,0.04505138191297671
2022,6,ELSEVIER ESPANA SLU,19,0.05627431004200782,0.00483083988925055,0.4227968599659549
2022,6,"ELSEVIER MASSON, CORP OFF",23,0.0,0.0,0.49080005554457434
2022,6,COPERNICUS GESELLSCHAFT MBH,255,0.04683187981041693,0.02303915540183376,0.09286007878547024
2022,6,AMER PHYSICAL SOC,882,0.021371519096295845,0.01055978521943162,0.04277439395507629
2022,6,ELSEVIER ADVANCED TECHNOLOGY,95,0.16975079620743583,0.08729075168907134,0.3041493825651975
2022,6,BMJ PUBLISHING GROUP,938,0.06036197747337578,0.04081378623387769,0.08840999217618771
2022,6,ELSEVIER FRANCE-EDITIONS SCIENTIFIQUES MEDICALES ELSEVIER,322,0.09126726665366869,0.05013338225556801,0.16045006465943887
2022,5,BMJ PUBLISHING GROUP,4551,0.03421823003244685,0.028223356933784867,0.041432173132330746
2022,6,ELSEVIER SINGAPORE PTE LTD,24,0.0,0.0,0.4924741399940449
2022,6,ELSEVIER SCIENCE LONDON,42,0.09961071881721958,0.019400075139011284,0.3821984671003682
2022,6,EUR CENTRE DIS PREVENTION & CONTROL,22,0.0,0.0,0.5295031819691729
2022,6,ELSEVIER GMBH,174,0.11102658893753344,0.061641906679002656,0.19188540470098867
2022,6,EXCERPTA MEDICA INC-ELSEVIER SCIENCE INC,15,0.0,0.0,0.6701327083922731
2022,6,EUROPA EDITION,14,0.15671971332653156,0.02233286080270202,0.6019098510040591
2022,6,EUROPEAN RESPIRATORY SOC JOURNALS LTD,50,0.0,0.0,0.4440873120274671
2022,6,ELSEVIER TAIWAN,32,0.09494585679268053,0.017785073740290647,0.37802834593551793
2022,6,FERRATA STORTI FOUNDATION,28,0.12913808691199205,0.020189967142853142,0.5162369383496247
2022,6,EUROPEAN MATHEMATICAL SOC-EMS,22,0.05278974523888404,0.0060646402107247125,0.33733092312270646
2022,6,ENDOCRINE SOC,53,0.12891383034021256,0.045961302130681926,0.31253618111698805
2022,6,"GEOLOGICAL SOC AMER, INC",20,0.0,0.0,0.51374069034562
2022,6,GEORG THIEME VERLAG KG,88,0.0,0.0,0.23048701724885795
2022,6,HONG KONG ACAD MEDICINE PRESS,10,0.0,0.0,0.6844721388889259
2022,6,GEOSCIENCEWORLD,40,0.0,0.0,0.18102301830319462
2022,6,HINDAWI LTD,63,0.0,0.0,0.09286262256958318
2022,6,HUMANA PRESS INC,10,0.23004165050266778,0.020688336903442628,0.8086292297201293
2022,6,HUMAN KINETICS PUBL INC,17,0.13550719352770393,0.025230809844207242,0.4869775311365375
2022,6,HIGHER EDUCATION PRESS,32,0.06609392125836291,0.009865665393564604,0.3345186117820892
2022,6,ELSEVIER IRELAND LTD,505,0.0902044676326907,0.05823397950399947,0.13717031106979455
2022,6,IGI GLOBAL,10,0.0,0.0,0.8984821046933124
2022,6,INST ECONOMIC RESEARCH-POLAND,10,0.0,0.0,0.6518355756572956
2022,6,"INST MATERIA MEDICA, CHINESE ACAD MEDICAL SCIENCES",19,0.3563409142700484,0.12442174423370365,0.683227693302601
2022,6,INT SOC GLOBAL HEALTH,12,0.0,0.0,0.684531945208994
2022,6,INT UNION AGAINST TUBERCULOSIS LUNG DISEASE (I U A T L D),10,0.0,0.0,0.7302059888059985
2022,6,INT UNION CRYSTALLOGRAPHY,32,0.0,0.0,0.2828995736173496
2022,6,INFORMS,59,0.0,0.0,0.22006989962760287
2022,6,INTER-RESEARCH,23,0.0,0.0,0.395492049666167
2022,6,IRCA-BSSA,10,0.40660670028690127,0.07669402252479947,0.8496827313033491
2022,6,JOHN BENJAMINS PUBLISHING CO,11,0.0,0.0,0.8358199561159165
2022,6,INST MATHEMATICAL STATISTICS-IMS,36,0.06585169121722967,0.0164732615398919,0.22880803691082865
2022,6,JOHNS HOPKINS UNIV PRESS,13,0.0,0.0,0.3773254372247011
2022,6,JOHN WILEY & SONS INC,15,0.14556360809663932,0.023016012276076327,0.5519672300422399
2022,6,KERMAN UNIV MEDICAL SCIENCES,17,0.03616198640305303,2.1747441339849236e-06,0.998457439471589
2022,6,JOURNAL OF CENTRAL SOUTH UNIV,25,0.02127839538189643,3.524968157913867e-05,0.9305978159465483
2022,6,KOREAN NUCLEAR SOC,24,0.0,0.0,0.48102927295036674
2022,6,JOURNAL MATER SCI TECHNOL,43,0.0,0.0,0.3628944357209703
2022,6,KOREAN SPINAL NEUROSURGERY SOC,10,0.0,0.0,0.5672926710489198
2022,6,KOREAN SOC PEDIATRIC ENDOCRINOLOGY,22,0.2599282009617714,0.08215083909659637,0.5795173726608495
2022,6,LIFE SCIENCE ALLIANCE LLC,17,0.0,0.0,0.7152842253797941
2022,3,ELSEVIER,11032,0.039856449324647464,0.0343876393435513,0.04615341659623057
2022,6,KOREAN INST METALS MATERIALS,40,0.08174979101823343,0.012906095624570672,0.3774119258594003
2022,5,OXFORD UNIV PRESS,3712,0.04781312730448668,0.03952551414186905,0.05773401239061215
2022,6,"JMIR PUBLICATIONS, INC",119,0.15932941918107962,0.0855175502788501,0.277516266300038
2022,6,JOHN WILEY & SONS LTD,125,0.0944319904326143,0.04571190360178515,0.1850111872659386
2022,6,EMERALD GROUP PUBLISHING LTD,450,0.0743409248910616,0.04534082449421082,0.11956644507111402
2022,5,SPRINGER,3024,0.04179565349119648,0.03184642054906148,0.05467761211927353
2022,6,IEEE COMPUTER SOC,174,0.05205214643034838,0.02055785438758994,0.12560756193944464
2022,6,CELL PRESS,1214,0.07733045589326425,0.05388713591712956,0.10978916722073657
2022,6,MAGNOLIA PRESS,13,0.0,0.0,0.4989384314912227
2022,6,MANAGED CARE & HEALTHCARE COMMUNICATIONS LLC,12,0.0,0.0,0.7656563121254084
2022,6,"MASARYKOVA UNIV, FAC SOCIAL STUDIES",11,0.0,0.0,0.650359873793806
2022,6,MASSON EDITEUR,15,0.11348122073410104,0.01155169963714724,0.5836982693354539
2022,6,"MARY ANN LIEBERT, INC",163,0.1232772062856785,0.0650463922540482,0.22129864326604456
2022,6,MASSACHUSETTS MEDICAL SOC,93,0.037424302881699345,0.005397509374384607,0.21786030935261935
2022,6,KEAI PUBLISHING LTD,314,0.02261095418885985,0.006577543856576056,0.07478519646169421
2022,6,MICROBIOLOGY SOC,14,0.0,0.0,0.5036973579611724
2022,6,MIT PRESS,19,0.0,0.0,0.5100004719762149
2022,6,MEDYCYNA PRAKTYCZNA SP K SP ZOO,10,0.21136645669910753,0.02855177123134898,0.7096432973313995
2022,6,Medical Journal Sweden AB,13,0.0,0.0,0.7397556935319191
2022,6,NATL ATHLETIC TRAINERS ASSOC INC,10,0.0,0.0,0.7988104349284166
2022,6,NATL CENTRE MARINE RESEARCH,11,0.0,0.0,0.6216357778251169
2022,6,NATL MINING UNIV,10,0.0,0.0,0.8071528970860358
2022,6,ONLINE LEARNING CONSORTIUM,19,0.0,0.0,0.3315198603801827
2022,6,NORTHEAST FORESTRY UNIV,15,0.0,0.0,0.6512690601509211
2022,6,NONFERROUS METALS SOC CHINA,10,0.18764360978172567,0.024659015086359905,0.6784930830662748
2022,6,NATURE PUBL GROUP,13,0.11582600659758119,0.01588448471041321,0.5153129503357198
2022,6,BMC,2103,0.07700564769724565,0.0623719059701619,0.09472590396197282
2022,6,Optica Publishing Group,28,0.0,0.0,0.42363821951158065
2022,6,PALGRAVE MACMILLAN LTD,17,0.0,0.0,0.5871965566879922
2022,6,PEERJ INC,31,0.0,0.0,0.4170948413362833
2022,6,NATL ACAD SCIENCES,299,0.04538260630459264,0.016778074690985863,0.11695349101889395
2022,6,PROJECT HOPE,15,0.0,0.0,0.3594401721278708
2022,6,PORTLAND PRESS LTD,27,0.1410029223560486,0.023485778797869124,0.5283755843463629
2022,6,POLISH CARDIAC SOC,12,0.13639427227607695,0.004282122215289554,0.8529442064065839
2022,6,PHYSICIANS POSTGRADUATE PRESS,12,0.1547283780445498,0.022574852965841535,0.5919690788463259
2022,6,IOP Publishing Ltd,700,0.009729094319087648,0.003078281345770933,0.03031247133735398
2022,6,MOSBY-ELSEVIER,356,0.044104988724941466,0.021635575853766596,0.08781526831935675
2022,6,R FOUNDATION STATISTICAL COMPUTING,11,0.11786468257738789,0.01600370638856692,0.5232794748921016
2022,6,ROCKEFELLER UNIV PRESS,37,0.15663026821242237,0.03468014614257079,0.4898157406391416
2022,6,ROYAL COLL GENERAL PRACTITIONERS,18,0.0,0.0,0.3417036421019468
2022,6,RADIOLOGICAL SOC NORTH AMERICA (RSNA),46,0.039746104037340475,0.006164452968050183,0.2164289448061315
2022,6,ELSEVIER SCIENCE SA,1653,0.05066415315435988,0.036722970700856054,0.06951590297185836
2022,6,SCANDINAVIAN JOURNAL WORK ENVIRONMENT & HEALTH,15,0.0,0.0,0.4812876654280139
2022,6,SCIENDO,13,0.0,0.0,0.7334654153605465
2022,6,SCUOLA NORMALE SUPERIORE,11,0.0,0.0,0.5357824023707504
2022,5,ELSEVIER SCI LTD,6022,0.03278033484615462,0.026245880995946224,0.040873387182731015
2022,6,SCIPOST FOUNDATION,29,0.0,0.0,0.35471820097585177
2022,6,SHANGHAI UNIV,11,0.0,0.0,0.6275504932279526
2022,6,SHANGHAI JIAO TONG UNIV PRESS,12,0.10885349143960076,0.00795634740765788,0.6503970906563703
2022,6,SIAM PUBLICATIONS,74,0.0,0.0,0.19243159486077263
2022,6,SOC PETROLEUM ENG,14,0.0,0.0,0.5486523898126112
2022,6,SOC EXPLORATION GEOPHYSICISTS - SEG,23,0.0738841787832884,0.010743456007809082,0.3695042186589572
2022,6,SPANDIDOS PUBL LTD,21,0.09662843389604006,0.013546395365341241,0.4544947664545819
2022,6,SOC NEUROSCIENCE,53,0.06317705830059069,0.01644492785381085,0.21383708605110355
2022,6,SOC NUCLEAR MEDICINE INC,37,0.06607240167886465,0.007040402243319371,0.41380178793923306
2022,6,SPRINGER BASEL AG,170,0.0,0.0,0.09258559169012019
2022,6,SPRINGER FRANCE,30,0.05179879932915859,0.007227370601269108,0.2907440532657257
2022,6,SPRINGER SINGAPORE PTE LTD,33,0.00277342219886964,2.8676521788594273e-18,0.9999999999996293
2022,6,SPRINGER-VERLAG ITALIA SRL,80,0.0,0.0,0.24332287465468688
2022,6,SPRINGER JAPAN KK,54,0.09272323010214861,0.025433342182901844,0.2858297322690266
2022,6,SPRINGER LONDON LTD,50,0.06325550197668758,0.016362875284523147,0.21514024660870942
2022,6,SPRINGER/PLENUM PUBLISHERS,193,0.0,0.0,0.06978468083143285
2022,6,SPRINGER WIEN,90,0.03878746945885084,0.004531790557008618,0.263452520832751
2022,6,SPRINGER INT PUBL AG,148,0.027076523668533383,0.006631430713726989,0.10395844466959059
2022,6,TERMEDIA PUBLISHING HOUSE LTD,28,0.0,0.0,0.45364974979420075
2022,6,THIEME MEDICAL PUBL INC,17,0.07203885963958702,9.283780631756527e-05,0.9848277018665639
2022,6,ROYAL SOC,258,0.017464007025158306,0.004095064260590003,0.07135093166264522
2022,6,UNIV CHICAGO PRESS,50,0.0059229389835548625,2.48567104860244e-11,0.9999992998212321
2022,6,US DEPT HEALTH HUMAN SCIENCES PUBLIC HEALTH SCIENCE,10,0.21161029061330272,0.03153791670111564,0.688695227038098
2022,6,VEREIN FORDERUNG OPEN ACCESS PUBLIZIERENS QUANTENWISSENSCHAF,28,0.0,0.0,0.21572693351897312
2022,6,VILNIUS GEDIMINAS TECH UNIV,14,0.1259646964943537,0.0025574410976501095,0.8901182176970571
2022,6,VASYL STEFANYK PRECARPATHIAN NATL UNIV,18,0.09328194507332097,0.008634991981835446,0.5485589775724585
2022,6,SAGE PUBLICATIONS LTD,611,0.040396368172261714,0.01984563131630844,0.08048062204628849
2022,5,PERGAMON-ELSEVIER SCIENCE LTD,5461,0.04038976284325291,0.03280095243671093,0.04964419784858572
2022,6,W B SAUNDERS CO LTD,78,0.03680572811253659,0.006060399927106353,0.19320736569644928
2022,6,CAMBRIDGE UNIV PRESS,3175,0.07094150528242445,0.05819389266270627,0.08622587885285343
2022,6,SCIENCE PRESS,277,0.039568453490907665,0.01755889511955137,0.08673082169194513
2022,6,SAGE PUBLICATIONS INC,800,0.052438646932321954,0.03212239130665216,0.0844826323539667
2022,6,WALTER DE GRUYTER GMBH,106,0.0571540554286024,0.014302792096278012,0.20206936190540561
2022,6,W B SAUNDERS CO-ELSEVIER INC,198,0.05151724434659784,0.01936536779747957,0.12997493580987993
2022,4,ELSEVIER,10680,0.046067604024113896,0.04020369031864318,0.052739802673912775
2022,6,TAYLOR & FRANCIS LTD,672,0.08119035690751845,0.053852561370548425,0.12063649323370218
2022,6,TSINGHUA UNIV PRESS,189,0.01573806544722441,0.0025482071355268617,0.09097352728616447
2022,6,TAYLOR & FRANCIS INC,413,0.03696057902322601,0.014843220331498016,0.08905508732736238
2022,6,OXFORD UNIV PRESS INC,1375,0.06443104125491424,0.04873970813320531,0.08472413560356748
2022,6,"WILEY PERIODICALS, INC",12,0.0,0.0,0.5696054154476069
2022,6,SPRINGER HEIDELBERG,739,0.04474729165137105,0.02751012632397396,0.07198537593901114
2022,6,SPRINGERNATURE,1001,0.0806245198669558,0.058327978751672435,0.11044453272787519
2022,6,"ROUTLEDGE JOURNALS, TAYLOR & FRANCIS LTD",1103,0.03583987185525639,0.0197260614917251,0.06425392321520686
2022,6,WROCLAW MEDICAL UNIV,12,0.0,0.0,0.6452640427082817
2022,6,WORLD SCIENTIFIC PUBL CO PTE LTD,83,0.0,0.0,0.19916691164567088
2022,6,Yandy Scientific Press,12,0.08436638169458822,0.007020688681715226,0.5456113217811625
2022,6,WOLTERS KLUWER MEDKNOW PUBLICATIONS,26,0.05263093763136401,0.007418394220077663,0.29226214042398957
2022,6,IEEE-INST ELECTRICAL ELECTRONICS ENGINEERS INC,2637,0.054780207540918856,0.04191371378579077,0.07130245916768531
2022,7,ACAD MEDICINE SINGAPORE,14,0.0,0.0,0.5635846404354168
2022,6,ZHEJIANG UNIV PRESS,24,0.04988563193366494,0.002052929460691025,0.5726652753414031
2022,7,ACAD MANAGEMENT,28,0.10616059446216503,0.010932594890145492,0.5606665207887119
2022,6,eLIFE SCIENCES PUBL LTD,156,0.09096457458292372,0.04040179848855145,0.19213643134877642
2022,7,ACOUSTICAL SOC AMER AMER INST PHYSICS,59,0.0,0.0,0.30788049863025224
2022,6,WILEY-HINDAWI,386,0.08993146467777799,0.054674683107498026,0.1444494304346395
2022,7,AKADEMIAI KIADO ZRT,10,0.0,0.0,0.6566197669577414
2022,7,AMER ACAD SLEEP MEDICINE,19,0.0,0.0,0.3942035227728477
2022,7,AMER ACAD PEDIATRICS,31,0.0,0.0,0.17131550332515247
2022,6,ELSEVIER SCIENCE INC,2145,0.06142458957711347,0.04785059791131867,0.07853158558338875
2022,7,AMER ASSOC CRITICAL CARE NURSES,11,0.0,0.0,0.6900105187095876
2022,7,AME PUBLISHING COMPANY,33,0.10913797267465748,0.027726296035421722,0.3448177825145488
2022,7,AMER BOARD FAMILY MEDICINE,30,0.0,0.0,0.4564773303626254
2022,6,FRONTIERS MEDIA SA,2890,0.07215141724635056,0.05920137801230044,0.08767024332619945
2022,7,AMER ASSOC NEUROLOGICAL SURGEONS,74,0.04321760963882011,0.009515616134594332,0.1751735182179121
2022,7,ADIS INT LTD,127,0.04064091824996841,0.011284565689932372,0.13587178799319102
2022,7,AMER ASSOC CANCER RESEARCH,141,0.13777803823624377,0.06687897528726842,0.26267964484088235
2022,7,AMER ASSOC ADVANCEMENT SCIENCE,354,0.11367512198260035,0.06763789412643016,0.18483528721167047
2022,7,AMER INST MATHEMATICAL SCIENCES-AIMS,17,0.0,0.0,0.4388840689758594
2022,7,AMER ECONOMIC ASSOC,26,0.11389777500048844,0.019851280009288846,0.44926863439277903
2022,7,AMER COLL PHYSICIANS,37,0.14008082858947973,0.03871182884947376,0.3972088509115584
2022,6,PUBLIC LIBRARY SCIENCE,1617,0.06178713920418733,0.04687206138654636,0.08104475579729023
2022,7,AMER MATHEMATICAL SOC,24,0.04125053982057607,0.0003654997171506438,0.8350636496922212
2022,7,AMER DIABETES ASSOC,48,0.0595045629877573,0.008920683762539152,0.3078296334158046
2022,7,AMER METEOROLOGICAL SOC,85,0.11113621875190725,0.04770199126448688,0.23785604339143782
2022,7,"AMER PSYCHIATRIC PUBLISHING, INC",19,0.0,0.0,0.6065672068659166
2022,5,MDPI,7277,0.05791252375849878,0.050045846366641535,0.06692863835238637
2022,7,AMER ROENTGEN RAY SOC,22,0.2698168245241724,0.03308835384086612,0.7996040479930687
2022,7,AMER PSYCHOLOGICAL ASSOC,85,0.0,0.0,0.1765232258961598
2022,7,AMER PUBLIC HEALTH ASSOC INC,26,0.1849631020435952,0.02487513403701193,0.6687513025722565
2022,1,ROYAL SOC CHEMISTRY,17517,0.030963128145719877,0.02511891235981413,0.03811391090207002
2022,7,ACADEMIC PRESS LTD- ELSEVIER SCIENCE LTD,581,0.0631671340404229,0.03913830198445546,0.10040681021973111
2022,7,AMER SOC NEURORADIOLOGY,23,0.05186768517614516,0.00023318499745579244,0.9276976350433203
2022,7,AMER SOC HEMATOLOGY,46,0.10880864361100938,0.02818664012139536,0.33947803542359667
2022,7,ANNALS FAMILY MEDICINE,19,0.0,0.0,0.2996156084478676
2022,7,"AMER OCCUPATIONAL THERAPY ASSOC, INC",251,0.2845699460734707,0.17144420623135442,0.4333040549725758
2022,7,AMER SOC PHARMACOLOGY EXPERIMENTAL THERAPEUTICS,17,0.09926597393474205,0.01454060090017971,0.45149027017368615
2022,7,AMER THORACIC SOC,35,0.07878643072688578,0.011046077664834137,0.3957202115586413
2022,7,AMER SOC CLINICAL INVESTIGATION INC,76,0.14850851256346892,0.05899492902700183,0.3266892807870388
2022,7,AMER PHYTOPATHOLOGICAL SOC,92,0.07853962346374085,0.02615292518524644,0.21291892410018606
2022,7,ASSOC RESEARCH VISION OPHTHALMOLOGY INC,26,0.0,0.0,0.44145898507461195
2022,7,AMER PHYSIOLOGICAL SOC,106,0.153463703230202,0.07085419411528872,0.3011691855898893
2022,7,AMER SPEECH-LANGUAGE-HEARING ASSOC,34,0.04409293203802156,0.0034221511159417193,0.38256753905858654
2022,7,ANNUAL REVIEWS,89,0.11361678238978826,0.04364546736128653,0.26471448453462154
2022,7,AMER SOC NEPHROLOGY,73,0.02443919314952529,0.003532987845318007,0.15038602173827795
2022,7,AMER SOC MICROBIOLOGY,127,0.1088279952598089,0.04746361814353546,0.2303434587079971
2022,7,BENTHAM SCIENCE PUBL LTD,14,0.08919155075913174,0.004393658544459236,0.6848383368109646
2022,7,ASCE-AMER SOC CIVIL ENGINEERS,90,0.1383693379494689,0.06315293771999458,0.27671008440151235
2022,7,ASSOC COMPUTING MACHINERY,252,0.0,0.0,0.09436613115254379
2022,7,BAISHIDENG PUBLISHING GROUP INC,100,0.10898785334133235,0.042102617457489715,0.253958095149249
2022,7,AIP Publishing,429,0.0188442010616527,0.0075559772463618426,0.0462111857682155
2022,7,AMER GEOPHYSICAL UNION,310,0.03341405535190712,0.011858044455862174,0.09056404456508105
2022,7,BRAZILIAN SOC UROL,17,0.22910810130007492,0.05691094047573892,0.5941057591906128
2022,7,C EJ PUBLISHING GROUP,15,0.0,0.0,0.6214779763338022
2022,6,AMER CHEMICAL SOC,3589,0.015958527441322385,0.010276289927313836,0.024704311524349112
2022,7,BRITISH EDITORIAL SOC BONE & JOINT SURGERY,50,0.12359774917511189,0.03969003663415119,0.3248810543706586
2022,7,AMER MEDICAL ASSOC,523,0.02345966036995289,0.009806226343698864,0.05506591467972334
2022,6,AMER ASSOC CANCER RESEARCH,5116,0.12042736248683768,0.10895294837983799,0.13292992952806634
2022,7,"CHINA UNIV GEOSCIENCES, BEIJING",11,0.0,0.0,0.6867392773946663
2022,7,CENTERS DISEASE CONTROL & PREVENTION,48,0.0,0.0,0.4494879832491313
2022,7,CHINESE LASER PRESS,18,0.005719536912314383,4.236946474627917e-19,0.9999999999999872
2022,7,CHINESE CHEMICAL SOC,13,0.009870496828502107,1.2364888026151745e-09,0.9999875579838355
2022,7,COGITATIO PRESS,12,0.014493982529224835,9.91532127662716e-11,0.9999995415946416
2022,7,COLL AMER PATHOLOGISTS,11,0.19182655596016115,0.030703620660901924,0.6401049468739135
2022,7,CMA-CANADIAN MEDICAL ASSOC,24,0.08189474468454173,0.011362229808628334,0.4090917953330858
2022,7,COLL FAMILY PHYSICIANS CANADA,10,0.0,0.0,1.0
2022,7,CHURCHILL LIVINGSTONE INC MEDICAL PUBLISHERS,29,0.10782781385886028,0.027503921107299843,0.34058023793121356
2022,7,"COLD SPRING HARBOR LAB PRESS, PUBLICATIONS DEPT",28,0.045868428026388616,0.002194496683053294,0.5123866080678762
2022,7,COMPANY BIOLOGISTS LTD,49,0.11532077164247474,0.02090227726986531,0.44318598179761126
2022,7,CSIRO PUBLISHING,12,0.25443765888053727,0.013495763739782127,0.8948836590443359
2022,7,AMER PHYSICAL SOC,787,0.004532486691114464,0.0006493415896847182,0.030918876814043688
2022,7,CURRENT BIOLOGY LTD,52,0.0,0.0,0.23082010732017857
2022,7,CURRENT MEDICINE GROUP,18,0.2153798924879252,0.05464636084866577,0.565885627481157
2022,7,DUKE UNIV PRESS,66,0.0,0.0,0.14196508585459447
2022,7,EDIZIONI MINERVA MEDICA,19,0.07647972406924372,0.0014716892069291324,0.8231064586288755
2022,7,CHURCHILL LIVINGSTONE,128,0.05319716612802887,0.015076817697896908,0.17097029627512914
2022,7,DOVE MEDICAL PRESS LTD,92,0.08985578293051717,0.03024732792497651,0.23809339428252654
2022,6,WILEY-V C H VERLAG GMBH,1363,0.029263783291616524,0.01656414662346102,0.051193307471825315
2022,7,EDUCATIONAL PUBLISHING FOUNDATION-AMERICAN PSYCHOLOGICAL ASSOC,45,0.1370865929875473,0.03994150812489048,0.37758179886080756
2022,7,CAMBRIDGE UNIV PRESS,515,0.025566994532359364,0.009566892481093759,0.06652892514441498
2022,7,ACADEMIC PRESS INC ELSEVIER SCIENCE,1312,0.044224245659156385,0.03044874009277085,0.06382176863764608
2022,7,COPERNICUS GESELLSCHAFT MBH,266,0.04295196417724476,0.020957947720501878,0.08599980506545936
2022,7,BMJ PUBLISHING GROUP,765,0.05424651291382687,0.03379273756779735,0.0859787205518624
2022,7,EDP SCIENCES S A,209,0.009275773524177178,0.0016120996516766548,0.05149237891255593
2022,6,SPRINGER,3239,0.035963763774223605,0.027095709492917484,0.04759223230904438
2022,7,ELSEVIER ADVANCED TECHNOLOGY,98,0.0,0.0,0.08370706424215694
2022,7,ELSEVIER ESPANA,25,0.16327558523755029,0.035654104039642684,0.5073682710066657
2022,7,ELSEVIER INC,48,0.0,0.0,0.10234422940506763
2022,7,CELL PRESS,1046,0.0904046384438001,0.06378420963773791,0.126632393665997
2022,7,"ELSEVIER MASSON, CORP OFF",18,0.0781438989057868,0.01075411709669167,0.39794857985286897
2022,7,ELSEVIER GMBH,162,0.20831067068478332,0.1311949909830866,0.31435373672891925
2022,6,OXFORD UNIV PRESS,3012,0.05030129979869503,0.04128717655676153,0.06115790944158609
2022,6,NATURE PORTFOLIO,3874,0.045176709825042086,0.03551833512418326,0.05730540444522746
2022,7,ELSEVIER FRANCE-EDITIONS SCIENTIFIQUES MEDICALES ELSEVIER,300,0.09884978749429317,0.056700080139407825,0.16679246103683973
2022,7,ELSEVIER SCIENCE LONDON,29,0.06537856284197074,0.010458316161446086,0.3164683180109263
2022,7,BMC,1924,0.06510123985090635,0.05037926408122387,0.08374591745263103
2022,7,ELSEVIER IRELAND LTD,524,0.1024685275332021,0.07034596095302681,0.1469409683491847
2022,7,ELSEVIER SINGAPORE PTE LTD,31,0.0,0.0,0.34643753148092093
2022,7,EUR CENTRE DIS PREVENTION & CONTROL,13,0.0,0.0,0.7494040438940064
2022,7,ELSEVIER TAIWAN,44,0.058052326242666354,0.00867809508911422,0.3025946627585082
2022,7,EUROPEAN MATHEMATICAL SOC-EMS,41,0.0,0.0,0.37640005547648403
2022,7,"ETHNICITY & DISEASE, INC",12,0.15299742490191384,0.02124608219162723,0.6004984584539964
2022,7,EXCERPTA MEDICA INC-ELSEVIER SCIENCE INC,14,0.0,0.0,0.48366732568863563
2022,7,FERRATA STORTI FOUNDATION,26,0.0,0.0,0.6664910923638196
2022,7,FOUNDATION REHABILITATION INFORMATION,15,0.2933760553977541,0.07342580664820557,0.6850616478826886
2022,7,ENDOCRINE SOC,58,0.038748819731547854,0.004376103927438217,0.2699137634428296
2022,7,EUROPEAN RESPIRATORY SOC JOURNALS LTD,81,0.055439146350771185,0.013077558247837701,0.20633268901367044
2022,7,"GEOLOGICAL SOC AMER, INC",35,0.0,0.0,0.390272702342878
2022,7,HARBORSIDE PRESS,11,0.0,0.0,0.7246932498545782
2022,7,GEOSCIENCEWORLD,34,0.0,0.0,0.19100866617434373
2022,7,HANLEY & BELFUS-ELSEVIER INC,16,0.1394965712163579,0.02149859003234361,0.5446506659806629
2022,7,HUMAN KINETICS PUBL INC,25,0.13029262285212073,0.028594658772131618,0.4326066300384576
2022,7,HIGHER EDUCATION PRESS,28,0.06287546208825041,0.0075464231350870666,0.37186741891599684
2022,7,GEORG THIEME VERLAG KG,74,0.12466597376582741,0.03848701886507871,0.3363175129031132
2022,7,HINDAWI LTD,62,0.04544851238728185,0.008025821767632987,0.21886549790453746
2022,7,EMERALD GROUP PUBLISHING LTD,362,0.05565869417128907,0.028267651854733653,0.10667759281579471
2022,7,IGI GLOBAL,13,0.0,0.0,0.7299124129594792
2022,7,INFORMS,52,0.0,0.0,0.2778635552395532
2022,7,INT COUNCIL RESEARCH & INNOVATION BUILDING & CONSTRUCTION,10,0.030780438873828884,2.1217310192046393e-06,0.9979007058157037
2022,7,INT UNION AGAINST TUBERCULOSIS LUNG DISEASE (I U A T L D),21,0.0,0.0,0.38053529401483804
2022,7,"INST MATERIA MEDICA, CHINESE ACAD MEDICAL SCIENCES",14,0.16799694995646727,0.010081410725853222,0.8001366969030235
2022,7,INTER-RESEARCH,27,0.0,0.0,0.3620894899416665
2022,7,INT SOC GLOBAL HEALTH,40,0.08850745376927585,0.013505527106266034,0.40783211344842446
2022,7,IEEE COMPUTER SOC,164,0.0214894318462694,0.004823627143857895,0.09049986283483197
2022,6,ELSEVIER SCI LTD,5781,0.03732387030769828,0.0302019399167254,0.04604548749357013
2022,7,INT UNION CRYSTALLOGRAPHY,42,0.060328507712562346,0.009556732104906205,0.2993186670211823
2022,7,JOHN WILEY & SONS INC,16,0.0,0.0,0.7010316943017189
2022,7,JOHN BENJAMINS PUBLISHING CO,11,0.0645753053084395,0.000688377878553281,0.873707704270042
2022,7,KARGER,12,0.0,0.0,0.2725586383880818
2022,5,ELSEVIER,11096,0.04015044110539416,0.034747681926503904,0.04635291023635697
2022,7,JOURNAL MATER SCI TECHNOL,51,0.0,0.0,0.33885035121911505
2022,7,JOURNAL OF CENTRAL SOUTH UNIV,24,0.11059282437411373,0.025596003534245185,0.37051453118166716
2022,7,KERMAN UNIV MEDICAL SCIENCES,10,0.0,0.0,0.8276825779393365
2022,7,KOREAN FIBER SOC,16,0.0,0.0,0.6309740518382337
2022,7,KOREAN NUCLEAR SOC,23,0.0,0.0,0.4609071332699292
2022,7,KOREAN INST METALS MATERIALS,13,0.03990899914365362,9.566684805382175e-06,0.9944938145875034
2022,7,KOREAN SOC HORTICULTURAL SCIENCE,16,0.28515894771443745,0.05185400379855138,0.7442257866867487
2022,7,KOREAN SOCIETY ANIMAL SCIENCE & TECHNOLOGY,12,0.23653081875726925,0.041854587852794015,0.6872318727651179
2022,7,LIFE SCIENCE ALLIANCE LLC,18,0.03813400964210044,4.182782621433561e-05,0.9740772509243681
2022,7,"JMIR PUBLICATIONS, INC",136,0.03299838344330808,0.006719427328024304,0.14685636211279016
2022,7,MANAGED CARE & HEALTHCARE COMMUNICATIONS LLC,12,0.13819783577992448,0.01608045969102436,0.6114141202424824
2022,7,MASSACHUSETTS MEDICAL SOC,48,0.0,0.0,0.5595145230732038
2022,7,JOHN WILEY & SONS LTD,159,0.06609554043685835,0.026509682931102594,0.1553596834395195
2022,7,KEAI PUBLISHING LTD,254,0.03358032986272135,0.010568088501881182,0.10155879252832706
2022,7,"MARY ANN LIEBERT, INC",113,0.05017898622257098,0.016982534215605465,0.1390847061988398
2022,6,PERGAMON-ELSEVIER SCIENCE LTD,4999,0.03794401511846893,0.030316033627089404,0.04739749940620306
2022,5,WILEY,10570,0.09797497834450328,0.09014910310104783,0.10640077328974029
2022,7,MEDYCYNA PRAKTYCZNA SP K SP ZOO,13,0.0,0.0,0.43009158462127756
2022,7,MIT PRESS,25,0.021615659201745827,7.927564105833202e-05,0.8602696320963195
2022,7,Medical Journal Sweden AB,10,0.1700589624129147,0.014241431729553588,0.7439949605969015
2022,7,NATL ATHLETIC TRAINERS ASSOC INC,12,0.6437701050277798,0.18041312287165276,0.9368542297822414
2022,7,AMER CHEMICAL SOC,3361,0.032997299978043564,0.024570661210609294,0.0441829957691627
2022,7,ELSEVIER SCIENCE SA,1652,0.04481155672826113,0.03127109030503006,0.06382876941269378
2022,7,NATURE PUBL GROUP,17,0.0,0.0,0.6919850806299858
2022,7,NONFERROUS METALS SOC CHINA,13,0.0,0.0,0.41150972577655426
2022,7,NORTHEAST FORESTRY UNIV,14,0.0,0.0,0.31735833333684293
2022,7,NEW YORK BUSINESS GLOBAL LLC,44,0.0,0.0,0.14530118287078855
2022,7,IOP Publishing Ltd,775,0.022681391801739323,0.011738768889093235,0.043376768574901615
2022,7,MOSBY-ELSEVIER,309,0.054698959125061376,0.025210790473078223,0.11462266516595722
2022,7,Optica Publishing Group,18,0.0,0.0,0.5262264777152248
2022,7,PALGRAVE MACMILLAN LTD,16,0.0,0.0,0.5018565750204755
2022,7,ELSEVIER SCIENCE INC,2105,0.057897909433109296,0.04472206207325019,0.07465222287422178
2022,7,NATL ACAD SCIENCES,384,0.03863560886691789,0.01476003628652891,0.09731712204762531
2022,7,PEERJ INC,29,0.05838429959628521,0.002845111867545095,0.5740032367210034
2022,7,PORTLAND PRESS LTD,17,0.0,0.0,0.8355155170551712
2022,7,PROJECT HOPE,18,0.0,0.0,0.6967093985608009
2022,7,PHYSICIANS POSTGRADUATE PRESS,17,0.08930204273528486,0.012342666168242276,0.43484752673243476
2022,7,ROCKEFELLER UNIV PRESS,34,0.0,0.0,0.31296213723115623
2022,7,RADIOLOGICAL SOC NORTH AMERICA (RSNA),45,0.0,0.0,0.18385539197000722
2022,7,OXFORD UNIV PRESS INC,602,0.06088055586721757,0.03827513797242319,0.09551090629072011
2022,7,ROYAL COLL GENERAL PRACTITIONERS,18,0.0,0.0,0.6110866432496732
2022,7,RUSSELL SAGE FOUNDATION,10,0.0,0.0,0.822207331239723
2022,7,ROY COLL PHYS LONDON EDITORIAL OFFICE,74,0.27258455776458335,0.10186488236468126,0.553191831780348
2022,7,SHANGHAI JIAO TONG UNIV PRESS,14,0.0,0.0,0.36825479494554164
2022,7,SCIPOST FOUNDATION,10,0.13727434281150555,0.009471450251945419,0.725861547575513
2022,7,SHANGHAI UNIV,17,0.02549096424216141,3.308760514071174e-09,0.9999951642654968
2022,7,LIPPINCOTT WILLIAMS & WILKINS,1597,0.08984211200722757,0.07129489786709589,0.11262918745322621
2022,7,SIAM PUBLICATIONS,55,0.0,0.0,0.3185301033149209
2022,7,"SOC ECONOMIC GEOLOGISTS, INC",20,0.0,0.0,0.3621594988078189
2022,7,SOC EXPLORATION GEOPHYSICISTS - SEG,21,0.07170906657666232,0.009026609593868942,0.3958122166937374
2022,7,SOC PETROLEUM ENG,10,0.0,0.0,0.648349554767748
2022,7,SOC NUCLEAR MEDICINE INC,20,0.0,0.0,0.6057894623792407
2022,6,MDPI,7499,0.057546671025886176,0.0499136949210244,0.06626549566665017
2022,7,SPANDIDOS PUBL LTD,24,0.12948850630247627,0.025198431089731826,0.46119681264266826
2022,7,SOC NEUROSCIENCE,59,0.12037343135009869,0.047332151717946594,0.2737417061647894
2022,7,ROYAL SOC,175,0.026559590593896308,0.005829564902876766,0.11265287037060898
2022,7,SCIENCE PRESS,240,0.08133226560819828,0.041552622690429766,0.15311062553527297
2022,7,IEEE-INST ELECTRICAL ELECTRONICS ENGINEERS INC,2439,0.05209121466187064,0.03935337846124824,0.0686573447614758
2022,7,FRONTIERS MEDIA SA,2914,0.08109722183591855,0.06768302061819678,0.09689370345620942
2022,7,SAGE PUBLICATIONS LTD,500,0.015703607202378036,0.004574242240906444,0.05248358778258696
2022,7,SAGE PUBLICATIONS INC,808,0.04856331289898924,0.030024871177961234,0.07763195430311018
2022,7,"ROUTLEDGE JOURNALS, TAYLOR & FRANCIS LTD",1134,0.03687485719187406,0.021372402521463177,0.06289927517247161
2022,7,PUBLIC LIBRARY SCIENCE,1616,0.0535455369184084,0.03948153090545579,0.07224258511150149
2022,6,LIPPINCOTT WILLIAMS & WILKINS,7543,0.04707051923413102,0.041230116428649925,0.05369190697036702
2022,6,WILEY,7741,0.05505513657944806,0.048413054845268644,0.06254858757784791
2022,7,NATURE PORTFOLIO,3715,0.04736594351393579,0.03750192131629821,0.059663641985986865
2022,7,OXFORD UNIV PRESS,3316,0.02533713967203727,0.018165478639264165,0.03523852652853772
2022,6,ELSEVIER,10962,0.04378871356813419,0.03825529950923714,0.050080826913032825
2022,7,ELSEVIER SCI LTD,5529,0.04086919776424867,0.033456297205564214,0.04983987796073081
2022,7,PERGAMON-ELSEVIER SCIENCE LTD,4664,0.034781013945829754,0.027103226550070938,0.04453420237291351
2022,7,MDPI,7670,0.06153663009733212,0.05363830588436356,0.07051133926385068
2022,7,ELSEVIER,10467,0.04431131044736822,0.038536301407634165,0.05090593452302784
2022,7,SPRINGER FRANCE,14,0.1298526148967506,0.02001432352252153,0.5216276719265864
2022,7,SPRINGER SINGAPORE PTE LTD,51,0.0,0.0,0.3222591635246901
2022,7,SPRINGER WIEN,97,0.0,0.0,0.2276020216215288
2022,7,SPRINGER JAPAN KK,51,0.08152980263249587,0.01626762735687088,0.32271887391143633
2022,7,TARU PUBLICATIONS,30,0.03512013752575733,0.0009434808804122967,0.5838340550893958
2022,7,SPRINGER-VERLAG ITALIA SRL,78,0.08663844632800238,0.02994713294115623,0.22568137382383274
2022,7,TERMEDIA PUBLISHING HOUSE LTD,22,0.0,0.0,0.48003748209546615
2022,7,SPRINGER LONDON LTD,68,0.04346847230484037,0.0068768809889968915,0.229724715643255
2022,7,THIEME MEDICAL PUBL INC,11,0.13890277014703242,0.01979375709943596,0.5630451498742622
2022,7,UNIV CHICAGO PRESS,25,0.0,0.0,0.2301183806778855
2022,7,SPRINGER BASEL AG,165,0.03595685188763779,0.011009637591778046,0.11108368792950392
2022,7,UNIV NIS,14,0.0,0.0,0.35507612636962116
2022,7,VEREIN FORDERUNG OPEN ACCESS PUBLIZIERENS QUANTENWISSENSCHAF,17,0.0,0.0,0.24974253823682532
2022,7,SPRINGER INT PUBL AG,195,0.03920711820009846,0.013478402662971026,0.10864041144150022
2022,7,W B SAUNDERS CO LTD,62,0.0,0.0,0.1403604002478988
2022,7,WALTER DE GRUYTER GMBH,91,0.022349910631018884,0.003284845639273274,0.13687237556312867
2022,7,SPRINGER/PLENUM PUBLISHERS,219,0.023138341451888134,0.006116751666046681,0.08354562174386222
2022,7,"WILEY PERIODICALS, INC",16,0.25779193874631734,0.0701177099768343,0.6153669583383509
2022,7,TSINGHUA UNIV PRESS,239,0.030075415320566245,0.008555211976975816,0.10025468668598962
2022,7,W B SAUNDERS CO-ELSEVIER INC,250,0.12205574773447704,0.07546917666361048,0.1914449689836014
2022,7,TAYLOR & FRANCIS INC,477,0.04037997471169294,0.017377169849712527,0.09101214797176864
2022,7,ZHEJIANG UNIV PRESS,14,0.0,0.0,0.43397726611629395
2022,8,ACAD MEDICINE SINGAPORE,15,0.12727768490365243,0.0172462893239098,0.5479197368226681
2022,8,ACTA DERMATO-VENEREOLOGICA,20,0.0,0.0,0.9803942438592319
2022,8,AME PUBLISHING COMPANY,27,0.0,0.0,0.4742756506559284
2022,8,ACOUSTICAL SOC AMER AMER INST PHYSICS,45,0.09649854794503887,0.027215499021190758,0.2896419648429842
2022,8,AMER ACCOUNTING ASSOC,13,0.0,0.0,0.2594451148022192
2022,8,AMER ACAD SLEEP MEDICINE,48,0.0,0.0,0.3354807429061693
2022,7,WORLD SCIENTIFIC PUBL CO PTE LTD,118,0.019173083322968725,0.0027904226576230718,0.12015011745450882
2022,8,ADIS INT LTD,82,0.05388354409435868,0.011841167457808105,0.2130194836775988
2022,8,AMER ACAD PEDIATRICS,68,0.040686421469679004,0.008072134694659817,0.18102554038355143
2022,7,WOLTERS KLUWER MEDKNOW PUBLICATIONS,133,0.059078980725473365,0.023517852869881,0.14066576143999163
2022,8,AMER ASSOC NEUROLOGICAL SURGEONS,57,0.09716005959893075,0.03297506449001872,0.253525223797066
2022,7,SPRINGERNATURE,977,0.09013411250711716,0.06564451554603508,0.1225614797875434
2022,7,eLIFE SCIENCES PUBL LTD,160,0.06915867955121255,0.027092136041538647,0.1654360541369295
2022,7,WILEY-HINDAWI,357,0.02925890648527625,0.008589842401993762,0.09490155718192567
2022,8,AMER ASSOC CANCER RESEARCH,138,0.09574690005651904,0.035508492694822744,0.23344267040608518
2022,8,AMER ECONOMIC ASSOC,29,0.0,0.0,0.47551255160790445
2022,8,AMER ASSOC ADVANCEMENT SCIENCE,366,0.041289729808863675,0.01558754820528887,0.10485777866821444
2022,8,AMER COLL PHYSICIANS,43,0.07462108870501559,0.012978519279628021,0.33088964416937916
2022,8,AMER DIABETES ASSOC,58,0.1905246530640503,0.07240763051566071,0.4150982252433514
2022,8,AMER INST MATHEMATICAL SCIENCES-AIMS,32,0.0,0.0,0.385466344595833
2022,7,TAYLOR & FRANCIS LTD,784,0.05678720571247684,0.03598772656359837,0.08850430668029023
2022,8,"AMER OCCUPATIONAL THERAPY ASSOC, INC",10,0.0,0.0,0.6206193606286226
2022,7,SPRINGER HEIDELBERG,796,0.02894902869192245,0.015747664390117207,0.052625465390686604
2022,8,AIP Publishing,425,0.025118221617452988,0.009917269875746327,0.062156103288767556
2022,8,"AMER PSYCHIATRIC PUBLISHING, INC",18,0.0,0.0,0.5802750328458773
2022,8,AMER PUBLIC HEALTH ASSOC INC,21,0.0,0.0,0.7435210334474575
2022,8,AMER ROENTGEN RAY SOC,40,0.06481802667424134,0.00017330781228942836,0.9651743037898415
2022,8,AMER SOC CELL BIOLOGY,25,0.09071660893418948,0.0060485651758115655,0.6205856077783923
2022,8,AMER PHYTOPATHOLOGICAL SOC,98,0.0,0.0,0.20139788546629234
2022,8,AMER METEOROLOGICAL SOC,74,0.05139104544924498,0.013987258022581878,0.17142764055152418
2022,8,AMER PHYSIOLOGICAL SOC,121,0.21580409546983154,0.12582867459748226,0.34474475398397003
2022,8,AMER SOC NEURORADIOLOGY,26,0.02282890242196382,2.87610070964135e-07,0.9994733202965098
2022,8,AMER THORACIC SOC,31,0.33043731795553233,0.08282979326998734,0.7295004683605183
2022,8,AMER SOC CLINICAL INVESTIGATION INC,79,0.1455357281103462,0.055180432165318864,0.3318741808950682
2022,8,Accscience Publishing,11,0.0,0.0,0.5959431772763945
2022,8,AMER PSYCHOLOGICAL ASSOC,82,0.050775700900006694,0.00990408531989275,0.2224233055724404
2022,8,AMER SOC HEMATOLOGY,67,0.15227335534797037,0.05928651039451264,0.33860767724539964
2022,8,ASSOC RESEARCH VISION OPHTHALMOLOGY INC,32,0.1943406764106934,0.059893058644578424,0.47734962083426696
2022,8,BIOSCIENTIFICA LTD,11,0.12054525378460246,0.00264166718502603,0.8764405150965605
2022,8,AMER SOC NEPHROLOGY,91,0.14429356098880264,0.07209095065495315,0.26793010222319735
2022,8,BENTHAM SCIENCE PUBL LTD,14,0.0,0.0,0.20958196980851684
2022,8,AMER SPEECH-LANGUAGE-HEARING ASSOC,71,0.10880979882131124,0.038676644103307775,0.27035187674141653
2022,8,ASCE-AMER SOC CIVIL ENGINEERS,79,0.06549200438505573,0.017399112628191906,0.2171418960204543
2022,8,ANNUAL REVIEWS,80,0.03240317334816205,0.00473134800889759,0.19087792302431625
2022,8,AMER SOC MICROBIOLOGY,170,0.08438700493132767,0.03344770296086993,0.19708584163865173
2022,8,ASSOC COMPUTING MACHINERY,109,0.02006168885427806,0.0028726976063107755,0.12700222745267065
2022,8,BAISHIDENG PUBLISHING GROUP INC,107,0.02111574022840523,0.0031453727218949856,0.1285190591022175
2022,8,BRILL,35,0.0,0.0,0.3789271458517804
2022,8,BRAZILIAN SOC UROL,13,0.07924044629682438,0.005930887533088814,0.5538425957947487
2022,8,BRITISH EDITORIAL SOC BONE & JOINT SURGERY,19,0.0,0.0,0.466718467613282
2022,8,C EJ PUBLISHING GROUP,17,0.0,0.0,0.2873958597896451
2022,8,AMER MEDICAL ASSOC,580,0.04904571590686277,0.02715426179086244,0.08700738615524128
2022,8,AMER GEOPHYSICAL UNION,507,0.023773603766131152,0.009770261200201951,0.05669821595707727
2022,8,"CHINA UNIV GEOSCIENCES, BEIJING",14,0.0,0.0,0.529221628283424
2022,8,"CHINA UNIV GEOSCIENCES, WUHAN",18,0.0,0.0,0.5213053694917615
2022,8,CHINESE CHEMICAL SOC,12,0.0,0.0,0.567294376919354
2022,8,CHURCHILL LIVINGSTONE INC MEDICAL PUBLISHERS,39,0.0,0.0,0.35717255655398583
2022,8,CHINESE LASER PRESS,28,0.02785050615969113,0.0001481773049825871,0.8470483478606528
2022,8,COLEGIO OFICIAL DE PSICOLOGOS DE ASTURIAS,15,0.0,0.0,0.6998846020730524
2022,8,CMA-CANADIAN MEDICAL ASSOC,30,0.0,0.0,0.5770400414194737
2022,8,CENTERS DISEASE CONTROL & PREVENTION,58,0.067962453655873,0.011628768885615263,0.3112548829205538
2022,8,"COLD SPRING HARBOR LAB PRESS, PUBLICATIONS DEPT",39,0.08356820129960049,0.011948575901296362,0.40744771578731814
2022,8,COGITATIO PRESS,19,0.07164008427363008,0.008737065841104959,0.4032060753368392
2022,8,COMPANY BIOLOGISTS LTD,49,0.17761042866318966,0.053158803909118146,0.45378338323252554
2022,8,CSIRO PUBLISHING,15,0.0,0.0,0.31187630755426965
2022,8,CURRENT MEDICINE GROUP,10,0.0,0.0,0.9871611353700757
2022,8,CURRENT BIOLOGY LTD,41,0.09576479790082548,0.016067766902508437,0.4071772470026994
2022,8,CHURCHILL LIVINGSTONE,117,0.13120278528642695,0.06576958120625202,0.24468455747016143
2022,8,EDITURA ASE,17,0.0,0.0,0.5833602563118767
2022,8,EDUCATIONAL PUBLISHING FOUNDATION-AMERICAN PSYCHOLOGICAL ASSOC,14,0.0,0.0,0.7083031886067003
2022,8,DUKE UNIV PRESS,74,0.04445950123578792,0.00502372210786503,0.30009424097857207
2022,8,ACADEMIC PRESS INC ELSEVIER SCIENCE,1307,0.041555133073454695,0.027659376325041264,0.06198691561846652
2022,8,DOVE MEDICAL PRESS LTD,120,0.0826122090925021,0.028551045064188513,0.2162507698693177
2022,8,ACADEMIC PRESS LTD- ELSEVIER SCIENCE LTD,800,0.030784228982689555,0.016387307748280896,0.05709524701974321
2022,8,COPERNICUS GESELLSCHAFT MBH,256,0.026418331306904654,0.009663987241351516,0.07016163090385015
2022,8,CAMBRIDGE UNIV PRESS,569,0.03548748240863808,0.01823767248246549,0.06792395144358836
2022,8,EDP SCIENCES S A,203,0.0060685362740598705,0.0008378883021349487,0.04256138914590558
2022,7,WILEY-V C H VERLAG GMBH,1319,0.012433343271587051,0.004611742630092816,0.033079668931581284
2022,8,AMER PHYSICAL SOC,816,0.012349020822931843,0.00364673669384746,0.040963958533017285
2022,8,ELSEVIER ADVANCED TECHNOLOGY,95,0.0,0.0,0.11040837429739521
2022,8,ELSEVIER ESPANA,29,0.03476399465232446,0.0003407264093524366,0.7919152769169521
2022,8,ELSEVIER INC,41,0.0,0.0,0.18337276984875803
2022,8,"ELSEVIER MASSON, CORP OFF",20,0.0683188703682247,0.009848417745937562,0.35090535979811516
2022,8,ELSEVIER GMBH,126,0.15253699527004808,0.07981071152435719,0.27194863749731013
2022,8,BMJ PUBLISHING GROUP,943,0.05353651555622868,0.0336027261310643,0.08426433355758206
2022,8,ELSEVIER SCIENCE LONDON,41,0.0,0.0,0.14126058060253965
2022,8,ELSEVIER FRANCE-EDITIONS SCIENTIFIQUES MEDICALES ELSEVIER,375,0.06946666757901762,0.03813696245248019,0.12323632710870505
2022,8,ELSEVIER SINGAPORE PTE LTD,14,0.0,0.0,0.6097779562749428
2022,8,ELSEVIER TAIWAN,65,0.036576085162507904,0.0014818714447063443,0.49269270213101196
2022,8,EUR CENTRE DIS PREVENTION & CONTROL,16,0.0,0.0,0.6561350840867849
2022,8,EUROPEAN MATHEMATICAL SOC-EMS,28,0.0,0.0,0.3169830826978625
2022,8,EUROPA EDITION,14,0.0,0.0,0.670643437756041
2022,8,EXCERPTA MEDICA INC-ELSEVIER SCIENCE INC,20,0.0,0.0,0.5544106942297207
2022,8,ENDOCRINE SOC,45,0.0022522423643796577,9.96127074760153e-29,1.0
2022,8,FOUNDATION REHABILITATION INFORMATION,11,0.359835336251795,0.0572118996763861,0.8388804853238272
2022,8,FERRATA STORTI FOUNDATION,33,0.0,0.0,0.48110465660525237
2022,8,ELSEVIER IRELAND LTD,605,0.1057378881749589,0.07389607863060899,0.14909147399949482
2022,8,EUROPEAN RESPIRATORY SOC JOURNALS LTD,47,0.10567402736418084,0.02726726262983937,0.3324777407900417
2022,7,SPRINGER,3142,0.060922407657726795,0.049441275065924925,0.07485969495788394
2022,8,FUTURE MEDICINE LTD,15,0.14349634125102376,0.004880867398099934,0.8512503287600609
2022,8,HARBORSIDE PRESS,10,0.0,0.0,1.0
2022,8,GEOSCIENCEWORLD,32,0.0,0.0,0.2773803183619053
2022,8,HIGHER EDUCATION PRESS,59,0.0,0.0,0.27818935400528555
2022,8,"GEOLOGICAL SOC AMER, INC",35,0.07717360165292037,0.011912049558731286,0.36713067716079995
2022,8,HUMAN KINETICS PUBL INC,18,0.08275084756595001,0.011460352389093712,0.4124722678137128
2022,8,BMC,1746,0.05998747988728606,0.04524237290332562,0.07913987963019822
2022,8,HINDAWI LTD,56,0.03449272335948482,0.005060513233754621,0.20059231460924587
2022,8,GEORG THIEME VERLAG KG,69,0.05178876407708834,0.0075360807475505515,0.2820491508696174
2022,8,IGI GLOBAL,17,0.0,0.0,0.4363902723804895
2022,8,INFORMS,58,0.0,0.0,0.18825726734957196
2022,8,INT SCIENTIFIC RESEARCH PUBLICATIONS,13,0.0,0.0,0.37033693293577286
2022,8,INST MATHEMATICAL STATISTICS-IMS,35,0.0,0.0,0.08063106501895483
2022,8,CELL PRESS,1542,0.07781903813905953,0.056664861546367386,0.1059832533341577
2022,8,INT UNION AGAINST TUBERCULOSIS LUNG DISEASE (I U A T L D),11,0.11606224342247061,0.0036400132364317207,0.8251448840103696
2022,8,"INST MATERIA MEDICA, CHINESE ACAD MEDICAL SCIENCES",29,0.12144601170370724,0.019052094326671716,0.4959318975434201
2022,8,INT UNION CRYSTALLOGRAPHY,31,0.14463735066548075,0.04711282808032599,0.3664119531635211
2022,8,INTER-RESEARCH,28,0.15735311302823415,0.04805937529743216,0.4085299691357469
2022,8,INT SOC GLOBAL HEALTH,25,0.07407470234762496,0.008723074396764448,0.42106163991167395
2022,8,JOHN BENJAMINS PUBLISHING CO,18,0.0,0.0,0.3207209639860288
2022,8,EMERALD GROUP PUBLISHING LTD,455,0.06914719699549081,0.04141096169429918,0.1132655553972805
2022,8,KARGER,19,0.0,0.0,0.6112197362520844
2022,8,JOURNAL MATER SCI TECHNOL,39,0.0,0.0,0.3601218233535741
2022,8,JOURNAL OF CENTRAL SOUTH UNIV,27,0.0,0.0,0.1853642176132079
2022,8,JOHN WILEY & SONS INC,34,0.3008619868150016,0.11739484494013072,0.5819885370912476
2022,8,IEEE COMPUTER SOC,201,0.02255890180053563,0.006244501045729471,0.07814465801132092
2022,8,KERMAN UNIV MEDICAL SCIENCES,12,0.0,0.0,0.726599226550005
2022,8,KOREAN INST METALS MATERIALS,12,0.2142895595268144,0.03960870046721456,0.6433127637551882
2022,8,KOREAN SOC ANESTHESIOLOGISTS,11,0.0,0.0,0.9529016685698325
2022,8,KOREAN SOC HORTICULTURAL SCIENCE,12,0.0,0.0,0.7270123080730794
2022,8,KOREAN NUCLEAR SOC,41,0.0,0.0,0.26851554626095964
2022,8,KOREAN FIBER SOC,61,0.08452065934870481,0.02123999071508522,0.28201206874380264
2022,8,LIFE SCIENCE ALLIANCE LLC,29,0.07203367482490192,0.010394235396345921,0.36455035156066834
2022,8,"JMIR PUBLICATIONS, INC",128,0.04274236178450994,0.012060047670944814,0.14039171185686433
2022,8,JOHN WILEY & SONS LTD,134,0.08584968898279642,0.03727070134151722,0.18554384874565752
2022,8,MAGNOLIA PRESS,13,0.0,0.0,0.8338243532426816
2022,8,MANAGED CARE & HEALTHCARE COMMUNICATIONS LLC,12,0.0,0.0,0.8994047755011065
2022,8,MASSACHUSETTS MEDICAL SOC,81,0.04672826852480574,0.00680660962890114,0.2595958608933181
2022,8,"MARY ANN LIEBERT, INC",139,0.03978084182556599,0.010793666992646151,0.13591882778712266
2022,8,MEDYCYNA PRAKTYCZNA SP K SP ZOO,17,0.0,0.0,0.5986776948842985
2022,8,KEAI PUBLISHING LTD,323,0.025141445284409678,0.006990556927847866,0.08632391438384839
2022,8,NONFERROUS METALS SOC CHINA,23,0.0,0.0,0.4428162118406344
2022,8,NATURE PUBL GROUP,21,0.11342992973232287,0.016744326478252494,0.4901162738492263
2022,8,MOSBY-ELSEVIER,455,0.08523383434184231,0.054555399197030785,0.1307775373985395
2022,8,Optica Publishing Group,32,0.0,0.0,0.3891175506333744
2022,8,PALGRAVE MACMILLAN LTD,24,0.0,0.0,0.5070142166840342
2022,8,PEERJ INC,25,0.0,0.0,0.2658379169243511
2022,8,NATL ACAD SCIENCES,419,0.03639963474498861,0.016069700576514745,0.08034887422172157
2022,8,ELSEVIER SCIENCE SA,1702,0.035899323606339295,0.024173891187586984,0.05300320562992261
2022,8,PHYSICIANS POSTGRADUATE PRESS,10,0.056220154729833424,0.000535690307214917,0.8687764291356525
2022,8,PROJECT HOPE,20,0.18169319667355155,0.03857110791920682,0.551338811520581
2022,8,POLISH CARDIAC SOC,14,0.19873036859612805,0.014520139705559331,0.8067602655894467
2022,8,PORTLAND PRESS LTD,21,0.04610431606002318,0.00013858188673937754,0.9439915728888039
2022,8,ROCKEFELLER UNIV PRESS,47,0.0,0.0,0.2467993623426519
2022,8,RADIOLOGICAL SOC NORTH AMERICA (RSNA),57,0.0,0.0,0.3133577329304263
2022,8,AMER CHEMICAL SOC,3625,0.03304362501040492,0.024630351619043492,0.0442004854226895
2022,8,SHANGHAI JIAO TONG UNIV PRESS,24,0.0,0.0,0.37268440066020453
2022,8,SCIPOST FOUNDATION,34,0.0,0.0,0.21280152443206168
2022,8,SOC EXPLORATION GEOPHYSICISTS - SEG,21,0.0,0.0,0.5216296336595496
2022,8,SOC PETROLEUM ENG,14,0.0,0.0,0.36774209711974143
2022,8,SOC NUCLEAR MEDICINE INC,14,0.1366727199343566,0.010959731861538431,0.6934073939436622
2022,8,SPANDIDOS PUBL LTD,21,0.0,0.0,0.28316265746423686
2022,8,IOP Publishing Ltd,887,0.008726304207303958,0.002829984763328933,0.026580234474577167
2022,8,"SOC ECONOMIC GEOLOGISTS, INC",17,0.08943008573426586,0.013167118326849614,0.41959186797741405
2022,8,SOC NEUROSCIENCE,48,0.08210477588808682,0.019472329742545383,0.28718859926885903
2022,8,ELSEVIER SCIENCE INC,2275,0.0559139630040909,0.04322926300888012,0.07204046255020406
2022,8,OXFORD UNIV PRESS INC,725,0.04078649318011737,0.02278921110762967,0.0719502613909555
2022,8,SIAM PUBLICATIONS,100,0.019736245460932257,0.002958884191693753,0.12017754514001407
2022,8,ROYAL SOC,230,0.016188313218674606,0.0029037601772038974,0.08506408811342732
2022,8,SCIENCE PRESS,230,0.015180867074509883,0.00243580106469885,0.0886845509951691
2022,8,SPRINGER FRANCE,28,0.10238325718528456,0.02581015920738396,0.32933330237414504
2022,8,SPRINGER LONDON LTD,53,0.0,0.0,0.24758139769108797
2022,8,SPRINGER SINGAPORE PTE LTD,48,0.0,0.0,0.32518267718505517
2022,8,IEEE-INST ELECTRICAL ELECTRONICS ENGINEERS INC,2352,0.04956833056631927,0.03674198165058243,0.06656285232307213
2022,8,SPRINGER JAPAN KK,44,0.1671749041296069,0.06557600423206696,0.36474091100776446
2022,8,SPRINGER WIEN,122,0.003997863620891442,1.0606289677316452e-08,0.9993421266796693
2022,8,TARU PUBLICATIONS,15,0.0,0.0,0.764823365531533
2022,8,TAYLOR & FRANCIS AS,11,0.18487062841578067,0.0274080727423075,0.6460556329759216
2022,8,SPRINGER-VERLAG ITALIA SRL,92,0.06030747934047178,0.019021047878427764,0.17520353170502395
2022,8,LIPPINCOTT WILLIAMS & WILKINS,2105,0.0748173723455302,0.059977099860284475,0.09296645768763119
2022,8,TERMEDIA PUBLISHING HOUSE LTD,18,0.0,0.0,0.7462602660484935
2022,8,"UNIV KRAGUJEVAC, FAC SCIENCE",34,0.0,0.0,0.2490032537970838
2022,8,UNIV CHICAGO PRESS,36,0.0,0.0,0.29701312597163104
2022,8,US DEPT HEALTH HUMAN SCIENCES PUBLIC HEALTH SCIENCE,12,0.0,0.0,0.7464718962995602
2022,8,SAGE PUBLICATIONS INC,720,0.07515848554097074,0.049885526577566536,0.11172953777700202
2022,8,VEREIN FORDERUNG OPEN ACCESS PUBLIZIERENS QUANTENWISSENSCHAF,17,0.0,0.0,0.517997520383061
2022,8,VILNIUS GEDIMINAS TECH UNIV,14,0.03901449382507494,2.4012081604954273e-05,0.9856404614423191
2022,8,SPRINGER INT PUBL AG,180,0.02513320224425696,0.006497921146911698,0.09224986876608503
2022,8,SPRINGER BASEL AG,141,0.016951502481530673,0.002454805082069047,0.1078056546743908
2022,8,SPRINGER/PLENUM PUBLISHERS,202,0.053590228423557755,0.022342838707365188,0.1230386292295454
2022,8,WAGENINGEN ACADEMIC PUBLISHERS,14,0.10349574426173912,0.01419753064791423,0.4806204269125654
2022,8,TSINGHUA UNIV PRESS,188,0.035471853539731285,0.007194837268536195,0.15727719406146345
2022,8,WALTER DE GRUYTER GMBH,123,0.0064561287764382845,1.3109155190083646e-07,0.9969050169710553
2022,8,SAGE PUBLICATIONS LTD,489,0.030716048716978094,0.013444789807477448,0.06863062919240585
2022,8,W B SAUNDERS CO LTD,105,0.0513225317742579,0.013639812179868089,0.1746751214536498
2022,8,"ROUTLEDGE JOURNALS, TAYLOR & FRANCIS LTD",993,0.028098436493474658,0.013222977545367828,0.05871265702011111
2022,8,W B SAUNDERS CO-ELSEVIER INC,198,0.11177401840578949,0.05915299163801812,0.20119524774162373
2022,8,SPRINGER HEIDELBERG,857,0.03900768109389319,0.02232841645763143,0.0672887871417274
2022,8,ZHEJIANG UNIV PRESS,16,0.0,0.0,0.29537020812994497
2022,9,ACAD MEDICINE SINGAPORE,12,0.0,0.0,0.6687980767335561
2022,8,TAYLOR & FRANCIS INC,472,0.054035019955517405,0.028978869524362395,0.09855670355959929
2022,8,WORLD SCIENTIFIC PUBL CO PTE LTD,112,0.025641327929901505,0.006418968688032351,0.09681810417575892
2022,8,WOLTERS KLUWER MEDKNOW PUBLICATIONS,83,0.13578158409353563,0.0627730276342757,0.2693041529598497
2022,9,ACTA DERMATO-VENEREOLOGICA,21,0.0,0.0,0.5508063852223825
2022,9,AME PUBLISHING COMPANY,21,0.0,0.0,0.5822043860221662
2022,9,ACOUSTICAL SOC AMER AMER INST PHYSICS,63,0.06089452582891719,0.015706063520627454,0.20854943422942124
2022,9,AMER ACAD SLEEP MEDICINE,18,0.0,0.0,0.5938485973618138
2022,9,AKADEMIAI KIADO ZRT,14,0.16619766714965384,0.02530681316469013,0.6047775783234806
2022,8,PUBLIC LIBRARY SCIENCE,1787,0.04941514500045554,0.03597321211211425,0.0675280236068698
2022,9,ADIS INT LTD,93,0.010034584051191335,8.201003055497058e-06,0.9260802556496944
2022,8,SPRINGERNATURE,1060,0.0748300648535701,0.05379923771373354,0.10318557259575929
2022,8,FRONTIERS MEDIA SA,2898,0.06564373800837046,0.05323491907179397,0.08069845658865693
2022,9,AMER ACAD PEDIATRICS,39,0.14198800057084762,0.043390072772862096,0.37646354020429235
2022,9,AMER ASSOC CRITICAL CARE NURSES,12,0.0,0.0,0.5542647899745862
2022,9,AMER ASSOC NEUROLOGICAL SURGEONS,67,0.0,0.0,0.08997006399327057
2022,8,eLIFE SCIENCES PUBL LTD,169,0.020531168297569954,0.003191232875266038,0.12068270886433738
2022,8,WILEY-HINDAWI,408,0.08670538448825113,0.05161967862544354,0.1420663666954222
2022,8,TAYLOR & FRANCIS LTD,747,0.07218191250276547,0.047282320982909784,0.1086979699255525
2022,9,AMER ECONOMIC ASSOC,47,0.0,0.0,0.2934166898010455
2022,9,AMER DIABETES ASSOC,55,0.20893891202996226,0.09505736670995976,0.39908584124383456
2022,9,AMER COLL PHYSICIANS,46,0.12506240276226557,0.039356614812539596,0.332757339847364
2022,9,AMER INST AERONAUTICS ASTRONAUTICS,10,0.0,0.0,0.6303655249081089
2022,7,WILEY,5384,0.043127289672177896,0.03525874120093529,0.05265598702198004
2022,9,AMER INST MATHEMATICAL SCIENCES-AIMS,41,0.0,0.0,0.2743242521039906
2022,9,AMER ASSOC ADVANCEMENT SCIENCE,417,0.06710037613823777,0.03308448799424416,0.13133921047635036
2022,9,AMER MATHEMATICAL SOC,38,0.22752280074969566,0.09945606923148767,0.43993615899490296
2022,9,AMER ASSOC CANCER RESEARCH,344,0.14119464304728263,0.09648217378093865,0.20199558974563164
2022,9,"AMER OCCUPATIONAL THERAPY ASSOC, INC",29,0.0,0.0,0.5145039674542979
2022,9,"AMER PSYCHIATRIC PUBLISHING, INC",34,0.0,0.0,0.31812915570556566
2022,9,AMER METEOROLOGICAL SOC,79,0.03837779052124836,0.0068504552803972905,0.1875941250337429
2022,9,AMER PUBLIC HEALTH ASSOC INC,21,0.0,0.0,0.23346018230084473
2022,9,AMER SOC CELL BIOLOGY,14,0.0,0.0,0.782801759767881
2022,9,AMER ROENTGEN RAY SOC,35,0.0,0.0,0.5168423070097915
2022,9,AMER PHYTOPATHOLOGICAL SOC,69,0.0,0.0,0.1079302098187521
2022,9,AMER SOC HEMATOLOGY,49,0.0,0.0,0.3831203246781113
2022,9,AMER SOC CLINICAL INVESTIGATION INC,95,0.2500797806534935,0.13907809943075253,0.40771838405621763
2022,9,AMER PHYSIOLOGICAL SOC,96,0.13288947229002004,0.05438994554988941,0.28994597597451327
2022,9,AMER SPEECH-LANGUAGE-HEARING ASSOC,33,0.0,0.0,0.22276316645430513
2022,9,ANNALS FAMILY MEDICINE,19,0.0,0.0,0.5584347951198411
2022,9,AMER SOC PHARMACOLOGY EXPERIMENTAL THERAPEUTICS,15,0.13088604881750643,0.019703033917969924,0.5301604909605112
2022,9,AMER SOC NEURORADIOLOGY,31,0.062185016142415256,0.009232841064493996,0.32056761926068233
2022,9,AMER THORACIC SOC,51,0.16299546986158095,0.046143608649596025,0.4394339924714701
2022,9,ASIAN-AUSTRALASIAN ASSOC ANIMAL PRODUCTION SOC,13,0.16843016913493847,0.024365155428714088,0.6216003023425862
2022,9,ANNUAL REVIEWS,111,0.0,0.0,0.2058591983573013
2022,9,ASSOC RESEARCH VISION OPHTHALMOLOGY INC,20,0.4510834890085184,0.19108089394622868,0.7408544340857459
2022,9,ATHABASCA UNIV PRESS,15,0.1353893106567946,0.008780047348342689,0.7346227708324982
2022,9,BIOSCIENTIFICA LTD,10,0.0,0.0,0.8629048000621504
2022,9,BENTHAM SCIENCE PUBL LTD,18,0.34783178092862516,0.09982774781857308,0.7194979896387214
2022,9,AMER PSYCHOLOGICAL ASSOC,127,0.052587614515231376,0.018008382082201194,0.1438391972701011
2022,9,BAISHIDENG PUBLISHING GROUP INC,68,0.0,0.0,0.085680429077772
2022,9,AMER SOC NEPHROLOGY,59,0.027709576625790943,0.003936787123923556,0.17046898057996007
2022,9,ACADEMIC PRESS LTD- ELSEVIER SCIENCE LTD,743,0.052917033680883276,0.03396536033037629,0.08155051007628047
2022,9,AMER SOC MICROBIOLOGY,136,0.07776035361492477,0.026542033670273996,0.20681664054930257
2022,9,ASCE-AMER SOC CIVIL ENGINEERS,86,0.01735622581153016,0.002198244794208958,0.1240422760615794
2022,9,AIP Publishing,503,0.036795206659741744,0.019559453460617104,0.06816314991146234
2022,9,BRILL,15,0.0,0.0,0.4250454732604733
2022,9,C EJ PUBLISHING GROUP,15,0.0,0.0,0.6152091606693834
2022,9,ASSOC COMPUTING MACHINERY,117,0.03499521534009039,0.00929710659710532,0.1229127228030737
2022,9,BRITISH EDITORIAL SOC BONE & JOINT SURGERY,38,0.09213661970761011,0.02528214335259508,0.2842263283672133
2022,9,"CHINA UNIV GEOSCIENCES, BEIJING",11,0.0,0.0,0.6502267951224984
2022,9,CHINESE LASER PRESS,28,0.0,0.0,0.4795162759631589
2022,9,CENTERS DISEASE CONTROL & PREVENTION,53,0.0,0.0,0.18147720834025782
2022,9,CHINESE CHEMICAL SOC,14,0.0,0.0,0.5417593827448189
2022,9,CODON PUBLICATIONS,12,0.0,0.0,0.6825546000494583
2022,9,COGITATIO PRESS,17,0.0,0.0,0.39661723393285764
2022,9,"COLD SPRING HARBOR LAB PRESS, PUBLICATIONS DEPT",34,0.0,0.0,0.4352430163103034
2022,9,COLL AMER PATHOLOGISTS,17,0.0,0.0,0.3609721716450503
2022,9,CMA-CANADIAN MEDICAL ASSOC,25,0.2624061799349589,0.06878016328008056,0.6314821742130005
2022,9,Cherkas Global Univ Press,38,0.0,0.0,0.3808654608960463
2022,9,CSIRO PUBLISHING,18,0.1588878622824926,0.031484515083437345,0.523287145462397
2022,9,CURRENT BIOLOGY LTD,42,0.0,0.0,0.2966580382236132
2022,9,CHURCHILL LIVINGSTONE INC MEDICAL PUBLISHERS,43,0.07378425438698157,0.0184416774973167,0.25248633987562547
2022,9,COMPANY BIOLOGISTS LTD,50,0.16114945657072632,0.05928238072123342,0.3693352233714454
2022,9,DUKE UNIV PRESS,33,0.0,0.0,0.40983338767831595
2022,9,EDICIONES PROFESIONALES INFORMACION SL-EPI,11,0.0,0.0,0.7497776309570534
2022,9,EDIZIONI MINERVA MEDICA,22,0.24941780508535427,0.0630005304346662,0.6215423998065756
2022,9,EDUCATIONAL PUBLISHING FOUNDATION-AMERICAN PSYCHOLOGICAL ASSOC,21,0.09715060148758163,0.004488824333636192,0.7197211281551338
2022,9,CHURCHILL LIVINGSTONE,150,0.1488191036415549,0.08458382993021767,0.24858921840567275
2022,9,AMER MEDICAL ASSOC,554,0.02647399738845992,0.010928899988034957,0.06272789094473553
2022,8,NATURE PORTFOLIO,3366,0.057457330836364666,0.045852964401435076,0.07177757749191029
2022,9,AMER GEOPHYSICAL UNION,520,0.025902974443903534,0.010265128958417559,0.06382713501722975
2022,9,DOVE MEDICAL PRESS LTD,153,0.08807216541203143,0.03820379849032582,0.19016459992850676
2022,8,WILEY-V C H VERLAG GMBH,1335,0.03328072977433089,0.01870861994251192,0.05852608240534278
2022,9,ACADEMIC PRESS INC ELSEVIER SCIENCE,1265,0.06420054861750293,0.04678516290088697,0.08750356189453128
2022,9,ELSEVIER ESPANA SLU,12,0.16760471872532173,0.01121998225431181,0.781320353630946
2022,9,ELSEVIER ESPANA,27,0.3305573522139538,0.11352759462271791,0.6556285275345469
2022,9,COPERNICUS GESELLSCHAFT MBH,276,0.016909101999393716,0.004451862425663058,0.062051630729223026
2022,9,ELSEVIER INC,38,0.0,0.0,0.20775752489700328
2022,9,EDP SCIENCES S A,202,0.006549146913110857,0.0008332840138169328,0.049529098733053105
2022,9,ELSEVIER ADVANCED TECHNOLOGY,99,0.0890383157267213,0.029885531921123944,0.2367052614290813
2022,9,"ELSEVIER MASSON, CORP OFF",15,0.09154841525841394,0.012676026630139857,0.4416516541192499
2022,9,CAMBRIDGE UNIV PRESS,531,0.02308942527229353,0.009830455842891325,0.05326953249640724
2022,9,ELSEVIER GMBH,162,0.12929617265733764,0.07020513699269819,0.2260327090489543
2022,8,OXFORD UNIV PRESS,3574,0.051795286715092675,0.04193305288865075,0.06382250359489332
2022,9,ELSEVIER FRANCE-EDITIONS SCIENTIFIQUES MEDICALES ELSEVIER,415,0.06299621564348097,0.033515622567161237,0.11531421070140746
2022,9,CELL PRESS,1367,0.07401469394643148,0.05195495711544103,0.10440931659555511
2022,9,ELSEVIER IRELAND LTD,560,0.1274059071824519,0.09267435937410326,0.17267660084216718
2022,9,ELSEVIER SCIENCE LONDON,52,0.06256518757940194,0.015731789062586193,0.21794856296577017
2022,9,ELSEVIER SINGAPORE PTE LTD,23,0.0,0.0,0.40190388701421875
2022,9,EUROPEAN MATHEMATICAL SOC-EMS,41,0.0,0.0,0.2752616289399806
2022,9,FERRATA STORTI FOUNDATION,20,0.0,0.0,0.4244878704973544
2022,9,EUR CENTRE DIS PREVENTION & CONTROL,19,0.11476553779807545,0.008907697337652407,0.6515749549581586
2022,9,ELSEVIER TAIWAN,52,0.16333200831195602,0.06273267523052159,0.36280769305454924
2022,9,EXCERPTA MEDICA INC-ELSEVIER SCIENCE INC,35,0.0700177989781984,0.010680328148563872,0.3442936815775226
2022,9,AMER PHYSICAL SOC,796,0.014605988653021637,0.006082102760423257,0.03465927441540447
2022,9,ENDOCRINE SOC,64,0.08313681837596,0.02298315188213145,0.25899498160008133
2022,9,EUROPEAN RESPIRATORY SOC JOURNALS LTD,66,0.06478906281640011,0.017058216583148635,0.21664045272109458
2022,9,FUTURE MEDICINE LTD,12,0.36622624885677685,0.04577161657043822,0.8743914045204007
2022,9,HARBORSIDE PRESS,10,0.2299454244371328,0.04894326870439281,0.6340597400586538
2022,9,GEOSCIENCEWORLD,13,0.09733625055711422,0.01347729184884537,0.4597927301480386
2022,9,GEORG THIEME VERLAG KG,72,0.0,0.0,0.2038949557096985
2022,9,HIGHER EDUCATION PRESS,47,0.010786870659449636,7.46268828736432e-07,0.9937631212236518
2022,9,"GEOLOGICAL SOC AMER, INC",29,0.05318546567576017,0.007432985920737583,0.2964481466937832
2022,9,HINDAWI LTD,62,0.02292218047990048,0.0008412734804887699,0.39528017867965104
2022,9,IGI GLOBAL,18,0.06383928619074458,0.0021660843188231246,0.6817506941859658
2022,9,INT SOC GLOBAL HEALTH,17,0.0,0.0,0.6527294424191042
2022,9,INFORMS,67,0.0,0.0,0.07220160101245675
2022,9,INT UNION AGAINST TUBERCULOSIS LUNG DISEASE (I U A T L D),10,0.0,0.0,0.9150294121440051
2022,9,INTER-RESEARCH,23,0.0,0.0,0.17434179188684484
2022,9,"INST MATERIA MEDICA, CHINESE ACAD MEDICAL SCIENCES",21,0.14634299015752372,0.021655239461912855,0.570394761701733
2022,9,INT UNION CRYSTALLOGRAPHY,33,0.06130528298830013,0.005328175717228585,0.44328398851798106
2022,9,BMJ PUBLISHING GROUP,1019,0.05999999792040011,0.04055715305326882,0.08790959813900308
2022,9,JAPAN NEUROSURGICAL SOC,12,0.0,0.0,0.8324989460289537
2022,9,EMERALD GROUP PUBLISHING LTD,398,0.06369455525576316,0.03429474982204775,0.11528900695789729
2022,9,JOHN WILEY & SONS INC,14,0.0,0.0,0.8163674754241869
2022,9,JOHN BENJAMINS PUBLISHING CO,25,0.08900325257268706,0.005933528576713341,0.615254086222175
2022,9,KARGER,10,0.0,0.0,0.30258827995180854
2022,9,JOURNAL OF CENTRAL SOUTH UNIV,20,0.0,0.0,0.5347881472546726
2022,9,KOREAN INST METALS MATERIALS,14,0.0,0.0,0.61894975839737
2022,9,KOREAN FIBER SOC,27,0.0,0.0,0.45229982427225535
2022,9,KOREAN SOC LABORATORY MEDICINE,16,0.0,0.0,0.4906517197203219
2022,9,KOREAN SOC NEPHROLOGY,13,0.0,0.0,0.5038292890394006
2022,9,KOREAN SOC PRECISION ENG,10,0.0,0.0,0.8490842423981858
2022,9,JOURNAL MATER SCI TECHNOL,46,0.0849707207059528,0.02383205299164418,0.26101582890217434
2022,9,KOREAN STROKE SOC,14,0.0,0.0,0.6357853663112243
2022,9,KOREAN NUCLEAR SOC,36,0.03946718124283315,0.002021960991927497,0.4545324735256299
2022,9,KOREAN SOCIETY ANIMAL SCIENCE & TECHNOLOGY,16,0.08497669709733117,0.01184105545647882,0.4185145874512563
2022,9,KOREAN SPINAL NEUROSURGERY SOC,32,0.055301176283529443,0.007824027309509058,0.30291757440689104
2022,9,LIFE SCIENCE ALLIANCE LLC,28,0.2169168886645217,0.04590372285590893,0.6146187969619026
2022,9,JOHN WILEY & SONS LTD,156,0.1483801234265207,0.08155283943747599,0.2547774361320922
2022,9,KEAI PUBLISHING LTD,330,0.0,0.0,0.06698299907530174
2022,9,"JMIR PUBLICATIONS, INC",118,0.06900708656027504,0.02243678074859491,0.19314175880081275
2022,9,MAGNOLIA PRESS,12,0.3001912195664872,0.054843505588306966,0.7602575118916622
2022,9,"MASARYKOVA UNIV, FAC SOCIAL STUDIES",11,0.2260116114839488,0.032530976060047935,0.7171867887414322
2022,9,MANAGED CARE & HEALTHCARE COMMUNICATIONS LLC,18,0.1490509656796123,0.015691326183847665,0.6580696186734896
2022,9,MASSACHUSETTS MEDICAL SOC,66,0.0,0.0,0.10552186386947722
2022,9,MATHEMATICAL SCIENCE PUBL,11,0.1443713012243524,0.020370653836817982,0.5779059151412553
2022,9,IEEE COMPUTER SOC,234,0.007042103197466407,0.0010013510946146435,0.047781338824418554
2022,8,SPRINGER,3559,0.04118281776944445,0.03233611772579658,0.05231898782496444
2022,9,"MARY ANN LIEBERT, INC",169,0.0961367976122589,0.042312164606110265,0.20385627891588232
2022,9,BMC,1865,0.0641671789992633,0.04951345528486041,0.08278003166674715
2022,9,MICROBIOLOGY SOC,17,0.0,0.0,0.5028799994990153
2022,9,MIT PRESS,30,0.0,0.0,0.4598331266838552
2022,8,ELSEVIER SCI LTD,6500,0.043075834198465696,0.03591068433540203,0.051594116152043165
2022,9,Medical Journal Sweden AB,12,0.0,0.0,0.6647635815649495
2022,9,NATL ATHLETIC TRAINERS ASSOC INC,13,0.20199470437940956,0.028620065658499387,0.6850034309627135
2022,9,NONFERROUS METALS SOC CHINA,25,0.0,0.0,0.47845871407513646
2022,9,ONLINE LEARNING CONSORTIUM,16,0.0,0.0,0.6887336817759822
2022,9,NATURE PUBL GROUP,16,0.0,0.0,0.6600560164415874
2022,9,NORTHEAST FORESTRY UNIV,15,0.01652716350178638,1.8422408096446517e-15,0.9999999999934766
2022,9,NATL ACAD SCIENCES,268,0.051862404273793836,0.021155613479874224,0.12160229721378335
2022,9,PACINI EDITORE,11,0.0,0.0,0.7908074829257882
2022,9,PALGRAVE MACMILLAN LTD,24,0.0,0.0,0.31427219879123924
2022,9,PEERJ INC,37,0.0,0.0,0.23752349749740892
2022,9,Optica Publishing Group,20,0.10315235470342457,0.01709160754309199,0.43206535361828874
2022,9,AMER CHEMICAL SOC,3561,0.03680491219719697,0.02768244062081956,0.048782776105167173
2022,9,PROJECT HOPE,16,0.0,0.0,0.6431838358578003
2022,9,PORTLAND PRESS LTD,20,0.0,0.0,0.5984050666079177
2022,9,PHYSICIANS POSTGRADUATE PRESS,15,0.0,0.0,0.5962975244448756
2022,9,MOSBY-ELSEVIER,404,0.09294544508688724,0.059749142916770165,0.14180385102964538
2022,9,IOP Publishing Ltd,806,0.02142526646082873,0.011125455736909415,0.040866452176312504
2022,9,RADIOLOGICAL SOC NORTH AMERICA (RSNA),43,0.0,0.0,0.35592775802759535
2022,9,ROY COLL PHYS LONDON EDITORIAL OFFICE,21,0.0,0.0,0.5610881442998009
2022,9,ROYAL SOC CHEMISTRY,22,0.05553474196552703,0.0006088358223089652,0.8501951797589731
2022,9,ROCKEFELLER UNIV PRESS,68,0.11085967131133048,0.03190872740343472,0.32048736525248084
2022,9,ELSEVIER SCIENCE SA,1707,0.04820258505397515,0.03459401520482161,0.06679410080858963
2022,9,ROYAL COLL GENERAL PRACTITIONERS,23,0.18115675046309976,0.04925667842240497,0.4857886231881926
2022,9,SCIPOST FOUNDATION,32,0.0,0.0,0.4030755619022482
2022,9,SHANGHAI JIAO TONG UNIV PRESS,17,0.0,0.0,0.404891974173722
2022,9,SIAM PUBLICATIONS,37,0.0,0.0,0.38939471277726356
2022,9,ROYAL SOC,198,0.0,0.0,0.1394713295729779
2022,9,SOC NUCLEAR MEDICINE INC,23,0.0,0.0,0.2943983608714551
2022,9,SPANDIDOS PUBL LTD,26,0.0,0.0,0.47044183411018026
2022,9,SOC EXPLORATION GEOPHYSICISTS - SEG,30,0.0,0.0,0.41588156224667694
2022,9,SOC PETROLEUM ENG,16,0.01612697616507198,3.211493479220891e-06,0.9881880861461738
2022,9,ELSEVIER SCIENCE INC,2452,0.05015230883523031,0.03818983551956454,0.06560627885362104
2022,9,SOC NEUROSCIENCE,60,0.11298521802126532,0.04094144630420094,0.27539902476627026
2022,9,SPRINGER FRANCE,15,0.08840847170695239,0.012219512452783918,0.43191997459134074
2022,9,SPRINGER-VERLAG ITALIA SRL,95,0.0,0.0,0.20432553436690026
2022,9,SPRINGER JAPAN KK,43,0.05135469221420275,0.0028995110012496957,0.5019380208324585
2022,9,SPRINGER WIEN,91,0.0,0.0,0.23489727314814005
2022,9,SPRINGER SINGAPORE PTE LTD,43,0.0161121873001618,1.2783692988672522e-05,0.9544991421234126
2022,9,SPRINGER LONDON LTD,45,0.07668838536137698,0.016176277914245446,0.29555982334993985
2022,9,SPRINGER BASEL AG,173,0.05286789950123738,0.018830015248463467,0.13967512308188157
2022,9,TERMEDIA PUBLISHING HOUSE LTD,25,0.12470548312760099,0.02448438326353345,0.44712826672479217
2022,9,US DEPT HEALTH HUMAN SCIENCES PUBLIC HEALTH SCIENCE,11,0.07406348579831311,0.0018038407642751327,0.7797595324525135
2022,9,UNIV CHICAGO PRESS,43,0.0,0.0,0.23526345153247707
2022,9,VEREIN FORDERUNG OPEN ACCESS PUBLIZIERENS QUANTENWISSENSCHAF,37,0.0,0.0,0.11488674500169567
2022,9,"UNIV TOMASE BATI & ZLINE, FAK MANAGEMENTU EKONOMIKY",10,0.11067680947112712,0.00852386934136768,0.6430511364890715
2022,9,SPRINGER/PLENUM PUBLISHERS,175,0.07339702608448821,0.02874335333815097,0.17492754665014626
2022,9,SCIENCE PRESS,252,0.014519845234810005,0.0026963645888150255,0.0743250970485253
2022,9,THIEME MEDICAL PUBL INC,63,0.0681279193091843,0.01873904225046186,0.21867789740722635
2022,9,WALTER DE GRUYTER GMBH,84,0.0824739371206328,0.025963148924597813,0.23261099194644536
2022,9,W B SAUNDERS CO LTD,70,0.09601000062615728,0.033640777652197494,0.24472714268699328
2022,9,SPRINGER INT PUBL AG,143,0.026125428451315734,0.0048065655693668155,0.12967983975253541
2022,9,W B SAUNDERS CO-ELSEVIER INC,216,0.06261782085192147,0.02642032274848409,0.14121486456140672
2022,9,TSINGHUA UNIV PRESS,189,0.016206269614728798,0.0025414810599853977,0.09625271537649607
2022,9,SAGE PUBLICATIONS INC,684,0.04182865470015869,0.022685301440204978,0.07587230818913038
2022,9,WROCLAW MEDICAL UNIV,17,0.0,0.0,0.5912474385819498
2022,10,ACAD MANAGEMENT,14,0.0,0.0,0.5967544869196346
2022,9,SAGE PUBLICATIONS LTD,508,0.03611827910819275,0.01787597826834524,0.07161917104829231
2022,10,ACAD MEDICINE SINGAPORE,14,0.24499843179017353,0.03993759160133315,0.7168204479537875
2022,9,ZHEJIANG UNIV PRESS,27,0.19285772965135758,0.0413092528560271,0.5698863962199125
2022,9,WOLTERS KLUWER MEDKNOW PUBLICATIONS,75,0.025667331292874216,0.003639429954498805,0.15965659623442147
2022,8,PERGAMON-ELSEVIER SCIENCE LTD,5712,0.04278045108626881,0.035208726982045156,0.05189291143881852
2022,10,ACTA DERMATO-VENEREOLOGICA,16,0.0,0.0,1.0
2022,10,AME PUBLISHING COMPANY,11,0.0,0.0,0.705069852238365
2022,10,AMER ACAD SLEEP MEDICINE,12,0.23933348758541725,0.009831016557783729,0.9088487975613185
2022,9,TAYLOR & FRANCIS INC,482,0.05531898544126277,0.02973952646458345,0.10061817494554975
2022,10,AMER ACAD PEDIATRICS,29,0.16972458920893316,0.04787624218859663,0.45386034474289366
2022,10,AMER ASSOC NEUROLOGICAL SURGEONS,56,0.0,0.0,0.06414375452824216
2022,10,ADIS INT LTD,82,0.06746647530517891,0.022690425542672286,0.1839685361629902
2022,9,WORLD SCIENTIFIC PUBL CO PTE LTD,140,0.02004605771880727,0.002968265174377522,0.1232355086806485
2022,9,TAYLOR & FRANCIS LTD,773,0.04589354224405595,0.026269759348899756,0.07898736734841512
2022,10,AMER ASSOC CANCER RESEARCH,160,0.11978998888113737,0.05806510128233266,0.23103620168461644
2022,9,"ROUTLEDGE JOURNALS, TAYLOR & FRANCIS LTD",1093,0.03137339497175908,0.015183706531106985,0.06370868843335911
2022,9,eLIFE SCIENCES PUBL LTD,188,0.08639252763256951,0.03904767133324203,0.18036772618193941
2022,10,AMER ECONOMIC ASSOC,25,0.0,0.0,0.49721748006405586
2022,10,AMER DIABETES ASSOC,29,0.06217200742297611,0.0021753468481530524,0.6684240853663465
2022,10,AMER INST AERONAUTICS ASTRONAUTICS,15,0.0,0.0,0.5741666733426228
2022,10,AMER COLL PHYSICIANS,65,0.049394834606140574,0.009058055584061264,0.22802367598538992
2022,10,AMER MATHEMATICAL SOC,38,0.3087706708602468,0.14465263135857262,0.5412626476127319
2022,10,AMER ASSOC ADVANCEMENT SCIENCE,316,0.06878640654049886,0.03088740464108013,0.14617362488703808
2022,10,AMER METEOROLOGICAL SOC,66,0.0024667120915274417,1.6713496724279815e-16,0.9999999999726671
2022,9,FRONTIERS MEDIA SA,3240,0.07261318579831433,0.060370856317459566,0.08710793594958488
2022,10,AMER PUBLIC HEALTH ASSOC INC,29,0.0,0.0,0.5034560669356003
2022,10,AMER SOC CELL BIOLOGY,10,0.0,0.0,0.8963876673213187
2022,10,AMER ROENTGEN RAY SOC,26,0.013931349869150522,6.431182140669992e-23,1.0
2022,10,"AMER PSYCHIATRIC PUBLISHING, INC",19,0.057690070494401086,0.004677854059287879,0.4436722843088705
2022,10,AMER SOC NEURORADIOLOGY,21,0.0,0.0,0.6820654349968931
2022,10,AMER SOC PHARMACOLOGY EXPERIMENTAL THERAPEUTICS,13,0.0,0.0,0.6806710300213955
2022,10,AMER SOC HEMATOLOGY,39,0.0039640634431124845,8.139542584075532e-20,0.9999999999999949
2022,9,WILEY-HINDAWI,455,0.06414812065880685,0.0365998202700009,0.11006284857084005
2022,9,SPRINGERNATURE,1049,0.0744719628297086,0.05346419607732986,0.10283751058002658
2022,10,AMER PHYTOPATHOLOGICAL SOC,84,0.07194604137384034,0.024025250489189843,0.19623159691045122
2022,10,AMER SOC CLINICAL INVESTIGATION INC,90,0.21354482429708993,0.10736331572105166,0.38003095396816344
2022,10,ASSOC RESEARCH VISION OPHTHALMOLOGY INC,27,0.0,0.0,0.49238677442969797
2022,10,Accscience Publishing,14,0.0,0.0,0.4428175306207173
2022,10,AMER THORACIC SOC,45,0.08982269582198991,0.012391915816718104,0.4369962080471815
2022,10,BENTHAM SCIENCE PUBL LTD,13,0.5686411624822978,0.15223143591214156,0.9063468718932443
2022,10,BAISHIDENG PUBLISHING GROUP INC,47,0.0,0.0,0.34463262341206286
2022,9,SPRINGER HEIDELBERG,813,0.03702905244779735,0.02186461051165742,0.062043830031745704
2022,10,AMER INST MATHEMATICAL SCIENCES-AIMS,116,0.028877355232146795,0.005307432690236747,0.14215997870480201
2022,10,BIOSCIENTIFICA LTD,16,0.0,0.0,0.6498076914586836
2022,10,ANNUAL REVIEWS,99,0.0036830058912626085,9.951249084741674e-14,0.9999999927177121
2022,10,AMER SOC MICROBIOLOGY,123,0.10212635927457217,0.04124073871355664,0.2312220759141709
2022,10,AMER SPEECH-LANGUAGE-HEARING ASSOC,58,0.07534372857842633,0.018704037613514787,0.2583450401593207
2022,10,AMER PHYSICAL SOC,708,0.0,0.0,0.011083127522867518
2022,10,AIP Publishing,420,0.02038681332141971,0.007244311950274161,0.05602662150164043
2022,10,AMER PHYSIOLOGICAL SOC,96,0.060325244381842384,0.015467045093879223,0.2078209475745445
2022,10,AMER SOC NEPHROLOGY,68,0.08271259084295352,0.027431450204219027,0.22376696034859728
2022,10,ASCE-AMER SOC CIVIL ENGINEERS,88,0.06210305303783491,0.010544024771507506,0.2915033341260603
2022,10,AMER PSYCHOLOGICAL ASSOC,85,0.03872650785638648,0.008710082339986346,0.15591483392987568
2022,10,ASSOC COMPUTING MACHINERY,105,0.026895231725673267,0.004120466353611844,0.15585140345524678
2022,8,MDPI,8466,0.050317662632149894,0.043502529212171175,0.058135566942907724
2022,10,BRITISH EDITORIAL SOC BONE & JOINT SURGERY,17,0.0,0.0,0.35310539866256746
2022,10,C EJ PUBLISHING GROUP,20,0.09381812182200658,0.013586904322764366,0.4376277867257456
2022,10,"CHINA UNIV GEOSCIENCES, WUHAN",21,0.0,0.0,0.3220750252343964
2022,10,"CHINA UNIV GEOSCIENCES, BEIJING",13,0.0,0.0,0.3965382057768241
2022,10,CENTERS DISEASE CONTROL & PREVENTION,53,0.0,0.0,0.4284221014922029
2022,9,IEEE-INST ELECTRICAL ELECTRONICS ENGINEERS INC,2509,0.045514566423694246,0.0336814949789436,0.061241395350348775
2022,10,COLL FAMILY PHYSICIANS CANADA,12,0.0,0.0,0.7351273718359433
2022,10,COLL AMER PATHOLOGISTS,18,0.3548195383125062,0.1130680540285606,0.7034825243022226
2022,10,"COLD SPRING HARBOR LAB PRESS, PUBLICATIONS DEPT",19,0.0,0.0,0.537499590047609
2022,10,CHINESE LASER PRESS,22,0.08506733441404818,0.012821749575327857,0.3996060072824005
2022,10,CMA-CANADIAN MEDICAL ASSOC,28,0.0914966966285776,0.012774015144409479,0.439422687708187
2022,9,OXFORD UNIV PRESS INC,1699,0.05816563705095183,0.04363411190520052,0.07714623553005831
2022,10,CSIRO PUBLISHING,27,0.0,0.0,0.24522544794179726
2022,10,CURRENT BIOLOGY LTD,30,0.05465724192248128,0.0029765351292589505,0.5282405853045443
2022,10,CHURCHILL LIVINGSTONE INC MEDICAL PUBLISHERS,46,0.06062506202225628,0.009984867287427583,0.2922744557579447
2022,10,COGITATIO PRESS,25,0.05348465957089897,0.004836887033536169,0.3964810276010869
2022,10,CHINESE CHEMICAL SOC,24,0.0459914483496143,0.006429568242541003,0.264241834841334
2022,10,DUKE UNIV PRESS,25,0.0,0.0,0.4345501815245151
2022,10,ACADEMIC PRESS LTD- ELSEVIER SCIENCE LTD,666,0.06793227901233785,0.04378359656669208,0.10395213190322816
2022,10,COMPANY BIOLOGISTS LTD,71,0.08825528826924003,0.018878304365961652,0.32748775275068687
2022,10,EDICIONES PROFESIONALES INFORMACION SL-EPI,13,0.10976458706315578,0.015192024521339147,0.4963450956489325
2022,10,EDUCATIONAL PUBLISHING FOUNDATION-AMERICAN PSYCHOLOGICAL ASSOC,12,0.34082489612880246,0.07734522050011844,0.761284673603043
2022,10,EDIZIONI MINERVA MEDICA,35,0.07501010599265032,0.011836021817049222,0.3544309006262043
2022,10,DOVE MEDICAL PRESS LTD,106,0.06178260872229238,0.019564380185087594,0.1785161606149525
2022,10,CHURCHILL LIVINGSTONE,123,0.09024728520286886,0.03127350685266253,0.23361188229512503
2022,8,WILEY,5348,0.041896965994783875,0.034398097823633435,0.050944356307337436
2022,10,AMER GEOPHYSICAL UNION,417,0.0312768253392196,0.013378278186635067,0.07138883615379396
2022,9,PUBLIC LIBRARY SCIENCE,1768,0.059884351109577454,0.04594188721915402,0.07771341957568738
2022,10,COPERNICUS GESELLSCHAFT MBH,240,0.045449337532027935,0.022265328128467463,0.09053851671739084
2022,10,ACOUSTICAL SOC AMER AMER INST PHYSICS,908,0.03796841960833732,0.021593420116385903,0.06592442205862273
2022,10,EDP SCIENCES S A,182,0.02319633073655269,0.006018427772667672,0.08520105189879681
2022,10,AMER MEDICAL ASSOC,553,0.035441875403478616,0.017192496408744474,0.07165025275373403
2022,9,WILEY-V C H VERLAG GMBH,1364,0.04032916512535138,0.025496649853912798,0.06323052905078184
2022,10,CAMBRIDGE UNIV PRESS,491,0.007091430943733774,0.0010268973657568917,0.04727624636479817
2022,10,BMJ PUBLISHING GROUP,605,0.05880035231811599,0.03531165211929358,0.09635278151419452
2022,10,ELSEVIER ESPANA,13,0.23187603980264626,0.04961158557368376,0.6357928384868169
2022,10,ACADEMIC PRESS INC ELSEVIER SCIENCE,1180,0.04760468783917522,0.03224056099634283,0.06976273586343648
2022,10,ELSEVIER ADVANCED TECHNOLOGY,127,0.20735741261457685,0.12363895871439777,0.32663493372296115
2022,10,"ELSEVIER MASSON, CORP OFF",27,0.0,0.0,0.4430377001005558
2022,10,ELSEVIER INC,62,0.02891621520561964,0.004133027097682242,0.17603911087705756
2022,10,ELSEVIER GMBH,138,0.05979568544059267,0.018606156006425713,0.17583190692961487
2022,10,ELSEVIER SCIENCE LONDON,45,0.0,0.0,0.302910717743012
2022,10,ELSEVIER FRANCE-EDITIONS SCIENTIFIQUES MEDICALES ELSEVIER,378,0.1366336331113404,0.08784037888179967,0.20639758213300233
2022,10,ELSEVIER SINGAPORE PTE LTD,31,0.0,0.0,0.36613690743938476
2022,10,"ETHNICITY & DISEASE, INC",12,0.0,0.0,0.5810290696129383
2022,10,EUROPA EDITION,14,0.0,0.0,0.5751460199042118
2022,10,EUR CENTRE DIS PREVENTION & CONTROL,15,0.0,0.0,0.3656007386562001
2022,10,EUROPEAN MATHEMATICAL SOC-EMS,15,0.0,0.0,0.4504474941118818
2022,10,ELSEVIER TAIWAN,40,0.046568500882934794,0.006764540385688148,0.25941467808420826
2022,10,FOUNDATION REHABILITATION INFORMATION,15,0.0019103273795686166,1.4993472177289655e-55,1.0
2022,10,FERRATA STORTI FOUNDATION,34,0.0,0.0,0.4167169385525737
2022,10,ENDOCRINE SOC,71,0.07003112275487658,0.018470109555505727,0.2315705832265349
2022,10,EXCERPTA MEDICA INC-ELSEVIER SCIENCE INC,47,0.09684496218907586,0.026114127097974945,0.3001154770069071
2022,9,NATURE PORTFOLIO,3375,0.06123530076989132,0.04942207827209462,0.0756474950259016
2022,10,EUROPEAN RESPIRATORY SOC JOURNALS LTD,87,0.11180746920946237,0.0483679282089493,0.23767318348154737
2022,10,ELSEVIER IRELAND LTD,560,0.11187807918493636,0.0778830301730552,0.15816640735195764
2022,10,"GEOLOGICAL SOC AMER, INC",28,0.0,0.0,0.4718808431332974
2022,10,HARBORSIDE PRESS,12,0.0,0.0,0.6907466764258866
2022,10,HIGHER EDUCATION PRESS,28,0.0,0.0,0.4408656656124151
2022,10,HUMAN KINETICS PUBL INC,18,0.0,0.0,0.6851808326638635
2022,10,HINDAWI LTD,20,0.0,0.0,0.22477108794992823
2022,10,FUTURE MEDICINE LTD,11,0.06837962460399172,0.0009909104445412818,0.8445124697804951
2022,10,GEORG THIEME VERLAG KG,82,0.0,0.0,0.24627598318460167
2022,10,IEEE COMPUTER SOC,80,0.0,0.0,0.19689086469340292
2022,10,GEOSCIENCEWORLD,18,0.11948799678470017,0.019175947040212808,0.48504473104121915
2022,10,IGI GLOBAL,15,0.0,0.0,0.6485428348645368
2022,10,"INST MATERIA MEDICA, CHINESE ACAD MEDICAL SCIENCES",24,0.0,0.0,0.2447093598462447
2022,10,INT UNION AGAINST TUBERCULOSIS LUNG DISEASE (I U A T L D),10,0.0,0.0,0.7407324832897109
2022,10,INFORMS,50,0.0,0.0,0.145849545698972
2022,10,INST MATHEMATICAL STATISTICS-IMS,54,0.0,0.0,0.2611835712008235
2022,10,INT UNION CRYSTALLOGRAPHY,36,0.0,0.0,0.2494302797575018
2022,10,INTER-RESEARCH,22,0.0,0.0,0.3123724156904618
2022,10,INT PRESS EDITING CENTRE INC,11,0.14451971370136718,0.011493187825946353,0.7105273843390905
2022,10,INT SOC GLOBAL HEALTH,29,0.021647656367826396,3.2453528021388903e-05,0.9378316012198445
2022,10,JOHN BENJAMINS PUBLISHING CO,14,0.0,0.0,0.5996105618582904
2022,10,JOHN WILEY & SONS INC,13,0.014940506804679564,8.746552161581386e-14,0.9999999996197834
2022,10,JOURNAL OF CENTRAL SOUTH UNIV,25,0.0,0.0,0.35922169038819535
2022,10,JOURNAL MATER SCI TECHNOL,40,0.0,0.0,0.3548410136645654
2022,10,KARGER,19,0.07307479398929533,0.010259975022615542,0.37482159970443213
2022,10,KOREAN INST METALS MATERIALS,16,0.0,0.0,0.6484587670966511
2022,10,KOREAN SOC ANESTHESIOLOGISTS,13,0.0,0.0,0.33193435898309237
2022,10,KOREAN FIBER SOC,17,0.0,0.0,0.42779169099553505
2022,10,KOREAN SOC GINSENG,16,0.0,0.0,0.7184089738710097
2022,10,KERMAN UNIV MEDICAL SCIENCES,13,0.14445376105455396,0.019878267594600645,0.584309149421156
2022,10,KOREAN NUCLEAR SOC,39,0.0,0.0,0.2803544586481778
2022,10,BMC,1614,0.07990276735419352,0.06306214785239454,0.10075701188209436
2022,10,EMERALD GROUP PUBLISHING LTD,412,0.07422361917833457,0.0412486886354798,0.12998536131267266
2022,10,KOREAN SOCIETY ANIMAL SCIENCE & TECHNOLOGY,22,0.1835100918721256,0.051311382923409456,0.4829261988141494
2022,10,LIFE SCIENCE ALLIANCE LLC,28,0.09201327693159193,0.014185353857695492,0.41645688195361535
2022,10,"JMIR PUBLICATIONS, INC",145,0.10623957941318288,0.053325022146802986,0.2005385347966909
2022,9,OXFORD UNIV PRESS,2594,0.05530443141227991,0.044126946330122006,0.06910850733682261
2022,10,JOHN WILEY & SONS LTD,157,0.09854881108572315,0.0483718086857624,0.190363399613651
2022,10,MANAGED CARE & HEALTHCARE COMMUNICATIONS LLC,10,0.0,0.0,0.9663163353371499
2022,10,MASSACHUSETTS MEDICAL SOC,55,0.0,0.0,0.5121602898258718
2022,10,CELL PRESS,1509,0.06956207413198134,0.049989191747299634,0.09602395511712908
2022,10,"MARY ANN LIEBERT, INC",127,0.0654206864818631,0.021385875880762434,0.18315609540479855
2022,9,SPRINGER,3267,0.04980224062208221,0.0400738085120324,0.061740474869564035
2022,10,KEAI PUBLISHING LTD,335,0.0472913681775711,0.02434089891766139,0.08988765483140083
2022,10,MICROBIOLOGY SOC,13,0.0,0.0,0.461518683450268
2022,10,MIT PRESS,27,0.0,0.0,0.5291326474933536
2022,10,NATL CENTRE MARINE RESEARCH,11,0.0,0.0,0.7232247337090547
2022,10,NEW YORK BUSINESS GLOBAL LLC,46,0.0,0.0,0.3762954213669358
2022,10,NORTHEAST FORESTRY UNIV,10,0.0,0.0,0.7440806549427605
2022,10,NONFERROUS METALS SOC CHINA,23,0.2862749133200698,0.0879465094472989,0.6252469265153714
2022,10,NATURE PUBL GROUP,19,0.17227367326546886,0.018267970973760442,0.6995114685104856
2022,10,MOSBY-ELSEVIER,440,0.087187768679334,0.05633864808372251,0.13255600776056858
2022,10,PALGRAVE MACMILLAN LTD,13,0.0,0.0,0.25254702826501724
2022,10,Optica Publishing Group,21,0.0,0.0,0.31237872822219814
2022,10,PEERJ INC,23,0.0,0.0,0.2039269729487233
2022,10,NATL ACAD SCIENCES,321,0.00825916809264441,0.001232460843285972,0.053213238104253845
2022,10,IOP Publishing Ltd,769,0.01021309284560379,0.0031132251551509596,0.03296907900044571
2022,8,ELSEVIER,11081,0.048942906334130315,0.04299818640247037,0.05566171116088899
2022,10,PROJECT HOPE,20,0.0,0.0,0.5227569986822841
2022,10,PHYSICIANS POSTGRADUATE PRESS,11,0.0,0.0,0.6944383624064062
2022,10,PORTLAND PRESS LTD,24,0.0,0.0,0.5288389203826851
2022,10,R FOUNDATION STATISTICAL COMPUTING,13,0.0,0.0,0.6295928550180219
2022,10,RADIOLOGICAL SOC NORTH AMERICA (RSNA),58,0.0,0.0,0.3020340407454356
2022,10,ROCKEFELLER UNIV PRESS,46,0.13150809597494448,0.035939681544349095,0.3808203176227517
2022,10,ROYAL COLL GENERAL PRACTITIONERS,17,0.0,0.0,0.5608922328687385
2022,10,ROYAL SOC CHEMISTRY,93,0.0,0.0,0.10395241825515408
2022,10,SHANGHAI UNIV,10,0.0,0.0,0.7256853365613248
2022,10,SHANGHAI JIAO TONG UNIV PRESS,15,0.22315595000918706,0.05237711616785128,0.5988676750869298
2022,10,IEEE-INST ELECTRICAL ELECTRONICS ENGINEERS INC,1231,0.024639693970173016,0.011859353505826318,0.050489159522338546
2022,10,SIAM PUBLICATIONS,38,0.0,0.0,0.16223646431651687
2022,10,SOC NUCLEAR MEDICINE INC,23,0.0,0.0,0.5324677534346672
2022,10,SCIPOST FOUNDATION,25,0.08622724630800833,0.015087031492343464,0.36761233449713804
2022,10,SOC PETROLEUM ENG,13,0.11544638563143954,0.01276547612635271,0.5684695017650675
2022,10,SCIENCE PRESS,211,0.0,0.0,0.1146120107153784
2022,10,SPANDIDOS PUBL LTD,21,0.07678854692199413,0.002319454871442825,0.7484749856797053
2022,10,SOC NEUROSCIENCE,51,0.255217005565196,0.1318012760046045,0.4361426104882578
2022,10,SOC EXPLORATION GEOPHYSICISTS - SEG,49,0.007831779105778466,1.7937467377420596e-06,0.9720175475835365
2022,10,ELSEVIER SCIENCE SA,1564,0.041611204325011926,0.028426841818012766,0.06052950935295815
2022,9,LIPPINCOTT WILLIAMS & WILKINS,5719,0.07229025572663386,0.06345793295960704,0.08224394119221774
2022,10,SPRINGER FRANCE,15,0.020967024458334017,9.57484723958706e-06,0.9795504453390078
2022,10,SPRINGER JAPAN KK,30,0.0916718363321963,0.014763110477446295,0.40467324804286625
2022,10,TARU PUBLICATIONS,14,0.0,0.0,0.7080622722090602
2022,10,SPRINGER LONDON LTD,42,0.08243282556992607,0.017380582305923428,0.3133259132030857
2022,10,SPRINGER INT PUBL AG,155,0.0,0.0,0.1301604585503416
2022,10,SPRINGER SINGAPORE PTE LTD,46,0.13725000727522765,0.04382560582275045,0.3557360274309385
2022,10,OXFORD UNIV PRESS INC,681,0.0647528695051988,0.04038425013190031,0.1022590278051793
2022,10,TERMEDIA PUBLISHING HOUSE LTD,17,0.0,0.0,0.6592726752482112
2022,10,THIEME MEDICAL PUBL INC,12,0.0,0.0,0.48324262785895905
2022,10,SPRINGER BASEL AG,164,0.05769669253745387,0.02236839654927827,0.14078674055031332
2022,10,UNIV CHICAGO PRESS,14,0.0,0.0,0.7346313551902762
2022,10,SPRINGER-VERLAG ITALIA SRL,65,0.060017089344772186,0.015546701515239878,0.20518021115551013
2022,10,"UNIV AGRICULTURE, FAC VETERINARY SCIENCE",17,0.07809127542458454,0.0006616799831017652,0.9155164016892576
2022,10,VILNIUS GEDIMINAS TECH UNIV,13,0.0,0.0,0.6632572370548404
2022,10,VEREIN FORDERUNG OPEN ACCESS PUBLIZIERENS QUANTENWISSENSCHAF,23,0.0,0.0,0.21629668824128895
2022,10,TSINGHUA UNIV PRESS,160,0.0,0.0,0.030995803931615825
2022,10,ROYAL SOC,233,0.0587901182008734,0.02712967160705433,0.12273710917185812
2022,10,SPRINGER/PLENUM PUBLISHERS,151,0.03391990100992461,0.005812341146170498,0.17414266362046113
2022,10,SPRINGER WIEN,103,0.0280826910914314,0.004491194202053553,0.1561576914387531
2022,10,W B SAUNDERS CO LTD,74,0.10343825523306804,0.04311938869815263,0.22802820041459512
2022,10,WALTER DE GRUYTER GMBH,109,0.05263260713972166,0.013499018650739086,0.18404859954061445
2022,10,SAGE PUBLICATIONS LTD,508,0.025821466830524033,0.009946229396110154,0.06536243897244731
2022,10,W B SAUNDERS CO-ELSEVIER INC,226,0.10625711020342349,0.06179767803988297,0.17667880170152397
2022,10,TAYLOR & FRANCIS INC,424,0.060818713344936624,0.03176317931725016,0.11334165013529553
2022,10,"WILEY PERIODICALS, INC",11,0.0,0.0,0.5791912573458686
2022,10,"ZAGREB UNIV, FAC FORESTRY",11,0.0,0.0,0.6098374380835117
2022,10,WORLD SCIENTIFIC PUBL CO PTE LTD,69,0.0,0.0,0.07760995748471529
2022,11,ACAD MANAGEMENT,12,0.17777610942724656,0.012199809321772028,0.7910199754497674
2022,10,ZHEJIANG UNIV PRESS,22,0.01138637200862249,2.7571984049914843e-08,0.9997921929773276
2022,10,SAGE PUBLICATIONS INC,741,0.036679989932328294,0.019469324722664216,0.06804883643536538
2022,11,ACAD MEDICINE SINGAPORE,13,0.16261230933146417,0.02070547048945873,0.6407447403515967
2022,10,ELSEVIER SCIENCE INC,2286,0.044266655509053586,0.033019320239683896,0.05911096137410942
2022,9,ELSEVIER SCI LTD,6618,0.042590916079591555,0.03529859907912621,0.05130962148103054
2022,9,PERGAMON-ELSEVIER SCIENCE LTD,5333,0.054827447986007215,0.04593645455653172,0.06532147102727802
2022,10,FRONTIERS MEDIA SA,2817,0.06632476888520861,0.05381107915890325,0.08149784951824009
2022,11,ACTA DERMATO-VENEREOLOGICA,11,0.0,0.0,0.6926124167402324
2022,11,ACOUSTICAL SOC AMER AMER INST PHYSICS,52,0.0,0.0,0.2862457169507675
2022,10,WILEY-HINDAWI,290,0.11256125254537042,0.06768920000015263,0.1813920852624846
2022,11,AMER ACCOUNTING ASSOC,11,0.0,0.0,0.7900818711546984
2022,11,AME PUBLISHING COMPANY,24,0.09885041166246264,0.01769441392867588,0.40047804399995285
2022,10,WOLTERS KLUWER MEDKNOW PUBLICATIONS,97,0.0768438330360823,0.029957414614478806,0.18324976532160284
2022,11,AMER BOARD FAMILY MEDICINE,10,0.0,0.0,0.6201468774580664
2022,11,AMER ACAD PEDIATRICS,54,0.09443990826775864,0.024453711383557182,0.30259644393717194
2022,10,TAYLOR & FRANCIS LTD,723,0.07525621752751037,0.049069998140326476,0.11374519128219686
2022,10,eLIFE SCIENCES PUBL LTD,172,0.031451527175144336,0.007330021751836402,0.12495931226116555
2022,11,AIP Publishing,479,0.0,0.0,0.018121357488049338
2022,11,AMER ASSOC NEUROLOGICAL SURGEONS,51,0.14219553766739232,0.05925684223149411,0.3037387116211789
2022,11,ADIS INT LTD,110,0.05935584819369088,0.021313350789570536,0.15457622570659343
2022,10,"ROUTLEDGE JOURNALS, TAYLOR & FRANCIS LTD",1185,0.02770913156912509,0.015012595898564428,0.0505919266164176
2022,11,AMER ECONOMIC ASSOC,26,0.0,0.0,0.407933490781185
2022,11,AMER INST AERONAUTICS ASTRONAUTICS,13,0.0,0.0,0.6582551294334971
2022,11,AMER DIABETES ASSOC,41,0.1681956796272976,0.04425514613916535,0.46893531495802965
2022,11,AMER COLL PHYSICIANS,37,0.09176218270030459,0.021591917943834638,0.3162619119169297
2022,11,AMER MATHEMATICAL SOC,36,0.1649019634777572,0.04964556198088611,0.42739928447294906
2022,10,SPRINGER HEIDELBERG,650,0.04824076104153612,0.029304674957197345,0.0784243818408861
2022,11,"AMER OCCUPATIONAL THERAPY ASSOC, INC",19,0.09491792085290002,0.013209852486184205,0.4510245954609679
2022,11,AMER ASSOC CANCER RESEARCH,358,0.16413575988236087,0.11458802740672286,0.22955335485794048
2022,11,AMER PUBLIC HEALTH ASSOC INC,23,0.05677768178195876,3.736238437784538e-05,0.9897937002314579
2022,11,AMER ROENTGEN RAY SOC,41,0.0,0.0,0.8687966016127376
2022,11,AMER INST MATHEMATICAL SCIENCES-AIMS,114,0.0575306599837701,0.017582382260050763,0.17232310351566407
2022,11,AMER METEOROLOGICAL SOC,69,0.02067636855177496,0.002898477798127391,0.13295564390695996
2022,11,"AMER PSYCHIATRIC PUBLISHING, INC",22,0.07124361027149938,0.005473038320470965,0.5167314038612556
2022,11,AMER PHYSIOLOGICAL SOC,97,0.12498721331937203,0.047307340286435184,0.29122803970870487
2022,11,AMER SOC NEURORADIOLOGY,20,0.0,0.0,0.3382685367431239
2022,11,ANNALS FAMILY MEDICINE,19,0.0,0.0,0.6219577260160308
2022,11,AMER SPEECH-LANGUAGE-HEARING ASSOC,54,0.0,0.0,0.35068492524669387
2022,11,AMER THORACIC SOC,31,0.0,0.0,0.6056721039989907
2022,11,AMER SOC PHARMACOLOGY EXPERIMENTAL THERAPEUTICS,18,0.16331696877968724,0.03334949461439705,0.524802027080288
2022,11,AMER SOC CLINICAL INVESTIGATION INC,76,0.14679900445412014,0.05637589628830124,0.33133008080065574
2022,11,ATHABASCA UNIV PRESS,12,0.0,0.0,0.7063353126469755
2022,11,AMER SOC HEMATOLOGY,66,0.09316177995107028,0.02120687054710211,0.3275564129554173
2022,11,ASIAN-AUSTRALASIAN ASSOC ANIMAL PRODUCTION SOC,33,0.07087937435403088,0.011091625643913082,0.3416146871452613
2022,11,BAISHIDENG PUBLISHING GROUP INC,33,0.0,0.0,0.18176325800200469
2022,11,ASSOC RESEARCH VISION OPHTHALMOLOGY INC,30,0.23893002178584488,0.07760798594760147,0.5394654310148409
2022,11,Accscience Publishing,14,0.0,0.0,0.5356084484475905
2022,11,BENTHAM SCIENCE PUBL LTD,13,0.0,0.0,0.6261010147527836
2022,11,AUSTRALASIAN SOC COMPUTERS LEARNING TERTIARY EDUCATION-ASCILITE,18,0.024513752895435496,1.9228784272067947e-06,0.9969643270915037
2022,11,BIOSCIENTIFICA LTD,12,0.16855736176564642,0.010302776426163065,0.79789880825904
2022,11,AMER PHYTOPATHOLOGICAL SOC,108,0.035118386554357506,0.008086634169636881,0.13977764490442884
2022,11,AMER SOC MICROBIOLOGY,143,0.0892731927173862,0.036884244566251195,0.20057662914547622
2022,10,AMER CHEMICAL SOC,3442,0.028349295971281135,0.02053613142694368,0.03901664024240523
2022,11,ASCE-AMER SOC CIVIL ENGINEERS,93,0.024905618265822535,0.0014017649644532185,0.3172884133167919
2022,11,ASSOC COMPUTING MACHINERY,217,0.0,0.0,0.08560839602125606
2022,11,BRAZILIAN SOC UROL,10,0.028567771179043494,2.9816140586577778e-06,0.9965641808638548
2022,11,ANNUAL REVIEWS,113,0.04586375624270925,0.015110007585498386,0.1308925607458703
2022,11,AMER ASSOC ADVANCEMENT SCIENCE,425,0.041330885869842904,0.018077488744343548,0.0917021195597904
2022,11,BRILL,10,0.0,0.0,0.7154459491041972
2022,11,AMER PSYCHOLOGICAL ASSOC,97,0.04914247807194518,0.013226572578160564,0.16616305631676817
2022,11,C EJ PUBLISHING GROUP,19,0.0,0.0,0.36889627853898305
2022,11,CANADIAN OPHTHAL SOC,11,0.11180471854096738,0.015337316948730487,0.504283525950091
2022,11,BRITISH EDITORIAL SOC BONE & JOINT SURGERY,31,0.0947309236689842,0.017567716290374995,0.3797958187680587
2022,11,"CHINA UNIV GEOSCIENCES, BEIJING",10,0.0,0.0,0.7321556536091447
2022,11,CENTERS DISEASE CONTROL & PREVENTION,27,0.0,0.0,0.5780582057800185
2022,11,CHINESE LASER PRESS,15,0.0,0.0,0.5799302441983561
2022,11,COGITATIO PRESS,28,0.0,0.0,0.40059888152851103
2022,11,CHINESE CHEMICAL SOC,15,0.0,0.0,0.5083134057337608
2022,11,COLL AMER PATHOLOGISTS,13,0.0,0.0,0.7157151560355648
2022,11,CONSEJO SUPERIOR INVESTIGACIONES CIENTIFICAS-CSIC,12,0.057867447408652996,0.0005702384472564341,0.8686304701835617
2022,11,COLL FAMILY PHYSICIANS CANADA,10,0.3110618639658963,0.04615255037240981,0.8081807476482828
2022,11,"COLD SPRING HARBOR LAB PRESS, PUBLICATIONS DEPT",25,0.13325503302746186,0.0188059793620037,0.5522177702204273
2022,11,CMA-CANADIAN MEDICAL ASSOC,23,0.09288257247734119,0.005125359760282964,0.6705214119482072
2022,11,COLEGIO OFICIAL DE PSICOLOGOS DE ASTURIAS,15,0.10451020309832842,0.010462583773749057,0.5629787069393037
2022,11,CHURCHILL LIVINGSTONE INC MEDICAL PUBLISHERS,22,0.11966292310412119,0.02980090362504817,0.37559458478051905
2022,11,ACADEMIC PRESS LTD- ELSEVIER SCIENCE LTD,716,0.047825351788513,0.028744631626918708,0.07854756480476255
2022,11,CURRENT BIOLOGY LTD,40,0.0,0.0,0.1274317110089283
2022,11,CSIRO PUBLISHING,27,0.016634338532019597,6.535226867985607e-07,0.9977212892666524
2022,10,SPRINGERNATURE,1000,0.06980483421653724,0.04812737457493093,0.10021822414528743
2022,11,COMPANY BIOLOGISTS LTD,44,0.11001312077267734,0.022454450433769358,0.3994737959161349
2022,11,CURRENT MEDICINE GROUP,18,0.12504813907047027,0.018113720404388533,0.5254444081346498
2022,11,EDICIONES PROFESIONALES INFORMACION SL-EPI,18,0.0,0.0,0.30499049142060436
2022,11,EDIZIONI MINERVA MEDICA,27,0.0,0.0,0.5553108069074381
2022,11,EDUCATIONAL PUBLISHING FOUNDATION-AMERICAN PSYCHOLOGICAL ASSOC,23,0.0,0.0,0.35599820028708484
2022,11,DUKE UNIV PRESS,98,0.0,0.0,0.035340450487548095
2022,11,DOVE MEDICAL PRESS LTD,117,0.12261865975891036,0.051322214327273595,0.2652652084745702
2022,11,EDP SCIENCES S A,208,0.0,0.0,0.09950048126244077
2022,11,AMER SOC NEPHROLOGY,1350,0.03544556244928709,0.011477261260885422,0.10419183139394862
2022,11,CHURCHILL LIVINGSTONE,114,0.08852893846804552,0.03152244028633146,0.22470849897341108
2022,10,PUBLIC LIBRARY SCIENCE,1667,0.05178094480287493,0.03805925715692018,0.07008931772917652
2022,11,AMER MEDICAL ASSOC,533,0.01860049058060303,0.006293021453992029,0.053677866943871826
2022,11,AMER GEOPHYSICAL UNION,466,0.022244742661115886,0.008671278360565146,0.055867830778692756
2022,11,AMER PHYSICAL SOC,853,0.01305618979826937,0.004091877783448464,0.04085353176057103
2022,11,ELSEVIER ESPANA,15,0.0,0.0,0.6811503231915804
2022,11,COPERNICUS GESELLSCHAFT MBH,227,0.008860951712420753,0.0013107345379176347,0.05740283409042879
2022,11,"ELSEVIER MASSON, CORP OFF",11,0.0,0.0,0.7024247194114285
2022,11,ELSEVIER INC,42,0.09124626457815331,0.024144756708429527,0.28950750751437526
2022,11,ELSEVIER ADVANCED TECHNOLOGY,120,0.12441820990551085,0.06098956173681202,0.23715224301382815
2022,11,CAMBRIDGE UNIV PRESS,529,0.017239905138570596,0.006019291838560817,0.04835932900744481
2022,9,WILEY,5631,0.04782563806265593,0.03993060079638658,0.057188689577350446
2022,11,ELSEVIER GMBH,146,0.14143311548517473,0.07667505841177445,0.2462950863493912
2022,10,WILEY-V C H VERLAG GMBH,1349,0.026552525699593234,0.013463312842844318,0.05170035456086175
2022,11,ACADEMIC PRESS INC ELSEVIER SCIENCE,1343,0.048177927193930686,0.03341259680164789,0.06900239175597714
2022,11,ELSEVIER SCIENCE LONDON,58,0.03746215425064622,0.0019006723960499885,0.44303853967942286
2022,11,ELSEVIER SINGAPORE PTE LTD,22,0.017584793121156544,7.244730341252972e-07,0.9977439056942591
2022,11,ELSEVIER FRANCE-EDITIONS SCIENTIFIQUES MEDICALES ELSEVIER,354,0.08213016765759373,0.04766189494441982,0.13791545663782476
2022,11,EUR CENTRE DIS PREVENTION & CONTROL,17,0.0,0.0,0.7843389877414381
2022,11,EUROPEAN RESEARCH CENTER,10,0.26012433033944204,0.05975500252737495,0.660437096298775
2022,11,EUROPEAN MATHEMATICAL SOC-EMS,38,0.0,0.0,0.26227458417956356
2022,11,ENDOCRINE SOC,50,0.09511816067900015,0.03076750330854771,0.2582041654261284
2022,11,ELSEVIER TAIWAN,52,0.046507825026544415,0.006743045925667729,0.25950486300103115
2022,11,EXCERPTA MEDICA INC-ELSEVIER SCIENCE INC,33,0.13309493019572163,0.03448893693570808,0.3975426307195089
2022,11,FERRATA STORTI FOUNDATION,25,0.11076030653722123,0.016883900854097033,0.4746143349800955
2022,11,EUROPEAN RESPIRATORY SOC JOURNALS LTD,62,0.035541788736674206,0.005304092955163848,0.20298257326957098
2022,11,GEOSCIENCEWORLD,19,0.0,0.0,0.4719590427840699
2022,11,HARBORSIDE PRESS,10,0.4359409971874698,0.1167931224267316,0.8187425614766763
2022,11,HINDAWI LTD,10,0.0,0.0,0.8262766900485606
2022,11,HIGHER EDUCATION PRESS,45,0.0,0.0,0.08568622427696687
2022,11,"GEOLOGICAL SOC AMER, INC",28,0.06849103526809378,0.009949917528516867,0.34977812387062424
2022,11,HUMAN KINETICS PUBL INC,21,0.0,0.0,0.37505980297851954
2022,11,GEORG THIEME VERLAG KG,89,0.05029953547396297,0.00908591499761554,0.23426213741463534
2022,11,INT SCIENTIFIC RESEARCH PUBLICATIONS,19,0.0,0.0,0.6135252985862093
2022,11,INT SOC GLOBAL HEALTH,23,0.0,0.0,0.266930690971404
2022,11,INTER-RESEARCH,16,0.0,0.0,0.5981403337444368
2022,11,INT UNION CRYSTALLOGRAPHY,29,0.0,0.0,0.3397714609845283
2022,11,INT UNION AGAINST TUBERCULOSIS LUNG DISEASE (I U A T L D),10,0.08765595149257155,0.001628551792607422,0.8498262474523737
2022,11,"INST MATERIA MEDICA, CHINESE ACAD MEDICAL SCIENCES",30,0.16216449164575447,0.03147801883840282,0.5354555200109449
2022,11,INT SOC AGING & DISEASE,29,0.20431356926542044,0.06035576146613311,0.5065362289794519
2022,11,INFORMS,51,0.046023034338831,0.007256470768304376,0.24151045412686606
2022,11,JOHN BENJAMINS PUBLISHING CO,22,0.0,0.0,0.4329274799994926
2022,11,BMJ PUBLISHING GROUP,882,0.046300314904284115,0.028954958453302426,0.07325250188202131
2022,11,JOHN WILEY & SONS INC,23,0.22996082588966527,0.03488876985375657,0.7115683898063555
2022,11,JOURNAL OF CENTRAL SOUTH UNIV,20,0.12078062159420336,0.009239973607806158,0.6692547073945689
2022,11,EMERALD GROUP PUBLISHING LTD,395,0.08258111900734436,0.048981532333376925,0.13593442785010373
2022,11,IVYSPRING INT PUBL,33,0.06339895287550626,0.008963998484662485,0.3362421835545077
2022,11,KOREAN ASSOC STUDY LIVER,11,0.0,0.0,1.0
2022,11,KOREAN INST METALS MATERIALS,24,0.0,0.0,0.41744697160758676
2022,11,KARGER,26,0.0614626610664723,0.0028975202512304364,0.5960931565633986
2022,11,KOREAN SOC COLOPROCTOLOGY,10,0.0,0.0,0.6293904599199265
2022,11,KOREAN NUCLEAR SOC,32,0.0,0.0,0.1930275648043007
2022,11,KERMAN UNIV MEDICAL SCIENCES,27,0.08015091724941638,0.003072725080065141,0.7112610279737751
2022,11,KOREAN FIBER SOC,11,0.15912622867194265,0.022405953437079226,0.6097544652349906
2022,11,KOREAN SOC PRECISION ENG,10,0.14062376056758294,0.005697418816750305,0.8237248760359284
2022,11,Korean Pediatric Soc,12,0.0,0.0,0.6233871818262651
2022,11,ELSEVIER IRELAND LTD,589,0.08447735502921067,0.05672263653199117,0.12402697956830375
2022,11,LIFE SCIENCE ALLIANCE LLC,30,0.15871101954482286,0.042524861925679905,0.4448529030264383
2022,11,"JMIR PUBLICATIONS, INC",130,0.0810420994885144,0.03297670820844092,0.18571124645932063
2022,11,JOHN WILEY & SONS LTD,107,0.10681483151295236,0.044790197591990044,0.2337148530572412
2022,11,JOURNAL MATER SCI TECHNOL,84,0.012658495355236853,0.0006108871393916392,0.2119205299874515
2022,11,IEEE COMPUTER SOC,439,0.025753371417939548,0.010719381612447978,0.06058139702556249
2022,11,MANAGED CARE & HEALTHCARE COMMUNICATIONS LLC,11,0.0,0.0,0.4324451870260751
2022,11,"MASARYKOVA UNIV, FAC SOCIAL STUDIES",12,0.0,0.0,0.6411252331737253
2022,11,MASSACHUSETTS MEDICAL SOC,83,0.1415812619261373,0.042438291069100555,0.38034191247394017
2022,11,"MARY ANN LIEBERT, INC",137,0.10991059454016097,0.05314369065972691,0.2136334477004901
2022,11,KEAI PUBLISHING LTD,289,0.05372934492491185,0.02281629212905523,0.1213253597375496
2022,11,MICROBIOLOGY SOC,12,0.11214253840156524,0.011389166894073217,0.5806779726420775
2022,11,MIT PRESS,49,0.0,0.0,0.1727569376858652
2022,10,SPRINGER,3067,0.04869345079927639,0.03835348868738864,0.061642340841319504
2022,11,NATURE PUBL GROUP,11,0.16012536039037134,0.00705444475950975,0.8365017999781896
2022,11,NORTHEAST FORESTRY UNIV,16,0.0,0.0,0.32200566024172284
2022,11,CELL PRESS,1666,0.07180853479554375,0.05229485973404637,0.09785185913004459
2022,11,NONFERROUS METALS SOC CHINA,29,0.09388411612609115,0.01713695129736221,0.381077047036893
2022,11,BMC,2019,0.08220323671542229,0.0666126868107257,0.10104768954662563
2022,11,Optica Publishing Group,35,0.0,0.0,0.19586302016190454
2022,11,PEERJ INC,22,0.0,0.0,0.4348379855839311
2022,11,NATL ACAD SCIENCES,304,0.03454628291512421,0.014382205458309687,0.08066695281213436
2022,11,PHYSICIANS POSTGRADUATE PRESS,13,0.0,0.0,0.6412228724537788
2022,11,PROJECT HOPE,16,0.1572465185245512,0.021618084937288985,0.6117443401947911
2022,11,PORTLAND PRESS LTD,40,0.0444243297130391,0.006101716790831117,0.26038111660028557
2022,11,IOP Publishing Ltd,865,0.02358657759477766,0.012660779562472812,0.04352530311553568
2022,11,RADIOLOGICAL SOC NORTH AMERICA (RSNA),40,0.0,0.0,0.38475879820576586
2022,11,ROCKEFELLER UNIV PRESS,51,0.1420303106149283,0.039068355200963856,0.40264264288435675
2022,11,ROYAL COLL GENERAL PRACTITIONERS,17,0.0,0.0,0.5619595185112009
2022,11,ROY COLL PHYS LONDON EDITORIAL OFFICE,20,0.05887047826838422,2.16012606819794e-05,0.9945096359754877
2022,11,RUSSELL SAGE FOUNDATION,18,0.0,0.0,0.7208703840725534
2022,11,MOSBY-ELSEVIER,380,0.03417919403683538,0.015420998419005419,0.07403911823702253
2022,11,SHANGHAI UNIV,11,0.0,0.0,0.48768578619438274
2022,11,SCIPOST FOUNDATION,17,0.0,0.0,0.5536763004657889
2022,11,SHANGHAI JIAO TONG UNIV PRESS,18,0.21968201904996834,0.044554337639421855,0.6295828456737091
2022,11,"SOC ECONOMIC GEOLOGISTS, INC",12,0.0,0.0,0.6063124499506503
2022,11,SIAM PUBLICATIONS,51,0.0,0.0,0.12014802681113758
2022,11,SOC EXPLORATION GEOPHYSICISTS - SEG,30,0.0,0.0,0.23954096638045885
2022,11,SOC PETROLEUM ENG,18,0.0,0.0,0.5524987825412969
2022,11,SOC NUCLEAR MEDICINE INC,22,0.0,0.0,0.3984146190394579
2022,11,SPANDIDOS PUBL LTD,26,0.16334716152182227,0.03638616401236869,0.5023597644039896
2022,11,SOC NEUROSCIENCE,57,0.10249085176412764,0.030808553878415402,0.2908973686569271
2022,11,SPRINGER FRANCE,15,0.0,0.0,0.6460245397817274
2022,11,SPRINGER SINGAPORE PTE LTD,36,0.0,0.0,0.26794222106832305
2022,11,SPRINGER INT PUBL AG,165,0.0,0.0,0.08911913925307312
2022,11,SPRINGER JAPAN KK,45,0.20183127250135455,0.08593560773616037,0.4048075216665171
2022,11,TARU PUBLICATIONS,16,0.0,0.0,0.3802071546456786
2022,11,TAYLOR & FRANCIS AS,11,0.0,0.0,0.828533291480912
2022,11,SPRINGER LONDON LTD,69,0.051345519160165845,0.012954149413264312,0.18248017627157728
2022,11,TERMEDIA PUBLISHING HOUSE LTD,22,0.2108814554988276,0.05218491783829991,0.5646670423945779
2022,11,THIEME MEDICAL PUBL INC,21,0.0,0.0,0.5735859303234127
2022,11,UNIV NIS,13,0.0,0.0,0.5470080875216404
2022,11,ROYAL SOC,226,0.026124083752631432,0.007127799490993235,0.09110199926735503
2022,11,UNIV CHICAGO PRESS,58,0.0,0.0,0.31801619268819625
2022,11,US DEPT HEALTH HUMAN SCIENCES PUBLIC HEALTH SCIENCE,12,0.0,0.0,0.45519338673015924
2022,11,SPRINGER-VERLAG ITALIA SRL,87,0.045425150618990745,0.012257852093477569,0.15431574230532083
2022,11,VEREIN FORDERUNG OPEN ACCESS PUBLIZIERENS QUANTENWISSENSCHAF,18,0.0,0.0,0.48642860792763615
2022,11,FRONTIERS MEDIA SA,2638,0.0759936972124446,0.06156992794423172,0.09345995062576547
2022,11,VILNIUS GEDIMINAS TECH UNIV,23,0.0,0.0,0.35698117709233207
2022,9,MDPI,9016,0.05644129117599155,0.04947628656441022,0.06432044294423221
2022,11,SCIENCE PRESS,247,0.023387393670132386,0.00512013462428353,0.10025949937817619
2022,11,SPRINGER BASEL AG,141,0.029635259488262004,0.007672485112048112,0.1076472631526826
2022,11,W B SAUNDERS CO LTD,90,0.07381220797879536,0.022412166456050032,0.2169343837535273
2022,11,SPRINGER WIEN,106,0.0360713546651949,0.0054845208191865915,0.2025050773678812
2022,11,ELSEVIER SCIENCE INC,2467,0.06385746985734227,0.05085841060411568,0.07989931154554517
2022,11,ELSEVIER SCIENCE SA,1727,0.03437350994328978,0.022388816699746406,0.05242952922231184
2022,11,WALTER DE GRUYTER GMBH,119,0.09331443938123844,0.039032587261738236,0.20683694014909954
2022,11,ROYAL SOC CHEMISTRY,739,0.05355576115659516,0.025995244529557596,0.10712264931414003
2022,11,"WILEY PERIODICALS, INC",19,0.0,0.0,0.2801725424773639
2022,11,SPRINGER/PLENUM PUBLISHERS,209,0.04020177658784992,0.014521453727529067,0.10639326140036476
2022,10,LIPPINCOTT WILLIAMS & WILKINS,5130,0.05966407845724763,0.05162976367390783,0.06885786876298548
2022,11,W B SAUNDERS CO-ELSEVIER INC,179,0.09797405214533024,0.046324172566565944,0.19541182082920264
2022,12,ACAD MEDICINE SINGAPORE,11,0.0,0.0,0.5094433744468161
2022,12,ACAD MANAGEMENT,13,0.07452619532727617,0.003397390726616393,0.6554390012142639
2022,12,ACADEMIC & SCIENTIFIC PUBLISHERS-ASP,13,0.12187251074916333,0.0007322355105877669,0.9633514096225476
2022,11,ZHEJIANG UNIV PRESS,31,0.055191723891007086,0.007814774738761824,0.302284172114368
2022,11,SAGE PUBLICATIONS LTD,517,0.043580476489091496,0.021819736080472676,0.0851538970542688
2022,11,TSINGHUA UNIV PRESS,215,0.05444657437969033,0.02075494727476399,0.13527478456473524
2022,11,WILEY-HINDAWI,162,0.048313294115587595,0.015189884413147569,0.1431660356091227
2022,10,NATURE PORTFOLIO,3795,0.05250235702411384,0.042112619796810996,0.06528068944599247
2022,12,AMER ACAD SLEEP MEDICINE,23,0.0,0.0,0.5454861246871717
2022,12,ACOUSTICAL SOC AMER AMER INST PHYSICS,66,0.014168081249938014,7.940764695994628e-05,0.7222897359394436
2022,12,AME PUBLISHING COMPANY,18,0.10130146146333908,0.014722742046516144,0.45954763086441697
2022,12,AMER ACAD PEDIATRICS,26,0.21688053414145705,0.07645133574960282,0.48093222851271683
2022,12,AMER BOARD FAMILY MEDICINE,21,0.0,0.0,0.5450344543206803
2022,12,AMER ASSOC NEUROLOGICAL SURGEONS,62,0.0,0.0,0.2425633023387501
2022,11,WOLTERS KLUWER MEDKNOW PUBLICATIONS,96,0.10095525694500292,0.045010586473310965,0.21106659190812746
2022,12,ADIS INT LTD,87,0.1205918216698128,0.05458702940017108,0.24566831913260334
2022,11,SAGE PUBLICATIONS INC,696,0.0495171277672596,0.028757838243533545,0.08396630458972354
2022,11,WORLD SCIENTIFIC PUBL CO PTE LTD,107,0.018229042029801554,0.0027692430503770222,0.11043791184817067
2022,11,eLIFE SCIENCES PUBL LTD,178,0.07908292222900391,0.03390171765358322,0.17365436648850605
2022,11,TAYLOR & FRANCIS INC,430,0.06718095841109947,0.0379280984549496,0.11626904697441057
2022,11,AMER CHEMICAL SOC,3355,0.03388210676945624,0.025121884250697894,0.045554352192695935
2022,12,AMER ECONOMIC ASSOC,46,0.0,0.0,0.3321135332677501
2022,12,AMER COLL PHYSICIANS,39,0.009839023937319486,6.244573236592577e-06,0.9405186953217703
2022,12,AMER DIABETES ASSOC,49,0.15677838118535675,0.05306025412716981,0.38154730629056227
2022,12,AMER INST MATHEMATICAL SCIENCES-AIMS,89,0.0,0.0,0.27055526326498586
2022,12,AMER MATHEMATICAL SOC,31,0.16480764895166738,0.041073864109219364,0.47618702463542106
2022,12,AMER ROENTGEN RAY SOC,21,0.240232777672322,0.015733670958982888,0.8621527151288524
2022,12,"AMER PSYCHIATRIC PUBLISHING, INC",15,0.057769034611533626,8.223864917397904e-05,0.9785890198270288
2022,12,AMER PUBLIC HEALTH ASSOC INC,16,0.12364781472210322,0.016876495254738076,0.5369702678589431
2022,12,AMER SOC NEPHROLOGY,30,0.0,0.0,0.44485932651554494
2022,12,AMER SOC PHARMACOLOGY EXPERIMENTAL THERAPEUTICS,18,0.0,0.0,0.5958956806210659
2022,12,AMER SOC NEURORADIOLOGY,30,0.0,0.0,0.2705740288141604
2022,12,ANNUAL REVIEWS,26,0.0,0.0,0.47511885387737157
2022,12,AMER METEOROLOGICAL SOC,74,0.033306973612321565,0.0034346668223045984,0.2561962194000576
2022,12,AMER SOC CLINICAL INVESTIGATION INC,62,0.3553995997899004,0.1982185323607934,0.5514894152790583
2022,12,AMER THORACIC SOC,40,0.14633171423364202,0.022961703896504326,0.5556101842211175
2022,12,Accscience Publishing,10,0.1388413030749477,0.00582968962075779,0.8159356870703317
2022,12,BENTHAM SCIENCE PUBL LTD,22,0.0,0.0,0.44536266479594133
2022,12,AMER PHYSIOLOGICAL SOC,89,0.16084646541615785,0.06892291706613426,0.33169395860058243
2022,12,ASCE-AMER SOC CIVIL ENGINEERS,85,0.009377982489677176,7.341985055803416e-07,0.9918741740604341
2022,12,BAISHIDENG PUBLISHING GROUP INC,57,0.0,0.0,0.16255834429110588
2022,12,AMER SOC MICROBIOLOGY,91,0.06015012401476552,0.01637361496092316,0.19747066545440428
2022,12,ASSOC RESEARCH VISION OPHTHALMOLOGY INC,27,0.0966050995180316,0.01852894368057708,0.3772262840322391
2022,12,AMER PSYCHOLOGICAL ASSOC,72,0.027025238542037987,0.003961418389288,0.16246641616160498
2022,12,AMER SPEECH-LANGUAGE-HEARING ASSOC,53,0.04058747555218912,0.006425664694452136,0.21674879437948455
2022,12,AMER PHYTOPATHOLOGICAL SOC,91,0.03905352165697002,0.009450339739266612,0.1475733269800093
2022,11,SPRINGER HEIDELBERG,799,0.027746096538564212,0.013922724445666041,0.054535149201966726
2022,12,ASSOC COMPUTING MACHINERY,94,0.05246248157552885,0.014591702052317898,0.17151422553918413
2022,12,BRITISH EDITORIAL SOC BONE & JOINT SURGERY,25,0.0,0.0,0.18217310160525052
2022,12,C EJ PUBLISHING GROUP,22,0.0,0.0,0.5611533515838185
2022,12,BRILL,20,0.0,0.0,0.40519771537825866
2022,12,AMER SOC HEMATOLOGY,141,0.03084242951920806,0.005329523349193663,0.1589686296115016
2022,12,CHINESE CHEMICAL SOC,19,0.0,0.0,0.5076045060353959
2022,12,CENTERS DISEASE CONTROL & PREVENTION,47,0.0,0.0,0.4833810843526585
2022,12,"COLD SPRING HARBOR LAB PRESS, PUBLICATIONS DEPT",12,0.0,0.0,0.4651579871280481
2022,12,CMA-CANADIAN MEDICAL ASSOC,19,0.008606448742952558,3.697037750363875e-15,0.9999999999509434
2022,12,COMPANY BIOLOGISTS LTD,40,0.0,0.0,0.2179491597077614
2022,12,"CHINA UNIV GEOSCIENCES, BEIJING",15,0.08008298034175411,0.01116045584437148,0.4017244659492589
2022,12,COLL AMER PATHOLOGISTS,13,0.21297276481579003,0.04768630539600339,0.5938859125810584
2022,12,CHINESE LASER PRESS,22,0.07034707325695426,0.0058320911827619715,0.4939478472406713
2022,9,ELSEVIER,11297,0.04746820489730255,0.041740712609458136,0.05393736458360398
2022,12,COGITATIO PRESS,22,0.053886009586265285,0.006477078600602381,0.33225651329227074
2022,12,AMER ASSOC ADVANCEMENT SCIENCE,307,0.05243098876323834,0.02147503543412215,0.12242661988331688
2022,12,CURRENT BIOLOGY LTD,29,0.19502543351815513,0.04491021577477576,0.5552185176289547
2022,12,DUKE UNIV PRESS,11,0.0,0.0,0.7037823335941681
2022,12,EDIZIONI MINERVA MEDICA,17,0.0,0.0,0.6585217965317612
2022,12,CHURCHILL LIVINGSTONE INC MEDICAL PUBLISHERS,66,0.11098363886871226,0.043776166555236196,0.2539674356390454
2022,12,AMER ASSOC CANCER RESEARCH,381,0.11471911619487744,0.07832482605834303,0.16499695258869093
2022,12,CSIRO PUBLISHING,258,0.0,0.0,0.31710040301218134
2022,12,Cherkas Global Univ Press,47,0.11089563946679475,0.032600051833806584,0.3158408837128378
2022,12,EDUCATIONAL PUBLISHING FOUNDATION-AMERICAN PSYCHOLOGICAL ASSOC,24,0.025915525293032912,9.771655661224219e-05,0.8786843826447744
2022,12,CHURCHILL LIVINGSTONE,115,0.11320432518873409,0.0514575740657685,0.23100029474445039
2022,12,EDP SCIENCES S A,154,0.0,0.0,0.11765999235068918
2022,11,SPRINGERNATURE,1060,0.054069421748069134,0.03643676301405673,0.07953067601807289
2022,12,DOVE MEDICAL PRESS LTD,135,0.05672747842615969,0.017247786278211278,0.1708634988783392
2022,12,COPERNICUS GESELLSCHAFT MBH,202,0.025242970344064527,0.008382230508115051,0.0735048528164418
2022,12,AMER GEOPHYSICAL UNION,441,0.03884542069915018,0.01908313570181651,0.07745726126073572
2022,12,AMER MEDICAL ASSOC,487,0.06271644508254945,0.03516784598373834,0.10939825933222763
2022,12,AIP Publishing,502,0.0041028816552442044,0.0005861660685343627,0.028124470719503396
2022,11,TAYLOR & FRANCIS LTD,871,0.04951699365741173,0.031224434117658764,0.07766694113606798
2022,12,CAMBRIDGE UNIV PRESS,558,0.02179914192332798,0.008522424016801845,0.05461966611230847
2022,12,ELSEVIER ESPANA,10,0.14504272068525748,0.019216659914702686,0.5949646433661998
2022,12,ACADEMIC PRESS LTD- ELSEVIER SCIENCE LTD,757,0.0459288462487317,0.026930453613879465,0.0772656465933289
2022,12,ELSEVIER INC,54,0.008261230235748448,2.5724233841219286e-07,0.9963064783783678
2022,12,ELSEVIER ADVANCED TECHNOLOGY,110,0.11180383068278621,0.04734419504759589,0.24175455573448373
2022,12,BMJ PUBLISHING GROUP,778,0.04478482089997366,0.02581684234506421,0.07659313511258703
2022,12,"ELSEVIER MASSON, CORP OFF",33,0.08522809588650289,0.021510702015179524,0.28308137475229517
2022,12,ACADEMIC PRESS INC ELSEVIER SCIENCE,1236,0.06103589529173592,0.04276854492344655,0.08640136193930663
2022,12,ELSEVIER GMBH,176,0.10410987355874533,0.05358371851295644,0.19258430081371866
2022,11,OXFORD UNIV PRESS INC,1654,0.1058333359936482,0.08649705540969539,0.12888235459140254
2022,11,"ROUTLEDGE JOURNALS, TAYLOR & FRANCIS LTD",1030,0.019961473069550432,0.007813424770253182,0.05004424770107753
2022,11,PUBLIC LIBRARY SCIENCE,1452,0.06885993857473276,0.05299391498719746,0.08902957125621876
2022,11,WILEY-V C H VERLAG GMBH,1561,0.047122572681444534,0.031736341121779935,0.06943335727457538
2022,12,AMER PHYSICAL SOC,743,0.006044588998258051,0.0011968529402053354,0.029939041030949715
2022,12,ELSEVIER SCIENCE LONDON,49,0.1722910177608998,0.06120183201305169,0.39926469181268104
2022,12,ELSEVIER FRANCE-EDITIONS SCIENTIFIQUES MEDICALES ELSEVIER,370,0.06862426814922969,0.03814714527192557,0.12040266906589873
2022,12,ELSEVIER SINGAPORE PTE LTD,17,0.2149243850368832,0.05468975746274899,0.5643533766114587
2022,12,ELSEVIER TAIWAN,43,0.1461565410924308,0.03861277668665825,0.42181057225690666
2022,12,EUR CENTRE DIS PREVENTION & CONTROL,16,0.0,0.0,0.734719752435566
2022,12,EUROPEAN MATHEMATICAL SOC-EMS,38,0.0,0.0,0.3953989645614221
2022,12,EXCERPTA MEDICA INC-ELSEVIER SCIENCE INC,19,0.21106021711249515,0.05682030455806859,0.5429613193910863
2022,12,EUROPEAN RESPIRATORY SOC JOURNALS LTD,81,0.0,0.0,0.11462400656395634
2022,12,FERRATA STORTI FOUNDATION,50,0.0,0.0,0.4161760732030724
2022,12,ELSEVIER IRELAND LTD,578,0.08967147284853909,0.059530460722610964,0.13291645129043864
2022,12,ENDOCRINE SOC,77,0.03200983621214715,0.004890508658209619,0.1820081476363831
2022,12,FUTURE MEDICINE LTD,10,0.00012103736664214798,0.0,0.3501142371920725
2022,12,GEOMETRY & TOPOLOGY PUBLICATIONS,29,0.0,0.0,0.40854742304435127
2022,12,"GEOLOGICAL SOC AMER, INC",50,0.0,0.0,0.102233768095853
2022,12,GEORG THIEME VERLAG KG,56,0.0,0.0,0.17532378195545345
2022,12,HINDAWI LTD,11,0.0,0.0,0.6209462457794747
2022,12,GEOSCIENCEWORLD,19,0.09139783600483535,0.01300181070109538,0.4344319046053783
2022,12,HIGHER EDUCATION PRESS,60,0.0,0.0,0.17607592159070035
2022,12,HUMAN KINETICS PUBL INC,20,0.13599396443490455,0.025356754108154286,0.48777440627723484
2022,10,PERGAMON-ELSEVIER SCIENCE LTD,5288,0.04744786546971879,0.03922896057233956,0.057286051093557146
2022,12,INST BADAN GOSPODARCZYCH,10,0.0,0.0,0.7793878254396056
2022,12,INST MATHEMATICAL STATISTICS-IMS,23,0.0,0.0,0.21793602071223586
2022,12,INT SCIENTIFIC RESEARCH PUBLICATIONS,13,0.0,0.0,0.6240484206927996
2022,10,ELSEVIER SCI LTD,6404,0.03578398191022902,0.02906353179827975,0.04398801930898861
2022,12,"INST MATERIA MEDICA, CHINESE ACAD MEDICAL SCIENCES",19,0.08331350553126643,0.0009186272300068269,0.8998357911337087
2022,12,INT UNION CRYSTALLOGRAPHY,31,0.0,0.0,0.28500373741873486
2022,12,INTER-RESEARCH,16,0.0,0.0,0.6178540767187415
2022,12,IGI GLOBAL,28,0.17142525848592793,0.04938849203674304,0.45171807924064933
2022,12,INT SOC GLOBAL HEALTH,49,0.13647596568030124,0.03535938906688432,0.40526981749214896
2022,12,JAPAN EPIDEMIOLOGICAL ASSOC,18,0.0,0.0,0.6685220597944657
2022,12,JAPANESE SOC ALLERGOLOGY,10,0.4522849952531363,0.10085276775842196,0.8587443523856887
2022,12,IVYSPRING INT PUBL,38,0.0,0.0,0.3209036091800538
2022,12,EMERALD GROUP PUBLISHING LTD,420,0.04966736661784632,0.025786600174758322,0.09354044397040269
2022,12,JOHN WILEY & SONS INC,16,0.0,0.0,1.0
2022,12,INFORMS,63,0.05706361643091293,0.014301162892127132,0.20154689118101174
2022,12,JOURNAL OF CENTRAL SOUTH UNIV,20,0.0,0.0,0.5114614503409567
2022,12,KARGER,50,0.0,0.0,0.21086517972135146
2022,12,KOREAN ACAD MEDICAL SCIENCES,14,0.0,0.0,0.5250272846854068
2022,12,JOURNAL MATER SCI TECHNOL,75,0.0,0.0,0.15604225555869783
2022,12,KERMAN UNIV MEDICAL SCIENCES,10,0.0,0.0,0.7866838019226455
2022,12,KOREAN NUCLEAR SOC,41,0.0,0.0,0.1232870170335694
2022,12,KOREAN FIBER SOC,31,0.0,0.0,0.28650054399212826
2022,12,KOREAN ASSOC STUDY LIVER,20,0.08726180212229197,0.002096657632887456,0.8130937718659345
2022,12,KOREAN SOC LABORATORY MEDICINE,10,0.0,0.0,1.0
2022,12,KOREAN INST METALS MATERIALS,18,0.2246362237157143,0.07284529330040307,0.5165146215026403
2022,12,Korean Pediatric Soc,12,0.0,0.0,0.74094773317681
2022,12,KOREAN SPINAL NEUROSURGERY SOC,32,0.011635316343135875,1.0665052426517948e-09,0.9999923044848131
2022,12,JOHN WILEY & SONS LTD,102,0.06950939481010175,0.02219377111654784,0.19734044604557324
2022,12,"JMIR PUBLICATIONS, INC",115,0.07490366487873944,0.02830747142785166,0.18370022089295554
2022,12,LIFE SCIENCE ALLIANCE LLC,23,0.24847685037569664,0.03443496838414069,0.754013983926808
2022,12,KOREAN SOCIETY ANIMAL SCIENCE & TECHNOLOGY,35,0.05848983170993408,0.0011107551185235488,0.7763184434912311
2022,12,MANAGED CARE & HEALTHCARE COMMUNICATIONS LLC,11,0.0,0.0,0.6611145929113798
2022,12,MAGNOLIA PRESS,11,0.0169085882591203,8.445910446294937e-15,0.9999999999714491
2022,12,IEEE COMPUTER SOC,236,0.03196062266930523,0.012220913792732147,0.08097104720452176
2022,12,MATHEMATICAL SCIENCE PUBL,15,0.0,0.0,0.6967082896615199
2022,12,MASSACHUSETTS MEDICAL SOC,73,0.0,0.0,0.389745926438901
2022,12,KEAI PUBLISHING LTD,350,0.0459967635538574,0.02017679835534765,0.10143751503102412
2022,12,"MARY ANN LIEBERT, INC",133,0.0576981910338253,0.01694642902575569,0.17863938235827248
2022,12,MICROBIOLOGY SOC,13,0.0,0.0,0.7415842398264757
2022,12,MEDICAL LIBRARY ASSOC,13,0.23916456090589225,0.06292672809168705,0.5953820471465409
2022,12,MIT PRESS,23,0.0,0.0,0.45630275891519506
2022,12,NATL MED ASSOC,10,0.20818225810052884,0.033253199744646085,0.6677333296224255
2022,12,BMC,2274,0.0860409147643519,0.07023838247939926,0.10499726875019376
2022,12,CELL PRESS,1777,0.05080269712508582,0.03437997405746699,0.07446530477398516
2022,10,WILEY,5523,0.05223621045034325,0.04392873988598807,0.06201282552989882
2022,12,NONFERROUS METALS SOC CHINA,20,0.0,0.0,0.3382472585332919
2022,12,ONLINE LEARNING CONSORTIUM,24,0.0,0.0,0.38583093970744137
2022,12,NATURE PUBL GROUP,10,0.22241026123687288,0.02675559989333983,0.7484835300330744
2022,12,NIHR JOURNALS LIBRARY,11,0.05220008854499878,0.0009956350189631632,0.7526908167090067
2022,12,NATL ACAD SCIENCES,265,0.007485195462871244,0.00010788368565730624,0.3451831147529592
2022,12,PALGRAVE MACMILLAN LTD,11,0.0,0.0,0.7210459327956524
2022,12,Optica Publishing Group,23,0.0,0.0,0.5122303348340987
2022,12,PEERJ INC,25,0.16653243916984192,0.040269525406821445,0.48756460895980025
2022,12,MOSBY-ELSEVIER,321,0.07512337446728763,0.04184580027643645,0.1312399193556681
2022,12,PROJECT HOPE,17,0.0,0.0,0.642312450494502
2022,12,POLISH CARDIAC SOC,10,0.08314885522054079,0.002400034924008988,0.7736861740518947
2022,12,PHYSICIANS POSTGRADUATE PRESS,16,0.13571390577185968,0.019065216679903428,0.5592036665373944
2022,10,ELSEVIER,10609,0.05103616839732644,0.04483472646138544,0.05804325554466985
2022,12,PORTLAND PRESS LTD,38,0.12292576851717274,0.018630370689562498,0.5085327122337765
2022,12,R FOUNDATION STATISTICAL COMPUTING,16,0.0,0.0,0.696156806599668
2022,12,RADIOLOGICAL SOC NORTH AMERICA (RSNA),33,0.0,0.0,0.17690424792415627
2022,12,IOP Publishing Ltd,740,0.008943416500655185,0.002483422101539281,0.03167387798591945
2022,12,ROCKEFELLER UNIV PRESS,44,0.11854447298074185,0.02461455178718288,0.41749193630321385
2022,12,ROYAL COLL GENERAL PRACTITIONERS,16,0.0,0.0,0.41587529058134154
2022,11,LIPPINCOTT WILLIAMS & WILKINS,5665,0.08071046291539483,0.07077195030148327,0.09190660158791548
2022,11,SPRINGER,3418,0.04282216840462325,0.03342277067927349,0.05471530014066776
2022,12,RUSSELL SAGE FOUNDATION,11,0.1855075995114835,0.022684144401243923,0.6908732943007461
2022,12,ELSEVIER SCIENCE SA,1849,0.03682182362196531,0.025112750978390053,0.053689701048681086
2022,12,SCIENDO,13,0.0,0.0,0.448158625789717
2022,12,SHANGHAI UNIV,20,0.0,0.0,0.2958307503359254
2022,12,SOC BRASIL PEDIATRIA,15,0.0,0.0,0.49778718545602924
2022,11,NATURE PORTFOLIO,4301,0.04861115218266864,0.03947061560404604,0.05973679443960832
2022,12,SOC PETROLEUM ENG,11,0.0,0.0,0.7053024884482455
2022,12,SHANGHAI JIAO TONG UNIV PRESS,25,0.10075901693707501,0.01288752945560195,0.4902225288584406
2022,12,SIAM PUBLICATIONS,44,0.0,0.0,0.3741261667764097
2022,12,SOC EXPLORATION GEOPHYSICISTS - SEG,33,0.1450420522380653,0.03425951680261565,0.4479081154997369
2022,12,SPANDIDOS PUBL LTD,20,0.12902949558938653,0.01992917183833548,0.5190672718095283
2022,12,SOC NUCLEAR MEDICINE INC,23,0.015852773999884086,9.040263513981111e-06,0.9663317252381757
2022,10,OXFORD UNIV PRESS,7043,0.04314221947235578,0.037181193390480656,0.05000930002738579
2022,12,SOC NEUROSCIENCE,41,0.13804977617583042,0.04189539420216873,0.369727656214155
2022,12,FRONTIERS MEDIA SA,2181,0.07372490038903327,0.05878179708716069,0.09209504316526909
2022,12,ROYAL SOC,146,0.015136633231741416,0.002243395265380568,0.09506938848555542
2022,12,SPRINGER FRANCE,12,0.058754442211080185,0.00030216319753323785,0.9280134208461459
2022,12,SPRINGER SINGAPORE PTE LTD,53,0.0,0.0,0.14303919036234078
2022,12,SPRINGER-VERLAG ITALIA SRL,73,0.0,0.0,0.26838580303202175
2022,12,SPRINGER JAPAN KK,37,0.137369810059724,0.04150027696395806,0.36936318457109435
2022,12,THIEME MEDICAL PUBL INC,12,0.0,0.0,0.7348417873130659
2022,12,TERMEDIA PUBLISHING HOUSE LTD,11,0.053907491289498434,8.830975285842155e-06,0.9972873000600287
2022,12,UNIV CHICAGO PRESS,15,0.0,0.0,0.44105732528445796
2022,12,"UNIV TECHNOLOGY, SYDNEY-UTS EPRESS",10,0.0,0.0,0.7104466194880257
2022,12,"UNIV PITTSBURGH, UNIV LIBRARY SYSTEM",14,0.519718707319468,0.1377176697266832,0.8799765951533614
2022,12,VASYL STEFANYK PRECARPATHIAN NATL UNIV,15,0.0,0.0,0.25139423894884544
2022,12,SPRINGER WIEN,114,0.044158102932246916,0.012427114169056966,0.14501303791300693
2022,12,SPRINGER LONDON LTD,71,0.06730792015298256,0.02042335269687627,0.19986266908381786
2022,12,"VILNIUS UNIV, INST MATHEMATICS & INFORMATICS",17,0.0,0.0,0.40762198244472647
2022,12,VILNIUS GEDIMINAS TECH UNIV,13,0.028514542755835207,1.294221985730072e-08,0.9999849775060297
2022,12,SPRINGER INT PUBL AG,174,0.05368555547794692,0.02222849681542901,0.124013423249395
2022,12,SPRINGER/PLENUM PUBLISHERS,158,0.0816911331128849,0.03638085885631884,0.1732848688169001
2022,12,TSINGHUA UNIV PRESS,144,0.0,0.0,0.06987254989372836
2022,12,SPRINGER BASEL AG,199,0.03494013455548595,0.010382582869719603,0.11106394197869962
2022,12,VEREIN FORDERUNG OPEN ACCESS PUBLIZIERENS QUANTENWISSENSCHAF,22,0.041045792011833906,0.003039499566495109,0.37535957306365225
2022,12,WAGENINGEN ACADEMIC PUBLISHERS,12,0.0,0.0,0.5046807348088977
2022,12,W B SAUNDERS CO LTD,71,0.05443782255543198,0.015107186823677007,0.17768975099390286
2022,12,SCIENCE PRESS,239,0.06514465833174064,0.0310688068290082,0.13152136176113172
2022,12,WALTER DE GRUYTER GMBH,81,0.04886665846201604,0.009125602482422042,0.22276696388152364
2022,11,IEEE-INST ELECTRICAL ELECTRONICS ENGINEERS INC,4067,0.03522008481669885,0.026542703972227525,0.04659849206170302
2022,12,OXFORD UNIV PRESS INC,645,0.028098121740080167,0.014069618613748273,0.055329171335153686
2022,12,W B SAUNDERS CO-ELSEVIER INC,247,0.06734718391276344,0.03259582222871643,0.13401549338792668
2022,11,OXFORD UNIV PRESS,4828,0.061776008927247286,0.05212625096140413,0.07307443898532413
2022,12,TAYLOR & FRANCIS INC,317,0.11163939883964796,0.06791199614081705,0.17814108492889402
2022,12,SAGE PUBLICATIONS INC,588,0.05154827356419774,0.027822990002974748,0.09355769235677948
2022,12,TAYLOR & FRANCIS LTD,598,0.0738371054580776,0.04642828027594824,0.11546735140320996
2022,12,"ROUTLEDGE JOURNALS, TAYLOR & FRANCIS LTD",803,0.023402802921603967,0.009912412493743411,0.0542471246632546
2022,12,WILEY-HINDAWI,32,0.0,0.0,0.3158193555359543
2023,1,ACAD MANAGEMENT,12,0.0,0.0,0.6248193387926562
2022,12,WROCLAW MEDICAL UNIV,16,0.07945952630809379,0.01099453558601496,0.40128233466715985
2023,1,ACAD MEDICINE SINGAPORE,10,0.0,0.0,0.6770065888031525
2022,12,ZHEJIANG UNIV PRESS,30,0.21422138758462858,0.049181624226288,0.5896389030911549
2022,10,MDPI,9398,0.058123660217880804,0.05111035174348533,0.06603235781011928
2022,12,WORLD SCIENTIFIC PUBL CO PTE LTD,90,0.05463735842348427,0.010752457011123963,0.23507176719377365
2023,1,ACTA DERMATO-VENEREOLOGICA,18,0.17891332730101128,0.02632348245723324,0.6371841599538686
2022,12,SAGE PUBLICATIONS LTD,451,0.016571841443855973,0.005448034051549234,0.04928278962271328
2023,1,ACOUSTICAL SOC AMER AMER INST PHYSICS,66,0.03689417443143383,0.0021253400794352673,0.40793141625561774
2023,1,AMER ACAD SLEEP MEDICINE,31,0.0,0.0,0.48674995356415257
2023,1,AGH UNIV SCIENCE & TECHNOLOGY PRESS,28,0.06928180143569089,0.006351859139576155,0.464332449860467
2022,12,WOLTERS KLUWER MEDKNOW PUBLICATIONS,70,0.026074681092381684,0.003959455465374224,0.15276746675997957
2023,1,AME PUBLISHING COMPANY,61,0.13847640019639557,0.029647238367736247,0.45816941260982513
2023,1,AMER BOARD FAMILY MEDICINE,11,0.0,0.0,0.6626747036302376
2022,12,SPRINGERNATURE,931,0.05147284340188852,0.032343224055031546,0.08097006210708428
2023,1,AMER ACAD PEDIATRICS,35,0.04756338853501794,0.005654926010928968,0.30483825961523636
2023,1,ADIS INT LTD,83,0.03552025141440005,0.005400301496681029,0.1998733486980456
2022,12,eLIFE SCIENCES PUBL LTD,156,0.02728883394898975,0.004566586195046954,0.14643914937188435
2023,1,AMER ASSOC NEUROLOGICAL SURGEONS,43,0.04845837797919936,0.00817502864162994,0.2393413475481799
2022,12,SPRINGER HEIDELBERG,714,0.03716207015202276,0.021543440502268543,0.06337058235362157
2023,1,AMER COLL PHYSICIANS,50,0.0,0.0,0.0822707960304237
2023,1,AMER ECONOMIC ASSOC,25,0.027937131449387562,0.00011959282136951044,0.8735115703862361
2022,12,ELSEVIER SCIENCE INC,2324,0.050582758342240415,0.03882752395305955,0.0656538527308077
2023,1,AMER DIABETES ASSOC,43,0.12694823140439446,0.042176535908303246,0.3243983231083281
2023,1,"AMER OCCUPATIONAL THERAPY ASSOC, INC",21,0.0,0.0,0.44062707073606716
2023,1,AMER MATHEMATICAL SOC,45,0.1874591996871637,0.06650484832321392,0.42762471302264776
2023,1,AMER ROENTGEN RAY SOC,28,0.0,0.0,1.0
2023,1,AMER PUBLIC HEALTH ASSOC INC,21,0.0,0.0,0.6771185431049819
2023,1,"AMER PSYCHIATRIC PUBLISHING, INC",21,0.21820180413346907,0.06958267439012152,0.5101898412768184
2023,1,AMER SOC PHARMACOLOGY EXPERIMENTAL THERAPEUTICS,20,0.0,0.0,0.3877347392589258
2023,1,ANNALS FAMILY MEDICINE,17,0.0,0.0,0.5702805599474214
2023,1,AMER THORACIC SOC,39,0.0,0.0,0.7676369898436726
2022,12,PUBLIC LIBRARY SCIENCE,1584,0.05498464753236379,0.04067725018040446,0.07393653138545433
2023,1,ASIAN-AUSTRALASIAN ASSOC ANIMAL PRODUCTION SOC,22,0.0,0.0,0.47618463136771383
2023,1,AMER SOC NEURORADIOLOGY,21,0.05779485519104323,0.0020816926695702226,0.6433292455572515
2023,1,AMER SOC HEMATOLOGY,44,0.055563789948598175,0.008022305001304686,0.2997186462610591
2023,1,ASSOC RESEARCH VISION OPHTHALMOLOGY INC,21,0.0,0.0,0.4565706471779466
2023,1,AMER METEOROLOGICAL SOC,60,0.02929723730256342,0.004247414485765181,0.1759740047220418
2023,1,ASSOC INFORMATION SYSTEMS,32,0.0,0.0,0.2148700920602926
2023,1,BIEMDAS ACAD PUBLISHERS INC,17,0.0,0.0,0.7359827173518947
2023,1,Accscience Publishing,16,0.0,0.0,0.331353840126226
2023,1,AMER PHYSIOLOGICAL SOC,110,0.17352030136285856,0.08619772613262466,0.31847453836752665
2023,1,AMER SPEECH-LANGUAGE-HEARING ASSOC,59,0.023949761475992617,0.00018872635414525247,0.7613167826947128
2023,1,ASSOC COMPUTING MACHINERY,96,0.0,0.0,0.060270312836791226
2023,1,ASCE-AMER SOC CIVIL ENGINEERS,63,0.12624863143743056,0.03948784329540539,0.3367946027543245
2023,1,ASSOC BRASILEIRA PSIQUIATRIA,40,0.0654295407994756,0.009197290400033475,0.3455585955675185
2022,11,PERGAMON-ELSEVIER SCIENCE LTD,5470,0.040339045438674434,0.03279048017102165,0.04953633687331372
2023,1,AMER SOC CLINICAL INVESTIGATION INC,97,0.09612912903787285,0.032814022453782433,0.2500297947290772
2023,1,AMER PHYTOPATHOLOGICAL SOC,67,0.030082882471709572,0.004336765308491254,0.18090496626876015
2023,1,AMER PHYSICAL SOC,647,0.0,0.0,0.018517652015590757
2023,1,AMER ASSOC ADVANCEMENT SCIENCE,619,0.06686771850561252,0.040323663556091634,0.10890222343411098
2023,1,AMER SOC NEPHROLOGY,88,0.13076413584494265,0.06653996183534716,0.2409747040004549
2022,12,OXFORD UNIV PRESS,2234,0.0546041238484539,0.042313222255952666,0.07020350206186284
2023,1,AMER PSYCHOLOGICAL ASSOC,87,0.02032248348356744,0.00285504652918889,0.13065460973753754
2023,1,BRILL,22,0.0,0.0,0.4609210329082842
2023,1,BAISHIDENG PUBLISHING GROUP INC,60,0.049564401260473456,0.007573080796421753,0.26274658403588425
2023,1,C EJ PUBLISHING GROUP,17,0.11986492119548087,0.012239143952998289,0.5994998058144217
2023,1,AMER SOC MICROBIOLOGY,149,0.07669088492996629,0.027958125151106544,0.19346176385903546
2023,1,BRITISH EDITORIAL SOC BONE & JOINT SURGERY,31,0.06928760506444234,0.008027661624921582,0.4064726587511363
2022,12,IEEE-INST ELECTRICAL ELECTRONICS ENGINEERS INC,2992,0.044503618590062986,0.0336087795348404,0.058715618884650836
2022,11,ELSEVIER SCI LTD,6526,0.04530450077450067,0.03775063035756601,0.054284622987599625
2023,1,"CAS, INST OPTICS & ELECTRONICS, ED OFF OPTO-ELECTRONIC JOURNALS",34,0.0,0.0,0.4022434670628138
2023,1,ANNUAL REVIEWS,107,0.02144929897750656,0.0030755460917958875,0.13475332470108775
2022,12,AMER CHEMICAL SOC,3759,0.042049708519415606,0.03283618873494032,0.05370490062980851
2023,1,CANADIAN SCIENCE PUBLISHING,65,0.013480104378332238,6.951024584704615e-05,0.7286985543115271
2023,1,CHIN SOCIETY IMMUNOLOGY,11,0.0,0.0,0.7927188555304806
2023,1,CHINESE CHEMICAL SOC,10,0.0,0.0,0.7232508783504944
2023,1,"CHINA UNIV GEOSCIENCES, BEIJING",10,0.0,0.0,0.696115362582749
2023,1,AIP Publishing,491,0.017775662962702637,0.006996074045888933,0.04442149526645986
2023,1,CHINESE LASER PRESS,17,0.0,0.0,0.3616286070685541
2023,1,ACADEMIC PRESS LTD- ELSEVIER SCIENCE LTD,604,0.06300277267079228,0.03867091796613367,0.10103526154548159
2023,1,CODON PUBLICATIONS,15,0.0,0.0,0.679777206760183
2023,1,COGITATIO PRESS,21,0.0,0.0,0.4942238703680846
2023,1,"COLD SPRING HARBOR LAB PRESS, PUBLICATIONS DEPT",17,0.0,0.0,0.6794012971541197
2023,1,CHINA ELECTRIC POWER RESEARCH INST,57,0.01260579413481067,3.592894353701984e-08,0.9997796112271219
2023,1,COLEGIO OFICIAL DE PSICOLOGOS DE ASTURIAS,20,0.0,0.0,0.42508848359971313
2023,1,CHURCHILL LIVINGSTONE INC MEDICAL PUBLISHERS,38,0.008677274185432715,1.9278584617265903e-08,0.9997484470723048
2023,1,CHINESE JOURNAL CANCER RESEARCH CO,43,0.23416312287410482,0.09451223738535815,0.47248831811765735
2023,1,AMER GEOPHYSICAL UNION,371,0.028540101189643296,0.01079897175518352,0.07326850622419316
2023,1,CMA-CANADIAN MEDICAL ASSOC,27,0.15791701993482674,0.023720882052620462,0.591404622928167
2023,1,CENTERS DISEASE CONTROL & PREVENTION,82,0.06552641920484906,0.016517698517487675,0.22646286525419673
2023,1,CSIRO PUBLISHING,38,0.0,0.0,0.1078089003426259
2023,1,COLL AMER PATHOLOGISTS,18,0.08272830697267801,0.011626920191886565,0.4087955732718751
2022,12,ROYAL SOC CHEMISTRY,1588,0.02947661374662441,0.01508132125415691,0.056819692467838405
2023,1,CURRENT BIOLOGY LTD,29,0.0,0.0,0.2997568273722733
2023,1,CURRENT MEDICINE GROUP,13,0.09445981375102475,0.0038205552038581025,0.7393932451005215
2023,1,COMPANY BIOLOGISTS LTD,45,0.15431928977609558,0.031129285748687997,0.5089355283478386
2023,1,CRACOW UNIV ECONOMICS,37,0.06033110187510362,0.010526235031948335,0.2792757215372334
2023,1,EDICIONES PROFESIONALES INFORMACION SL-EPI,13,0.0,0.0,0.5786219135255477
2023,1,AMER ASSOC CANCER RESEARCH,706,0.11500371855009803,0.0871682327799577,0.15026472063511187
2023,1,DOVE MEDICAL PRESS LTD,107,0.0,0.0,0.11292717932723148
2022,12,LIPPINCOTT WILLIAMS & WILKINS,2842,0.08413722003583769,0.07070081855829316,0.09985277868539338
2023,1,DUKE UNIV PRESS,31,0.0,0.0,0.3269646170031696
2023,1,Chinese Center for Disease Control and Prevention,85,0.28578733042872523,0.1406067529184586,0.49459869153045766
2023,1,EDUCATIONAL PUBLISHING FOUNDATION-AMERICAN PSYCHOLOGICAL ASSOC,50,0.0,0.0,0.2979113176223567
2023,1,AMER MEDICAL ASSOC,472,0.036677021693973175,0.015346831082706274,0.08509156054584514
2023,1,EDIZIONI MINERVA MEDICA,29,0.13689688570811998,0.03423907996500365,0.41506545044558296
2023,1,CHURCHILL LIVINGSTONE,120,0.12641565418880193,0.06165421429596067,0.24168167318670727
2023,1,DE GRUYTER POLAND SP Z O O,530,0.0041699689345310684,7.888558604420813e-05,0.18184414645453767
2023,1,COPERNICUS GESELLSCHAFT MBH,298,0.03404845791732704,0.01464016527974106,0.077171032088272
2023,1,ELSEVIER ESPANA SLU,10,0.0,0.0,0.7088714838342394
2023,1,ELSEVIER ESPANA,57,0.15806143985534574,0.05098625224466136,0.3961389237059316
2023,1,ELSEVIER ADVANCED TECHNOLOGY,70,0.1636349050906495,0.07120771021791296,0.33301702058485394
2023,1,BMJ PUBLISHING GROUP,661,0.0584427390731523,0.03494930101864089,0.09615527485835304
2022,12,WILEY-V C H VERLAG GMBH,1540,0.046315646138385826,0.030274713834049432,0.07024017559212278
2023,1,ACADEMIC PRESS INC ELSEVIER SCIENCE,1136,0.05305302440814352,0.03636483868797436,0.07678931055185875
2023,1,ELSEVIER INC,118,0.23060082526831402,0.13871258318450272,0.3580542605264501
2023,1,EDP SCIENCES S A,288,0.007173811992401337,0.0010260384057356974,0.04837382863633983
2023,1,ELSEVIER GMBH,128,0.023046058136011856,0.003644415322402169,0.1320468132587336
2023,1,ELSEVIER SCIENCE LONDON,43,0.1308673774012986,0.03952717244142882,0.35521692968880936
2023,1,EMW PUBLISHING,21,0.0,0.0,0.5168762613479044
2023,1,FEDERAL RESERVE BANK ST LOUIS,12,0.0,0.0,0.8843189332272345
2023,1,EUR CENTRE DIS PREVENTION & CONTROL,17,0.15459195654538355,0.015918893625423904,0.673957881197288
2023,1,FOUNDATION REHABILITATION INFORMATION,10,0.0,0.0,0.8666428924222588
2023,1,FRANZ STEINER VERLAG GMBH,12,0.0,0.0,0.7410825372810856
2023,1,EUROPEAN RESPIRATORY SOC JOURNALS LTD,67,0.0,0.0,0.26812114849210217
2023,1,EXCERPTA MEDICA INC-ELSEVIER SCIENCE INC,22,0.07389486045518534,0.010361994967970141,0.37812964132658294
2023,1,ELSEVIER TAIWAN,46,0.10750350172697597,0.022270563988585925,0.38911562595841137
2023,1,FERRATA STORTI FOUNDATION,27,0.03267333034952879,6.058857585661502e-06,0.9947173409628934
2023,1,EUROPEAN MATHEMATICAL SOC-EMS,36,0.036981180079462314,0.005151213071183039,0.22166856651319242
2023,1,ELSEVIER FRANCE-EDITIONS SCIENTIFIQUES MEDICALES ELSEVIER,380,0.03629214856037932,0.015954635849512767,0.08043502653327436
2023,1,ENDOCRINE SOC,58,0.06818463400781422,0.01740724104214699,0.23209443313678602
2023,1,FUTURE MEDICINE LTD,11,0.0,0.0,0.9612846511798462
2023,1,GEOSCIENCEWORLD,10,0.0,0.0,0.7043459651888719
2023,1,HARBORSIDE PRESS,10,0.0,0.0,0.6764651321125792
2023,1,HUMAN KINETICS PUBL INC,31,0.0,0.0,0.40507015161088455
2023,1,HINDAWI LTD,69,0.0,0.0,0.1851375128226067
2023,1,HIGHER EDUCATION PRESS,82,0.0,0.0,0.05900544297770372
2023,1,"GEOLOGICAL SOC AMER, INC",39,0.04729829742229715,0.007038963574751075,0.2579933095413656
2023,1,ELSEVIER IRELAND LTD,465,0.0691293538204507,0.041834293671373486,0.11214881394510137
2023,1,GEORG THIEME VERLAG KG,63,0.06872091719693563,0.017456403923887927,0.23458995083438874
2023,1,GLOBAL SCIENCE PRESS,55,0.028863205618330005,0.004028723616553873,0.1792362384424123
2022,11,WILEY,5646,0.05874575304282344,0.04994140766441345,0.06898953627983359
2023,1,INDERSCIENCE ENTERPRISES LTD,13,0.0,0.0,0.7251006394599036
2023,1,IGI GLOBAL,12,0.18807069965760986,0.009843132890586342,0.8436840387444586
2023,1,"INST MATERIA MEDICA, CHINESE ACAD MEDICAL SCIENCES",15,0.28687680437626284,0.03315589063188594,0.8251467552673344
2023,1,INT RHINOLOGIC SOC,11,0.27061649514882763,0.044438877214046664,0.7474748946536152
2023,1,INDIANA UNIV MATH JOURNAL,20,0.0,0.0,0.577116416812574
2023,1,"INT PRESS BOSTON, INC",31,0.0,0.0,0.40248731217319905
2023,1,INT SOC BAYESIAN ANALYSIS,25,0.0,0.0,0.4505642689853225
2023,1,INST MATHEMATICS & INFORMATICS,33,0.1897402014512604,0.06526825389842243,0.43988113098070025
2023,1,INT PRESS EDITING CENTRE INC,27,0.2521063864607484,0.07674648867676014,0.577514171084006
2023,1,INT UNION AGAINST TUBERCULOSIS LUNG DISEASE (I U A T L D),18,0.0,0.0,0.41835091737500096
2023,1,INT SOC ENVIRON INFORM SCI,10,0.20255761919747575,0.028948903780434,0.6839698804025871
2023,1,INT UNION CRYSTALLOGRAPHY,32,0.0,0.0,0.41010650135765814
2023,1,INTER-RESEARCH,27,0.0,0.0,0.2187559917021393
2023,1,INT SOC GLOBAL HEALTH,18,0.14257324330084814,0.030145431417052202,0.47077159608184743
2023,1,CELL PRESS,1552,0.07722948007332059,0.05634907825433633,0.10498638742641106
2023,1,JAPAN NEUROSURGICAL SOC,11,0.0,0.0,0.7437729439004384
2023,1,J A S S S,41,0.009198283975676519,7.185994130643542e-07,0.9917312277071463
2023,1,JOHN WILEY & SONS INC,10,0.16072690843924384,5.0820772458679816e-05,0.998616142627723
2023,1,JAPANESE SOC HYGIENE,78,0.0,0.0,0.12405768048868011
2023,1,JOURNAL OF CENTRAL SOUTH UNIV,24,0.0,0.0,0.47432353295139906
2023,1,Inst Navigation - ION,68,0.25153677086444026,0.11515310950717438,0.4646307260426575
2023,1,JAPAN PROSTHODONTIC SOC,62,0.2295282463525495,0.08908751769506427,0.4757375214046699
2023,1,INFORMS,79,0.027304171030346776,0.0038986815962748275,0.1675831963755523
2023,1,JOURNAL MATER SCI TECHNOL,33,0.06696319508883168,0.006576077161515275,0.43760594813150916
2023,1,JOURNAL STATISTICAL SOFTWARE,31,0.2027461318046024,0.07965908118404741,0.42764917341145553
2023,1,INT SOC AGING & DISEASE,135,0.09616070698062582,0.03406911558090614,0.2429524194711996
2023,1,KOREAN SOC ANESTHESIOLOGISTS,10,0.0,0.0,0.9426823447486683
2023,1,KOREAN ACAD PROSTHODONTICS,31,0.19772149172285589,0.03570045317421391,0.6212943792962027
2023,1,KOREAN ASSOC STUDY LIVER,16,0.21894814538084714,0.042428347334226,0.6394483433699667
2023,1,KOREAN FIBER SOC,23,0.0,0.0,0.1936544002067919
2023,1,KERMAN UNIV MEDICAL SCIENCES,22,0.22302319355954783,0.05077639229885519,0.6063376421131462
2023,1,KOREAN INST METALS MATERIALS,22,0.25405663229280395,0.07221526907407139,0.5984385493142583
2023,1,KOREAN SOC PRECISION ENG,10,0.0,0.0,0.7572081900438035
2023,1,KOREAN SOC HORTICULTURAL SCIENCE,26,0.0,0.0,0.2331630869304433
2023,1,KOREAN SOC GYNECOLOGY ONCOLOGY & COLPOSCOPY,62,0.0,0.0,0.2233831939051859
2023,1,KOREAN NUCLEAR SOC,22,0.15007762524488358,0.03201238366410464,0.4852821923511886
2022,12,SPRINGER,3224,0.04588551920849068,0.03622990297004389,0.05795969440403554
2023,1,KOREAN SOCIETY ANIMAL SCIENCE & TECHNOLOGY,14,0.1636995420914699,0.020780787663395427,0.6435523797347974
2023,1,LIFE SCIENCE ALLIANCE LLC,31,0.18416556834407072,0.03775417832145707,0.5649856452629458
2023,1,KOREAN STROKE SOC,16,0.0914386303333525,0.013085798161824308,0.43307079683198524
2023,1,JOHN WILEY & SONS LTD,111,0.08181731874389687,0.034599945615420694,0.18136534989252545
2023,1,KOREAN SOC SEXUAL MEDICINE & ANDROLOGY,41,0.17628761635519194,0.05797600413621906,0.4266805141529538
2023,1,KOREAN SOCIETY OF RADIOLOGY,103,0.14077904006551983,0.06114581713876213,0.29188008999091325
2022,12,NATURE PORTFOLIO,3530,0.04322542106744172,0.033309068596157086,0.05592316060480821
2023,1,AMER INST MATHEMATICAL SCIENCES-AIMS,1980,0.027903278781438154,0.017191574208958577,0.04498373506309164
2023,1,EMERALD GROUP PUBLISHING LTD,423,0.05689530790717048,0.030987917254665993,0.10217857945429724
2023,1,"JMIR PUBLICATIONS, INC",166,0.050144177023805414,0.01905562767047654,0.1254653442975137
2023,1,MANAGED CARE & HEALTHCARE COMMUNICATIONS LLC,12,0.0,0.0,0.54830922665316
2023,1,MASSACHUSETTS MEDICAL SOC,53,0.0,0.0,0.4745406368027266
2023,1,BMC,1999,0.0776184856235121,0.06186954192434044,0.09696198908823164
2023,1,"MARY ANN LIEBERT, INC",131,0.05486090887665628,0.01861062138800597,0.15086596424203494
2023,1,KOREAN ACAD MEDICAL SCIENCES,358,0.12006046229778383,0.07770327565882765,0.18097645754593056
2023,1,KARGER,349,0.061444882501260054,0.03208368805987047,0.11449730934127415
2023,1,KEAI PUBLISHING LTD,416,0.0483092731653382,0.024728078882003138,0.09225087878008799
2023,1,IEEE COMPUTER SOC,621,0.036958478167087846,0.0206879495586187,0.06517374635240582
2023,1,MICROBIOLOGY SOC,13,0.0,0.0,0.7185905846810848
2023,1,MEDYCYNA PRAKTYCZNA SP K SP ZOO,21,0.0,0.0,0.5120980902075081
2023,1,MICH LAW REV ASSOC,38,0.0,0.0,0.39905593129533584
2023,1,NATL ATHLETIC TRAINERS ASSOC INC,13,0.0,0.0,0.541827410736439
2023,1,MYCOSPHERE PRESS,41,0.0,0.0,0.37503091797042437
2023,1,IVYSPRING INT PUBL,760,0.17301568672703227,0.13083601417040547,0.2252691362457615
2023,1,NATURE PUBL GROUP,14,0.0,0.0,0.6614104097144611
2023,1,NONFERROUS METALS SOC CHINA,12,0.0,0.0,0.7411232960242522
2023,1,NEW YORK BUSINESS GLOBAL LLC,48,0.0,0.0,0.36051010783287657
2023,1,NOW PUBLISHERS INC,10,0.20769929826817132,0.030735581659636853,0.6842596331610429
2023,1,OAE PUBLISHING INC,46,0.0,0.0,0.16394972683970715
2023,1,NORTHEAST FORESTRY UNIV,12,0.17142037718370928,0.026554445323055956,0.6107477957676352
2023,1,OCEANOGRAPHY SOC,62,0.07475015141172481,0.015661087014275134,0.29089649643328536
2023,1,PALGRAVE MACMILLAN LTD,20,0.0,0.0,0.38063658243664295
2023,1,MOSBY-ELSEVIER,264,0.03397944114460149,0.011715895439786794,0.09450447164726153
2023,1,PEERJ INC,29,0.06870654552784458,0.008960996791919293,0.375759242413863
2023,1,PEKING UNIV PRESS,76,0.14730098772218084,0.06653973627832299,0.2950965797742348
2023,1,Optica Publishing Group,37,0.0661821326752217,0.009703072568890535,0.3389045901851194
2023,1,NATL ACAD SCIENCES,320,0.06295673534058391,0.030954904475464236,0.12381554545304863
2023,1,CAMBRIDGE UNIV PRESS,2547,0.012135355291858711,0.006319627677306392,0.023178250212842245
2023,1,IOP Publishing Ltd,725,0.013291246949756268,0.004902133468782692,0.03552429349120541
2023,1,POLISH CARDIAC SOC,10,0.0,0.0,0.7088655584981405
2023,1,PROJECT HOPE,16,0.0,0.0,0.42175291852774477
2023,1,PORTLAND PRESS LTD,22,0.13781643747406339,0.01876910002901332,0.5718748904574606
2023,1,ELSEVIER SCIENCE SA,1523,0.039347868522177164,0.026688635181281267,0.05765606400831113
2023,1,RAMAZAN YAMAN,12,0.08469175768427602,0.0017846041909449265,0.8272536793739524
2023,1,RADIOLOGICAL SOC NORTH AMERICA (RSNA),39,0.06905352099933233,0.00834004226862352,0.3954815975796638
2023,1,ROCKEFELLER UNIV PRESS,39,0.08354595298267796,0.012513285253135463,0.3960722138822362
2023,1,MIT PRESS,363,0.02096401247501202,0.007910760446302486,0.05437543667037431
2023,1,ROY COLL PHYS LONDON EDITORIAL OFFICE,22,0.04825463736048205,0.0006415091838231805,0.8001823063818491
2023,1,ROYAL SOC,188,0.014583971722761446,0.00217816748351071,0.09118999928374488
2023,1,OXFORD UNIV PRESS INC,1039,0.0810253754111663,0.059123543111986636,0.11009122479318142
2023,1,FRONTIERS MEDIA SA,2787,0.07272605650236727,0.05941270295514728,0.08874123762044132
2023,1,Resilience Alliance,71,0.03452018533894793,0.005461228915467991,0.18884130956392878
2023,1,SHANGHAI UNIV,11,0.0,0.0,0.4034702408219757
2023,1,SCIPOST FOUNDATION,10,0.10130521622136776,0.011704608707060719,0.5175896947891511
2023,1,SHANGHAI JIAO TONG UNIV PRESS,16,0.0648204902498739,0.0016282699227460884,0.7465647812233024
2023,1,SIAM PUBLICATIONS,42,0.0,0.0,0.1583892773275167
2023,1,SOC EXPLORATION GEOPHYSICISTS - SEG,37,0.0,0.0,0.15030734536768198
2023,1,SOC NUCLEAR MEDICINE INC,18,0.0,0.0,0.3687923212461367
2023,1,AMER CHEMICAL SOC,3874,0.04039427066639064,0.0314736319960812,0.051708317352595824
2023,1,SOC SOCIOLOGICAL SCIENCE,14,0.0,0.0,0.588010769676305
2023,1,SOC VAUDOISE SCIENCES NATURELLES,23,0.0,0.0,0.4902089597933951
2023,1,SOC PETROLEUM ENG,20,0.018385031862401,1.9116052980300815e-06,0.994580086123843
2023,1,SOC BRASILEIRA ICTIOLOGIA,57,0.024423939567439202,4.1213740982773126e-05,0.9382990235675974
2023,1,SPANDIDOS PUBL LTD,21,0.0,0.0,0.507864293721165
2022,11,MDPI,9824,0.05589895197476387,0.04921243758124846,0.06343335382816623
2023,1,SOC NEUROSCIENCE,57,0.07559812351576606,0.018086363760660848,0.2663763878350969
2022,12,PERGAMON-ELSEVIER SCIENCE LTD,5511,0.042615639368186436,0.03489213563692375,0.05195673132526504
2023,1,SPRINGER FRANCE,26,0.03278849405934497,0.00015747231105250613,0.8794703815874266
2023,1,SPRINGER JAPAN KK,58,0.0,0.0,0.1737617491602046
2023,1,SPRINGER SINGAPORE PTE LTD,39,0.0,0.0,0.321055756506627
2023,1,SPRINGER WIEN,103,0.02056704018147672,0.0002761972224756344,0.6148039854738145
2023,1,TAYLOR & FRANCIS AS,10,0.0,0.0,0.8142088176156016
2023,1,"Steklov Mathematical Inst, Russian Acad Sciences",22,0.0,0.0,0.5360605984717802
2023,1,SPRINGER LONDON LTD,61,0.05560884662508482,0.014256175631559977,0.19338086658061776
2023,1,SPRINGER-VERLAG ITALIA SRL,71,0.025129244106249782,0.0037096019630994716,0.15142974803256132
2023,1,THIEME MEDICAL PUBL INC,13,0.0,0.0,0.7412364234018117
2023,1,Tubitak Scientific & Technological Research Council Turkey,16,0.0,0.0,0.6922233420263222
2023,1,"UNIV ALICANTE, GRUPO INVESTIGACION EDUTIC-ADEI",10,0.0,0.0,0.49632759901354345
2023,1,"UNIV BELGRADE, FAC ELECTRICAL ENGINEERING",20,0.0,0.0,0.5767406103681966
2023,1,SCIENCE PRESS,289,0.062312103216319484,0.03258562754015106,0.11590769193171971
2023,1,"UNIV KRAGUJEVAC, FAC SCIENCE",47,0.0,0.0,0.4149129353593819
2023,1,TERMEDIA PUBLISHING HOUSE LTD,57,0.08266162067917257,0.024497800985049323,0.24433222808934518
2023,1,UNIV PRESOV,12,0.0,0.0,0.41974644671430666
2023,1,SPRINGER BASEL AG,253,0.0845955375274676,0.04494108765032116,0.1536119385358917
2023,1,UNIV CHICAGO PRESS,67,0.0,0.0,0.10806592215612265
2023,1,US DEPT HEALTH HUMAN SCIENCES PUBLIC HEALTH SCIENCE,11,0.0,0.0,0.7458420477555768
2023,1,VEREIN FORDERUNG OPEN ACCESS PUBLIZIERENS QUANTENWISSENSCHAF,21,0.0,0.0,0.48544239383872617
2023,1,VILNIUS GEDIMINAS TECH UNIV,22,0.0,0.0,0.3602734741967532
2023,1,"UNIV AGRICULTURE, FAC VETERINARY SCIENCE",69,0.08394248295889777,0.014037625545377361,0.37097934595444626
2023,1,"UNIV SZEGED, BOLYAI INSTITUTE",59,0.1898550047513222,0.08107542840544518,0.38365076404223286
2023,1,UBIQUITY PRESS LTD,56,0.10086840282332975,0.02639889388799795,0.3170102391664003
2023,1,SPRINGER/PLENUM PUBLISHERS,193,0.05442809480719946,0.022343058871107074,0.12662049317866658
2023,1,STATE GRID ELECTRIC POWER RESEARCH INST,176,0.16116355222682838,0.08234843111168802,0.2914538049973315
2023,1,W B SAUNDERS CO LTD,77,0.062201723003748044,0.017871144211212577,0.1946977718491795
2023,1,SPRINGER INT PUBL AG,174,0.03275355127615327,0.009022144286577253,0.11186075464742787
2023,1,WALTER DE GRUYTER GMBH,181,0.0367938609273687,0.00917985275566547,0.13606662334751563
2023,1,PUBLIC LIBRARY SCIENCE,1380,0.05108452220735227,0.03612831141831468,0.07177120036553027
2023,1,W B SAUNDERS CO-ELSEVIER INC,218,0.09970567980007773,0.05253694481032306,0.181127548401163
2023,1,TAYLOR & FRANCIS INC,430,0.08998710838261527,0.05459616132419797,0.14480567056803162
2023,1,TSINGHUA UNIV PRESS,151,0.0348472430662929,0.0098357502399185,0.11600915306999585
2023,1,"WILEY PERIODICALS, INC",15,0.21304786465042047,0.025133525895717438,0.7397744761666931
2023,2,ACAD MANAGEMENT,10,0.0,0.0,0.7253683717971267
2023,2,ACAD MEDICINE SINGAPORE,10,0.07850666810793797,0.00018255581047288972,0.9754610384396922
2023,1,WILEY-HINDAWI,105,0.10884535001292538,0.049586685028989504,0.2223532186530695
2023,1,YONSEI UNIV COLL MEDICINE,86,0.141961176161505,0.06314681920380648,0.28881887781519067
2023,1,"ROUTLEDGE JOURNALS, TAYLOR & FRANCIS LTD",1459,0.03733857017692014,0.021516737267460354,0.06403326153435082
2022,12,ELSEVIER SCI LTD,6580,0.03435194370659655,0.027681333153985764,0.04255966776011317
2023,1,SAGE PUBLICATIONS LTD,949,0.04254437104057805,0.026630807316333015,0.06730969583806103
2023,1,ZHEJIANG UNIV PRESS,95,0.05281781290205412,0.01419122348185242,0.17763590907552262
2022,11,ELSEVIER,11949,0.044102942470742174,0.03865403132735188,0.05027979241923005
2023,2,ACTA DERMATO-VENEREOLOGICA,17,0.4658247150810194,0.11941678231688072,0.8486607421088115
2023,2,ACOUSTICAL SOC AMER AMER INST PHYSICS,55,0.0,0.0,0.13291203827315615
2023,1,eLIFE SCIENCES PUBL LTD,154,0.10277997155805191,0.04878870058936054,0.2037233454083487
2023,1,WOLTERS KLUWER MEDKNOW PUBLICATIONS,225,0.08473703668864563,0.04545154991543748,0.15255176185949137
2023,2,AMER ACAD PEDIATRICS,24,0.0,0.0,0.32667268729119364
2023,2,AMER ACAD SLEEP MEDICINE,27,0.0,0.0,0.7913321028947798
2023,2,AME PUBLISHING COMPANY,17,0.09907905934778978,0.013902059982927713,0.46175481527405304
2023,2,AMER BOARD FAMILY MEDICINE,11,0.0610320309283312,0.0005427641203428188,0.8861018968553598
2023,2,AMER ASSOC NEUROLOGICAL SURGEONS,37,0.19161486765747712,0.06430786532388313,0.4497953229649082
2023,2,ADIS INT LTD,78,0.09192367071072102,0.031713018127451705,0.23831522912026856
2023,2,AMER ASSOC CANCER RESEARCH,118,0.1773395057776818,0.09465128131736686,0.30771271999886696
2023,1,SPRINGER HEIDELBERG,676,0.021556349241968913,0.009750900228427685,0.046976652606099685
2023,1,UNIV CALIFORNIA PRESS,275,0.005604985883091215,0.0007914073097258993,0.03856618376002582
2023,1,WORLD SCIENTIFIC PUBL CO PTE LTD,442,0.021035423520623674,0.007502802773140271,0.05756090562742333
2023,2,AMER ECONOMIC ASSOC,25,0.0,0.0,0.3725352494837948
2023,2,AMER INST AERONAUTICS ASTRONAUTICS,13,0.0,0.0,0.7452649165935289
2023,1,TAYLOR & FRANCIS LTD,927,0.07896554553066246,0.05467215978546729,0.11276594116527985
2023,2,AMER COLL PHYSICIANS,43,0.01475407561139477,7.639724889395383e-05,0.7458772505146586
2023,2,AMER DIABETES ASSOC,42,0.07373132786803467,0.01474818712529413,0.29740285981321046
2023,2,AMER ASSOC ADVANCEMENT SCIENCE,433,0.07315809494503996,0.03376496850469598,0.15131335224924064
2023,2,AMER MATHEMATICAL SOC,30,0.1282579673375492,0.03477422490161325,0.37533083927384914
2023,2,AMER METEOROLOGICAL SOC,75,0.005414616767282626,2.326338347572102e-08,0.999215702488053
2023,2,AMER PUBLIC HEALTH ASSOC INC,17,0.0,0.0,0.6582326245420953
2023,2,"AMER PSYCHIATRIC PUBLISHING, INC",20,0.0,0.0,0.35578332745304087
2023,2,AMER ROENTGEN RAY SOC,28,0.0,0.0,0.5877890259793128
2023,2,AMER PHYSIOLOGICAL SOC,103,0.13466614359635468,0.05431496408332579,0.29660369550490584
2023,1,SPRINGERNATURE,967,0.07301378977662612,0.050800651497148734,0.10387691637087035
2023,2,AMER SOC PHARMACOLOGY EXPERIMENTAL THERAPEUTICS,10,0.00975858846364529,8.246189854944119e-14,0.9999999991508948
2023,2,AMER THORACIC SOC,56,0.0,0.0,0.4772838618733095
2023,2,AMER SOC NEURORADIOLOGY,24,0.41658217009580695,0.15559196570415212,0.7345358646882132
2023,2,AMER SOC HEMATOLOGY,47,0.11469391525324027,0.030236812789023137,0.34993130363159397
2023,2,ANNALS FAMILY MEDICINE,21,0.3334172499968658,0.10275575064240079,0.6859891222544675
2023,2,ACADEMIC PRESS LTD- ELSEVIER SCIENCE LTD,640,0.04475515385390682,0.025618727164265297,0.0770555041902464
2023,2,ASIAN-AUSTRALASIAN ASSOC ANIMAL PRODUCTION SOC,27,0.0,0.0,0.2384056523370016
2023,2,ANNUAL REVIEWS,87,0.0,0.0,0.21654926210541137
2023,2,ATHABASCA UNIV PRESS,10,0.013164576144218525,1.8735959478355868e-11,0.9999998947186143
2023,2,AMER SOC CLINICAL INVESTIGATION INC,101,0.23498331843614034,0.1298622626317154,0.38732058680748377
2023,2,Accscience Publishing,15,0.0,0.0,0.46400591324275964
2023,2,ASSOC RESEARCH VISION OPHTHALMOLOGY INC,21,0.2706276851308544,0.07835311452784069,0.6182332140866077
2023,2,AMER PSYCHOLOGICAL ASSOC,89,0.042712338766992375,0.007564390357444443,0.20709565477963435
2023,2,BENTHAM SCIENCE PUBL LTD,16,0.0,0.0,0.6726824951110829
2023,2,AMER SPEECH-LANGUAGE-HEARING ASSOC,62,0.047263407600562336,0.007177425025945166,0.2539618073884773
2023,2,BIOSCIENTIFICA LTD,13,0.4610720892205658,0.17424749916706816,0.7762184398132221
2023,2,AMER SOC MICROBIOLOGY,156,0.10019996873419955,0.04087457236389036,0.2253955488475598
2023,2,BAISHIDENG PUBLISHING GROUP INC,52,0.19498130863712215,0.06967633178533172,0.4392388481299907
2023,2,ASCE-AMER SOC CIVIL ENGINEERS,62,0.07478405829780604,0.021111789195583337,0.23249808057869878
2023,2,AMER SOC NEPHROLOGY,72,0.1273628990927876,0.05528661871963757,0.2668608992146204
2023,2,AMER PHYTOPATHOLOGICAL SOC,102,0.032817468378473096,0.0054725677091816945,0.1730257936486237
2023,1,SAGE PUBLICATIONS INC,1584,0.058075599259171926,0.041391469505093176,0.08091712139890088
2023,2,ASSOC COMPUTING MACHINERY,119,0.05192893257039592,0.0119052480912081,0.1993586790169959
2023,1,LIPPINCOTT WILLIAMS & WILKINS,3651,0.0569429509189176,0.04713813188879698,0.06864027899498228
2023,2,AIP Publishing,504,0.018765330382662586,0.008017269378067524,0.04329353089531281
2023,2,BRAZILIAN SOC UROL,14,0.0,0.0,0.6418130823983349
2023,2,BRITISH EDITORIAL SOC BONE & JOINT SURGERY,25,0.0,0.0,0.3250334059589446
2023,2,AMER GEOPHYSICAL UNION,373,0.0275896722560824,0.010812803960304363,0.06859209004941365
2023,2,C EJ PUBLISHING GROUP,17,0.02351141080124049,1.1368465586525766e-06,0.9980428302701149
2023,2,AMER MEDICAL ASSOC,526,0.03510612547389186,0.015537691787262192,0.07738220821391162
2023,2,"CHINA UNIV GEOSCIENCES, BEIJING",12,0.0,0.0,0.673528826232804
2023,2,CENTERS DISEASE CONTROL & PREVENTION,51,0.0,0.0,0.4561947775461939
2023,2,"CHINA UNIV GEOSCIENCES, WUHAN",21,0.0,0.0,0.5131718294811797
2023,2,CHINESE CHEMICAL SOC,14,0.0,0.0,0.516081091469137
2023,1,NATURE PORTFOLIO,3433,0.04128004377626377,0.031731313978982455,0.05354332444882716
2023,2,CHINESE LASER PRESS,24,0.020032405572034503,5.704991284015805e-05,0.8798690224698285
2023,2,COGITATIO PRESS,25,0.0,0.0,0.48014807092869005
2023,2,CMA-CANADIAN MEDICAL ASSOC,24,0.14029296913920217,0.01975967543435974,0.5691629701932107
2023,2,"COLD SPRING HARBOR LAB PRESS, PUBLICATIONS DEPT",20,0.0,0.0,0.36180504025824844
2023,2,COLL AMER PATHOLOGISTS,13,0.0,0.0,0.661262215138346
2023,2,COLL FAMILY PHYSICIANS CANADA,10,0.0,0.0,0.5882356403466307
2023,2,COMPANY BIOLOGISTS LTD,45,0.20571826475592744,0.07536776703772588,0.4514422995139981
2023,2,CHURCHILL LIVINGSTONE INC MEDICAL PUBLISHERS,88,0.15127715339922512,0.07449272139668342,0.2830063634827188
2023,2,CSIRO PUBLISHING,16,0.0,0.0,0.4249360823654529
2023,2,CURRENT MEDICINE GROUP,14,0.24589387506471816,0.025353233550537563,0.8034349340855917
2023,2,CHURCHILL LIVINGSTONE,91,0.07657215471401281,0.024747410181332922,0.21320011985760035
2023,2,DUKE UNIV PRESS,64,0.0,0.0,0.2544187926699424
2023,2,EDITURA ASE,15,0.15402895775163244,0.025291305278170306,0.5609427323414956
2023,2,DOVE MEDICAL PRESS LTD,94,0.045701602791656824,0.005304528796624653,0.3007328788973409
2023,2,CURRENT BIOLOGY LTD,49,0.11120587389848481,0.02569045059696855,0.3725354118341427
2023,2,EDIZIONI MINERVA MEDICA,33,0.058786359640661215,0.008334478789043667,0.31701242312770106
2023,2,ACADEMIC PRESS INC ELSEVIER SCIENCE,1153,0.02942888670770563,0.01754973715900528,0.04894823708778086
2023,2,EDUCATIONAL PUBLISHING FOUNDATION-AMERICAN PSYCHOLOGICAL ASSOC,34,0.06910267658769448,0.00830321936267796,0.39691476978614243
2023,2,EDP SCIENCES S A,178,0.01623584033359932,0.004134621621869079,0.06156536272807692
2023,2,COPERNICUS GESELLSCHAFT MBH,223,0.02804152371906402,0.009138356421245018,0.08278014204084537
2023,2,CAMBRIDGE UNIV PRESS,577,0.03691045535222937,0.018544842514516217,0.07212753168065561
2023,1,WILEY-V C H VERLAG GMBH,1766,0.042508462354618394,0.028304194051860538,0.06337612227904514
2023,2,BMJ PUBLISHING GROUP,652,0.04200870620585922,0.02327820029529429,0.07465845993931441
2023,2,AMER PHYSICAL SOC,812,0.010525145088522217,0.0035971139495395775,0.03038958105076972
2023,2,ELSEVIER - DIVISION REED ELSEVIER INDIA PVT LTD,11,0.0,0.0,0.7748810854471445
2023,2,ELSEVIER ESPANA,18,0.029658707926782643,1.1802777581659973e-05,0.9875238237339539
2023,2,ELSEVIER ADVANCED TECHNOLOGY,82,0.10779232485851427,0.035748560254621246,0.28249018104425766
2023,2,ELSEVIER INC,41,0.0,0.0,0.33631836910170926
2023,2,"ELSEVIER MASSON, CORP OFF",20,0.21794246834546596,0.06526753204470402,0.5265677749765579
2023,2,ELSEVIER GMBH,138,0.1213236732486686,0.05769309295237935,0.23744914676078935
2023,2,ELSEVIER FRANCE-EDITIONS SCIENTIFIQUES MEDICALES ELSEVIER,352,0.09975553843956562,0.05790567482388926,0.1665056703606715
2022,12,MDPI,10479,0.0647419501214144,0.057816695203724,0.07243293824556726
2023,2,ELSEVIER SCIENCE LONDON,47,0.0,0.0,0.19950112400636827
2023,1,OXFORD UNIV PRESS,4210,0.06225169153118014,0.05298090227376997,0.073019634861668
2023,2,ELSEVIER SINGAPORE PTE LTD,26,0.0,0.0,0.3390455667208271
2023,2,EUROPA EDITION,15,0.0,0.0,1.0
2023,2,EUROPEAN MATHEMATICAL SOC-EMS,12,0.0,0.0,0.7431722248991377
2023,2,EUR CENTRE DIS PREVENTION & CONTROL,18,0.0,0.0,0.6478871568218938
2023,2,EXCERPTA MEDICA INC-ELSEVIER SCIENCE INC,14,0.0,0.0,0.6576655587415701
2023,2,FERRATA STORTI FOUNDATION,41,0.0,0.0,0.4323988017441958
2023,2,"ESMON PUBLICIDAD S A, DEPT ALLERGY & CLIN IMMUNOL, CLIN UNIV NAVARRA",10,0.0,0.0,0.8431802934852527
2023,2,ENDOCRINE SOC,51,0.03188383235447843,0.0002417059819901268,0.817729645620154
2023,2,ELSEVIER TAIWAN,48,0.22401332300988186,0.0941018089263958,0.44514419919502063
2023,2,ELSEVIER IRELAND LTD,614,0.0960493555325766,0.06672185794568988,0.13638391655908902
2023,2,EUROPEAN RESPIRATORY SOC JOURNALS LTD,53,0.05830525856572668,0.008781144755364149,0.30203012263939094
2023,2,GLOBAL SCIENCE PRESS,14,0.0,0.0,0.6919444189675321
2023,2,"GEOLOGICAL SOC AMER, INC",38,0.0,0.0,0.2774368053896824
2023,2,HONG KONG ACAD MEDICINE PRESS,10,0.0,0.0,0.7044029764271365
2023,2,FUTURE MEDICINE LTD,17,0.1555602122612948,0.0018053553287505342,0.9494014945177748
2023,2,HUMAN KINETICS PUBL INC,23,0.0,0.0,0.3795479660189701
2023,2,HINDAWI LTD,41,0.0,0.0,0.4030528919950855
2023,2,HARBORSIDE PRESS,18,0.09975188846111917,0.014037393157054304,0.463048713842318
2023,2,HIGHER EDUCATION PRESS,25,0.05393892875767817,0.00750528609747745,0.3006309303497936
2023,1,ELSEVIER SCIENCE INC,2490,0.06590760180272029,0.05259558908297501,0.08229622943682087
2023,2,GEORG THIEME VERLAG KG,84,0.022623458409856377,0.00026276633444977235,0.6708900371419223
2023,2,IGI GLOBAL,16,0.0,0.0,0.7087683630968167
2023,2,INTER-RESEARCH,18,0.0,0.0,0.39511322470394744
2023,2,INT SOC GLOBAL HEALTH,18,0.0,0.0,0.5359813898102692
2023,2,INFORMS,59,0.0,0.0,0.1861558963909767
2023,2,INT UNION CRYSTALLOGRAPHY,22,0.08679005951830168,0.014035724071777106,0.38818852205605897
2023,2,"INST MATERIA MEDICA, CHINESE ACAD MEDICAL SCIENCES",27,0.1755497040112233,0.03614256759863264,0.5473285768210119
2023,2,INST MATHEMATICAL STATISTICS-IMS,36,0.038647482013189134,0.005481567142774384,0.22673296456363265
2023,2,IOS PRESS,12,0.21399682406508116,0.030232190926656792,0.7039439769732853
2023,2,JOHN BENJAMINS PUBLISHING CO,33,0.0,0.0,0.4469734730135279
2023,2,JOURNAL OF CENTRAL SOUTH UNIV,22,0.0,0.0,0.5176732979480424
2023,2,JOHN WILEY & SONS INC,20,0.10893126008690239,0.015084874689588464,0.4938637683633772
2023,2,JOURNAL MATER SCI TECHNOL,70,0.0,0.0,0.2884814829355911
2023,2,KOREAN DIABETES ASSOC,17,0.0,0.0,0.7127237600383765
2023,2,KERMAN UNIV MEDICAL SCIENCES,19,0.14664402772794036,0.02137104461101447,0.5748771548541
2023,2,KOREAN FIBER SOC,64,0.0,0.0,0.10877548865475405
2023,2,KOREAN NUCLEAR SOC,41,0.0,0.0,0.19536730439587027
2023,2,KOREAN ASSOC STUDY LIVER,10,0.20713988322956922,0.01806042920369501,0.7877308621258609
2023,2,KOREAN SOCIETY ANIMAL SCIENCE & TECHNOLOGY,17,0.10247376148765133,0.0029866676518790743,0.8131386479467818
2023,2,KOREAN INST METALS MATERIALS,21,0.1560532450768777,0.029735496906969586,0.5273334523935417
2023,2,LIFE SCIENCE ALLIANCE LLC,29,0.0,0.0,0.42896915180930084
2023,2,EMERALD GROUP PUBLISHING LTD,483,0.07037671480116524,0.04338729090434098,0.112186213660025
2023,2,JOHN WILEY & SONS LTD,103,0.10365392290543857,0.04193241301976149,0.2340327087606677
2023,2,MAGNOLIA PRESS,10,0.0,0.0,1.0
2023,2,MASSACHUSETTS MEDICAL SOC,62,0.0,0.0,0.3773771232906473
2023,2,"MARY ANN LIEBERT, INC",131,0.0,0.0,0.1964446198046395
2023,2,"JMIR PUBLICATIONS, INC",160,0.08718747670883818,0.037361502669705345,0.1903245814894719
2023,2,BMC,1808,0.05377787628039097,0.040433011192466846,0.07120038449940468
2022,12,WILEY,8648,0.05383201536244201,0.04757016831872909,0.06086545835371402
2023,2,CELL PRESS,1768,0.06996328517762043,0.05129148081132234,0.09475337307229159
2023,2,KEAI PUBLISHING LTD,288,0.08177777996241864,0.043257179418935476,0.14924990321237094
2023,2,MEDYCYNA PRAKTYCZNA SP K SP ZOO,19,0.0,0.0,0.544939625545094
2023,2,MIT PRESS,20,0.0,0.0,0.45886724340456303
2023,2,IEEE COMPUTER SOC,284,0.019357846413847014,0.006335956334755539,0.057591645953597
2023,2,MICROBIOLOGY SOC,17,0.0,0.0,0.3300925702427146
2023,2,NATL ATHLETIC TRAINERS ASSOC INC,11,0.22148057612547817,0.02898414626302912,0.7305619815837229
2023,2,NATL MED ASSOC,11,0.0,0.0,0.704401144130211
2023,2,NONFERROUS METALS SOC CHINA,20,0.0,0.0,0.17896458499042814
2023,2,Optica Publishing Group,28,0.0,0.0,0.3494663988852817
2023,2,PEERJ INC,33,0.0,0.0,0.21813597788642303
2023,2,PALGRAVE MACMILLAN LTD,19,0.04829591755675884,0.0008522795243332267,0.7511825369640576
2023,1,SPRINGER,3164,0.03347422811331305,0.02496839989384547,0.04474470986850239
2023,1,PERGAMON-ELSEVIER SCIENCE LTD,4967,0.03229251783355443,0.025099339791112552,0.041459508401556336
2023,2,PORTLAND PRESS LTD,16,0.0,0.0,0.3841675546842327
2023,2,POLISH CARDIAC SOC,11,0.2569713466027435,0.008094846738082384,0.9361273216709601
2023,2,PROJECT HOPE,15,0.0,0.0,0.6100553927843665
2023,2,NATL ACAD SCIENCES,279,0.05195292779871425,0.02270270869602133,0.11447487033859577
2023,2,MOSBY-ELSEVIER,348,0.09056835171965875,0.05395374968775244,0.14813983213940737
2023,1,ELSEVIER SCI LTD,5696,0.03394540221195726,0.026905944204416256,0.04274570461968277
2023,2,R FOUNDATION STATISTICAL COMPUTING,19,0.0,0.0,0.2723076034133978
2023,2,RADIOLOGICAL SOC NORTH AMERICA (RSNA),49,0.004455332079137892,7.385472050524902e-11,0.9999963124493082
2023,2,ROCKEFELLER UNIV PRESS,53,0.09219308226638456,0.009935182665906029,0.5068483033764604
2023,2,ROYAL COLL GENERAL PRACTITIONERS,17,0.0,0.0,0.37756581020834634
2023,2,RUSSELL SAGE FOUNDATION,17,0.0,0.0,0.567001823994228
2023,2,ROYAL SOC,208,0.0,0.0,0.03630986305477712
2023,2,SHANGHAI JIAO TONG UNIV PRESS,13,0.0,0.0,0.6586636717167467
2023,2,SCIPOST FOUNDATION,15,0.0,0.0,0.40099908541906454
2023,2,SOC NUCLEAR MEDICINE INC,12,0.0,0.0,0.37819371347076025
2023,2,SOC EXPLORATION GEOPHYSICISTS - SEG,42,0.0,0.0,0.1863068898702402
2023,2,SIAM PUBLICATIONS,85,0.0,0.0,0.17468621451428304
2022,12,ELSEVIER,11998,0.04544253165602922,0.03989172766756518,0.05172410156202791
2023,2,SPANDIDOS PUBL LTD,19,0.17806311943038436,0.04553759345997426,0.4958898463771895
2023,2,SOC PETROLEUM ENG,19,0.044180974922654236,0.0008078835832484015,0.7254653299470488
2023,2,SOC NEUROSCIENCE,59,0.05431223428791395,0.007284959768572919,0.31009094572998347
2023,2,SPRINGER FRANCE,21,0.05825430067102907,0.008114861555660484,0.31866264840297215
2023,2,SPRINGER SINGAPORE PTE LTD,43,0.0,0.0,0.27520147654684557
2023,2,SPRINGER-VERLAG ITALIA SRL,92,0.0,0.0,0.2208282169024032
2023,2,OXFORD UNIV PRESS INC,571,0.045137190431095514,0.02466951228952335,0.08117308183821177
2023,2,SPRINGER JAPAN KK,38,0.047235596930523004,0.006800772293596664,0.26414310265490665
2023,2,SPRINGER LONDON LTD,66,0.02809498470402117,0.004047243077357321,0.17055908496936706
2023,2,SPRINGER/PLENUM PUBLISHERS,183,0.0,0.0,0.0795931182872604
2023,2,SCIENCE PRESS,262,0.06354428151673602,0.029822503173311754,0.13027667772415863
2023,2,TAYLOR & FRANCIS AS,11,0.0,0.0,0.7545377898133525
2023,2,SPRINGER INT PUBL AG,189,0.07426877040234069,0.03500193151526132,0.15070735096034193
2023,2,SPRINGER WIEN,88,0.04494026762459015,0.011586121963408346,0.15887990980119432
2023,2,SAGE PUBLICATIONS LTD,501,0.05058950308040808,0.027502788204564414,0.09123777307221534
2023,2,TERMEDIA PUBLISHING HOUSE LTD,12,0.0,0.0,0.7127000872001489
2023,2,THIEME MEDICAL PUBL INC,13,0.09834045926977628,0.006481511782891589,0.6458155132474629
2023,2,SPRINGER BASEL AG,166,0.023862515631715875,0.004091384990862504,0.12699237609091948
2023,2,UNIV CHICAGO PRESS,37,0.0,0.0,0.38767304157806803
2023,2,VILNIUS GEDIMINAS TECH UNIV,14,0.0,0.0,0.44856707971341536
2023,2,"VILNIUS UNIV, INST MATHEMATICS & INFORMATICS",12,0.0,0.0,0.9264546697324045
2023,2,US DEPT HEALTH HUMAN SCIENCES PUBLIC HEALTH SCIENCE,10,0.11594452862674323,0.015893829551811713,0.5157415362160863
2023,2,VEREIN FORDERUNG OPEN ACCESS PUBLIZIERENS QUANTENWISSENSCHAF,20,0.17595470017315948,0.04690325232687594,0.48091715952337083
2023,2,W B SAUNDERS CO LTD,83,0.0,0.0,0.06768874454258582
2023,2,ELSEVIER SCIENCE INC,2173,0.05407013909728676,0.04111373667359797,0.07080805821619258
2023,2,AMER CHEMICAL SOC,3566,0.03091383914051989,0.022200185106054725,0.04289758745314054
2023,2,SAGE PUBLICATIONS INC,664,0.03601438320187609,0.016330068307914763,0.07755548238255823
2023,2,WALTER DE GRUYTER GMBH,123,0.03409181407112033,0.006865686272770218,0.15268532275299487
2023,2,W B SAUNDERS CO-ELSEVIER INC,238,0.06639496319273663,0.032165226837831504,0.1320802998539567
2023,2,TSINGHUA UNIV PRESS,169,0.06496949611511373,0.025746333212161656,0.15447269962537596
2023,2,TAYLOR & FRANCIS INC,427,0.03892951876716932,0.0161853484683536,0.09068836527804541
2023,2,IOP Publishing Ltd,909,0.004537935887183614,0.0008060551637367839,0.025113450686025843
2023,2,"WILEY PERIODICALS, INC",10,0.1427404616328529,0.007679986512722985,0.7817685414244784
2023,2,ELSEVIER SCIENCE SA,1723,0.040603225704369306,0.02773719422886153,0.0590746145490121
2023,3,ACAD MANAGEMENT,15,0.0,0.0,0.5800683317811638
2023,2,ZHEJIANG UNIV PRESS,21,0.05726019351100447,0.007960034891433591,0.3149583399488261
2023,2,WOLTERS KLUWER MEDKNOW PUBLICATIONS,53,0.16537798981129948,0.07376030426298373,0.33022266989678933
2023,2,FRONTIERS MEDIA SA,2233,0.05695615734927604,0.04319864643276612,0.0747527285891001
2023,2,eLIFE SCIENCES PUBL LTD,168,0.010928940858988385,0.00028045433213647335,0.3032467701228569
2023,2,SPRINGERNATURE,1004,0.12541655496828696,0.0972434232914785,0.16030256700695802
2023,2,WORLD SCIENTIFIC PUBL CO PTE LTD,94,0.020093407557512443,0.002890604022072172,0.12666914464722295
2023,3,ACTA DERMATO-VENEREOLOGICA,28,0.0,0.0,0.5879999707092668
2023,3,AKADEMIAI KIADO ZRT,11,0.0,0.0,0.7049178112495554
2023,3,ALEXANDER VON HUMBOLDT INST INTERNET & SOC,10,0.0,0.0,0.7139171933826776
2023,2,WILEY-HINDAWI,230,0.053134608712296666,0.020469705382144786,0.1309562966377726
2023,3,AMER ACAD SLEEP MEDICINE,17,0.0,0.0,0.9616787698880344
2023,3,AMER ACAD PEDIATRICS,30,0.0,0.0,0.23547720294220126
2023,3,AME PUBLISHING COMPANY,49,0.0416282354627678,0.0027844686358298085,0.4032348954032017
2023,3,ADIS INT LTD,98,0.05327448083021186,0.010194399471705128,0.23515407170221034
2023,3,AMER BOARD FAMILY MEDICINE,13,0.047794616105884834,2.0149144674302228e-05,0.9920656910613084
2023,2,SPRINGER HEIDELBERG,737,0.041739692973636576,0.025586265991211055,0.06738603487975296
2023,2,OXFORD UNIV PRESS,1667,0.04443001006168044,0.03139796067976201,0.06252199724118333
2023,3,AMER ASSOC NEUROLOGICAL SURGEONS,64,0.07696262257325856,0.02672438986517575,0.2020373808560104
2023,3,AMER ECONOMIC ASSOC,48,0.0,0.0,0.3503147642925838
2023,3,AMER DIABETES ASSOC,33,0.16864581861249672,0.03825225320420677,0.508509038056067
2023,2,"ROUTLEDGE JOURNALS, TAYLOR & FRANCIS LTD",1056,0.020986533005035633,0.0092561191918449,0.046879640476473
2023,3,AMER INST AERONAUTICS ASTRONAUTICS,10,0.1752716771237826,0.022806703974854656,0.6593044878459616
2023,3,AMER MATHEMATICAL SOC,33,0.09390855337133765,0.0163664572569006,0.39230868265334556
2023,3,AMER COLL PHYSICIANS,47,0.06360752318030907,0.01189541781673862,0.27708434079842226
2023,2,TAYLOR & FRANCIS LTD,788,0.07914042931682563,0.05358587375929629,0.11539577260903133
2023,3,"AMER OCCUPATIONAL THERAPY ASSOC, INC",59,0.0,0.0,0.16094127110203876
2023,3,AMER ASSOC ADVANCEMENT SCIENCE,354,0.10469121722290455,0.06213276041153798,0.1710829070783748
2023,3,"AMER PSYCHIATRIC PUBLISHING, INC",25,0.0,0.0,0.5394964797318784
2023,3,AMER ROENTGEN RAY SOC,33,0.0,0.0,0.9231975966260464
2023,3,AMER METEOROLOGICAL SOC,78,0.05360296469281688,0.0133690540335887,0.19142734755341256
2023,3,AMER SOC CELL BIOLOGY,11,0.055177543222458936,3.378184345478145e-05,0.990191716718008
2023,3,AMER PUBLIC HEALTH ASSOC INC,30,0.07671877327548585,0.0038454281573702355,0.6413992849290395
2023,1,WILEY,5976,0.05371022073406919,0.04570991030114154,0.06301830623320749
2023,3,AMER SOC ENGINEERING EDUCATION,11,0.07955907318200711,0.0034123567251601876,0.6857292240928609
2023,3,AMER SOC NEURORADIOLOGY,23,0.0,0.0,0.4987320263427717
2023,3,AMER SOC PHARMACOLOGY EXPERIMENTAL THERAPEUTICS,19,0.0,0.0,0.5292978330076354
2023,3,ANNALS FAMILY MEDICINE,17,0.009551889742949878,4.03316212949195e-25,1.0
2023,3,AMER PHYSIOLOGICAL SOC,111,0.19628774056649767,0.10419924013562913,0.33896584525206536
2023,3,AIP Publishing,441,0.01997025733361134,0.007651438366380696,0.05110106254628336
2023,3,AMER SPEECH-LANGUAGE-HEARING ASSOC,51,0.0,0.0,0.16351075189718756
2023,3,AMER THORACIC SOC,56,0.02644646342187151,2.46643166007142e-07,0.999665875339278
2023,3,AMER SOC CLINICAL INVESTIGATION INC,73,0.16728322798277248,0.06528841685742863,0.3661922819888781
2023,3,ASSOCIACAO BRASILEIRA PESQUISA POS-GRADUACAO FISIOTERAPIA-ABRAPG-FT,10,0.0,0.0,0.7806765659418556
2023,3,AMER SOC NEPHROLOGY,65,0.09036078503969538,0.026476662126251972,0.2662334791645535
2023,3,Accscience Publishing,24,0.0,0.0,0.18034930887492048
2023,3,AMER SOC HEMATOLOGY,59,0.1293652955302451,0.03981860534191032,0.3474251191953584
2023,3,BASTAS PUBL LTD - UK,12,0.0,0.0,0.5952703119694146
2023,3,AMER PSYCHOLOGICAL ASSOC,132,0.0588879136022334,0.019050415726426455,0.16778315779585998
2023,3,BENTHAM SCIENCE PUBL LTD,14,0.3622426422730443,0.08262947921163415,0.7817438390019871
2023,3,ASSOC RESEARCH VISION OPHTHALMOLOGY INC,35,0.19518263940875266,0.07346179506869531,0.42588277419103326
2023,3,ANNUAL REVIEWS,109,0.0883994933200057,0.033238342155128386,0.21476757919921047
2023,3,BAISHIDENG PUBLISHING GROUP INC,70,0.09445790681506949,0.029508286847982304,0.2635443822976409
2023,3,ASCE-AMER SOC CIVIL ENGINEERS,82,0.05775437819125168,0.015471833579067541,0.19294411522736912
2023,2,PUBLIC LIBRARY SCIENCE,1477,0.03618329596993463,0.024225607561178378,0.0537183317907657
2023,3,ASSOC COMPUTING MACHINERY,87,0.04122622706070213,0.010491475242058899,0.14848720976437607
2023,3,AMER SOC MICROBIOLOGY,136,0.045003511792104316,0.009017128082670672,0.19617682196468145
2023,3,AMER PHYTOPATHOLOGICAL SOC,98,0.01889231398516697,0.002771764609984906,0.11770358468641559
2023,3,ACADEMIC PRESS LTD- ELSEVIER SCIENCE LTD,688,0.04337516504065439,0.02541322701371376,0.07308052858645081
2023,3,AMER GEOPHYSICAL UNION,480,0.04237347307426674,0.02189610246103711,0.08042671091468244
2023,3,BRILL,27,0.0,0.0,0.5212421608649903
2023,3,C EJ PUBLISHING GROUP,21,0.0,0.0,0.5531286930667676
2023,3,BRITISH EDITORIAL SOC BONE & JOINT SURGERY,50,0.017984535964225643,3.9121306909164864e-05,0.8955392476801016
2023,3,AMER MEDICAL ASSOC,601,0.046579439122502946,0.02558388919818427,0.08333158466930281
2023,3,CANADIAN OPHTHAL SOC,15,0.24489999777826024,0.07596393292487372,0.5613128666459228
2023,3,ACADEMIC PRESS INC ELSEVIER SCIENCE,1421,0.051878101330885155,0.03620331667300512,0.07381971933007798
2023,3,CENTERS DISEASE CONTROL & PREVENTION,57,0.0,0.0,0.3869841701421101
2023,3,CHINA ANTI-CANCER ASSOC,14,0.027547310128331275,6.2719874132639346e-09,0.9999921840755344
2023,3,CHINESE LASER PRESS,17,0.0,0.0,0.3083842543156352
2023,3,CHINESE CHEMICAL SOC,23,0.0,0.0,0.39726608881586145
2023,3,AMER PHYSICAL SOC,848,0.012505529969154673,0.0038528801217839062,0.03981333123368663
2023,2,IEEE-INST ELECTRICAL ELECTRONICS ENGINEERS INC,2341,0.028488832843759998,0.018161582751497655,0.0444227899609268
2023,3,CMA-CANADIAN MEDICAL ASSOC,25,0.15866777469946652,0.026757281974476507,0.5640164013425418
2023,3,COLL AMER PATHOLOGISTS,18,0.06538787657695265,0.0019312835058927736,0.7166790686121733
2023,3,CURRENT MEDICINE GROUP,10,0.0,0.0,0.5124362209537353
2023,3,COGITATIO PRESS,37,0.0005119678390970849,0.0,0.07397947040864233
2023,3,CSIRO PUBLISHING,18,0.0,0.0,0.6026795025770856
2023,3,"COLD SPRING HARBOR LAB PRESS, PUBLICATIONS DEPT",25,0.06399198652608838,0.008848536258326161,0.34363950075843297
2023,3,Cherkas Global Univ Press,46,0.0,0.0,0.25601976062313503
2023,3,EDICIONES PROFESIONALES INFORMACION SL-EPI,19,0.0,0.0,0.20429745446189493
2023,3,EDIZIONI MINERVA MEDICA,28,0.0,0.0,0.4907333029322214
2023,3,DUKE UNIV PRESS,47,0.0,0.0,0.49025426958177126
2023,3,EDITURA ACAD ROMANE,17,0.08843110981598441,0.0011207458176795229,0.8934763509843452
2023,3,CHURCHILL LIVINGSTONE INC MEDICAL PUBLISHERS,103,0.12264150388661361,0.05673680228453806,0.24520009531090478
2023,3,EDUCATIONAL PUBLISHING FOUNDATION-AMERICAN PSYCHOLOGICAL ASSOC,26,0.0,0.0,0.3255658947648486
2023,3,COMPANY BIOLOGISTS LTD,58,0.08979098028682454,0.019268124540441658,0.3312509744814837
2023,3,CURRENT BIOLOGY LTD,59,0.07240580208439851,0.01093297666099513,0.35534243572409
2023,3,EDP SCIENCES S A,185,0.0,0.0,0.14101668573233095
2023,3,DOVE MEDICAL PRESS LTD,127,0.11053394851688783,0.04754699505838207,0.23626350390004444
2023,3,CHURCHILL LIVINGSTONE,199,0.0337548679888803,0.009804489200057382,0.10972786989047852
2023,3,ACOUSTICAL SOC AMER AMER INST PHYSICS,1188,0.033205917038375894,0.020687179286696153,0.05289115418445513
2023,2,LIPPINCOTT WILLIAMS & WILKINS,3817,0.05626659965881052,0.046819667297541716,0.06748471207481312
2023,3,COPERNICUS GESELLSCHAFT MBH,216,0.009099111269008376,0.001302420625982946,0.06073097430683291
2023,3,BMJ PUBLISHING GROUP,802,0.06807287992890548,0.046273276791448485,0.09907553492254591
2023,2,NATURE PORTFOLIO,3050,0.05966653709828907,0.04690258680586396,0.07562840967779375
2023,3,ELSEVIER ESPANA SLU,12,0.0,0.0,0.5191747050084304
2023,3,ELSEVIER - DIVISION REED ELSEVIER INDIA PVT LTD,19,0.10233342841091228,0.006130709551447603,0.6781254845274968
2023,3,ELSEVIER ESPANA,24,0.22081148048082272,0.059527221720490804,0.5592358978953844
2023,3,ELSEVIER INC,40,0.0,0.0,0.27195241936075293
2023,2,WILEY-V C H VERLAG GMBH,1674,0.03867073045926358,0.024696835257443824,0.06006436161167852
2023,3,"ELSEVIER MASSON, CORP OFF",23,0.1662167301046151,0.04438155527047667,0.46112184713048
2023,3,ELSEVIER GMBH,163,0.150638280774807,0.08532469874752542,0.2521643497192665
2023,3,ELSEVIER ADVANCED TECHNOLOGY,129,0.0866870594139509,0.0337160860001347,0.20520654146013875
2023,3,ELSEVIER FRANCE-EDITIONS SCIENTIFIQUES MEDICALES ELSEVIER,436,0.1129423576512808,0.07328197774914269,0.17012662078111693
2023,3,ELSEVIER SCIENCE LONDON,60,0.13601516742097414,0.03840982254516167,0.382889304561135
2023,3,AMER ASSOC CANCER RESEARCH,1676,0.06441717741195113,0.05124644173164714,0.08068502535857633
2023,1,ELSEVIER,11599,0.054646785730665816,0.048461089994714164,0.06157094958390486
2023,3,EUR CENTRE DIS PREVENTION & CONTROL,24,0.0,0.0,0.36919011106179506
2023,3,ELSEVIER TAIWAN,57,0.12886129073308505,0.04391214374761866,0.32268268934080274
2023,3,EUROPEAN MATHEMATICAL SOC-EMS,23,0.0,0.0,0.48920474136348324
2023,3,ELSEVIER SINGAPORE PTE LTD,34,0.08374298085039796,0.013313568378919616,0.38236535419994766
2023,3,FERRATA STORTI FOUNDATION,38,0.0,0.0,0.2997773789457243
2023,3,EXCERPTA MEDICA INC-ELSEVIER SCIENCE INC,21,0.10143817798366175,0.014843539448443384,0.45823350276191066
2023,3,EUROPEAN RESPIRATORY SOC JOURNALS LTD,94,0.11294299795551449,0.04740206938652704,0.245728528560549
2023,3,ENDOCRINE SOC,79,0.09535134600352052,0.030809239970469485,0.25897370609750037
2023,3,CELL PRESS,2046,0.07858851027001466,0.06049178405398034,0.10151408999962164
2023,2,SPRINGER,3054,0.033595772066619956,0.025169623825943056,0.044713393054387325
2023,3,ELSEVIER IRELAND LTD,595,0.10784007603585176,0.07631719449595538,0.1502653183951862
2023,3,"GEOLOGICAL SOC AMER, INC",57,0.0,0.0,0.1157375902628618
2023,3,HANLEY & BELFUS-ELSEVIER INC,14,0.04238758536495144,7.40450983718794e-06,0.996235012733596
2023,3,HINDAWI LTD,47,0.0,0.0,0.2977267546284503
2023,3,HARBORSIDE PRESS,72,0.0,0.0,0.7419279827866454
2023,3,HIGHER EDUCATION PRESS,40,0.0,0.0,0.19831730370951808
2023,3,HUMAN KINETICS PUBL INC,28,0.0,0.0,0.4195980025295541
2023,3,GEORG THIEME VERLAG KG,91,0.0,0.0,0.2649271362809205
2023,1,IEEE-INST ELECTRICAL ELECTRONICS ENGINEERS INC,11184,0.0553388074342409,0.04889428198020523,0.06257686874314151
2023,3,INST BADAN GOSPODARCZYCH,10,0.18655032524042148,0.02836216559462568,0.6430808200489623
2023,3,EMERALD GROUP PUBLISHING LTD,456,0.06234922517260425,0.03543316316769535,0.10743419511250449
2023,3,INFORMS,74,0.0,0.0,0.09067454035788333
2023,3,IGI GLOBAL,13,0.11187146442835803,0.005016960013046997,0.7588472039058832
2023,3,INST ECONOMIC RESEARCH-POLAND,10,0.14656050915530563,0.020699306414420405,0.5825051960149702
2023,3,"INST MATERIA MEDICA, CHINESE ACAD MEDICAL SCIENCES",22,0.21849353387131937,0.03998125981297323,0.6524005629220536
2023,3,INTER-RESEARCH,30,0.0,0.0,0.10612873268969393
2023,3,INT UNION CRYSTALLOGRAPHY,39,0.0074786502157262605,1.9683468385537318e-08,0.999653435263304
2023,3,IEEE COMPUTER SOC,259,0.049048876426720636,0.021942817919726305,0.10600987091261657
2023,3,JOHN BENJAMINS PUBLISHING CO,11,0.0,0.0,1.0
2023,3,JOHN WILEY & SONS INC,16,0.03449363628478126,5.878200151504202e-06,0.9954155875681059
2023,3,BMC,2172,0.06486104383035982,0.05142522010619048,0.08150560813741115
2023,3,JOURNAL OF CENTRAL SOUTH UNIV,25,0.17717168440899392,0.03279358991475921,0.577598371363066
2023,3,KOREAN DIABETES ASSOC,12,0.0,0.0,0.831060035130213
2023,3,KOREAN ASSOC STUDY LIVER,17,0.678685008977662,0.20072373159721282,0.9467101729108526
2023,3,KOREAN NUCLEAR SOC,29,0.0,0.0,0.21257742271269575
2023,3,KOREAN SOC ANESTHESIOLOGISTS,12,0.1964365304761859,0.026857279224620736,0.6840744717044925
2023,3,KOREAN INST METALS MATERIALS,15,0.13316117505113503,0.018856185201751557,0.5511436095279479
2023,3,KOREAN FIBER SOC,52,0.0,0.0,0.3092007787843854
2023,3,KOREAN SOC NEPHROLOGY,16,0.2180866721178435,0.05295895897989689,0.5817891824556572
2023,3,LIFE SCIENCE ALLIANCE LLC,30,0.10579518486712165,0.011796587495464498,0.5397207688433201
2023,3,KOREAN SPINAL NEUROSURGERY SOC,46,0.12306259281878165,0.033287945810819036,0.36382986513620397
2023,3,"JMIR PUBLICATIONS, INC",198,0.12149852929200484,0.07227876931671615,0.19711407883667986
2023,3,JOHN WILEY & SONS LTD,127,0.08695122696675271,0.0402781736917869,0.1776939232307366
2023,3,JOURNAL MATER SCI TECHNOL,107,0.04803793638293353,0.014200678173726373,0.1502163492306984
2023,3,MANAGED CARE & HEALTHCARE COMMUNICATIONS LLC,13,0.0,0.0,0.3654509680569301
2023,3,MASSON EDITEUR,11,0.1344892214742024,0.007853035602795795,0.7531157903078214
2023,3,MASSACHUSETTS MEDICAL SOC,79,0.06729457480971997,0.01304294289033333,0.28259205479792043
2023,3,"MARY ANN LIEBERT, INC",140,0.0163142384390893,0.002391972572830058,0.10291064139775939
2023,3,KEAI PUBLISHING LTD,333,0.03998414769485164,0.014508673540998225,0.10540700375527247
2023,3,CAMBRIDGE UNIV PRESS,2067,0.03512934365473276,0.025522599652588043,0.04817332349649164
2023,3,MEDYCYNA PRAKTYCZNA SP K SP ZOO,12,0.0,0.0,0.6830183041466918
2023,3,MEDICAL LIBRARY ASSOC,18,0.1539152495455377,0.011449427163440887,0.7407490293420658
2023,3,MIT PRESS,31,0.0,0.0,0.27604317447026416
2023,3,MICROBIOLOGY SOC,27,0.054417381594323244,0.006088810063956199,0.3509103399110387
2023,3,NATL ATHLETIC TRAINERS ASSOC INC,13,0.2944998396450163,0.016454994143662475,0.9123983853761374
2023,3,NATURE PUBL GROUP,12,0.0,0.0,0.6205673175471347
2023,3,NONFERROUS METALS SOC CHINA,22,0.0,0.0,0.32471622346915785
2023,3,ONLINE LEARNING CONSORTIUM,19,0.0,0.0,0.5021561597411265
2023,3,PALGRAVE MACMILLAN LTD,15,0.0,0.0,0.4353331362478528
2023,3,Optica Publishing Group,28,0.04602517727308337,0.002129512704496139,0.5216945996606583
2023,3,PEERJ INC,49,0.04291343400800556,0.006335875997003819,0.23971426558012215
2023,3,MOSBY-ELSEVIER,393,0.08966235498709223,0.05420522537059819,0.14476298310350721
2023,3,NATL ACAD SCIENCES,324,0.032100726154312954,0.010830903113755388,0.09128567451755776
2023,3,PHYSICIANS POSTGRADUATE PRESS,14,0.0,0.0,0.5674583123032141
2023,3,PROJECT HOPE,16,0.0,0.0,0.6390759564225973
2023,3,IOP Publishing Ltd,982,0.01787594813781233,0.009073060316983525,0.03491863399343289
2023,3,PORTLAND PRESS LTD,34,0.04874345289317115,0.001079389612800191,0.7084470721762599
2023,2,PERGAMON-ELSEVIER SCIENCE LTD,4739,0.04026769586688691,0.03193429486505385,0.05066193042694067
2023,3,RADIOLOGICAL SOC NORTH AMERICA (RSNA),43,0.0,0.0,0.3342550586811358
2023,3,ROY COLL PHYS LONDON EDITORIAL OFFICE,16,0.0,0.0,0.6879310213681521
2023,3,ROYAL COLL GENERAL PRACTITIONERS,13,0.0,0.0,0.6750278352142471
2023,3,ROCKEFELLER UNIV PRESS,56,0.06238412274684343,0.010857774149017207,0.287388319950311
2023,3,ELSEVIER SCIENCE SA,1974,0.04558222363424179,0.033264712212710316,0.062167453362644856
2023,2,ELSEVIER SCI LTD,5603,0.03268135189483142,0.025896068083395948,0.04116937473760656
2023,3,SCIENDO,13,0.0,0.0,1.0
2023,3,SCIPOST FOUNDATION,32,0.0,0.0,0.3708828934913083
2023,3,SHANGHAI JIAO TONG UNIV PRESS,28,0.0,0.0,0.15664968236071206
2023,3,"SOC ECONOMIC GEOLOGISTS, INC",10,0.0,0.0,0.256503324985519
2023,3,SIAM PUBLICATIONS,48,0.0,0.0,0.33330360822424626
2023,3,SOC LEARNING ANALYTICS RESEARCH-SOLAR,11,0.0,0.0,0.5868042552316047
2023,3,SOC PETROLEUM ENG,13,0.0,0.0,0.6700544336952314
2023,3,SPIE-SOC PHOTO-OPTICAL INSTRUMENTATION ENGINEERS,10,0.0,0.0,0.7567275742957267
2023,3,SOC EXPLORATION GEOPHYSICISTS - SEG,27,0.0,0.0,0.42181581353780595
2023,3,SPANDIDOS PUBL LTD,18,0.0,0.0,0.5995362916955915
2023,3,SOC NEUROSCIENCE,70,0.14972897594328458,0.06801127874735707,0.2982156087174852
2023,3,ROYAL SOC,213,0.03958364284497818,0.015395362535212223,0.09799284404712497
2023,3,SPRINGER FRANCE,15,0.0,0.0,0.7786638169527387
2023,3,SPRINGER JAPAN KK,46,0.0,0.0,0.20391648949972335
2023,3,SPRINGER SINGAPORE PTE LTD,41,0.0,0.0,0.3460020901852572
2023,3,SPRINGER-VERLAG ITALIA SRL,84,0.0,0.0,0.21230559294841972
2023,3,FRONTIERS MEDIA SA,2576,0.06652222847741475,0.05301243399969218,0.08317250442423926
2023,3,TAYLOR & FRANCIS AS,11,0.0,0.0,0.6469975144359795
2023,3,SPRINGER LONDON LTD,67,0.03080253277394962,0.004551252285432065,0.18094595179981343
2023,3,SPRINGER BASEL AG,169,0.03863244600992016,0.012769802040267413,0.11098603603555425
2023,3,TERMEDIA PUBLISHING HOUSE LTD,11,0.3151518248545407,0.03835503205320731,0.8415057141579275
2023,3,THIEME MEDICAL PUBL INC,11,0.1937388065427285,0.009522659709236984,0.857260320585755
2023,3,"UNIV TECHNOLOGY, SYDNEY-UTS EPRESS",10,0.0,0.0,1.0
2023,3,SPRINGER INT PUBL AG,174,0.05663541602636002,0.020717204728239444,0.14556960700239477
2023,3,VIETNAM NATL UNIV,11,0.0,0.0,0.686151272980743
2023,3,SCIENCE PRESS,323,0.03090184704515166,0.01233200838787789,0.07530262860326381
2023,3,VILNIUS GEDIMINAS TECH UNIV,16,0.0,0.0,0.2667308145449507
2023,3,VEREIN FORDERUNG OPEN ACCESS PUBLIZIERENS QUANTENWISSENSCHAF,36,0.0,0.0,0.1498512914409427
2023,3,US DEPT HEALTH HUMAN SCIENCES PUBLIC HEALTH SCIENCE,18,0.04506052180461325,2.7929264029381434e-05,0.9876115479732466
2023,3,SPRINGER WIEN,132,0.04214358482798599,0.010206655672754417,0.15805459360571134
2023,3,WAGENINGEN ACADEMIC PUBLISHERS,19,0.2421695439010289,0.06224571696184848,0.6060539415831255
2023,3,OXFORD UNIV PRESS INC,693,0.03710941507730788,0.018965959498428317,0.07134720523454223
2023,3,UNIV CHICAGO PRESS,56,0.024612861726289438,0.0022930603696815254,0.21694511762757873
2023,3,W B SAUNDERS CO LTD,89,0.035877501140452274,0.005998151017969789,0.1866497243403047
2023,3,SPRINGER/PLENUM PUBLISHERS,194,0.04834299916437899,0.01707076943544727,0.1293636435999882
2023,3,TSINGHUA UNIV PRESS,208,0.03638346449850507,0.011279700219339083,0.11108052616488663
2023,3,SAGE PUBLICATIONS LTD,517,0.026868648766386737,0.010924861340999787,0.06456201504895369
2023,3,WALTER DE GRUYTER GMBH,122,0.05164580109662977,0.015509114985434379,0.15843196506892177
2023,3,LIPPINCOTT WILLIAMS & WILKINS,1818,0.0717275649322188,0.055167447014508424,0.09277059564528896
2023,3,SAGE PUBLICATIONS INC,780,0.0421161866984943,0.024024082704059844,0.07281659276903091
2023,3,"WILEY PERIODICALS, INC",11,0.0,0.0,0.8234956745639582
2023,3,TAYLOR & FRANCIS INC,405,0.0766152348258885,0.04188900738704282,0.13604206503478788
2023,3,ZHEJIANG UNIV PRESS,33,0.0,0.0,0.43405975995535606
2023,4,ACAD MANAGEMENT,11,0.0,0.0,0.8348497435043362
2023,3,WROCLAW MEDICAL UNIV,22,0.0797523017776288,0.0114975781710703,0.39236547260874577
2023,3,ELSEVIER SCIENCE INC,2745,0.05696563131598816,0.044566654023522126,0.07255220659985433
2023,3,W B SAUNDERS CO-ELSEVIER INC,283,0.06825780980392976,0.03288100892930831,0.13633117977623005
2023,3,WORLD SCIENTIFIC PUBL CO PTE LTD,129,0.0,0.0,0.18659961582021944
2023,3,WOLTERS KLUWER MEDKNOW PUBLICATIONS,70,0.11735227249366996,0.047265955199541014,0.26270695734229726
2023,4,ACTA DERMATO-VENEREOLOGICA,23,0.28540197227083797,0.06805887827298433,0.6859501682680955
2023,4,ADIS INT LTD,72,0.0,0.0,0.2720992327688439
2023,3,WILEY-HINDAWI,118,0.04253360903635531,0.011796499981030963,0.14186246667465796
2023,4,ACOUSTICAL SOC AMER AMER INST PHYSICS,47,0.02458649238097147,0.00038480065277548886,0.6227111490201265
2023,4,AMER ACAD SLEEP MEDICINE,29,0.0,0.0,0.6941812632631543
2023,4,AME PUBLISHING COMPANY,16,0.0,0.0,0.6376641509205344
2023,4,AMER ACAD PEDIATRICS,42,0.04854000269070071,0.006916460774898352,0.2720377838158498
2023,3,eLIFE SCIENCES PUBL LTD,187,0.08450530277964341,0.03495332858572882,0.1904424510738482
2023,3,IEEE-INST ELECTRICAL ELECTRONICS ENGINEERS INC,2650,0.04957912701246911,0.03713594129705943,0.06590628171379499
2023,3,"ROUTLEDGE JOURNALS, TAYLOR & FRANCIS LTD",1171,0.03869154199764828,0.02239574382738977,0.06604360088669516
2023,2,WILEY,5368,0.05269421958494772,0.04415029418667167,0.0627829568699563
2023,3,AMER CHEMICAL SOC,3876,0.027803784071688438,0.020204644485926296,0.03814974075873576
2023,4,AMER ASSOC NEUROLOGICAL SURGEONS,58,0.0772250109404141,0.02312146407405121,0.2283373855374278
2023,4,AMER ASSOC ADVANCEMENT SCIENCE,302,0.049447877283113714,0.019435782075004862,0.12012622450733595
2023,4,AMER ECONOMIC ASSOC,23,0.0,0.0,0.4994055478616146
2023,3,TAYLOR & FRANCIS LTD,933,0.08058842964215411,0.056435925983839355,0.11383034977737133
2023,4,AMER DIABETES ASSOC,35,0.09057126880960063,0.014476640232991446,0.4030620411350462
2023,4,AMER MATHEMATICAL SOC,33,0.12829337095856808,0.025362310958035216,0.45426194322772684
2023,4,AMER METEOROLOGICAL SOC,61,0.0,0.0,0.10715283414492693
2023,4,AMER COLL PHYSICIANS,45,0.03559369608627009,0.0037856315513335316,0.26387226030963795
2023,3,SPRINGER HEIDELBERG,840,0.056033039272008305,0.03661409607785817,0.08484413190420678
2023,4,"AMER PSYCHIATRIC PUBLISHING, INC",28,0.0,0.0,0.2651318077162823
2023,4,AMER PUBLIC HEALTH ASSOC INC,13,0.04556406692967683,1.8277640285959995e-12,0.9999999991980104
2023,4,AMER ROENTGEN RAY SOC,29,0.10716365792990874,0.011816909849593453,0.5464269310421062
2023,4,AMER SOC PHARMACOLOGY EXPERIMENTAL THERAPEUTICS,11,0.0,0.0,0.3211025004207831
2023,4,AMER SPEECH-LANGUAGE-HEARING ASSOC,48,0.0,0.0,0.3427418180620385
2023,4,AMER SOC HEMATOLOGY,25,0.05645030038243983,0.007829843827048407,0.31203452886962724
2023,4,AMER SOC NEURORADIOLOGY,19,0.11969982335907384,0.01836461730499921,0.4970606472088601
2023,4,Accscience Publishing,14,0.0,0.0,0.5476703383416288
2023,4,AMER THORACIC SOC,38,0.08458376742488102,0.010520857106619812,0.445355638980844
2023,4,ASSOC RESEARCH VISION OPHTHALMOLOGY INC,35,0.014324721026442826,1.064070572215391e-06,0.9949871610192826
2023,4,AMER SOC NEPHROLOGY,57,0.0967789521544249,0.02542987130446081,0.3055506644794172
2023,4,AMER PHYSIOLOGICAL SOC,73,0.08498800287768767,0.024788188822837173,0.2533987816055134
2023,4,AMER SOC CLINICAL INVESTIGATION INC,86,0.20343191770644725,0.09372499539420671,0.3867522902997388
2023,4,ACADEMIC PRESS LTD- ELSEVIER SCIENCE LTD,597,0.04993190282534225,0.027501978906692193,0.08898131683812611
2023,4,BAISHIDENG PUBLISHING GROUP INC,44,0.1135047792682633,0.027499451843912764,0.366988747228692
2023,4,ANNUAL REVIEWS,86,0.06808491782875566,0.013231868724143649,0.2847205593571703
2023,4,ASSOC COMPUTING MACHINERY,97,0.023246813194879153,0.0015461949929352872,0.26781807995046003
2023,4,AMER SOC MICROBIOLOGY,105,0.1056795937774031,0.04341408828374916,0.235282784897404
2023,4,ASCE-AMER SOC CIVIL ENGINEERS,73,0.057661454755206454,0.011496628338059426,0.2435317742272811
2023,4,AMER PHYTOPATHOLOGICAL SOC,72,0.018142537555870177,0.0025401774753797267,0.1182199546229662
2023,4,AMER PSYCHOLOGICAL ASSOC,123,0.03902445035904131,0.010242645792219177,0.13745137378688907
2023,4,BRAZILIAN SOC UROL,11,0.0,0.0,0.7875219067706958
2023,4,BRITISH EDITORIAL SOC BONE & JOINT SURGERY,14,0.0,0.0,0.4890151516665576
2023,3,SPRINGERNATURE,1051,0.062226389519583515,0.042773191172563674,0.08969783636116715
2023,4,C EJ PUBLISHING GROUP,19,0.037526110577590484,3.5022916431828425e-05,0.9774790968754983
2023,1,MDPI,10407,0.05536309937202079,0.048936721853825194,0.06257786213179337
2023,4,CENTERS DISEASE CONTROL & PREVENTION,30,0.0,0.0,0.1810390916996158
2023,4,CHINESE CHEMICAL SOC,10,0.0,0.0,0.581145046287497
2023,4,CHINESE LASER PRESS,14,0.0,0.0,0.60917239064795
2023,4,AIP Publishing,427,0.007005271682162266,0.0010677234464326014,0.044490604662344314
2023,4,"CHINA UNIV GEOSCIENCES, WUHAN",25,0.0,0.0,0.48350909420176247
2023,4,"CHINA UNIV GEOSCIENCES, BEIJING",11,0.011670594970688732,1.2616351294777697e-12,0.9999999909520288
2023,4,CODON PUBLICATIONS,17,0.0,0.0,0.5958455914838858
2023,4,CMA-CANADIAN MEDICAL ASSOC,29,0.0,0.0,0.5842335656744346
2023,4,COLL AMER PATHOLOGISTS,13,0.16379186161417114,0.014952279648909526,0.716519917782386
2023,4,COGITATIO PRESS,21,0.0,0.0,0.37098324612393024
2023,4,"COLD SPRING HARBOR LAB PRESS, PUBLICATIONS DEPT",26,0.0,0.0,0.381419459002592
2023,4,COLL FAMILY PHYSICIANS CANADA,11,0.27058418745498186,0.009961207966219231,0.9318667460826023
2023,4,CURRENT MEDICINE GROUP,13,0.23539713028476375,0.029866936057392445,0.7548254360616425
2023,4,CSIRO PUBLISHING,14,0.14526319555217168,0.017932251140907192,0.6126741171928155
2023,4,DE GRUYTER MOUTON,15,0.21844875653279971,0.04292775973484795,0.6352720658672514
2023,4,COMPANY BIOLOGISTS LTD,51,0.08502134233719556,0.01647278577527417,0.34016450355719685
2023,4,CHURCHILL LIVINGSTONE INC MEDICAL PUBLISHERS,85,0.13255893982764647,0.05614036715635815,0.2819280181475368
2023,4,DUKE UNIV PRESS,64,0.0,0.0,0.2580688693825801
2023,4,EDUCATIONAL PUBLISHING FOUNDATION-AMERICAN PSYCHOLOGICAL ASSOC,22,0.1641265773159407,0.035714424683197854,0.510037233924692
2023,4,EDP SCIENCES S A,137,0.0,0.0,0.05649087021050714
2023,4,CURRENT BIOLOGY LTD,52,0.06631616446040811,0.010093023871590842,0.3310052660703993
2023,4,CHURCHILL LIVINGSTONE,105,0.13305824938472388,0.06634101413630109,0.24897870352152912
2023,4,AMER MEDICAL ASSOC,550,0.05672747879447207,0.02974956293255009,0.10550950502068385
2023,4,DOVE MEDICAL PRESS LTD,118,0.09877819335006659,0.03698447888291681,0.2382717770979829
2023,4,COPERNICUS GESELLSCHAFT MBH,139,0.037008435207327245,0.010646391697390616,0.12068421020205503
2023,3,PUBLIC LIBRARY SCIENCE,1719,0.04202888917051893,0.030129146827827507,0.058345790067563706
2023,4,AMER GEOPHYSICAL UNION,401,0.005331481724579321,0.0007555229992997107,0.03660720454455458
2023,4,ACADEMIC PRESS INC ELSEVIER SCIENCE,1230,0.041212251281489705,0.026300555990362573,0.0640225688251251
2023,4,ELSEVIER - DIVISION REED ELSEVIER INDIA PVT LTD,16,0.0,0.0,0.4095929750864146
2023,4,ELSEVIER ESPANA,20,0.0,0.0,0.38837458857190843
2023,4,ELSEVIER INC,16,0.0,0.0,0.6075454339850894
2023,4,ELSEVIER ADVANCED TECHNOLOGY,78,0.1299867001786376,0.04725020454389577,0.3103984060966301
2023,4,"ELSEVIER MASSON, CORP OFF",16,0.0,0.0,0.27553996101690825
2023,4,AMER PHYSICAL SOC,722,0.028511065759603587,0.013486306005118954,0.05926889108948242
2023,4,BMJ PUBLISHING GROUP,694,0.05994080955167587,0.037507516100065585,0.09447448702144241
2023,3,OXFORD UNIV PRESS,2171,0.04550388950125847,0.03399997467442642,0.06065575821384222
2023,1,ROYAL SOC CHEMISTRY,18186,0.051015608055624974,0.04306563763892012,0.06034061330556187
2023,4,CAMBRIDGE UNIV PRESS,540,0.027328121882117588,0.010740175076143265,0.06778039505993544
2023,4,ELSEVIER GMBH,148,0.06721420342976332,0.023412044660041046,0.17802766095843314
2023,4,ELSEVIER SCIENCE LONDON,45,0.069957644792236,0.012903396372008429,0.30208203695848085
2023,4,ELSEVIER SINGAPORE PTE LTD,21,0.1064124966329241,0.015330361488902192,0.4766740524381407
2023,4,EUROPEAN MATHEMATICAL SOC-EMS,25,0.0,0.0,0.5198318974896424
2023,4,EUR CENTRE DIS PREVENTION & CONTROL,18,0.0,0.0,0.5926091770874372
2023,4,EUROPA EDITION,14,0.0,0.0,1.0
2023,4,EXCERPTA MEDICA INC-ELSEVIER SCIENCE INC,12,0.0,0.0,0.348707810326526
2023,4,FERRATA STORTI FOUNDATION,35,0.17910151335848934,0.03364954950796954,0.5775279359653374
2023,4,ELSEVIER TAIWAN,36,0.054748670703142134,0.00446111274637145,0.42812393817201677
2023,4,ENDOCRINE SOC,50,0.06668933832835346,0.016838935989202386,0.2296467513789328
2023,4,EUROPEAN RESPIRATORY SOC JOURNALS LTD,59,0.13022713447648188,0.03929879850332511,0.3540155740360982
2023,4,FUTURE MEDICINE LTD,13,0.0,0.0,0.7154987847661419
2023,4,"GEOLOGICAL SOC AMER, INC",35,0.0,0.0,0.29748489662301686
2023,4,ELSEVIER FRANCE-EDITIONS SCIENTIFIQUES MEDICALES ELSEVIER,389,0.07808854457387233,0.044699776223834184,0.13294643412375437
2023,4,ELSEVIER IRELAND LTD,582,0.08881896858087807,0.05887848405737642,0.1318515363047222
2023,4,HANLEY & BELFUS-ELSEVIER INC,20,0.0,0.0,0.5216208056269478
2023,4,HARBORSIDE PRESS,12,0.0,0.0,0.6444748106198736
2023,4,HIGHER EDUCATION PRESS,28,0.20114706053773662,0.06731703296273195,0.46763802226367124
2023,4,HUMAN KINETICS PUBL INC,24,0.0,0.0,0.4806416128730399
2023,4,HINDAWI LTD,59,0.0,0.0,0.17593402946369915
2023,4,"INST MATERIA MEDICA, CHINESE ACAD MEDICAL SCIENCES",12,0.0,0.0,0.9088342368997834
2023,4,INST MATHEMATICAL STATISTICS-IMS,17,0.0,0.0,0.44416244731311844
2023,4,INT SCIENTIFIC RESEARCH PUBLICATIONS,12,0.2786528385671311,0.03361712906512203,0.8109533515141797
2023,4,INFORMS,42,0.0,0.0,0.29904245740295615
2023,4,INT UNION CRYSTALLOGRAPHY,35,0.0,0.0,0.4581800052326428
2023,4,INTER-RESEARCH,21,0.0,0.0,0.34558388749581737
2023,4,INT SOC GLOBAL HEALTH,17,0.20660276560600568,0.04189466681914014,0.6079604323553361
2023,4,IGI GLOBAL,39,0.09833042191655396,0.014039128139948176,0.4551059874396277
2023,4,JAPAN NEUROSURGICAL SOC,11,0.3888456065454971,0.12353738633566233,0.7417368902902639
2023,4,JOHN WILEY & SONS INC,20,0.0,0.0,0.7289726718046216
2023,4,KARGER,14,0.0,0.0,0.3990927093644525
2023,4,JOURNAL OF CENTRAL SOUTH UNIV,26,0.0,0.0,0.15778665644651452
2023,4,GEORG THIEME VERLAG KG,1098,0.0,0.0,0.05044162222698884
2023,4,KERMAN UNIV MEDICAL SCIENCES,10,0.0,0.0,0.6798228855658185
2023,4,KOREAN FIBER SOC,15,0.0,0.0,0.6161409725992335
2023,4,KOREAN INST METALS MATERIALS,19,0.0,0.0,0.44597539432237904
2023,4,KOREAN NUCLEAR SOC,33,0.0,0.0,0.18330715452484503
2023,4,KOREAN SOCIETY ANIMAL SCIENCE & TECHNOLOGY,13,0.0,0.0,0.5073650590775812
2023,4,KOREAN SOC LABORATORY MEDICINE,12,0.23775586727512957,0.023906586070294653,0.7988880790479891
2023,4,JOURNAL MATER SCI TECHNOL,68,0.03088767645301745,0.0017463825156804418,0.3673538703708135
2023,4,"JMIR PUBLICATIONS, INC",139,0.1623244416101677,0.08643253451864966,0.28412840552719476
2023,4,LIFE SCIENCE ALLIANCE LLC,29,0.2667310678695951,0.08413094866080746,0.5902395315433406
2023,4,JOHN WILEY & SONS LTD,94,0.10669813112893468,0.04553653837437016,0.23019552062169038
2023,4,BMC,1877,0.07996652492446255,0.0635364784422956,0.10019069578884494
2023,3,WILEY-V C H VERLAG GMBH,2061,0.02594794735994032,0.015504375346181667,0.043118092936608045
2023,4,EMERALD GROUP PUBLISHING LTD,421,0.07562617824108842,0.045100169597220095,0.12412788949181149
2023,4,MAGNOLIA PRESS,12,0.221177382608193,0.008006980915694089,0.9090231677279703
2023,4,MANAGED CARE & HEALTHCARE COMMUNICATIONS LLC,10,0.2796288207847688,0.0617299033552944,0.6960720147864807
2023,4,MASSACHUSETTS MEDICAL SOC,60,0.0,0.0,0.3028518419534889
2023,4,KEAI PUBLISHING LTD,277,0.06610619556577778,0.035091374197192354,0.12109276410691273
2023,4,IEEE COMPUTER SOC,249,0.04626917366076387,0.02202662131279654,0.09461190240511957
2023,4,CELL PRESS,1911,0.0705915932243193,0.05288510268541137,0.09364027677504219
2023,4,"MARY ANN LIEBERT, INC",137,0.08589133512410572,0.0352024962337965,0.19482910451927699
2023,3,NATURE PORTFOLIO,3754,0.06077836201177152,0.04973863055245381,0.07407740138174088
2023,2,ELSEVIER,10924,0.05067290775417117,0.044511818314894286,0.057635342194269384
2023,4,MICROBIOLOGY SOC,28,0.0,0.0,0.4393807756514309
2023,4,MEDICAL LIBRARY ASSOC,13,0.15067995499254322,0.017164600049092097,0.6431440519906765
2023,4,MIT PRESS,15,0.08841528332442672,0.0022693210394840583,0.8052950374538155
2023,4,Medical Journal Sweden AB,10,0.0,0.0,0.7847885941727234
2023,4,NATL ATHLETIC TRAINERS ASSOC INC,13,0.2799781735405173,0.03515015698977828,0.805840155869463
2023,4,NATURE PUBL GROUP,14,0.28171114521627494,0.07224125773164575,0.6639130518866341
2023,4,NEW YORK BUSINESS GLOBAL LLC,48,0.0,0.0,0.4128191987865489
2023,4,PALGRAVE MACMILLAN LTD,12,0.0,0.0,0.7470282367804914
2023,3,ELSEVIER SCI LTD,6262,0.04562740188115254,0.037915664142433005,0.05481827306737045
2023,4,Optica Publishing Group,25,0.05159191637939058,0.00034341713163804513,0.8959843421027853
2023,4,NATL ACAD SCIENCES,289,0.04608025431351992,0.017185930678706458,0.1177344808231338
2023,4,PEERJ INC,51,0.08670925795610798,0.023353345952271932,0.27376519846430947
2023,4,MOSBY-ELSEVIER,336,0.0667884201057174,0.036418686092093304,0.11934688152656348
2023,4,IOP Publishing Ltd,751,0.021512615028411012,0.009865679616970035,0.046266850163773646
2023,4,FRONTIERS MEDIA SA,1754,0.08105324963093445,0.0634507422406607,0.10300197973850067
2023,4,PROJECT HOPE,16,0.29914048295797385,0.07895191275365487,0.6800246234469297
2023,4,PORTLAND PRESS LTD,16,0.2644417068120259,0.07257342899891275,0.6228815037687724
2023,4,ROCKEFELLER UNIV PRESS,60,0.0,0.0,0.21511997969603586
2023,4,AMER CHEMICAL SOC,3143,0.042653427581941204,0.03219898184681545,0.056304770703465803
2023,4,RADIOLOGICAL SOC NORTH AMERICA (RSNA),39,0.04274892455950318,0.006027654396197255,0.24748109730150486
2023,4,SHANGHAI UNIV,20,0.0,0.0,0.5490589697842648
2023,4,SOC NUCLEAR MEDICINE INC,21,0.0,0.0,0.5014264933965855
2023,4,SOC NEUROSCIENCE,38,0.0,0.0,0.16880259229658987
2023,4,SHANGHAI JIAO TONG UNIV PRESS,33,0.07698273098773213,0.005117338402472802,0.5748963399966103
2023,4,SCIPOST FOUNDATION,29,0.03041579981089751,0.001221716676360616,0.44582984865452424
2023,2,MDPI,10510,0.0626129993304583,0.055742909687733676,0.0702667920116511
2023,4,SIAM PUBLICATIONS,114,0.0,0.0,0.13847348834505863
2023,4,SOC EXPLORATION GEOPHYSICISTS - SEG,23,0.09855338936821051,0.015234664801029208,0.4358616069902744
2023,4,SPANDIDOS PUBL LTD,20,0.11098787755711102,0.015644960396147604,0.49511466153091727
2023,4,ELSEVIER SCIENCE SA,1693,0.04196550339542217,0.028767633509106407,0.060838943644737374
2023,4,OXFORD UNIV PRESS INC,615,0.05985845243776425,0.03643333288791314,0.09683139249318726
2023,4,SPRINGER JAPAN KK,34,0.0,0.0,0.24239582574634047
2023,4,SPRINGER-VERLAG ITALIA SRL,81,0.0,0.0,0.25936791293864075
2023,4,ROYAL SOC,186,0.009093904791208798,0.0012899455337755069,0.06121660687756244
2023,4,TAYLOR & FRANCIS AS,15,0.0,0.0,0.6375964664342515
2023,4,SPRINGER SINGAPORE PTE LTD,46,0.04583693246038783,0.006937780677038949,0.2483041302714651
2023,4,SPRINGER LONDON LTD,65,0.08447392910399189,0.02922401303645267,0.22045672807231545
2023,4,SCIENCE PRESS,271,0.014460412650088107,0.0030471838138191737,0.06580044532906619
2023,4,SPRINGER BASEL AG,147,0.033004786590810534,0.005658993711617364,0.16991246489766715
2023,4,UNIV CHICAGO PRESS,18,0.0,0.0,0.7107510034889365
2023,4,"UNIV KRAGUJEVAC, FAC SCIENCE",17,0.0,0.0,0.6648875684045856
2023,4,VEREIN FORDERUNG OPEN ACCESS PUBLIZIERENS QUANTENWISSENSCHAF,23,0.0,0.0,0.17854331766721757
2023,4,"VILNIUS UNIV, INST MATHEMATICS & INFORMATICS",12,0.0,0.0,0.6092962383851436
2023,4,US DEPT HEALTH HUMAN SCIENCES PUBLIC HEALTH SCIENCE,17,0.09804143026138887,0.013443367070881417,0.4644048217393654
2023,4,SPRINGER WIEN,100,0.03730267553803833,0.009202693989249701,0.1391540118721112
2023,4,WAGENINGEN ACADEMIC PUBLISHERS,13,0.01108199066988839,6.162381408881959e-12,0.9999999509280219
2023,4,VILNIUS GEDIMINAS TECH UNIV,18,0.06734520923254932,0.00888494575081287,0.36773769248758553
2023,4,W B SAUNDERS CO LTD,79,0.043116275289823945,0.00204556477899852,0.49761777032804716
2023,4,SPRINGER INT PUBL AG,180,0.0939623678299445,0.047560808255381594,0.1772114243057397
2023,4,WALTER DE GRUYTER GMBH,139,0.004948261204601323,9.831753712144779e-08,0.996040011628238
2023,4,SPRINGER/PLENUM PUBLISHERS,189,0.042925350662591955,0.014236410133612624,0.12225749404441481
2023,3,SPRINGER,3610,0.033860160111518496,0.025950192981845914,0.044072099783414254
2023,4,TSINGHUA UNIV PRESS,188,0.048348844193929326,0.01543178013478186,0.1413966161700647
2023,4,TAYLOR & FRANCIS INC,358,0.051863847826659544,0.025795501032979888,0.10153071695920728
2023,4,WORLD SCIENTIFIC PUBL CO PTE LTD,94,0.0,0.0,0.09630255084109457
2023,4,ZHEJIANG UNIV PRESS,22,0.20913841960745605,0.047776087218252626,0.5822512059381696
2023,4,W B SAUNDERS CO-ELSEVIER INC,205,0.12073207059538305,0.06668420792947982,0.20878639509418562
2023,5,ACTA DERMATO-VENEREOLOGICA,13,0.0,0.0,1.0
2023,4,WILEY-HINDAWI,112,0.03961947899283675,0.007890605666130167,0.1762654983219419
2023,5,AMER ACCOUNTING ASSOC,16,0.0,0.0,0.5272597535464827
2023,5,AMER ACAD SLEEP MEDICINE,16,0.21463207179106508,0.022515716082227865,0.7642845084663064
2023,3,PERGAMON-ELSEVIER SCIENCE LTD,5342,0.04677277531331354,0.03828863501860858,0.057025390538950116
2023,5,AME PUBLISHING COMPANY,26,0.09962413168282311,0.015288779391802667,0.4408811959662805
2023,5,AMER BOARD FAMILY MEDICINE,12,0.0,0.0,0.8766728661828923
2023,5,ACOUSTICAL SOC AMER AMER INST PHYSICS,54,0.045437771162023126,0.007157028961121142,0.23915083758837297
2023,4,SAGE PUBLICATIONS LTD,528,0.024413790814032048,0.011139240628187434,0.052665021269210174
2023,5,AMER ACAD PEDIATRICS,42,0.0518320240524288,0.006313043176524624,0.319897562956476
2023,5,AMER ASSOC NEUROLOGICAL SURGEONS,49,0.04138451410001579,0.00184705010189125,0.5017875228943053
2023,4,IEEE-INST ELECTRICAL ELECTRONICS ENGINEERS INC,2366,0.03951004248550208,0.02795809940550856,0.055562273127503864
2023,4,ELSEVIER SCIENCE INC,2214,0.06610560249030346,0.05194593146529381,0.08378388416828088
2023,4,WOLTERS KLUWER MEDKNOW PUBLICATIONS,86,0.0298802172046047,0.005102506447378489,0.1560998898740195
2023,4,eLIFE SCIENCES PUBL LTD,172,0.054409612167053006,0.021117485817491937,0.13305337165372674
2023,5,AMER ECONOMIC ASSOC,27,0.0,0.0,0.4705868437218983
2023,5,ADIS INT LTD,120,0.06300365903895046,0.01750782179430465,0.2023730060055257
2023,5,AMER DIABETES ASSOC,29,0.18000813815202635,0.05006711197518319,0.47762552403927533
2023,5,AMER COLL PHYSICIANS,45,0.12491437747901198,0.0380181944888329,0.3401881802204759
2023,5,AMER ASSOC CANCER RESEARCH,206,0.1277183972074843,0.07574253203724092,0.2073591081523836
2023,5,"AMER OCCUPATIONAL THERAPY ASSOC, INC",23,0.0,0.0,0.366299089722827
2023,5,AMER MATHEMATICAL SOC,40,0.23431008554255614,0.09764686034955362,0.4639090457226789
2023,4,TAYLOR & FRANCIS LTD,786,0.046671946520288554,0.026983890110767853,0.07955043351779773
2023,5,AMER METEOROLOGICAL SOC,59,0.08936232336662656,0.025740750605216148,0.2671188588764071
2023,4,SPRINGERNATURE,1012,0.09095092003782713,0.06755119069432843,0.12140099036363454
2023,5,"AMER PSYCHIATRIC PUBLISHING, INC",20,0.0,0.0,0.575299139186032
2023,5,AMER ROENTGEN RAY SOC,35,0.0,0.0,0.6073385481973385
2023,5,ANNALS FAMILY MEDICINE,16,0.0,0.0,0.6110679506452745
2023,5,AMER SPEECH-LANGUAGE-HEARING ASSOC,35,0.0,0.0,0.1700463081823875
2023,5,AMER ASSOC ADVANCEMENT SCIENCE,352,0.06030484281599971,0.027820014776512705,0.12581263212315608
2023,5,AMER SOC NEURORADIOLOGY,20,0.14927714576700082,0.02227970003324872,0.5746830730355802
2023,5,AMER SOC PHARMACOLOGY EXPERIMENTAL THERAPEUTICS,22,0.0877369514858963,0.012944288173520321,0.4136010260378983
2023,5,AMER THORACIC SOC,45,0.28394725975655954,0.08443627775511837,0.6303252075962823
2023,5,AMER SOC CLINICAL INVESTIGATION INC,82,0.1655063291567635,0.06463432285925552,0.3627520054773489
2023,5,ASIAN-AUSTRALASIAN ASSOC ANIMAL PRODUCTION SOC,29,0.09934980445791419,0.025254762853840897,0.3195634989769663
2023,5,BIOSCIENTIFICA LTD,12,0.637014035625665,0.2903196722998335,0.8827451774386111
2023,5,Accscience Publishing,27,0.0541375198573635,0.004846949435811957,0.40213132452746836
2023,5,AMER SOC HEMATOLOGY,44,0.08212434748524303,0.01359033932084525,0.3675034078162893
2023,5,AMER SOC NEPHROLOGY,67,0.1013258532512319,0.034079446920146514,0.26487730232624623
2023,4,SAGE PUBLICATIONS INC,885,0.026855186208472118,0.012967306842282847,0.054791210202870824
2023,5,ASSOC RESEARCH VISION OPHTHALMOLOGY INC,33,0.04679056740458293,0.0065073270030722745,0.2689398277936887
2023,5,AMER PHYTOPATHOLOGICAL SOC,101,0.03681350641133828,0.010028661143313224,0.12602894879000387
2023,5,ASSOC COMPUTING MACHINERY,105,0.05717524175909462,0.018859412530363554,0.16059396823388658
2023,5,ASCE-AMER SOC CIVIL ENGINEERS,65,0.04621998963356366,0.0064431725140856756,0.26585195320214744
2023,5,ANNUAL REVIEWS,95,0.059360897615507516,0.011686162040922828,0.25194743908677353
2023,5,AIP Publishing,468,0.02591988413715948,0.01151559676300894,0.057297389732003066
2023,4,LIPPINCOTT WILLIAMS & WILKINS,4278,0.20724624408870637,0.19037036043025277,0.22520201409563773
2023,5,BAISHIDENG PUBLISHING GROUP INC,85,0.10226953225669319,0.034871058142251284,0.2642661603100606
2023,5,AMER SOC MICROBIOLOGY,86,0.02877593741228144,0.002095289089008303,0.2948239536995609
2023,5,ACADEMIC PRESS LTD- ELSEVIER SCIENCE LTD,674,0.07457158483236959,0.048549365187205554,0.11288672372311205
2023,4,"ROUTLEDGE JOURNALS, TAYLOR & FRANCIS LTD",1097,0.05766511883693176,0.03653765274668887,0.08986974379040599
2023,5,AMER MEDICAL ASSOC,576,0.05116659640672804,0.02833105994320782,0.09069022579268972
2023,5,AMER PSYCHOLOGICAL ASSOC,169,0.041192797266393334,0.010867949215990436,0.14382920409676078
2023,5,C EJ PUBLISHING GROUP,17,0.0,0.0,0.3475786594934976
2023,5,BRILL,30,0.0,0.0,0.4299679034716465
2023,5,BRITISH EDITORIAL SOC BONE & JOINT SURGERY,35,0.04128555216077851,0.005764737173061523,0.24233008884836224
2023,5,CENTERS DISEASE CONTROL & PREVENTION,37,0.0,0.0,0.18418532221008035
2023,5,CHINESE LASER PRESS,22,0.0,0.0,0.4143591942667033
2023,5,CHIN SOCIETY IMMUNOLOGY,11,0.18883597889997733,0.013186086770761137,0.8022055144993564
2023,5,CHINESE CHEMICAL SOC,16,0.16611862103600522,0.018696916665166523,0.6756264724276105
2023,5,COLEGIO OFICIAL DE PSICOLOGOS DE ASTURIAS,10,0.0,0.0,0.9240191446594872
2023,5,COLL AMER PATHOLOGISTS,14,0.0,0.0,0.515076679691668
2023,5,"COLD SPRING HARBOR LAB PRESS, PUBLICATIONS DEPT",41,0.0,0.0,0.4234778531876995
2023,5,CONSEJO SUPERIOR INVESTIGACIONES CIENTIFICAS-CSIC,13,0.0,0.0,0.661721166401202
2023,5,COGITATIO PRESS,23,0.02094573012036495,1.0153400991290598e-05,0.9782975170460612
2023,5,CMA-CANADIAN MEDICAL ASSOC,24,0.0960982199404992,0.013340287773087694,0.45532862383513867
2023,5,CSIRO PUBLISHING,14,0.4474925322331122,0.14938781916297678,0.7888148455749059
2023,5,CURRENT MEDICINE GROUP,32,0.0,0.0,0.26455334375052947
2023,4,SPRINGER HEIDELBERG,799,0.02808380413630521,0.014432021071454786,0.05394251479102573
2023,5,AMER GEOPHYSICAL UNION,425,0.036393486067064176,0.016427432320309625,0.07868512940548772
2023,5,COMPANY BIOLOGISTS LTD,48,0.15371370673696902,0.047863482987972064,0.39623532999768096
2023,5,EDICIONES PROFESIONALES INFORMACION SL-EPI,13,0.0,0.0,0.4819851951930148
2023,5,CHURCHILL LIVINGSTONE INC MEDICAL PUBLISHERS,61,0.0685500528755175,0.015232213987575932,0.2593473990709787
2023,5,CURRENT BIOLOGY LTD,59,0.1701321391426259,0.05655800542982065,0.4121428429765808
2023,5,DUKE UNIV PRESS,68,0.0,0.0,0.22892637860393986
2023,5,EDITURA ASE,20,0.0,0.0,0.5066424813292465
2023,5,EDIZIONI MINERVA MEDICA,20,0.0,0.0,0.37304417049167454
2023,5,EDUCATIONAL PUBLISHING FOUNDATION-AMERICAN PSYCHOLOGICAL ASSOC,54,0.02568318508353456,2.4428830337806163e-05,0.9660367257137722
2023,5,CHURCHILL LIVINGSTONE,101,0.06306090153734982,0.018449990368015368,0.19419709978082753
2023,5,DOVE MEDICAL PRESS LTD,125,0.08275829373271439,0.031942877816378674,0.1978872571961186
2023,4,PUBLIC LIBRARY SCIENCE,1486,0.062347599248193275,0.04662876445256055,0.08290455695929784
2023,5,COPERNICUS GESELLSCHAFT MBH,149,0.020473846954155186,0.0052643029393295016,0.07625782845902475
2023,5,EDP SCIENCES S A,172,0.028204442151452323,0.009678845921930796,0.07934752995851327
2023,5,ACADEMIC PRESS INC ELSEVIER SCIENCE,1377,0.058999333297791265,0.04080741433467988,0.0845860255752679
2023,5,ELSEVIER ESPANA,23,0.0,0.0,0.5317710404406902
2023,4,WILEY-V C H VERLAG GMBH,1896,0.038832252828624826,0.025846242094847257,0.05795470277464814
2023,5,ELSEVIER INC,41,0.21795404606236193,0.08017333948446015,0.4712157825594312
2023,5,ELSEVIER ADVANCED TECHNOLOGY,88,0.15177717793102322,0.06973501808708657,0.2992875395982882
2023,5,"ELSEVIER MASSON, CORP OFF",27,0.05628383296807887,0.007868497533676662,0.3096304161987625
2023,5,CAMBRIDGE UNIV PRESS,556,0.024009822349622182,0.009721947966930312,0.05806466815464444
2023,5,AMER PHYSICAL SOC,866,0.012851280160373827,0.004978737830999841,0.03276226684026837
2023,5,ELSEVIER GMBH,167,0.15568501880847627,0.0923170576627877,0.250543572091613
2023,4,OXFORD UNIV PRESS,2075,0.04426064918274714,0.03270936211398906,0.05963974766158074
2023,5,ELSEVIER SCIENCE LONDON,64,0.0,0.0,0.19005264362501292
2023,5,ELSEVIER FRANCE-EDITIONS SCIENTIFIQUES MEDICALES ELSEVIER,428,0.11304752964978723,0.07242368174255401,0.17222717424410777
2023,5,ELSEVIER SINGAPORE PTE LTD,28,0.008003121789762962,2.8655984332130613e-13,0.9999999955973203
2023,5,EUR CENTRE DIS PREVENTION & CONTROL,14,0.0,0.0,0.4795668847416579
2023,5,ELSEVIER TAIWAN,57,0.31827786856012835,0.15794582269921276,0.5374789665280607
2023,5,ENDOCRINE SOC,66,0.0,0.0,0.20366694623206721
2023,5,FERRATA STORTI FOUNDATION,22,0.0,0.0,0.709921325720612
2023,5,EUROPEAN MATHEMATICAL SOC-EMS,45,0.0,0.0,0.366803160791075
2023,5,EXCERPTA MEDICA INC-ELSEVIER SCIENCE INC,17,0.07871354774477986,0.01079356430653366,0.4008418875467552
2023,5,EUROPEAN RESPIRATORY SOC JOURNALS LTD,78,0.1212681763719743,0.045452883335686665,0.2856940442329963
2023,5,GEOMETRY & TOPOLOGY PUBLICATIONS,14,0.0,0.0,0.6632744624922017
2023,5,HARBORSIDE PRESS,18,0.0,0.0,0.3679962119420623
2023,5,HIGHER EDUCATION PRESS,35,0.0,0.0,0.2662928389855815
2023,5,HUMAN KINETICS PUBL INC,18,0.0,0.0,0.21273307604006877
2023,4,AMER ASSOC CANCER RESEARCH,5931,0.11381901101204857,0.10316601484501527,0.12541820805639659
2023,5,"GEOLOGICAL SOC AMER, INC",41,0.040328341050115644,0.005666028194632748,0.23658600011685685
2023,5,GEORG THIEME VERLAG KG,76,0.05828309262191339,0.014558604398497344,0.20589034229426337
2023,5,HINDAWI LTD,62,0.08756451082676532,0.0235648131649971,0.2762120784976655
2023,5,IGI GLOBAL,18,0.0,0.0,0.3525692496433428
2023,5,INST MATHEMATICAL STATISTICS-IMS,16,0.0,0.0,0.5896827964094794
2023,5,INT SCIENTIFIC RESEARCH PUBLICATIONS,21,0.0,0.0,0.6072594768132135
2023,5,IEEE COMPUTER SOC,268,0.0,0.0,0.030840104379400445
2023,5,"INST MATERIA MEDICA, CHINESE ACAD MEDICAL SCIENCES",32,0.15752350772324095,0.020482258123136105,0.6257341396556296
2023,5,INT UNION CRYSTALLOGRAPHY,35,0.0,0.0,0.19270126698631934
2023,5,INTER-RESEARCH,16,0.0,0.0,0.5049771668955813
2023,5,INT UNION AGAINST TUBERCULOSIS LUNG DISEASE (I U A T L D),15,0.08200582209640253,0.0004981709417592975,0.9412140322638293
2023,5,INT SOC GLOBAL HEALTH,24,0.12823023118953672,0.03304659611857131,0.38765873946703205
2023,5,INFORMS,81,0.01027182273051455,1.2314827110594314e-05,0.8973980474963807
2023,5,JOHN BENJAMINS PUBLISHING CO,18,0.0,0.0,0.6415417842930196
2023,5,JOHN WILEY & SONS INC,18,0.29648552066944456,0.07126905882830781,0.6982917804229648
2023,5,JOURNAL OF CENTRAL SOUTH UNIV,24,0.0,0.0,0.4072682573945789
2023,5,AMER PHYSIOLOGICAL SOC,1924,0.16311083427410653,0.14235082669501226,0.18624097089095337
2023,5,KARGER,11,0.2487723156104435,0.013399778232704768,0.8897985820430113
2023,5,KOREAN SOC NEPHROLOGY,13,0.0,0.0,0.4396749357261766
2023,5,KOREAN NUCLEAR SOC,40,0.0,0.0,0.2271226947346806
2023,5,KOREAN INST METALS MATERIALS,17,0.09149122265528115,0.013025252990006665,0.43453581893135856
2023,5,BMC,2023,0.09574418494275203,0.0785817164749364,0.11618235485661219
2023,5,JOURNAL MATER SCI TECHNOL,55,0.06925556368700808,0.019284299871011917,0.2197075952177275
2023,5,LIFE SCIENCE ALLIANCE LLC,32,0.052707518962931715,0.00021441111801618896,0.9352149354422067
2023,5,ELSEVIER IRELAND LTD,621,0.11789748610824964,0.08449992898890558,0.16215698531352002
2023,5,EMERALD GROUP PUBLISHING LTD,462,0.060971363515321494,0.03532358403588867,0.10324837240650102
2023,5,MANAGED CARE & HEALTHCARE COMMUNICATIONS LLC,11,0.0,0.0,0.5735590750202905
2023,3,WILEY,6052,0.04599223192952655,0.03855034742385943,0.05478885609747397
2023,5,MATHEMATICAL SCIENCE PUBL,18,0.0,0.0,0.5910840987502815
2023,5,MASSACHUSETTS MEDICAL SOC,88,0.0,0.0,0.28002502840855525
2023,5,JOHN WILEY & SONS LTD,154,0.07473209215261256,0.03508807989694232,0.1521067624391015
2023,5,"JMIR PUBLICATIONS, INC",157,0.06786597882075854,0.026687011865891185,0.16200909348962986
2023,5,"MARY ANN LIEBERT, INC",160,0.06808462279536989,0.024408021190365232,0.17583153183786895
2023,5,KEAI PUBLISHING LTD,257,0.023382879913527763,0.004779347894183223,0.106640972666356
2023,5,MEDYCYNA PRAKTYCZNA SP K SP ZOO,11,0.09494190951520701,0.0003071563214489034,0.9728374742147491
2023,5,MIT PRESS,27,0.0,0.0,0.2634506381272875
2023,5,MICROBIOLOGY SOC,29,0.05646853882805452,0.0025771643084457185,0.5809301653167391
2023,5,NATL ATHLETIC TRAINERS ASSOC INC,11,0.2770515574225784,0.013486531633799481,0.9148399622808033
2023,5,CELL PRESS,1957,0.06743645890474446,0.04944109675706791,0.09135222982479436
2023,5,NATURE PUBL GROUP,18,0.15567176656249673,0.02319055503474878,0.5887894610597771
2023,5,NONFERROUS METALS SOC CHINA,19,0.10470110834027758,0.014868200496283476,0.4753836352115926
2023,5,PALGRAVE MACMILLAN LTD,12,0.38741363001834783,0.08541478008815681,0.8106988429202353
2023,5,PEERJ INC,53,0.0,0.0,0.09308261399222093
2023,5,Optica Publishing Group,39,0.09105018619805447,0.01627419868802089,0.3775425929224062
2023,5,MOSBY-ELSEVIER,402,0.087363870507099,0.05417873933557613,0.1379114901398418
2023,5,PHYSICIANS POSTGRADUATE PRESS,11,0.0,0.0,0.7457436215160086
2023,5,PORTLAND PRESS LTD,16,0.30505404822733007,0.10590829662649374,0.6192920767972715
2023,5,PROJECT HOPE,19,0.0,0.0,0.6893971393269241
2023,5,RADIOLOGICAL SOC NORTH AMERICA (RSNA),40,0.0,0.0,0.2612578507403257
2023,5,ROCKEFELLER UNIV PRESS,49,0.16572079696908384,0.05037808528028185,0.42653077905055314
2023,5,ROY COLL PHYS LONDON EDITORIAL OFFICE,16,0.025274109340682978,4.389203289670794e-08,0.9999347214276276
2023,5,ROYAL COLL GENERAL PRACTITIONERS,22,0.0,0.0,0.5612456823356862
2023,5,RUSSELL SAGE FOUNDATION,11,0.0,0.0,0.4404880907725208
2023,3,ELSEVIER,12043,0.050056583224435666,0.04425352250241045,0.056575566307097314
2023,5,NATL ACAD SCIENCES,347,0.06865335702899522,0.036272649622906945,0.12615644456223868
2023,5,SHANGHAI UNIV,12,0.0,0.0,0.6465446196095465
2023,5,SHANGHAI JIAO TONG UNIV PRESS,24,0.0,0.0,0.43765296547985444
2023,5,SCIPOST FOUNDATION,53,0.0,0.0,0.25796870689885093
2023,5,SOC BRASIL PEDIATRIA,14,0.11335603398070332,0.01650751877223597,0.49336894604118353
2023,5,SOC NUCLEAR MEDICINE INC,19,0.0,0.0,0.46927894674778403
2023,5,SOC PETROLEUM ENG,12,0.0,0.0,0.6628472130632693
2023,4,SPRINGER,3266,0.05657469402326643,0.045523466898309814,0.07011163950354597
2023,5,SPANDIDOS PUBL LTD,25,0.0,0.0,0.4164331334735464
2023,5,SPIE-SOC PHOTO-OPTICAL INSTRUMENTATION ENGINEERS,14,0.008274007801667269,3.721231699002464e-15,0.9999999999465389
2023,5,SOC EXPLORATION GEOPHYSICISTS - SEG,27,0.14977996354758824,0.033402657665389884,0.47314855604154454
2023,5,FRONTIERS MEDIA SA,2268,0.07715131415236913,0.061036440043450116,0.09708095018641202
2023,5,SOC NEUROSCIENCE,61,0.09364997118260138,0.029472004302946487,0.2601241339376632
2023,5,SIAM PUBLICATIONS,64,0.022885109185598173,0.00321890351619151,0.14520127035178632
2023,5,SPRINGER FRANCE,12,0.0,0.0,0.4784478902866115
2023,5,IOP Publishing Ltd,789,0.0219797705176555,0.01016822605078324,0.04686218459639992
2023,5,SPRINGER JAPAN KK,38,0.0,0.0,0.3892788863729619
2023,5,SPRINGER SINGAPORE PTE LTD,39,0.0,0.0,0.3122065839943384
2023,5,ROYAL SOC,236,0.044812916850425974,0.01911785997709106,0.10147042319471321
2023,5,SPRINGER LONDON LTD,78,0.08877563791127858,0.03324739230848139,0.21629533579643662
2023,5,TAYLOR & FRANCIS AS,12,0.05507228960707747,6.456607845663857e-06,0.9981027987936224
2023,5,SCIENCE PRESS,279,0.07226940234877594,0.03874802420520559,0.13084315393247886
2023,5,TERMEDIA PUBLISHING HOUSE LTD,26,0.0,0.0,0.6285796448635387
2023,5,THIEME MEDICAL PUBL INC,17,0.0,0.0,0.6322760931290768
2023,5,SPRINGER-VERLAG ITALIA SRL,101,0.038572081077920255,0.01029405976380055,0.13401209620558446
2023,5,ELSEVIER SCIENCE SA,1813,0.06037800277576251,0.044595087173291276,0.08127158626018163
2023,5,UNIV CHICAGO PRESS,25,0.0,0.0,0.2160614653141018
2023,5,"UNIV PITTSBURGH, UNIV LIBRARY SYSTEM",12,0.18610259072948415,0.007755588540789943,0.8699462150771282
2023,5,US DEPT HEALTH HUMAN SCIENCES PUBLIC HEALTH SCIENCE,14,0.09485618752989539,0.013019438150823024,0.4543135464034889
2023,5,WAGENINGEN ACADEMIC PUBLISHERS,13,0.0,0.0,0.6454055217716684
2023,5,SPRINGER WIEN,129,0.048368809669229955,0.012719178448130537,0.16703319823950688
2023,5,AMER CHEMICAL SOC,3718,0.04310414214136823,0.03340443655864957,0.055458769569802294
2023,5,VEREIN FORDERUNG OPEN ACCESS PUBLIZIERENS QUANTENWISSENSCHAF,32,0.03813131143249746,0.005293049746607536,0.22800143438043183
2023,5,W B SAUNDERS CO LTD,67,0.07382312383949047,0.0226294255798256,0.21531646416681455
2023,4,ELSEVIER SCI LTD,5511,0.05175460811165237,0.043055178280535976,0.062097721178179154
2023,5,WALTER DE GRUYTER GMBH,98,0.06052862756888084,0.017051294054871144,0.19308762444914168
2023,5,SPRINGER BASEL AG,162,0.014485488778493342,0.0020914341479286312,0.09344985829222116
2023,5,TSINGHUA UNIV PRESS,127,0.030270751249873645,0.00522069743918683,0.15659557929491036
2023,5,SPRINGER INT PUBL AG,207,0.05009608522035553,0.02146738572293654,0.11251384245692587
2023,5,SPRINGER/PLENUM PUBLISHERS,219,0.04410733662795962,0.01761792203000873,0.10612243276457933
2023,5,W B SAUNDERS CO-ELSEVIER INC,234,0.10938565243400133,0.06200418214275439,0.18580231837397412
2023,4,PERGAMON-ELSEVIER SCIENCE LTD,5122,0.046572022092953316,0.038003296704842836,0.0569583736464312
2023,5,TAYLOR & FRANCIS INC,438,0.10035120075081223,0.06238460070659763,0.1575415029312836
2023,5,"WILEY PERIODICALS, INC",19,0.0,0.0,0.43663105324046914
2023,5,"ZAGREB UNIV, FAC FORESTRY",12,0.0,0.0,0.6303703531481347
2023,5,WORLD SCIENTIFIC PUBL CO PTE LTD,70,0.0,0.0,0.24785463602793692
2023,6,ACAD MEDICINE SINGAPORE,11,0.0,0.0,0.8000655241190827
2023,6,ACAD MANAGEMENT,18,0.19100218503809863,0.027759852633150048,0.661276813169584
2023,5,ZHEJIANG UNIV PRESS,20,0.09701403636976225,0.013695077931137589,0.453937576189172
2023,4,NATURE PORTFOLIO,3468,0.06809231504457257,0.05552622861519466,0.08325154905357003
2023,5,WILEY-HINDAWI,109,0.0875455466697491,0.030573701678492198,0.22593758467340438
2023,5,SAGE PUBLICATIONS LTD,602,0.036126847669435025,0.017636108889006304,0.07257217035207521
2023,5,WOLTERS KLUWER MEDKNOW PUBLICATIONS,83,0.13373309334391256,0.05492200642086051,0.2908332014583166
2023,5,SAGE PUBLICATIONS INC,760,0.06269203691942313,0.03815034510816504,0.10135748627989727
2023,6,ACOUSTICAL SOC AMER AMER INST PHYSICS,37,0.0,0.0,0.3781648870389468
2023,6,"ADAM MICKIEWICZ UNIV, KALISZ",10,0.0,0.0,0.7506819388658102
2023,6,ACTA DERMATO-VENEREOLOGICA,21,0.1197562812836883,0.004888121780326518,0.7902721708227413
2023,6,AKADEMIAI KIADO ZRT,11,0.12734960391638345,0.005469786297563752,0.7947555846230978
2023,6,AME PUBLISHING COMPANY,15,0.0,0.0,0.6468853210174035
2023,6,AMER ACCOUNTING ASSOC,13,0.0,0.0,0.7339131221618631
2023,6,AMER ACAD PEDIATRICS,33,0.0,0.0,0.35212947850869
2023,5,ELSEVIER SCIENCE INC,2384,0.05662257402750055,0.043537881419605094,0.0733381612927481
2023,6,AMER ASSOC NEUROLOGICAL SURGEONS,53,0.04755286726346093,0.007942799092561927,0.23742121146776257
2023,6,ADIS INT LTD,133,0.053004705231602875,0.01726234294426431,0.15135510261403948
2023,5,eLIFE SCIENCES PUBL LTD,251,0.10167832719575166,0.05997160079693631,0.1672297578438728
2023,6,AMER COLL PHYSICIANS,40,0.0,0.0,0.09149858554903097
2023,3,MDPI,10154,0.05838991938749032,0.051468401610056703,0.06617730816586007
2023,6,AMER INST AERONAUTICS ASTRONAUTICS,14,0.0,0.0,0.6935559053180813
2023,6,AMER INST MATHEMATICAL SCIENCES-AIMS,13,0.03714749217594528,9.895666904168976e-08,0.9999335221796951
2023,6,AMER ECONOMIC ASSOC,43,0.0,0.0,0.3519581521670551
2023,6,AMER MATHEMATICAL SOC,31,0.11526918940847788,0.029344806806248055,0.35958384997360965
2023,6,"AMER PSYCHIATRIC PUBLISHING, INC",13,0.0,0.0,0.47165885668542146
2023,6,AMER PUBLIC HEALTH ASSOC INC,13,0.30852553061637444,0.022862743394698792,0.8948318386493822
2023,6,AMER ROENTGEN RAY SOC,21,0.0,0.0,0.7490081959705688
2023,6,AMER ASSOC CANCER RESEARCH,400,0.1651059209177765,0.1185570091308887,0.225260573438591
2023,6,AMER METEOROLOGICAL SOC,61,0.09079879925285675,0.03182117868375845,0.2328021153624875
2023,6,AMER SOC NEURORADIOLOGY,21,0.0,0.0,0.5231841703985312
2023,6,AMER SOC PHARMACOLOGY EXPERIMENTAL THERAPEUTICS,18,0.07902353922290838,0.002692758494299703,0.7316706522205513
2023,6,AMER PHYTOPATHOLOGICAL SOC,94,0.0,0.0,0.1586634632710998
2023,6,ASIAN-AUSTRALASIAN ASSOC ANIMAL PRODUCTION SOC,19,0.0,0.0,0.5537265362743279
2023,6,AMER THORACIC SOC,82,0.1753734381459887,0.02656654768073905,0.6236689867047506
2023,6,AMER SPEECH-LANGUAGE-HEARING ASSOC,48,0.10003377621897047,0.022754224926754725,0.3466694791142712
2023,6,Accscience Publishing,15,0.0,0.0,0.7090150831575704
2023,6,BASTAS PUBL LTD - UK,12,0.0,0.0,0.33228458956625834
2023,6,AMER SOC CLINICAL INVESTIGATION INC,74,0.3025626171571391,0.1719480461435393,0.47542844983409943
2023,6,AMER PSYCHOLOGICAL ASSOC,128,0.0,0.0,0.08595216069848759
2023,6,AMER SOC HEMATOLOGY,56,0.08415172724660688,0.014728604585611727,0.36092932462336286
2023,6,ASSOC RESEARCH VISION OPHTHALMOLOGY INC,36,0.04990817990066329,0.002307826809038741,0.543983778138433
2023,6,AMER SOC NEPHROLOGY,71,0.10115642972541952,0.03113860200340651,0.2826796043131684
2023,6,ASSOC COMPUTING MACHINERY,105,0.0,0.0,0.15517484777726387
2023,6,AMER PHYSIOLOGICAL SOC,107,0.23744445362438288,0.13346739464878962,0.38631213580620233
2023,5,SPRINGERNATURE,1135,0.08129496656578124,0.05945894237176154,0.11021050102128575
2023,6,ASCE-AMER SOC CIVIL ENGINEERS,68,0.054501339217296794,0.006676630698395302,0.33080827866750523
2023,6,ANNUAL REVIEWS,97,0.026596534419256173,0.003643869232746964,0.16952790141563623
2023,6,AMER SOC MICROBIOLOGY,136,0.14196138736748043,0.07203121512493234,0.26070847980755285
2023,6,BRAZILIAN SOC UROL,13,0.0,0.0,0.6467631332626185
2023,6,BAISHIDENG PUBLISHING GROUP INC,75,0.05693817378591948,0.014662033365493037,0.19676955776021296
2023,5,LIPPINCOTT WILLIAMS & WILKINS,2514,0.11668134643321017,0.09873041828740566,0.13739850398145334
2023,6,BRILL,28,0.0,0.0,0.1620263720453978
2023,6,BRITISH EDITORIAL SOC BONE & JOINT SURGERY,31,0.0,0.0,0.36995596373677836
2023,6,CANADIAN OPHTHAL SOC,17,0.0,0.0,0.520419739884503
2023,6,AMER ASSOC ADVANCEMENT SCIENCE,363,0.04723156814487018,0.01935550532213606,0.1107221628471438
2023,6,C EJ PUBLISHING GROUP,19,0.06738434982633948,0.009303663743604104,0.35728652820455487
2023,5,SPRINGER HEIDELBERG,840,0.0408669503353803,0.02452963796420284,0.06733420510554686
2023,6,CENTERS DISEASE CONTROL & PREVENTION,25,0.0,0.0,0.555726123895109
2023,6,"CHINA UNIV GEOSCIENCES, WUHAN",16,0.0,0.0,0.6522048196670571
2023,6,CHIN SOCIETY IMMUNOLOGY,12,0.14676035909686488,0.0014836799059677087,0.9521780029099493
2023,6,CHINESE LASER PRESS,12,0.0,0.0,0.7124958438662502
2023,6,CHINESE CHEMICAL SOC,17,0.0,0.0,0.5955842487816873
2023,6,"CHINA UNIV GEOSCIENCES, BEIJING",19,0.13423051851306803,0.02202971132945117,0.5162360598617854
2023,5,TAYLOR & FRANCIS LTD,824,0.0680639365151142,0.04406945426233958,0.10370539268614663
2023,6,COGITATIO PRESS,27,0.0,0.0,0.4720199035517938
2023,6,COLL AMER PATHOLOGISTS,15,0.0,0.0,0.7692172218636029
2023,6,CMA-CANADIAN MEDICAL ASSOC,18,0.3449768974312582,0.08410241973359003,0.7512860624763802
2023,6,CSIRO PUBLISHING,16,0.0,0.0,0.3577473812038768
2023,5,IEEE-INST ELECTRICAL ELECTRONICS ENGINEERS INC,2883,0.04435877965233838,0.03293699166023179,0.05949769445670467
2023,5,PUBLIC LIBRARY SCIENCE,1434,0.06687268028191735,0.05046241879347177,0.08812424596603806
2023,6,"COLD SPRING HARBOR LAB PRESS, PUBLICATIONS DEPT",28,0.10098119937464366,0.01548116656104691,0.4451688014363867
2023,6,CURRENT MEDICINE GROUP,16,0.2701123724714566,0.044282435901406736,0.747206620758016
2023,6,Cherkas Global Univ Press,45,0.0,0.0,0.16842990279586414
2023,6,CURRENT BIOLOGY LTD,60,0.013920514823401259,2.4366675684800327e-07,0.9987788220135235
2023,6,DUKE UNIV PRESS,71,0.0,0.0,0.4660704760259524
2023,6,EDIZIONI MINERVA MEDICA,15,0.0,0.0,0.5580323026935251
2023,6,EDUCATIONAL PUBLISHING FOUNDATION-AMERICAN PSYCHOLOGICAL ASSOC,47,0.0,0.0,0.188753151905625
2023,6,COMPANY BIOLOGISTS LTD,53,0.08935487299319182,0.02337496365079644,0.28686935485984577
2023,6,CHURCHILL LIVINGSTONE,118,0.1790857965583647,0.09705564185538641,0.3068833274985726
2023,6,EDP SCIENCES S A,182,0.0,0.0,0.06093163023627891
2023,5,OXFORD UNIV PRESS INC,1856,0.10683220533540626,0.08834785621577054,0.12863819513434155
2023,6,DOVE MEDICAL PRESS LTD,110,0.1988699880965614,0.10791662109322822,0.3374802851687091
2023,6,CHURCHILL LIVINGSTONE INC MEDICAL PUBLISHERS,93,0.07548600843460639,0.029324520588692584,0.18077974379035425
2023,6,AMER GEOPHYSICAL UNION,377,0.021420017003938183,0.006966911923986272,0.06392641585047591
2023,6,AIP Publishing,560,0.024231630353792256,0.011383922658022995,0.05083349111185517
2023,6,COPERNICUS GESELLSCHAFT MBH,180,0.027781281791068705,0.008082759758755153,0.09107904854264978
2023,6,AMER MEDICAL ASSOC,562,0.027682551023111367,0.010005266893467412,0.074249608712584
2023,6,AMER PHYSICAL SOC,793,0.002166039383767087,7.838865518500649e-05,0.05669946462308869
2023,6,ACADEMIC PRESS LTD- ELSEVIER SCIENCE LTD,683,0.06293132755793121,0.04044565059737281,0.09665862315664353
2023,6,AMER DIABETES ASSOC,683,0.11418844655417992,0.08368097289216592,0.1539493909424244
2023,6,CAMBRIDGE UNIV PRESS,544,0.040929317097354014,0.021235788152434928,0.07744110864516378
2023,6,ELSEVIER ESPANA,32,0.09723794385769784,0.015872539061036476,0.41837904870921544
2023,6,"ELSEVIER MASSON, CORP OFF",21,0.0,0.0,0.1565830991295977
2023,6,ELSEVIER INC,40,0.09250663440612714,0.02386105749471736,0.2982898878225602
2023,6,BMJ PUBLISHING GROUP,708,0.04465235195967784,0.024291611891418163,0.0806681013539918
2023,6,ACADEMIC PRESS INC ELSEVIER SCIENCE,1451,0.06805492326880495,0.05021614545928649,0.09161945304754363
2023,6,ELSEVIER GMBH,134,0.09825666814564181,0.046657584958275586,0.19523364369715457
2023,6,ELSEVIER ADVANCED TECHNOLOGY,107,0.08552844650441417,0.02707063472543409,0.23918867299121913
2023,5,"ROUTLEDGE JOURNALS, TAYLOR & FRANCIS LTD",1474,0.019123322889795086,0.007978917683495788,0.04512540926382995
2023,6,ELSEVIER SINGAPORE PTE LTD,25,0.0,0.0,0.36770160053580986
2023,6,ELSEVIER SCIENCE LONDON,66,0.16940313013559377,0.07028659939309917,0.35493156887626887
2023,6,EUR CENTRE DIS PREVENTION & CONTROL,21,0.0,0.0,0.5309844659657933
2023,6,EUROPEAN MATHEMATICAL SOC-EMS,37,0.0,0.0,0.36644760871374515
2023,6,FOUNDATION REHABILITATION INFORMATION,10,0.0,0.0,0.7650951490813367
2023,6,ELSEVIER TAIWAN,58,0.04934676438055815,0.004220980327343373,0.38862482846794427
2023,6,ELSEVIER FRANCE-EDITIONS SCIENTIFIQUES MEDICALES ELSEVIER,416,0.0787729038964013,0.045792083860571854,0.13221614176586757
2023,6,EXCERPTA MEDICA INC-ELSEVIER SCIENCE INC,24,0.07848136959067847,0.010558302616725994,0.4046576681426388
2023,6,FERRATA STORTI FOUNDATION,42,0.2321346150819867,0.07162546055610311,0.5422466949676905
2023,6,ENDOCRINE SOC,81,0.02671842523957531,0.0038137591272217,0.16447232451713545
2023,6,GEOMETRY & TOPOLOGY PUBLICATIONS,11,0.0,0.0,0.7638302381226227
2023,4,MDPI,8439,0.07503901888561174,0.06658886423500784,0.08446446660548107
2023,6,"GEOLOGICAL SOC AMER, INC",31,0.013019740125574886,5.701258309192361e-08,0.999672477771537
2023,6,EUROPEAN RESPIRATORY SOC JOURNALS LTD,68,0.04511914278944702,0.006701561285757725,0.2486417804568142
2023,6,HINDAWI LTD,29,0.0,0.0,0.24524551907933448
2023,6,HUMAN KINETICS PUBL INC,21,0.0,0.0,0.34105239045439495
2023,6,HIGHER EDUCATION PRESS,29,0.0,0.0,0.43369830824892835
2023,6,GEORG THIEME VERLAG KG,80,0.038936820719237444,0.005616091220099764,0.22518322996372714
2023,4,WILEY,5496,0.05331525818861579,0.04478358243060218,0.06336447635320223
2023,6,IGI GLOBAL,21,0.0,0.0,0.40964303658105067
2023,6,INST MATHEMATICAL STATISTICS-IMS,32,0.0,0.0,0.38241045641285126
2023,6,INTER-RESEARCH,33,0.0,0.0,0.27037174638603123
2023,6,"INST MATERIA MEDICA, CHINESE ACAD MEDICAL SCIENCES",20,0.17308937642181377,0.024674506901032928,0.6339554406799531
2023,6,INT SOC GLOBAL HEALTH,23,0.056896841559466,0.002897785845403661,0.5560224476420162
2023,6,INT UNION CRYSTALLOGRAPHY,40,0.07929794443035296,0.013742369408429702,0.3474165206483812
2023,6,JOHN BENJAMINS PUBLISHING CO,14,0.0,0.0,0.5989003959843154
2023,6,INFORMS,70,0.027079799488122447,0.0039473759440832425,0.16351840139279677
2023,6,JOURNAL OF CENTRAL SOUTH UNIV,24,0.0,0.0,0.44219963332475254
2023,6,JOHN WILEY & SONS INC,15,0.11581932834244216,0.015850584374481037,0.5158225762461605
2023,6,KARGER,10,0.14801002981819728,0.01766093729868017,0.6266780691597372
2023,6,KERMAN UNIV MEDICAL SCIENCES,18,0.0,0.0,0.2998855301080655
2023,6,KOREAN SOC LABORATORY MEDICINE,14,0.0,0.0,0.6400280221614766
2023,6,KOREAN INST METALS MATERIALS,20,0.07510888415413133,0.01058847922784761,0.3812772341467381
2023,6,KOREAN SPINAL NEUROSURGERY SOC,34,0.0,0.0,0.2977733913656222
2023,6,Korean Pediatric Soc,22,0.15404436396576865,0.019234557462960003,0.6283564118581356
2023,6,KOREAN FIBER SOC,50,0.07371525120367245,0.012434818451718127,0.3346558064206954
2023,6,LIFE SCIENCE ALLIANCE LLC,28,0.08390384073763071,0.011801886438807658,0.4125882058098902
2023,6,IEEE COMPUTER SOC,256,0.05106944225023817,0.02497208556826681,0.1015982420400269
2023,6,KOREAN NUCLEAR SOC,60,0.10498526669159243,0.03801165206081862,0.258279391639674
2023,6,JOURNAL MATER SCI TECHNOL,97,0.17590860342813622,0.09656956004089245,0.298867150473376
2023,6,"JMIR PUBLICATIONS, INC",174,0.14423329768661688,0.08191459812301731,0.241491785858447
2023,6,ELSEVIER IRELAND LTD,660,0.1265363548542582,0.09144225344880415,0.17254125000555878
2023,6,JOHN WILEY & SONS LTD,128,0.017895834563836675,0.0028320952623250603,0.10467219094929296
2023,5,WILEY-V C H VERLAG GMBH,1901,0.03678136235934663,0.02353475778477378,0.05704825842066053
2023,6,EMERALD GROUP PUBLISHING LTD,455,0.1190797400021984,0.07960415412591773,0.17442144502049886
2023,6,CELL PRESS,2090,0.09814210233553437,0.07743192772114382,0.12364907876187509
2023,5,BMJ PUBLISHING GROUP,3793,0.047970073155244285,0.03969774927037878,0.05786233925463663
2023,6,MANAGED CARE & HEALTHCARE COMMUNICATIONS LLC,14,0.0060387200044672105,2.465500649689586e-28,1.0
2023,6,MAGNOLIA PRESS,14,0.2670117392168495,0.06682392855344824,0.6495037372416906
2023,6,KEAI PUBLISHING LTD,327,0.054320754805787415,0.023954958716326708,0.11850535788365896
2023,6,"MASARYKOVA UNIV, FAC SOCIAL STUDIES",10,0.29227792894769145,0.05345008727964397,0.7512673268593977
2023,6,MASSACHUSETTS MEDICAL SOC,63,0.0,0.0,0.23423415840560483
2023,6,BMC,2030,0.0687332698999654,0.05375589564147275,0.08749774599829789
2023,6,"MARY ANN LIEBERT, INC",158,0.061979905487084486,0.021390762911559728,0.16648464250511802
2023,6,MICROBIOLOGY SOC,22,0.055996180094229325,0.0008762520235236419,0.8004783445295649
2023,5,NATURE PORTFOLIO,3660,0.06357099456095437,0.051946341364282424,0.07758415019989917
2023,6,NATURE PUBL GROUP,10,0.6899797854073995,0.054318580721474136,0.9885368568819016
2023,6,NORTHEAST FORESTRY UNIV,11,0.21386956506422353,0.02788776548785083,0.7206665610768724
2023,6,NONFERROUS METALS SOC CHINA,14,0.05250141216903676,0.001354037322434946,0.69367115529298
2023,6,ONLINE LEARNING CONSORTIUM,17,0.12182968837420394,0.002617491175422445,0.8800058016333577
2023,6,NATL ACAD SCIENCES,234,0.017759564660863335,0.0017775030061859892,0.15511193002342205
2023,6,MOSBY-ELSEVIER,408,0.08613422298641747,0.05444563218708746,0.13365920624960242
2023,6,IOP Publishing Ltd,926,0.018639144764374393,0.009022991533984224,0.03810949279483068
2023,6,PALGRAVE MACMILLAN LTD,13,0.0,0.0,0.6784997752051383
2023,6,PEERJ INC,37,0.02475277914209984,7.12302254708432e-05,0.9004303688757684
2023,6,Optica Publishing Group,30,0.0722689589176551,0.011037658562158183,0.3522072561249731
2023,6,PHYSICIANS POSTGRADUATE PRESS,11,0.0,0.0,0.7620964153019253
2023,6,PROJECT HOPE,13,0.0,0.0,0.7618657019290747
2023,6,PORTLAND PRESS LTD,13,0.11999936553497252,0.013551452017228433,0.5751134468450106
2023,6,ROYAL COLL GENERAL PRACTITIONERS,16,0.0,0.0,0.5907924324212347
2023,6,RADIOLOGICAL SOC NORTH AMERICA (RSNA),44,0.03648951047146712,0.005096989909804129,0.2187232896964489
2023,6,ROCKEFELLER UNIV PRESS,52,0.14637638054047686,0.0451785920825677,0.3832639392439146
2023,6,FRONTIERS MEDIA SA,2082,0.091858930313984,0.0742495506493561,0.11313425397872946
2023,6,SCIENDO,10,0.018027067958280168,3.698819689621111e-10,0.999998902482318
2023,6,SCIPOST FOUNDATION,36,0.0,0.0,0.4151206210869657
2023,6,SHANGHAI JIAO TONG UNIV PRESS,23,0.24096588442209982,0.07295611961018476,0.5615266061196257
2023,6,SPIE-SOC PHOTO-OPTICAL INSTRUMENTATION ENGINEERS,11,0.15499191618288527,0.019689381150791458,0.6261753374308916
2023,6,SOC PETROLEUM ENG,13,0.012055340588318673,1.214971144597103e-08,0.9999184100250238
2023,6,SOC NEUROSCIENCE,49,0.01845134745658278,1.3325113973450219e-05,0.9636613613307579
2023,6,SPANDIDOS PUBL LTD,22,0.3134699633042904,0.11666754495606313,0.612178892127514
2023,6,SOC EXPLORATION GEOPHYSICISTS - SEG,23,0.12531137613048277,0.025088857029103784,0.44368740040924415
2023,6,SIAM PUBLICATIONS,174,0.0,0.0,0.14947364591841816
2023,5,OXFORD UNIV PRESS,3812,0.04682175530182641,0.03813270903693913,0.05737262038412086
2023,6,SOC NUCLEAR MEDICINE INC,43,0.07873954848871155,0.01344926389129383,0.3488940475637089
2023,5,ELSEVIER SCI LTD,6018,0.05617978502883665,0.04741766202658045,0.06644808344546099
2023,6,ELSEVIER SCIENCE SA,1962,0.06314676870912511,0.0483138516323526,0.08214051706458463
2023,5,SPRINGER,3587,0.04905888950309497,0.039308972895385735,0.06107336877632559
2023,6,SPRINGER JAPAN KK,49,0.08222106728498559,0.008546636628692554,0.48214362488565027
2023,6,SPRINGER WIEN,96,0.0,0.0,0.06956859549343473
2023,6,SPRINGER SINGAPORE PTE LTD,41,0.024565100668176347,0.00019539910649776532,0.7644363579101014
2023,6,SPRINGER-VERLAG ITALIA SRL,97,0.0,0.0,0.15195829725342277
2023,6,SPRINGER BASEL AG,137,0.013771343733782325,0.0002793331122303,0.411015119788198
2023,6,ROYAL SOC,204,0.04271074311758085,0.016033102053292368,0.10886634946201089
2023,6,TAYLOR & FRANCIS AS,10,0.0,0.0,0.3339720604994133
2023,6,SCIENCE PRESS,249,0.021450028114253818,0.004287876243224484,0.10037858135933392
2023,6,SPRINGER LONDON LTD,72,0.06209756394837551,0.015932961068235288,0.21306065161395474
2023,6,ELSEVIER SCIENCE INC,2405,0.06317185793984692,0.04966405955299688,0.08004411095525923
2023,6,UNIV CHICAGO PRESS,25,0.0,0.0,0.5042144781635984
2023,6,TERMEDIA PUBLISHING HOUSE LTD,12,0.17809397939973146,0.02885096167637189,0.6124701369572974
2023,6,"UNIV WINDSOR, FAC EDUCATION",10,0.0,0.0,1.0
2023,6,VASYL STEFANYK PRECARPATHIAN NATL UNIV,22,0.0,0.0,0.5601337125843917
2023,6,US DEPT HEALTH HUMAN SCIENCES PUBLIC HEALTH SCIENCE,11,0.18840901110047253,0.014938248112821751,0.7804030662900636
2023,6,VEREIN FORDERUNG OPEN ACCESS PUBLIZIERENS QUANTENWISSENSCHAF,20,0.0,0.0,0.4134614082501161
2023,6,WALTER DE GRUYTER GMBH,79,0.0,0.0,0.08649588753141424
2023,6,W B SAUNDERS CO LTD,115,0.03146042899010425,0.005553809326439416,0.1589026469679333
2023,6,TSINGHUA UNIV PRESS,113,0.05643512043533124,0.01769133789518639,0.16571349984277853
2023,6,SPRINGER INT PUBL AG,221,0.055115891162841824,0.024502125911684765,0.11930161857467647
2023,6,SPRINGER/PLENUM PUBLISHERS,209,0.030566299827902335,0.008699334931647503,0.10175666417369902
2023,6,W B SAUNDERS CO-ELSEVIER INC,261,0.09154609703094407,0.04796651092196136,0.16774332907456244
2023,6,TAYLOR & FRANCIS INC,431,0.09653927378015337,0.0581346156249741,0.15610958918491694
2023,6,WROCLAW MEDICAL UNIV,17,0.0,0.0,0.23135239250041714
2023,6,ZHEJIANG UNIV PRESS,20,0.0,0.0,0.6839763937956671
2023,6,WORLD SCIENTIFIC PUBL CO PTE LTD,96,0.0,0.0,0.07113899692824713
2023,6,WOLTERS KLUWER MEDKNOW PUBLICATIONS,29,0.11718329532786062,0.024857203061328766,0.40870530137969546
2023,7,ACAD MANAGEMENT,10,0.0,0.0,0.44235333616748473
2023,7,ACAD MEDICINE SINGAPORE,10,0.0,0.0,0.9816729804812508
2023,6,AMER CHEMICAL SOC,3765,0.06252001927002857,0.05045890807066263,0.07722959783609111
2023,6,WILEY-HINDAWI,98,0.1183080643865137,0.048793699003084695,0.2598070275263516
2023,6,SAGE PUBLICATIONS LTD,519,0.011153638239875127,0.0029547187047599104,0.04116408830884485
2023,7,AMER ACAD SLEEP MEDICINE,21,0.0,0.0,0.4107646745073365
2023,7,AME PUBLISHING COMPANY,37,0.0,0.0,0.10772834066031202
2023,7,ACOUSTICAL SOC AMER AMER INST PHYSICS,51,0.06938841993510063,0.01660982407900098,0.2476412126526632
2023,7,AMER ASSOC CRITICAL CARE NURSES,11,0.17967974682753968,0.027555519541901625,0.6286833835922195
2023,7,AMER ACAD PEDIATRICS,41,0.09423309993115134,0.024603925662687633,0.3002551050115119
2023,6,TAYLOR & FRANCIS LTD,745,0.08365943160433399,0.056577597533597396,0.12202771532383279
2023,6,SAGE PUBLICATIONS INC,726,0.058045444090853465,0.03507616513190739,0.09458159253220329
2023,7,AMER ASSOC CANCER RESEARCH,131,0.1784058651956221,0.09227359813892867,0.3168716652535351
2023,7,ADIS INT LTD,85,0.08214558241694589,0.026139729407910848,0.22982847699436515
2023,6,eLIFE SCIENCES PUBL LTD,240,0.07472367535797841,0.035286313050291236,0.1513239455106652
2023,7,AMER ASSOC NEUROLOGICAL SURGEONS,62,0.049387964025278536,0.007789785015202278,0.25584514064631625
2023,6,OXFORD UNIV PRESS INC,1109,0.058555423104221224,0.04075912984486828,0.08344600613051434
2023,7,AMER ASSOC ADVANCEMENT SCIENCE,324,0.10441155894867753,0.059215614122629094,0.17759132477759118
2023,7,AMER ECONOMIC ASSOC,23,0.0,0.0,0.6106583416939212
2023,7,AMER INST MATHEMATICAL SCIENCES-AIMS,11,0.0,0.0,0.7560557084399746
2023,7,AMER DIABETES ASSOC,37,0.26198414485338056,0.09336563718202033,0.5502926597248254
2023,7,AMER MATHEMATICAL SOC,26,0.10964714180735648,0.021868101748718446,0.40417828659000116
2023,7,AMER COLL PHYSICIANS,64,0.07078101835905462,0.015242473844726953,0.2726542280772865
2023,7,AMER PUBLIC HEALTH ASSOC INC,17,0.28641033717817177,0.04266353782509449,0.7833073461478111
2023,7,AMER ROENTGEN RAY SOC,23,0.3272103243135382,0.0668854481522455,0.7674355896499538
2023,7,AMER SOC HEMATOLOGY,30,0.0,0.0,0.19884981373685576
2023,7,"AMER PSYCHIATRIC PUBLISHING, INC",12,0.08374221681293069,0.0007167973472980976,0.9209184080516281
2023,7,ANNALS FAMILY MEDICINE,18,0.0,0.0,0.2817457422488919
2023,7,AMER THORACIC SOC,62,0.0,0.0,0.26954909564647545
2023,7,AMER SOC PHARMACOLOGY EXPERIMENTAL THERAPEUTICS,14,0.09291743362566943,0.012735703367571233,0.44855372960766715
2023,7,AMER SOC NEURORADIOLOGY,26,0.109657853256804,0.02152009500738051,0.40818626173660644
2023,7,ANNUAL REVIEWS,78,0.0,0.0,0.14610553055764144
2023,7,AMER SOC CLINICAL INVESTIGATION INC,70,0.13706970857582051,0.03973951166928618,0.3787564169423239
2023,7,ASSOC RESEARCH VISION OPHTHALMOLOGY INC,35,0.0,0.0,0.4258665118477913
2023,7,BENTHAM SCIENCE PUBL LTD,14,0.0,0.0,0.6767240735516242
2023,7,BAISHIDENG PUBLISHING GROUP INC,45,0.0,0.0,0.2524479558056011
2023,7,AMER METEOROLOGICAL SOC,55,0.028783478577147775,0.004142199710580239,0.17434826417740823
2023,7,AMER SOC NEPHROLOGY,51,0.1108009239871503,0.03256161780492835,0.3156890843438313
2023,5,PERGAMON-ELSEVIER SCIENCE LTD,5212,0.052791341198474985,0.043629117797032234,0.06374939910717586
2023,6,IEEE-INST ELECTRICAL ELECTRONICS ENGINEERS INC,2810,0.052755262437973745,0.039888963268299264,0.06947133468239698
2023,7,ASCE-AMER SOC CIVIL ENGINEERS,56,0.019305925559942993,7.488671504831783e-05,0.8380462090676952
2023,7,AMER PHYTOPATHOLOGICAL SOC,86,0.03925221246106552,0.010033183188031123,0.1414091879132431
2023,7,AMER PHYSIOLOGICAL SOC,119,0.06560777276454725,0.02136185561984054,0.18424477591303917
2023,7,AMER SPEECH-LANGUAGE-HEARING ASSOC,57,0.07907460886930039,0.015908593599739215,0.3132185221911857
2023,7,AMER SOC MICROBIOLOGY,102,0.10261997217365587,0.043084647509089385,0.22507274185400933
2023,7,AMER PSYCHOLOGICAL ASSOC,111,0.06824524855503147,0.023302399326523705,0.18357632725970016
2023,6,"ROUTLEDGE JOURNALS, TAYLOR & FRANCIS LTD",1133,0.05576223384762416,0.033231102005734606,0.09211423059702525
2023,6,SPRINGER HEIDELBERG,801,0.05298813017150707,0.03317327457238839,0.08361507503319283
2023,7,"AMER OCCUPATIONAL THERAPY ASSOC, INC",380,0.2927640249810559,0.17434566240582722,0.4479743275648257
2023,7,BRITISH EDITORIAL SOC BONE & JOINT SURGERY,29,0.0,0.0,0.3577583813054641
2023,7,BRITISH INST RADIOLOGY,10,0.0,0.0,1.0
2023,7,C EJ PUBLISHING GROUP,16,0.0,0.0,0.25927434892868156
2023,7,AIP Publishing,549,0.018741049243518788,0.006264521115176017,0.05469830824228271
2023,4,ELSEVIER,10773,0.05977035764617085,0.05302379216509264,0.06731431426868324
2023,6,SPRINGERNATURE,1004,0.0951073235734916,0.0707812903543851,0.12665417043104327
2023,7,AMER MEDICAL ASSOC,560,0.02997271991810704,0.013150196363668546,0.06685765407835477
2023,7,CHINESE CHEMICAL SOC,14,0.0,0.0,0.580247947023822
2023,7,CENTERS DISEASE CONTROL & PREVENTION,26,0.0,0.0,0.6404842717629151
2023,7,CHINESE LASER PRESS,20,0.06603131638716803,0.009333432262716873,0.3466375362613659
2023,7,"CHINA UNIV GEOSCIENCES, BEIJING",17,0.0836224945466896,0.0074579828162625456,0.5256655913526179
2023,6,PUBLIC LIBRARY SCIENCE,1378,0.05359150725763189,0.03824305987299863,0.07462194702996948
2023,7,AMER GEOPHYSICAL UNION,392,0.007618620585554841,0.001142360060698104,0.049008638215944575
2023,7,CMA-CANADIAN MEDICAL ASSOC,23,0.0,0.0,0.6539292429226565
2023,7,COGITATIO PRESS,17,0.0,0.0,0.5493224313630662
2023,7,ASSOC COMPUTING MACHINERY,243,0.01157855274137633,0.0017256448531303788,0.0735440440907739
2023,7,CHURCHILL LIVINGSTONE INC MEDICAL PUBLISHERS,27,0.16036288377008243,0.044326641607055385,0.44022948576896237
2023,7,COLL FAMILY PHYSICIANS CANADA,11,0.0,0.0,1.0
2023,7,COLL AMER PATHOLOGISTS,10,0.08935898163744536,0.000565018276331038,0.9445440485300985
2023,7,"COLD SPRING HARBOR LAB PRESS, PUBLICATIONS DEPT",31,0.11921497288583947,0.006765634918672828,0.728957557466364
2023,7,CSIRO PUBLISHING,17,0.0674438638384604,0.003795248592756643,0.5785772064516471
2023,7,COMPANY BIOLOGISTS LTD,41,0.10235292988022053,0.01702253462646602,0.4288237322502593
2023,7,CURRENT MEDICINE GROUP,16,0.47369137344147366,0.15262300136309487,0.8180975885198909
2023,7,EDICIONES PROFESIONALES INFORMACION SL-EPI,13,0.0,0.0,0.6172878617090909
2023,7,CURRENT BIOLOGY LTD,45,0.06925320851775996,0.0067955068150320555,0.4472567899303983
2023,7,EDIZIONI MINERVA MEDICA,10,0.0,0.0,0.9481852570335577
2023,7,EDUCATIONAL PUBLISHING FOUNDATION-AMERICAN PSYCHOLOGICAL ASSOC,29,0.07063535417993208,0.00375479878775228,0.6051613545977024
2023,7,DUKE UNIV PRESS,65,0.021985604076632494,0.0004756991106720051,0.5149895545757633
2023,7,ACADEMIC PRESS LTD- ELSEVIER SCIENCE LTD,672,0.06986176053005351,0.04434727850619119,0.10839064421169323
2023,7,DOVE MEDICAL PRESS LTD,119,0.08313363446997867,0.024405734607482434,0.24734998212979273
2023,7,CHURCHILL LIVINGSTONE,144,0.07962401777245155,0.03191246474901395,0.18503394983447868
2023,7,ACADEMIC PRESS INC ELSEVIER SCIENCE,1400,0.07943812184869999,0.05920698263438745,0.1058048181426244
2023,7,COPERNICUS GESELLSCHAFT MBH,193,0.04107988219181696,0.016067603146679755,0.10103052877670733
2023,7,BMJ PUBLISHING GROUP,755,0.08445929860186552,0.05730883631494511,0.12279695693660052
2023,7,EDP SCIENCES S A,171,0.008953759128141222,0.0012715081297294528,0.06025085501930431
2023,7,AMER PHYSICAL SOC,728,0.012977441793589768,0.004278641719354561,0.038674643695609794
2023,7,ELSEVIER - DIVISION REED ELSEVIER INDIA PVT LTD,10,0.0,0.0,0.7693047834868965
2023,7,ELSEVIER ESPANA,20,0.0,0.0,0.28887867033232045
2023,7,ELSEVIER ESPANA SLU,20,0.0,0.0,0.5799991509939074
2023,7,CAMBRIDGE UNIV PRESS,969,0.028144629584422046,0.015539141232108271,0.050451754312404715
2023,7,ELSEVIER ADVANCED TECHNOLOGY,90,0.20173282112470012,0.09328827780178357,0.3829919044776496
2023,7,ELSEVIER INC,52,0.10290329180999876,0.030739505916743747,0.29322682422930296
2023,7,ELSEVIER GMBH,146,0.1543820034457565,0.08148067708122692,0.2731144205846088
2023,7,"ELSEVIER MASSON, CORP OFF",38,0.03658590932056397,0.0051358678842222255,0.21835423863649356
2023,7,ELSEVIER FRANCE-EDITIONS SCIENTIFIQUES MEDICALES ELSEVIER,417,0.15562752409167208,0.10834778801217887,0.21848335429470217
2023,7,BMC,1959,0.10537612557198396,0.08705082053525685,0.1270224012754735
2023,6,WILEY-V C H VERLAG GMBH,1818,0.05298881423580785,0.03720179076922768,0.07495370111241778
2023,7,ELSEVIER IRELAND LTD,630,0.11328325303872061,0.07977765193525184,0.15843796734102916
2023,5,MDPI,8220,0.06972036678721055,0.06129951380549631,0.07920041012289337
2023,6,NATURE PORTFOLIO,3654,0.04334845603817052,0.033113091623057256,0.05656252469881491
2023,7,ELSEVIER SCIENCE LONDON,54,0.12141365541918062,0.042670298328379104,0.29994140311384426
2023,7,ELSEVIER SINGAPORE PTE LTD,15,0.0,0.0,0.6211449484409243
2023,5,WILEY,6049,0.062015911515779995,0.05332247707944943,0.07201885646084732
2023,7,EUR CENTRE DIS PREVENTION & CONTROL,13,0.0,0.0,0.828864379116087
2023,7,EUROPEAN MATHEMATICAL SOC-EMS,23,0.0,0.0,0.4723131127025063
2023,7,ELSEVIER TAIWAN,46,0.19347565206401932,0.07156350290618566,0.42745359766697055
2023,7,EXCERPTA MEDICA INC-ELSEVIER SCIENCE INC,31,0.19074609175175292,0.051953094288477754,0.5034308508331904
2023,7,ENDOCRINE SOC,66,0.13106916667863505,0.04631168332786119,0.31905151622163364
2023,7,EUROPEAN RESPIRATORY SOC JOURNALS LTD,55,0.04926787240929729,0.007862881440031711,0.2530876212854298
2023,7,HINDAWI LTD,21,0.0,0.0,0.5125909864842267
2023,7,HIGHER EDUCATION PRESS,27,0.0,0.0,0.3447808406141945
2023,7,FERRATA STORTI FOUNDATION,46,0.048023856260478864,0.006699237628412353,0.2739557438294462
2023,7,GEORG THIEME VERLAG KG,73,0.0,0.0,0.29906854035120223
2023,7,"GEOLOGICAL SOC AMER, INC",42,0.0021915060261028874,4.0372966266074934e-26,1.0
2023,7,HUMAN KINETICS PUBL INC,19,0.1952504616964192,0.04390817938600803,0.5617475529786295
2023,7,INTER-RESEARCH,26,0.0,0.0,0.35937240817306665
2023,7,"INST MATERIA MEDICA, CHINESE ACAD MEDICAL SCIENCES",29,0.07229933268472721,0.010217582366061103,0.3704204956097026
2023,7,INT SOC GLOBAL HEALTH,18,0.12715966487832409,0.021506267980273774,0.49126380463578245
2023,7,IGI GLOBAL,28,0.04255828313676935,0.0006609780986160684,0.749199587471874
2023,7,INT UNION CRYSTALLOGRAPHY,26,0.04520281586060861,0.0036962699445438744,0.3766125836062529
2023,7,JOHN WILEY & SONS INC,19,0.0,0.0,0.7467795457234483
2023,7,JOHN BENJAMINS PUBLISHING CO,22,0.14502671900653008,0.017137635059226303,0.6226679264452273
2023,7,KARGER,15,0.0,0.0,0.6720404276114956
2023,7,CELL PRESS,2196,0.09564788577017269,0.07607343938053106,0.11960700405470052
2023,7,JOURNAL OF CENTRAL SOUTH UNIV,25,0.031112149570608996,0.0004039204707298992,0.718450316184432
2023,7,JOURNAL MATER SCI TECHNOL,65,0.0,0.0,0.19663718508943398
2023,7,KOREAN INST METALS MATERIALS,10,0.0,0.0,0.7712028672912136
2023,7,KOREAN FIBER SOC,41,0.0,0.0,0.17601378669562168
2023,7,KOREAN SOC NEPHROLOGY,10,0.0,0.0,0.6230027734284872
2023,7,KOREAN NUCLEAR SOC,46,0.0,0.0,0.1684927801010197
2023,7,KOREAN SOC HORTICULTURAL SCIENCE,10,0.048301129954496626,0.00010254796781417584,0.9617087376114217
2023,7,INFORMS,67,0.024167926066331044,0.003328976261133353,0.15514926138035395
2023,7,LABORATORY KNOWLEDGE MANAGEMENT & E-LEARNING UNIV,10,0.0,0.0,0.5132953055845684
2023,7,LIFE SCIENCE ALLIANCE LLC,28,0.0,0.0,0.352233791303869
2023,7,KOREAN SOCIETY ANIMAL SCIENCE & TECHNOLOGY,17,0.08323929337931682,0.00863208188968556,0.4863399160464113
2023,7,"JMIR PUBLICATIONS, INC",142,0.09754289365766347,0.043259684266029615,0.2053237152466247
2023,7,IEEE COMPUTER SOC,225,0.02280872528802551,0.006281173799731839,0.07935222070020545
2023,7,MANAGED CARE & HEALTHCARE COMMUNICATIONS LLC,11,0.0,0.0,0.3579426382252461
2023,7,MASSACHUSETTS MEDICAL SOC,51,0.16198263227025073,0.029247733753196926,0.5535858665985384
2023,7,EMERALD GROUP PUBLISHING LTD,462,0.07702752669503343,0.042972079501490866,0.1342850228174646
2023,7,JOHN WILEY & SONS LTD,171,0.1169983268789563,0.06432172679515091,0.20343524120074719
2023,7,"MARY ANN LIEBERT, INC",127,0.07364479652650668,0.029351179709002195,0.17287650352576847
2023,7,KEAI PUBLISHING LTD,261,0.1191419157768351,0.071149382290208,0.1927878642659376
2023,7,MEDICAL LIBRARY ASSOC,12,0.0,0.0,0.49108938108256756
2023,7,Medical Journal Sweden AB,14,0.0,0.0,0.40565979964748594
2023,7,MIT PRESS,25,0.010461996222256026,3.3772878905835816e-08,0.9996979542428716
2023,7,MICROBIOLOGY SOC,29,0.0969601499544258,0.014873217149131935,0.43297461553195365
2023,7,NATL ATHLETIC TRAINERS ASSOC INC,13,0.0,0.0,0.46224740145704396
2023,6,SPRINGER,3597,0.04988697993336794,0.039785032456035097,0.06238729094976789
2023,6,ELSEVIER SCI LTD,6413,0.06304763611333314,0.05376080257753873,0.07381356802234076
2023,7,NATURE PUBL GROUP,11,0.01632213754512988,8.294093094921634e-13,0.9999999969875445
2023,7,NORTHEAST FORESTRY UNIV,11,0.0,0.0,0.8060982544570432
2023,7,NONFERROUS METALS SOC CHINA,18,0.01351740774067868,1.523265700501777e-07,0.9991893832677837
2023,7,NEW YORK BUSINESS GLOBAL LLC,47,0.0,0.0,0.36077181688529814
2023,7,PALGRAVE MACMILLAN LTD,15,0.0,0.0,0.789797081562838
2023,7,PEERJ INC,40,0.18549822174048566,0.0626703536081344,0.43685984758634855
2023,7,Optica Publishing Group,32,0.1178727547393256,0.03176326636218571,0.35244820608497646
2023,7,MOSBY-ELSEVIER,338,0.05133523665820082,0.02728993217113555,0.09450851180462232
2023,7,NATL ACAD SCIENCES,330,0.044215118045719405,0.01914178642457373,0.09882240454626767
2023,7,PROJECT HOPE,16,0.0,0.0,0.677609573711123
2023,7,PHYSICIANS POSTGRADUATE PRESS,11,0.20184225594401722,0.02970641597386497,0.6762510688338526
2023,7,PORTLAND PRESS LTD,14,0.335357789213042,0.07243831807659531,0.7652573052965841
2023,7,RAMAZAN YAMAN,14,0.0,0.0,0.7447914053548994
2023,7,FRONTIERS MEDIA SA,1745,0.09469211270466123,0.07534493194694239,0.11837130389417451
2023,7,ROCKEFELLER UNIV PRESS,43,0.14540053239840325,0.03519520790334675,0.44243994337145576
2023,7,RADIOLOGICAL SOC NORTH AMERICA (RSNA),48,0.08699160052753542,0.01892155699551806,0.3200555651911561
2023,7,ROY COLL PHYS LONDON EDITORIAL OFFICE,26,0.12002458821949186,0.008955879378127994,0.6730591921476768
2023,7,AMER CHEMICAL SOC,3777,0.05920805871954539,0.04710934255168158,0.07417212865085145
2023,7,ROYAL COLL GENERAL PRACTITIONERS,95,0.08483440814113169,0.022952876762794897,0.2678190714094337
2023,7,SEPM-SOC SEDIMENTARY GEOLOGY,10,0.0,0.0,0.6890541008717539
2023,7,SHENYANG PHARMACEUTICAL UNIV,10,0.0,0.0,0.9274136495190828
2023,7,SHANGHAI UNIV,18,0.0,0.0,0.5604877457051439
2023,7,ELSEVIER SCIENCE SA,1761,0.0828276223517567,0.06425374433436454,0.10616152705973525
2023,7,SHANGHAI JIAO TONG UNIV PRESS,25,0.0,0.0,0.40239009384605023
2023,7,SOC NUCLEAR MEDICINE INC,25,0.0,0.0,0.5133131995935631
2023,7,SOC EXPLORATION GEOPHYSICISTS - SEG,31,0.04953995608999674,0.0011897929545349433,0.6951806217790006
2023,7,SOC PETROLEUM ENG,24,0.0,0.0,0.4855382013542979
2023,6,MDPI,8195,0.08878038606191697,0.0791872047769308,0.09941027183148071
2023,7,SOC NEUROSCIENCE,40,0.24002794950991982,0.0936109180302119,0.4913181411033499
2023,7,SPANDIDOS PUBL LTD,27,0.1356617320062648,0.0373574375999643,0.38830344657550664
2023,7,SCIPOST FOUNDATION,38,0.0375746837749713,0.005276439250487597,0.22321320695627817
2023,7,SIAM PUBLICATIONS,149,0.023164260553157866,0.0048028300508995946,0.10436110299239688
2023,7,SPRINGER FRANCE,14,0.0,0.0,0.5079540515039292
2023,7,SPRINGER SINGAPORE PTE LTD,43,0.0,0.0,0.2320676277648858
2023,7,ROYAL SOC,212,0.028769861252388916,0.008491989507403703,0.09293055862692863
2023,7,TAYLOR & FRANCIS AS,14,0.0,0.0,0.2987204828881671
2023,7,SCIENCE PRESS,263,0.05062652147119528,0.0210087240601564,0.117008557539446
2023,7,SPRINGER LONDON LTD,62,0.14307501211398274,0.062081679181846774,0.2963477400042878
2023,7,SPRINGER JAPAN KK,51,0.06268201909620799,0.015260295399923912,0.22395368291140827
2023,7,SPRINGER-VERLAG ITALIA SRL,100,0.07211484653292226,0.028209648400983667,0.17224204995689407
2023,7,TERMEDIA PUBLISHING HOUSE LTD,24,0.2186905309671307,0.060042463156943233,0.5508622865679466
2023,7,SPRINGER WIEN,136,0.02877510112318514,0.007406584148729596,0.10525588365020735
2023,7,UNIV CHICAGO PRESS,36,0.0,0.0,0.38951262546681004
2023,7,US DEPT HEALTH HUMAN SCIENCES PUBLIC HEALTH SCIENCE,12,0.0,0.0,0.6325259810965674
2023,7,VEREIN FORDERUNG OPEN ACCESS PUBLIZIERENS QUANTENWISSENSCHAF,25,0.0,0.0,0.5040728788505583
2023,7,LIPPINCOTT WILLIAMS & WILKINS,1384,0.08001258508527426,0.05951579777582215,0.10676695527634948
2023,7,"UNIV KRAGUJEVAC, FAC SCIENCE",14,0.05292432946946311,0.00011202884696954449,0.965363959800456
2023,7,OXFORD UNIV PRESS INC,643,0.08469232577164784,0.05539664571379755,0.12739122197519248
2023,7,VIETNAM NATL UNIV,22,0.018538273803506877,2.4074460711324244e-09,0.999993252206404
2023,7,SPRINGER INT PUBL AG,201,0.0132357947976656,0.0008294245279473659,0.1781307074151349
2023,7,SPRINGER/PLENUM PUBLISHERS,197,0.03731168855683326,0.011871790854056648,0.11113509605812522
2023,7,WALTER DE GRUYTER GMBH,87,0.09980613951564422,0.03644726962746946,0.2452700386380547
2023,7,W B SAUNDERS CO LTD,106,0.03870302003959598,0.010040407361541144,0.13779986036129163
2023,7,SPRINGER BASEL AG,169,0.021523303742615435,0.005420648798135509,0.08153906942326937
2023,7,SAGE PUBLICATIONS LTD,589,0.06797091704090276,0.04211077404137341,0.10792249621323052
2023,7,IOP Publishing Ltd,995,0.023623142994254543,0.012065819495097075,0.04573820614673629
2023,7,W B SAUNDERS CO-ELSEVIER INC,210,0.10553940616922458,0.0594427074806128,0.18052223957205338
2023,7,TSINGHUA UNIV PRESS,149,0.06309015112845347,0.02124262390278504,0.17282014458586833
2023,7,TAYLOR & FRANCIS INC,440,0.060785261258760645,0.029133908466311944,0.12248475279133533
2023,6,PERGAMON-ELSEVIER SCIENCE LTD,5625,0.06899387711662094,0.058937474052240334,0.08061918869878289
2023,7,ZHEJIANG UNIV PRESS,19,0.0,0.0,0.4160824227020079
2023,7,SAGE PUBLICATIONS INC,962,0.06341893247705097,0.04116547188062905,0.09649167208852127
2023,8,ACAD MEDICINE SINGAPORE,11,0.0,0.0,0.8674602352760348
2023,7,WORLD SCIENTIFIC PUBL CO PTE LTD,55,0.0,0.0,0.22827897763502053
2023,8,ACAD MANAGEMENT,11,0.3382376700366708,0.0482644455246482,0.8374364975076493
2023,7,WILEY-HINDAWI,93,0.06512544749188497,0.017908404716234096,0.21019016666581875
2023,8,ACTA DERMATO-VENEREOLOGICA,25,0.0,0.0,0.230160589590081
2023,7,WOLTERS KLUWER MEDKNOW PUBLICATIONS,93,0.10400453013454723,0.039061440874880726,0.24894869376222906
2023,8,AME PUBLISHING COMPANY,12,0.0,0.0,0.4332481040120868
2023,8,AMER ACAD SLEEP MEDICINE,23,0.0,0.0,0.44697264684368054
2023,8,AMER ACCOUNTING ASSOC,21,0.0,0.0,0.4227177630409609
2023,8,AMER ACAD PEDIATRICS,39,0.0,0.0,0.4234619016054533
2023,8,ACOUSTICAL SOC AMER AMER INST PHYSICS,65,0.04222933940767066,0.006428945352125461,0.23103234511841086
2023,8,AMER BOARD FAMILY MEDICINE,16,0.0,0.0,0.5525491735998073
2023,8,ADIS INT LTD,90,0.03045967575555868,0.006201886859146947,0.13656048418925149
2023,8,AMER ASSOC NEUROLOGICAL SURGEONS,63,0.08085438147375715,0.01915671372021055,0.2837714592104894
2023,8,AMER ASSOC CANCER RESEARCH,206,0.12351730710284768,0.07137766886466743,0.20532252852366925
2023,7,SPRINGER HEIDELBERG,841,0.04855909304140895,0.029973716423035614,0.07774482695343309
2023,7,"ROUTLEDGE JOURNALS, TAYLOR & FRANCIS LTD",1328,0.03356297860742182,0.018407674424866502,0.06042773216058088
2023,7,eLIFE SCIENCES PUBL LTD,272,0.06914407914387778,0.032396631028909044,0.1414794269656494
2023,8,AMER ECONOMIC ASSOC,24,0.0,0.0,0.5616371750918501
2023,8,AMER DIABETES ASSOC,42,0.268435263784037,0.11173415654451858,0.5169926428739523
2023,8,AMER COLL PHYSICIANS,29,0.1003725394317646,0.022199281791702895,0.35412907193277343
2023,7,PUBLIC LIBRARY SCIENCE,1374,0.06827759462231439,0.05025369837589165,0.09213876790141476
2023,7,TAYLOR & FRANCIS LTD,806,0.08846532872227966,0.060303131150219826,0.12798823965188696
2023,8,AMER INST AERONAUTICS ASTRONAUTICS,10,0.0,0.0,0.7917124013425351
2023,8,AMER INST MATHEMATICAL SCIENCES-AIMS,23,0.0,0.0,0.26589288356001806
2023,8,AMER MATHEMATICAL SOC,29,0.10410761856948653,0.02536099366376342,0.3416532500814221
2023,8,AMER ASSOC ADVANCEMENT SCIENCE,361,0.050920282139302456,0.02101912111106136,0.11822123945182088
2023,8,AMER PUBLIC HEALTH ASSOC INC,12,0.613439008559961,0.060092561996335295,0.9752405685866671
2023,8,AMER ROENTGEN RAY SOC,21,0.0,0.0,0.37420389744175525
2023,8,"AMER PSYCHIATRIC PUBLISHING, INC",21,0.0,0.0,0.47920101863402204
2023,8,AMER METEOROLOGICAL SOC,59,0.039561555910046134,0.0025327384832438135,0.4005567371419738
2023,8,AMER SOC HEMATOLOGY,44,0.0,0.0,0.22803206899545866
2023,8,AMER SOC NEURORADIOLOGY,26,0.0,0.0,0.4073594229293615
2023,8,AIP Publishing,553,0.04277624125318778,0.02332274197233154,0.0771737673000808
2023,8,AMER PSYCHOLOGICAL ASSOC,113,0.0,0.0,0.13708524255014287
2023,8,AMER THORACIC SOC,55,0.0,0.0,0.528120737394938
2023,8,ASIAN-AUSTRALASIAN ASSOC ANIMAL PRODUCTION SOC,33,0.0,0.0,0.3052383775638694
2023,8,AMER SOC MICROBIOLOGY,78,0.0,0.0,0.09807437305254005
2023,8,AMER SOC PHARMACOLOGY EXPERIMENTAL THERAPEUTICS,15,0.2252907178357522,0.05402272147765256,0.5969135981665497
2023,6,OXFORD UNIV PRESS,6574,0.055660191982148347,0.04861358618808712,0.06365986724062508
2023,8,AMER PHYTOPATHOLOGICAL SOC,84,0.011330483755260553,8.524261709081604e-05,0.6063981962056906
2023,8,AMER SOC CLINICAL INVESTIGATION INC,84,0.23883198871950248,0.1259717949501736,0.405853672495758
2023,8,BASTAS PUBL LTD - UK,12,0.0,0.0,0.48745846528909165
2023,7,SPRINGERNATURE,1143,0.08474972246494074,0.06253014951704208,0.113905504489743
2023,8,ANNUAL REVIEWS,112,0.0,0.0,0.07704772013355123
2023,8,BENTHAM SCIENCE PUBL LTD,36,0.0,0.0,0.21516406195824742
2023,8,AMER PHYSIOLOGICAL SOC,123,0.24110410828418735,0.1401634874880226,0.3824082711056884
2023,8,AMER SOC NEPHROLOGY,64,0.13575306829337178,0.0489228602744555,0.32416604701924095
2023,8,ASSOC RESEARCH VISION OPHTHALMOLOGY INC,35,0.2213808121378989,0.08215725974080805,0.4745508606441463
2023,8,ASCE-AMER SOC CIVIL ENGINEERS,66,0.20231116721415449,0.09120322975687085,0.3905997011398351
2023,8,AMER SPEECH-LANGUAGE-HEARING ASSOC,62,0.051858652926908284,0.010251779768800574,0.22409425381537068
2023,8,ACADEMIC PRESS LTD- ELSEVIER SCIENCE LTD,609,0.08195494040097957,0.05478612045453397,0.12087401331467146
2023,8,BAISHIDENG PUBLISHING GROUP INC,60,0.09335126010388739,0.03125635985767516,0.24731307730023566
2023,7,ELSEVIER SCIENCE INC,2346,0.06452572101916929,0.05036735726956119,0.08231902686411892
2023,8,BRILL,17,0.0,0.0,0.3698638038072777
2023,8,BRAZILIAN SOC UROL,15,0.053812763044367815,0.00015095552670617095,0.9554050479510411
2023,8,C EJ PUBLISHING GROUP,17,0.0,0.0,0.28626773890442747
2023,8,BRITISH EDITORIAL SOC BONE & JOINT SURGERY,35,0.0,0.0,0.17372851884261184
2023,8,ASSOC COMPUTING MACHINERY,118,0.043482962088578325,0.01074567502595563,0.15984111519437252
2023,8,CHIN SOCIETY IMMUNOLOGY,12,0.23623949551510082,0.052951765776492236,0.6311497175488532
2023,8,"CHINA UNIV GEOSCIENCES, WUHAN",24,0.0,0.0,0.46641497672897136
2023,8,CHINESE LASER PRESS,16,0.0,0.0,0.6368335220550954
2023,8,"CHINA UNIV GEOSCIENCES, BEIJING",16,0.0,0.0,0.6558594187805862
2023,8,CHINA ANTI-CANCER ASSOC,12,0.0,0.0,0.9805968404905689
2023,8,CENTERS DISEASE CONTROL & PREVENTION,63,0.0,0.0,0.3767490686466282
2023,8,CHINESE CHEMICAL SOC,15,0.12969112551106754,0.01326410034990683,0.6229189443281571
2023,8,CMA-CANADIAN MEDICAL ASSOC,21,0.0,0.0,0.6515762440124446
2023,8,COGITATIO PRESS,22,0.0,0.0,0.4801398524004697
2023,8,"COLD SPRING HARBOR LAB PRESS, PUBLICATIONS DEPT",39,0.0,0.0,0.4330579889421684
2023,8,COLL AMER PATHOLOGISTS,25,0.0,0.0,0.3826362519151767
2023,8,CURRENT MEDICINE GROUP,18,0.4967637063269873,0.1967741899797281,0.7991015285477042
2023,8,COMPANY BIOLOGISTS LTD,44,0.1995322982463857,0.05762516635236186,0.504000812165826
2023,8,DE GRUYTER MOUTON,11,0.0,0.0,0.7134292447923756
2023,8,CSIRO PUBLISHING,12,0.1156073788011068,0.0025759553718750325,0.8687045412053399
2023,8,AMER GEOPHYSICAL UNION,438,0.029136924103017794,0.011698042245769409,0.07071277400519882
2023,8,CURRENT BIOLOGY LTD,53,0.0,0.0,0.14335186914650352
2023,8,CHURCHILL LIVINGSTONE INC MEDICAL PUBLISHERS,80,0.06630764251323316,0.015728227645101456,0.23989802460068194
2023,8,COPERNICUS GESELLSCHAFT MBH,169,0.0,0.0,0.05534531298139444
2023,8,EDITURA ASE,14,0.0,0.0,0.6409512267442632
2023,8,DUKE UNIV PRESS,95,0.0,0.0,0.3372983608813082
2023,8,AMER MEDICAL ASSOC,574,0.05430812729803351,0.03037166320083125,0.09525608652612207
2023,8,EDUCATIONAL PUBLISHING FOUNDATION-AMERICAN PSYCHOLOGICAL ASSOC,33,0.17065314102058227,0.03875376372368724,0.5122455358992741
2023,8,CHURCHILL LIVINGSTONE,108,0.11090922865518846,0.0431965053948717,0.2563291787189685
2023,8,ACADEMIC PRESS INC ELSEVIER SCIENCE,1315,0.06786139484743144,0.048009120831041294,0.09510271073986838
2023,8,DOVE MEDICAL PRESS LTD,125,0.09177020358318311,0.03424147796453684,0.2235766856980171
2023,8,CAMBRIDGE UNIV PRESS,487,0.026090658971389877,0.010550924772657209,0.06305915219118934
2023,8,EDP SCIENCES S A,147,0.014984988375934202,0.003176108172368566,0.06771704811491241
2023,8,AMER PHYSICAL SOC,835,0.006430721359185334,0.0009279050542940727,0.04315755150148974
2023,8,BMJ PUBLISHING GROUP,706,0.053589314710719566,0.03238740247272158,0.08741681789868173
2023,7,NATURE PORTFOLIO,3569,0.07075064249808591,0.05789973329194675,0.08619287023029885
2023,7,IEEE-INST ELECTRICAL ELECTRONICS ENGINEERS INC,2633,0.05636012118937222,0.04246897756575844,0.07444166975160733
2023,5,ELSEVIER,12626,0.05605892689319914,0.049889782767382485,0.06294038422737623
2023,7,WILEY-V C H VERLAG GMBH,1827,0.05841382106030151,0.041418454662609024,0.08178793603598318
2023,8,ELSEVIER - DIVISION REED ELSEVIER INDIA PVT LTD,17,0.0,0.0,0.5372139296611003
2023,8,ELSEVIER ESPANA,17,0.26254109813453563,0.0688863214787884,0.6314211224337645
2023,8,ELSEVIER INC,28,0.0,0.0,0.4500437240793154
2023,8,ELSEVIER ADVANCED TECHNOLOGY,106,0.17139574293512042,0.09037096363915915,0.3010251069841385
2023,8,"ELSEVIER MASSON, CORP OFF",13,0.0,0.0,0.6516014821426903
2023,8,ELSEVIER GMBH,116,0.04925817398432737,0.011407655078051077,0.18872180495673935
2023,8,ELSEVIER FRANCE-EDITIONS SCIENTIFIQUES MEDICALES ELSEVIER,388,0.15299897633439194,0.10142171466545205,0.22425940660390417
2023,8,ELSEVIER IRELAND LTD,583,0.09432934100088444,0.06358967804386842,0.13774293486365313
2023,7,OXFORD UNIV PRESS,3331,0.043750741894808,0.03388111768550328,0.05632777979303908
2023,8,ELSEVIER SCIENCE LONDON,60,0.15192410759346214,0.059375140309104686,0.33704084129176604
2023,8,ELSEVIER SINGAPORE PTE LTD,32,0.0,0.0,0.2803721970037574
2023,8,CELL PRESS,2079,0.12486661114518273,0.10148672836522761,0.15271714764237018
2023,8,EUR CENTRE DIS PREVENTION & CONTROL,19,0.0,0.0,0.6797554250046901
2023,8,EUROPA EDITION,14,0.0,0.0,1.0
2023,8,FOUNDATION REHABILITATION INFORMATION,10,0.0,0.0,0.6895107067064966
2023,8,EUROPEAN MATHEMATICAL SOC-EMS,29,0.0,0.0,0.3668587852313617
2023,8,EXCERPTA MEDICA INC-ELSEVIER SCIENCE INC,24,0.18432064191853853,0.04777013632691813,0.5044290915742894
2023,8,BMC,2109,0.09421137489334426,0.07689795888061801,0.11493751195025681
2023,8,ELSEVIER TAIWAN,56,0.06960691852078565,0.011882884014442313,0.31760846380984875
2023,8,FERRATA STORTI FOUNDATION,50,0.0,0.0,0.41732589249169977
2023,8,ENDOCRINE SOC,80,0.07204689153669659,0.024344231175024926,0.19458115401791087
2023,8,EUROPEAN RESPIRATORY SOC JOURNALS LTD,48,0.12412107873196497,0.03710253586007092,0.34261126598513386
2023,8,FUTURE MEDICINE LTD,15,0.03073298476179009,1.4514019523150393e-07,0.9998556547625724
2023,8,"GEOLOGICAL SOC AMER, INC",54,0.0,0.0,0.2521881141863108
2023,8,HANLEY & BELFUS-ELSEVIER INC,15,0.08584432128081836,0.002004724046822184,0.8144685239470857
2023,8,HARBORSIDE PRESS,13,0.0013614846409253942,6.0877348196654616e-111,1.0
2023,8,HINDAWI LTD,28,0.0,0.0,0.28214645014816914
2023,8,HUMAN KINETICS PUBL INC,34,0.03272238502702866,0.0005977683149401084,0.656752862320738
2023,8,HIGHER EDUCATION PRESS,32,0.029203901664725373,9.177562931804893e-05,0.9079154198318307
2023,6,LIPPINCOTT WILLIAMS & WILKINS,8283,0.0497719020312739,0.04393867992590678,0.05633390209314135
2023,8,GEORG THIEME VERLAG KG,107,0.08192566130478067,0.012559180782195763,0.38502636870429563
2023,8,IGI GLOBAL,23,0.18094457216294324,0.03615275681120659,0.5654369134903221
2023,8,INST MATHEMATICAL STATISTICS-IMS,20,0.0,0.0,0.49811660364342475
2023,8,"INST MATERIA MEDICA, CHINESE ACAD MEDICAL SCIENCES",27,0.36916708616726374,0.13920187801057132,0.6792552635979779
2023,8,INT SOC AGING & DISEASE,33,0.0,0.0,0.379295759235441
2023,8,INTER-RESEARCH,30,0.0,0.0,0.22802223708134173
2023,8,INT UNION CRYSTALLOGRAPHY,23,0.12902592320918066,0.014723007636612993,0.5949130795242387
2023,8,INT SOC GLOBAL HEALTH,31,0.11921095037645851,0.0221440144780649,0.44718478374856324
2023,8,IRCA-BSSA,11,0.2822689168450986,0.0663915047829037,0.6850371966104405
2023,8,INFORMS,78,0.04698841499637758,0.010789995799826027,0.18225187761777298
2023,8,JOHN BENJAMINS PUBLISHING CO,17,0.0,0.0,0.4445016132239938
2023,8,JOHN WILEY & SONS INC,17,0.04908039521762035,6.960846052564914e-06,0.9973938270791559
2023,8,JOURNAL OF CENTRAL SOUTH UNIV,28,0.111234032606131,0.018318911889543953,0.4563457840843355
2023,8,KARGER,11,0.19490487335575216,0.027639470875757938,0.673395779430313
2023,8,KERMAN UNIV MEDICAL SCIENCES,12,0.0,0.0,0.8259372440727984
2023,8,JOURNAL MATER SCI TECHNOL,75,0.0,0.0,0.09649923353777164
2023,8,KOREAN NUCLEAR SOC,52,0.0,0.0,0.08949113210120808
2023,8,KOREAN SOCIETY ANIMAL SCIENCE & TECHNOLOGY,18,0.0,0.0,0.4231170859907079
2023,8,KOREAN FIBER SOC,26,0.07870019410255681,0.011289395087926861,0.38989778596748265
2023,8,JOHN WILEY & SONS LTD,118,0.14607796741973691,0.07368183492360071,0.2689537472023705
2023,8,LIFE SCIENCE ALLIANCE LLC,34,0.240995384015517,0.09088267462426772,0.5021111408161887
2023,8,EMERALD GROUP PUBLISHING LTD,486,0.08971990118209731,0.05666078633374714,0.13922091229126374
2023,8,MAGNOLIA PRESS,13,0.026343724531396877,1.2037782805742773e-09,0.9999983556177835
2023,8,"JMIR PUBLICATIONS, INC",170,0.11220677954009985,0.053572899338612395,0.22009029345385997
2023,8,MANAGED CARE & HEALTHCARE COMMUNICATIONS LLC,12,0.10752889250535129,0.0038659252152907224,0.7890505243996081
2023,8,MASSACHUSETTS MEDICAL SOC,78,0.0,0.0,0.3595980681972308
2023,8,IEEE COMPUTER SOC,296,0.025758864560185616,0.008977567018671744,0.07164094604712097
2023,8,"MARY ANN LIEBERT, INC",157,0.07604539391133178,0.030412089462412764,0.17760862004765138
2023,8,KEAI PUBLISHING LTD,305,0.07626952431593793,0.04078403100137376,0.1381825126868013
2023,8,MICROBIOLOGY SOC,20,0.0,0.0,0.5405189184576678
2023,8,NONFERROUS METALS SOC CHINA,13,0.0,0.0,0.709700936872736
2023,8,NATURE PUBL GROUP,12,0.5587724025087882,0.14742946435876847,0.9026716802973489
2023,7,SPRINGER,3473,0.052843232964034995,0.04228794157783934,0.06585202205566139
2023,8,Optica Publishing Group,26,0.0,0.0,0.3670649544674617
2023,8,PALGRAVE MACMILLAN LTD,22,0.061614328628431046,0.0015071953747866323,0.740671812579857
2023,8,MOSBY-ELSEVIER,335,0.07414196254136747,0.039947616871626124,0.13353481907284226
2023,8,PEERJ INC,50,0.12677955096879515,0.04036025764539769,0.33386309444835244
2023,8,NATL ACAD SCIENCES,270,0.03518546415890445,0.009000974927318932,0.12772502119930912
2023,8,PHYSICIANS POSTGRADUATE PRESS,11,0.27281153160888433,0.02075620178825898,0.8691116101846296
2023,8,POLISH CARDIAC SOC,19,0.0,0.0,0.6310601456868117
2023,8,PROJECT HOPE,17,0.0,0.0,0.6897246672452446
2023,8,PORTLAND PRESS LTD,19,0.1893337083240221,0.03762218469311694,0.5825189238928955
2023,8,FRONTIERS MEDIA SA,1828,0.11128620673726564,0.08987997731851567,0.13702308213665795
2023,8,R FOUNDATION STATISTICAL COMPUTING,15,0.20827519231786149,0.040621330548398976,0.6204091698043327
2023,8,RADIOLOGICAL SOC NORTH AMERICA (RSNA),43,0.0,0.0,0.35373337682252065
2023,8,ROCKEFELLER UNIV PRESS,51,0.13070913502177434,0.0372287915850299,0.3689618268812822
2023,8,ELSEVIER SCIENCE SA,1716,0.08122326609514005,0.06288462398054719,0.10431458137065318
2023,8,ROYAL COLL GENERAL PRACTITIONERS,14,0.0,0.0,0.5295302944366966
2023,8,RUSSELL SAGE FOUNDATION,16,0.07209598198821236,0.0015966339685057306,0.7905758126693598
2023,8,OXFORD UNIV PRESS INC,705,0.07600298215308764,0.04897332987051,0.11612932798942717
2023,8,SEPM-SOC SEDIMENTARY GEOLOGY,10,0.0,0.0,0.6733432492900873
2023,8,SHANGHAI JIAO TONG UNIV PRESS,19,0.1409329002388811,0.0177370681532074,0.5984656503231892
2023,8,SCIPOST FOUNDATION,38,0.011761626486647317,2.253190321809042e-05,0.8627584689839514
2023,8,SOC NUCLEAR MEDICINE INC,35,0.0,0.0,0.26878504590695745
2023,8,SOC PETROLEUM ENG,18,0.15937739489546973,0.03785120315231395,0.477457942462564
2023,8,SPANDIDOS PUBL LTD,28,0.0988427426806239,0.020112534458138882,0.3695367225343086
2023,7,ELSEVIER SCI LTD,6074,0.06701209150882279,0.057189734189627764,0.07838119283513138
2023,8,SOC EXPLORATION GEOPHYSICISTS - SEG,41,0.12980547117079042,0.030017435574551263,0.41827469747528384
2023,8,SOC NEUROSCIENCE,63,0.08528923209235739,0.02671645650100656,0.24053955759869722
2023,8,ROYAL SOC,224,0.02685047241887572,0.007647554527558621,0.08990329597355992
2023,8,SCIENCE PRESS,246,0.03648597080840364,0.012686893475917805,0.10038982461304624
2023,8,LIPPINCOTT WILLIAMS & WILKINS,2015,0.1484327603057864,0.12551319463125996,0.1747014787195132
2023,7,PERGAMON-ELSEVIER SCIENCE LTD,5266,0.06357693410171243,0.05324833768855551,0.07574867816879217
2023,8,SIAM PUBLICATIONS,131,0.010306853718675985,0.0014492604407687953,0.06953073662709873
2023,8,SPRINGER FRANCE,21,0.06928266089138937,0.00954325691086159,0.36512449918828616
2023,8,ELSEVIER SCIENCE INC,2293,0.07796097859914768,0.06268251887061632,0.09657974646056033
2023,7,MDPI,7957,0.1090263187051185,0.09860887444576513,0.12039730685441807
2023,8,AMER CHEMICAL SOC,3957,0.06819422698345226,0.056215626820550764,0.08250213980222765
2023,8,SPRINGER JAPAN KK,38,0.0,0.0,0.2045627626409467
2023,8,SPRINGER WIEN,88,0.0,0.0,0.07216193770329438
2023,8,SPRINGER SINGAPORE PTE LTD,40,0.10774381626507891,0.027858345500407826,0.33723846424148973
2023,8,SPRINGER LONDON LTD,46,0.07834845648609368,0.020517601781885334,0.25649605818436416
2023,8,SPRINGER BASEL AG,145,0.017864997228765903,0.0027219752776917057,0.10811910935159642
2023,8,TAYLOR & FRANCIS AUSTRALIA,10,0.0,0.0,0.5775886309752515
2023,8,SPRINGER-VERLAG ITALIA SRL,90,0.02002139503208313,0.0028269417431303068,0.12833851631792453
2023,8,TAYLOR & FRANCIS AS,14,0.14583476358552366,0.010025779858492645,0.7421585941881027
2023,8,SAGE PUBLICATIONS LTD,490,0.03622221778221074,0.016750697398193383,0.07656549689924715
2023,8,SPRINGER INT PUBL AG,169,0.03867421082207313,0.008815452431770057,0.15395839391402924
2023,6,ELSEVIER,12709,0.0705562868709545,0.06370155853658861,0.07808711433819629
2023,8,THIEME MEDICAL PUBL INC,18,0.0,0.0,0.2568009537358681
2023,8,UNIV NIS,10,0.0,0.0,0.714404986000919
2023,8,TERMEDIA PUBLISHING HOUSE LTD,26,0.07392600516074903,0.01030156358116623,0.37973471989399626
2023,8,US DEPT HEALTH HUMAN SCIENCES PUBLIC HEALTH SCIENCE,23,0.0886874601637938,0.01807323304062338,0.33974067060841767
2023,8,VILNIUS GEDIMINAS TECH UNIV,16,0.41996446276468613,0.14614298943848103,0.7538662110334253
2023,8,VEREIN FORDERUNG OPEN ACCESS PUBLIZIERENS QUANTENWISSENSCHAF,29,0.0,0.0,0.42858897145403946
2023,8,UNIV CHICAGO PRESS,60,0.029037897964767023,0.004065583638770419,0.1797197775887512
2023,8,SPRINGER/PLENUM PUBLISHERS,195,0.0842312426505558,0.04298336022894996,0.1585057581675747
2023,8,IOP Publishing Ltd,1077,0.029021811976913916,0.016446392210847868,0.050716960092004215
2023,8,WAGENINGEN ACADEMIC PUBLISHERS,16,0.13239287188438945,0.016138615764028783,0.5866999629456513
2023,8,W B SAUNDERS CO LTD,106,0.11047577713188904,0.04235163694521094,0.25859051007381884
2023,8,SAGE PUBLICATIONS INC,626,0.06462428884984019,0.03920018061723194,0.10474017985885163
2023,8,WALTER DE GRUYTER GMBH,76,0.05187306378967325,0.01206883564159855,0.196803911744478
2023,8,TSINGHUA UNIV PRESS,171,0.0471005472593666,0.013774928123656181,0.14887967458654827
2023,8,W B SAUNDERS CO-ELSEVIER INC,217,0.08484475420638118,0.039037196375531526,0.17463604972670663
2023,8,"ROUTLEDGE JOURNALS, TAYLOR & FRANCIS LTD",1041,0.06108071707417734,0.03943366709635944,0.09345475757172009
2023,8,TAYLOR & FRANCIS INC,443,0.09005493890330764,0.05462583966849118,0.14493961848533693
2023,8,"WILEY PERIODICALS, INC",10,0.0,0.0,0.7843606017316099
2023,8,SPRINGER HEIDELBERG,790,0.0380850908145296,0.021261223743860254,0.06730608926176977
2023,8,IEEE-INST ELECTRICAL ELECTRONICS ENGINEERS INC,3024,0.08063757398688773,0.06590338936135644,0.09831918728158949
2023,8,SPRINGERNATURE,1055,0.12599454126475115,0.09783568201222619,0.1608133517513298
2023,8,WILEY-HINDAWI,102,0.08827410266056199,0.03226824489190288,0.219443228708715
2023,8,ZHEJIANG UNIV PRESS,16,0.05562659257805118,0.0001556281185397116,0.9570642231322497
2023,9,ACAD MEDICINE SINGAPORE,12,0.0,0.0,0.5408200395887693
2023,9,ACAD MANAGEMENT,16,0.0,0.0,0.579658471389811
2023,9,ACAD CONFERENCES & PUBL INT LTD,13,0.38173826507330694,0.1143467411983341,0.747011534642807
2023,8,TAYLOR & FRANCIS LTD,806,0.12143313854099984,0.08958479273227948,0.16258195096364034
2023,8,WORLD SCIENTIFIC PUBL CO PTE LTD,75,0.013719066175653893,8.458196373092803e-06,0.9581156717432823
2023,8,WOLTERS KLUWER MEDKNOW PUBLICATIONS,68,0.19697909631502794,0.09630096174759711,0.3608796653042426
2023,9,ACTA DERMATO-VENEREOLOGICA,18,0.6173789153091876,0.17144506737702853,0.9263750916750141
2023,9,ACOUSTICAL SOC AMER AMER INST PHYSICS,48,0.0956596560222932,0.02564912948160429,0.298268571112778
2023,9,AMER ACCOUNTING ASSOC,18,0.0,0.0,0.6499616589723775
2023,9,AMER ACAD SLEEP MEDICINE,18,0.0,0.0,0.5696815288039226
2023,9,AME PUBLISHING COMPANY,21,0.1293319800949754,0.026953260641120788,0.4433866864034252
2023,9,AMER ACAD PEDIATRICS,30,0.1919633750139122,0.05890325385090337,0.47415905417164583
2023,9,AMER ASSOC CRITICAL CARE NURSES,12,0.0,0.0,0.6727147670545455
2023,9,AMER BOARD FAMILY MEDICINE,15,0.1230496436862272,0.011634326902971977,0.625829827620254
2023,9,AMER ASSOC NEUROLOGICAL SURGEONS,47,0.06735303056212112,0.012941825171406286,0.2845723303625247
2023,8,eLIFE SCIENCES PUBL LTD,223,0.04607854334472928,0.01704426297111213,0.11860393324608774
2023,9,ADIS INT LTD,113,0.02622996945460043,0.004742814841244297,0.13213928233385935
2023,9,AMER COLL PHYSICIANS,38,0.0,0.0,0.37236405797904737
2023,9,AMER INST MATHEMATICAL SCIENCES-AIMS,24,0.0,0.0,0.4256483832011149
2023,9,AMER ECONOMIC ASSOC,54,0.0,0.0,0.28920093710085154
2023,9,AMER DIABETES ASSOC,37,0.20525979267089492,0.079799292846695,0.43477370975294094
2023,9,"AMER OCCUPATIONAL THERAPY ASSOC, INC",22,0.2151678634416319,0.058655972595027826,0.5467422461659643
2023,9,"AMER PSYCHIATRIC PUBLISHING, INC",13,0.0,0.0,0.6489561170206334
2023,9,AMER MATHEMATICAL SOC,45,0.23382317598349425,0.11167440350283363,0.4255709744026445
2023,9,AMER ROENTGEN RAY SOC,13,0.0,0.0,1.0
2023,9,AMER SOC CELL BIOLOGY,11,0.0,0.0,0.7758729026228895
2023,9,AMER PUBLIC HEALTH ASSOC INC,46,0.0,0.0,0.730000154275275
2023,9,AMER ASSOC CANCER RESEARCH,239,0.15974588646172624,0.10088495096952703,0.24364293402983556
2023,9,AMER PSYCHOLOGICAL ASSOC,126,0.0,0.0,0.10341044498906027
2023,9,AMER SOC NEURORADIOLOGY,11,0.0,0.0,0.7128434116875749
2023,9,AMER METEOROLOGICAL SOC,62,0.061124005042663236,0.016271353228157384,0.20397819522348334
2023,9,AMER SOC HEMATOLOGY,37,0.059521304643958474,0.005647318296072227,0.4135768658469432
2023,9,AMER SOC CLINICAL INVESTIGATION INC,86,0.3660679160502169,0.21228903271112265,0.5530339198086005
2023,9,AMER THORACIC SOC,56,0.07412658911205115,0.0009227947563186516,0.8740501612238296
2023,9,AMER SPEECH-LANGUAGE-HEARING ASSOC,70,0.0,0.0,0.18908343917168743
2023,9,ANNALS FAMILY MEDICINE,19,0.05218066641525651,0.0009963906373495048,0.7524031695776306
2023,9,AMER SOC PHARMACOLOGY EXPERIMENTAL THERAPEUTICS,15,0.11736370457102567,0.011557902344704246,0.6019243321943473
2023,9,AMER SPINAL INJURY ASSOC,78,0.23013232633556072,0.11138242061719641,0.4161906848724461
2023,9,ATHABASCA UNIV PRESS,14,0.0,0.0,0.32828811797109325
2023,9,AMER SOC NEPHROLOGY,45,0.2343018346776049,0.08486045727138526,0.5024281256326887
2023,9,ASSOC RESEARCH VISION OPHTHALMOLOGY INC,44,0.22121846985389496,0.09389303245534324,0.43778451122500983
2023,9,BENTHAM SCIENCE PUBL LTD,10,0.20242191858796593,0.0312443328939016,0.6663501943810591
2023,9,AMER PHYSIOLOGICAL SOC,120,0.20720832029136027,0.11003540388651532,0.3558798436890497
2023,9,AMER PHYTOPATHOLOGICAL SOC,84,0.034490592810351696,0.007612758954659399,0.14262571808326654
2023,9,ASCE-AMER SOC CIVIL ENGINEERS,77,0.1701307311224385,0.08028515146807427,0.3249921961964798
2023,9,AMER ASSOC ADVANCEMENT SCIENCE,332,0.04583300353738007,0.017718777689742084,0.1134056975377271
2023,9,ANNUAL REVIEWS,117,0.032935926854100774,0.0026166382480145712,0.3065801262088234
2023,9,BAISHIDENG PUBLISHING GROUP INC,54,0.03730346603637875,0.0037422062120636363,0.28557501415340947
2023,9,AMER SOC MICROBIOLOGY,164,0.17455977076068258,0.09283556039337956,0.3041093238554027
2023,9,BRAZILIAN SOC UROL,12,0.0,0.0,0.5216466366159123
2023,9,ACADEMIC PRESS LTD- ELSEVIER SCIENCE LTD,698,0.07306982241309423,0.04714586575900029,0.1115792782064517
2023,9,BRILL,20,0.0,0.0,0.5525003440463743
2023,9,BRITISH EDITORIAL SOC BONE & JOINT SURGERY,31,0.0,0.0,0.17810604695896146
2023,9,C EJ PUBLISHING GROUP,17,0.17509941228250983,0.02706648680817196,0.6182675782179818
2023,9,AMER GEOPHYSICAL UNION,386,0.04806211076110947,0.02240329633254492,0.10009926019945652
2023,9,ASSOC COMPUTING MACHINERY,133,0.018554359034179357,0.0028508605482469146,0.11111873956125756
2023,9,AIP Publishing,536,0.04510555209610641,0.024133323417684285,0.08275740061114324
2023,8,PUBLIC LIBRARY SCIENCE,1568,0.06480169948088615,0.0485191732905784,0.08605427105605395
2023,9,CENTERS DISEASE CONTROL & PREVENTION,43,0.0,0.0,0.2640424254656599
2023,9,CHINESE CHEMICAL SOC,14,0.13602798896532906,0.01825857639808724,0.5713432370965844
2023,9,CMA-CANADIAN MEDICAL ASSOC,21,0.0,0.0,0.6434964150556276
2023,9,COGITATIO PRESS,15,0.0,0.0,0.6142531765114565
2023,9,CHINESE LASER PRESS,16,0.05139128517615822,0.00016259280681341114,0.9475014745878438
2023,9,CHURCHILL LIVINGSTONE INC MEDICAL PUBLISHERS,34,0.1814895471413852,0.054722302959694574,0.45924838872552737
2023,9,COLL AMER PATHOLOGISTS,16,0.08105913842829483,0.0035855369767925343,0.6837738251482612
2023,9,"COLD SPRING HARBOR LAB PRESS, PUBLICATIONS DEPT",26,0.11254272256237709,0.005385486541594191,0.7481166116116577
2023,9,COMPANY BIOLOGISTS LTD,58,0.1806024618621193,0.06799675450699313,0.3997118552397542
2023,9,CURRENT MEDICINE GROUP,14,0.0956823943547644,0.004975705499884472,0.6912366999835158
2023,9,Cherkas Global Univ Press,50,0.0,0.0,0.15507345063939715
2023,7,WILEY,6105,0.06496900199237464,0.055760741057542446,0.07557619298336324
2023,9,CURRENT BIOLOGY LTD,50,0.03127465680291458,0.00010057714316846085,0.9119868116508004
2023,9,EDICIONES PROFESIONALES INFORMACION SL-EPI,11,0.0,0.0,0.714129734927856
2023,9,DUKE UNIV PRESS,20,0.07146001278802741,0.010143418647814607,0.3662784443219712
2023,9,CHURCHILL LIVINGSTONE,108,0.180191422462963,0.09341910351551423,0.319185411099273
2023,9,COPERNICUS GESELLSCHAFT MBH,168,0.0,0.0,0.04771392273542306
2023,9,EDIZIONI MINERVA MEDICA,32,0.12561136184600083,0.03035115227903532,0.397339017800054
2023,9,EDUCATIONAL PUBLISHING FOUNDATION-AMERICAN PSYCHOLOGICAL ASSOC,29,0.05429943343964303,0.00043280625066550847,0.8839072902497771
2023,9,EDP SCIENCES S A,192,0.0,0.0,0.06787615160253725
2023,9,DOVE MEDICAL PRESS LTD,128,0.12130389346436206,0.050777146516136136,0.2626804361461912
2023,9,AMER MEDICAL ASSOC,511,0.06314868754236741,0.03250726298259135,0.11911678470257193
2023,9,ACADEMIC PRESS INC ELSEVIER SCIENCE,1296,0.13384864506186894,0.10780153412865678,0.16502520371217805
2023,8,NATURE PORTFOLIO,3743,0.07879787574192802,0.06555981155439498,0.09443886225183011
2023,9,CAMBRIDGE UNIV PRESS,522,0.027084936247866686,0.011768763266514501,0.061101540102336344
2023,9,ELSEVIER - DIVISION REED ELSEVIER INDIA PVT LTD,15,0.26702304755237893,0.08165604336503575,0.5988072083844882
2023,9,ELSEVIER ESPANA,17,0.10356336109307954,0.013858063396054096,0.4871141112736474
2023,9,"ELSEVIER MASSON, CORP OFF",13,0.0,0.0,0.6006841560421954
2023,9,ELSEVIER ADVANCED TECHNOLOGY,110,0.20261763261001886,0.10807927794380065,0.3476204806441836
2023,9,ELSEVIER INC,47,0.04602347059287219,0.0032396373526455647,0.4172856364328263
2023,9,BMJ PUBLISHING GROUP,664,0.06206748472126679,0.03782469916990017,0.10022950341349841
2023,9,ELSEVIER GMBH,156,0.12089249483934415,0.056472407234511635,0.2400988631185631
2023,6,WILEY,7062,0.05585001284841338,0.04826390616876929,0.06454763309496596
2023,9,AMER PHYSICAL SOC,803,0.014510145053796601,0.0049747856987313105,0.04155892624801059
2023,9,ELSEVIER SCIENCE LONDON,39,0.14036467571188982,0.03308634222999997,0.4379366837166049
2023,9,EUROPEAN MATHEMATICAL SOC-EMS,23,0.0,0.0,0.5536621321351821
2023,9,ELSEVIER SINGAPORE PTE LTD,37,0.11803737874154849,0.01636257279154181,0.5184826038166929
2023,9,ENDOCRINE SOC,54,0.0,0.0,0.3116782248158184
2023,9,ELSEVIER TAIWAN,53,0.21411875513581313,0.08231064531395756,0.4528427483222318
2023,9,FERRATA STORTI FOUNDATION,36,0.0,0.0,0.2757113016061836
2023,9,EUR CENTRE DIS PREVENTION & CONTROL,19,0.11831953233219329,0.01974122934772955,0.4720854548911056
2023,9,EUROPEAN RESPIRATORY SOC JOURNALS LTD,62,0.0,0.0,0.22843673040254997
2023,9,EXCERPTA MEDICA INC-ELSEVIER SCIENCE INC,27,0.13015521180411965,0.02189167243361374,0.5000849714236061
2023,9,ELSEVIER FRANCE-EDITIONS SCIENTIFIQUES MEDICALES ELSEVIER,442,0.10686966296985086,0.06465386158001012,0.17159341837603093
2023,9,FUTURE MEDICINE LTD,13,0.3257160573256041,0.041982118945074094,0.8418918240554845
2023,9,HARBORSIDE PRESS,10,0.0,0.0,0.6286241683985516
2023,9,HIGHER EDUCATION PRESS,36,0.0,0.0,0.36376801080029775
2023,9,HINDAWI LTD,29,0.0,0.0,0.45241420152613043
2023,9,HUMAN KINETICS PUBL INC,25,0.0,0.0,0.3606637782649185
2023,9,HANLEY & BELFUS-ELSEVIER INC,17,0.09053080374636667,0.013373963716931095,0.422294653050413
2023,9,GEORG THIEME VERLAG KG,65,0.023313156725860127,2.373587161175717e-06,0.9958513267631715
2023,9,"GEOLOGICAL SOC AMER, INC",39,0.07143335567290585,0.015484395106031652,0.2734005440243562
2023,9,INST BADAN GOSPODARCZYCH,10,0.4711497101864152,0.0866399776580106,0.8932436081966153
2023,9,INST MATHEMATICAL STATISTICS-IMS,11,0.0,0.0,0.764523164527437
2023,9,INST ECONOMIC RESEARCH-POLAND,11,0.3598035551658682,0.07654342661348754,0.792133152800105
2023,9,IGI GLOBAL,28,0.0,0.0,0.42345112897764237
2023,9,"INST MATERIA MEDICA, CHINESE ACAD MEDICAL SCIENCES",24,0.45291343955961944,0.16365879498918964,0.7778949299900325
2023,9,INT UNION CRYSTALLOGRAPHY,35,0.000521660547180425,0.0,0.10604035610002276
2023,9,INT SOC GLOBAL HEALTH,25,0.08568551451774171,0.013062408017879607,0.3988849577344
2023,9,INTER-RESEARCH,25,0.08282088326590663,0.012614125024713301,0.38959822362254753
2023,9,INFORMS,69,0.11463853085692804,0.04196047815954414,0.2768254981932897
2023,9,JOHN WILEY & SONS INC,13,0.0,0.0,0.8792118738798873
2023,9,CELL PRESS,2112,0.13058695478761922,0.10762636780297163,0.15758088721578606
2023,9,JOURNAL OF CENTRAL SOUTH UNIV,23,0.0,0.0,0.4409309740476974
2023,9,KARGER,17,0.0,0.0,0.8142962527689603
2023,9,JOHN BENJAMINS PUBLISHING CO,16,0.1167733815530258,0.014059937021063052,0.5507181720302868
2023,8,WILEY-V C H VERLAG GMBH,1675,0.08644889112830847,0.0658353110137676,0.11273783119094447
2023,9,KERMAN UNIV MEDICAL SCIENCES,16,0.0,0.0,0.6747673454181575
2023,9,JOURNAL MATER SCI TECHNOL,78,0.0,0.0,0.08725801501497886
2023,9,KOREAN FIBER SOC,32,0.0,0.0,0.2606412632591255
2023,9,KOREAN INST METALS MATERIALS,16,0.0,0.0,0.4384309873561679
2023,9,KOREAN SOC LABORATORY MEDICINE,12,0.0,0.0,0.7445611975235068
2023,9,KOREAN SOC NEPHROLOGY,12,0.0,0.0,0.839658390119196
2023,9,KOREAN ASSOC ORTHODONTISTS,12,0.1312886135103296,0.019582775433764375,0.5334753634815091
2023,9,KOREAN SOC PEDIATRIC ENDOCRINOLOGY,10,0.3503657696888836,0.0452078180790558,0.8600084359336119
2023,9,KOREAN NUCLEAR SOC,40,0.20826484365788803,0.058759005365632645,0.5257078170521694
2023,9,KOREAN SOC PRECISION ENG,14,0.40992531615467326,0.1170340830073948,0.78453169522242
2023,9,"JMIR PUBLICATIONS, INC",119,0.25616826845901364,0.16435590416109222,0.37618048329012227
2023,9,KOREAN SPINAL NEUROSURGERY SOC,36,0.11132554127312742,0.022145681329897828,0.40930811241634074
2023,9,LIFE SCIENCE ALLIANCE LLC,31,0.1262745951479066,0.021689757410403993,0.4850974494392434
2023,9,ELSEVIER IRELAND LTD,615,0.11262418218648398,0.07789974541289593,0.16013916352612068
2023,8,OXFORD UNIV PRESS,3478,0.06238999774745812,0.05124994074754431,0.0757581812556695
2023,9,BMC,2154,0.10908726765632976,0.09091409547174359,0.13037217886427765
2023,9,EMERALD GROUP PUBLISHING LTD,417,0.12619576564822957,0.0858366960612748,0.1817581026481108
2023,9,JOHN WILEY & SONS LTD,146,0.14998342842389517,0.08184646202587897,0.2588522586675298
2023,9,IEEE COMPUTER SOC,285,0.04140411110707982,0.018882639288800254,0.08836774132342637
2023,9,MANAGED CARE & HEALTHCARE COMMUNICATIONS LLC,10,0.0,0.0,0.851157664951366
2023,9,MASSACHUSETTS MEDICAL SOC,64,0.0,0.0,0.4943017097548273
2023,9,"MARY ANN LIEBERT, INC",141,0.0,0.0,0.06615648147392555
2023,8,SPRINGER,3545,0.056878056947126145,0.04609359473741896,0.07000058445282537
2023,9,KEAI PUBLISHING LTD,312,0.08637219731506734,0.048709514885655864,0.1486068482022172
2023,8,PERGAMON-ELSEVIER SCIENCE LTD,5031,0.07486771057667589,0.0635195272895003,0.08805269263393545
2023,9,MIT PRESS,14,0.0,0.0,0.6274709656480648
2023,9,MICROBIOLOGY SOC,14,0.33879517517272095,0.09959116292024688,0.7035873799753368
2023,9,NATL ATHLETIC TRAINERS ASSOC INC,18,0.1297811609021574,0.0229297540009976,0.4865864819456982
2023,9,NONFERROUS METALS SOC CHINA,20,0.0,0.0,0.25949556840481103
2023,9,ONLINE LEARNING CONSORTIUM,18,0.0,0.0,0.5645216912503045
2023,9,NATURE PUBL GROUP,16,0.582979964534835,0.23749337603696094,0.8625352583513398
2023,9,NATL ACAD SCIENCES,219,0.07795480003066046,0.034687088498051626,0.16591698437126168
2023,9,PALGRAVE MACMILLAN LTD,22,0.0,0.0,0.2353024385288163
2023,9,Optica Publishing Group,38,0.046030076338787876,0.00658291649747096,0.25999365367175764
2023,9,PEERJ INC,43,0.12272170318668182,0.030060965406125805,0.3870322291826704
2023,9,MOSBY-ELSEVIER,385,0.07204885419211278,0.04172941536859385,0.12160210073958395
2023,8,ELSEVIER SCI LTD,6200,0.09208080607153123,0.08104397236001945,0.10444983520963647
2023,9,PHYSICIANS POSTGRADUATE PRESS,13,0.0,0.0,0.6798338085060317
2023,9,PROJECT HOPE,15,0.19138312845232758,0.01967831166434508,0.7361917075214454
2023,9,PORTLAND PRESS LTD,17,0.30216254269119874,0.09542992718886326,0.6399219300316692
2023,9,AMER CHEMICAL SOC,3365,0.07792474015748271,0.06410718375392878,0.09442004483040461
2023,9,ROCKEFELLER UNIV PRESS,38,0.1962923200705357,0.05844683867380472,0.4900392987223384
2023,9,ROYAL COLL GENERAL PRACTITIONERS,15,0.0,0.0,0.6166224242714871
2023,9,RADIOLOGICAL SOC NORTH AMERICA (RSNA),48,0.03695351826355295,0.005268417234586459,0.21752661727682276
2023,9,ROY COLL PHYS LONDON EDITORIAL OFFICE,21,0.0,0.0,0.831957786810964
2023,9,ROYAL SOC CHEMISTRY,37,0.1095781708083082,0.00292957021768418,0.8375147184305477
2023,9,FRONTIERS MEDIA SA,1745,0.13107832645461862,0.10770267536177763,0.15862548668607707
2023,9,SHANGHAI UNIV,18,0.0,0.0,0.5930365768345377
2023,9,SHENYANG PHARMACEUTICAL UNIV,10,0.0,0.0,0.8150230060394106
2023,9,SCIENDO,31,0.0,0.0,0.4861712832835019
2023,9,SCIPOST FOUNDATION,52,0.0,0.0,0.2743347766488049
2023,9,SOC NUCLEAR MEDICINE INC,21,0.0,0.0,0.5182933239608133
2023,8,MDPI,7894,0.12499725335745189,0.11405839445570577,0.13682319098182183
2023,9,IOP Publishing Ltd,923,0.03205090603206485,0.01862187047075924,0.05462515740367798
2023,9,SPANDIDOS PUBL LTD,16,0.06884238885196252,0.0003607843925848051,0.9380602135119097
2023,9,SOC EXPLORATION GEOPHYSICISTS - SEG,30,0.04030138365205123,0.003952353506746766,0.3076810394053938
2023,9,SOC NEUROSCIENCE,57,0.08194117333608333,0.02417418910822011,0.24332770279296584
2023,7,ELSEVIER,12439,0.07619697327279391,0.06901483180376594,0.08405905106154944
2023,9,SIAM PUBLICATIONS,96,0.016054504559519296,0.0022879574904018586,0.1040179529681078
2023,9,SOC PETROLEUM ENG,39,0.028830497458583886,0.0023978597585465992,0.2682819984479026
2023,9,SCIENCE PRESS,289,0.10264501858379312,0.057779474264666945,0.17584668452407118
2023,9,SPRINGER JAPAN KK,35,0.05791578703768104,0.008763354425986,0.2994675177478287
2023,9,ELSEVIER SCIENCE INC,2489,0.08513759715861834,0.06905617371080938,0.10454342240696315
2023,9,ROYAL SOC,193,0.01926311996865119,0.0034449967302261288,0.10039510005986105
2023,9,SPRINGER LONDON LTD,62,0.07816439067593461,0.025551694666037423,0.21518707217534605
2023,9,SPRINGER SINGAPORE PTE LTD,51,0.05893455342241714,0.00905169957553851,0.3003860040938929
2023,9,TAYLOR & FRANCIS AS,14,0.007946586473822896,8.833350198623477e-22,1.0
2023,9,ELSEVIER SCIENCE SA,1881,0.1006069337999381,0.08127891858244925,0.12391122174962013
2023,9,TERMEDIA PUBLISHING HOUSE LTD,17,0.0,0.0,0.781244233800192
2023,9,THIEME MEDICAL PUBL INC,10,0.05468335055640218,0.0005276604174058259,0.8637284102407996
2023,9,UNIV CHICAGO PRESS,19,0.0,0.0,0.5412903186382196
2023,9,SPRINGER BASEL AG,116,0.05700189669332328,0.01847382726556921,0.16257316311370598
2023,9,US DEPT HEALTH HUMAN SCIENCES PUBLIC HEALTH SCIENCE,10,0.1770629614910099,0.023733916010013477,0.6556754995226425
2023,9,VEREIN FORDERUNG OPEN ACCESS PUBLIZIERENS QUANTENWISSENSCHAF,25,0.0,0.0,0.44908084865931913
2023,9,SPRINGER-VERLAG ITALIA SRL,75,0.03787102329559377,0.0064016476310148635,0.19385598812251245
2023,9,SPRINGER/PLENUM PUBLISHERS,224,0.09268284158319878,0.050056777206808206,0.16529134488567956
2023,9,VILNIUS GEDIMINAS TECH UNIV,16,0.09808133869521334,0.002682632538010858,0.8146958012213816
2023,9,SPRINGER WIEN,127,0.01692506952008051,0.0011841536578724478,0.2000092231430294
2023,9,WAGENINGEN ACADEMIC PUBLISHERS,26,0.18322391577541844,0.05386355394231345,0.46919425004842946
2023,9,TSINGHUA UNIV PRESS,115,0.14186773547839757,0.07378642681332467,0.2554418688753
2023,9,SPRINGER INT PUBL AG,172,0.05822227957467437,0.02125387113314406,0.14966013731593386
2023,9,W B SAUNDERS CO LTD,97,0.08853117581443101,0.031091639598810443,0.22720270550785318
2023,9,WALTER DE GRUYTER GMBH,76,0.05058420754529906,0.009109751709816356,0.23592418605964025
2023,9,SAGE PUBLICATIONS INC,728,0.07188827385570212,0.04633742332347562,0.1099044059706243
2023,9,SAGE PUBLICATIONS LTD,458,0.04621485362896,0.02081909303278639,0.09944303581429775
2023,9,"WILEY PERIODICALS, INC",12,0.0,0.0,0.41251016577047894
2023,9,W B SAUNDERS CO-ELSEVIER INC,241,0.11937658039693179,0.06997861388113849,0.19628513339614034
2023,9,WILEY-HINDAWI,111,0.15632545428791209,0.08393886199311856,0.27256271470754595
2023,9,WROCLAW MEDICAL UNIV,16,0.0,0.0,0.4648171395808862
2023,9,ZHEJIANG UNIV PRESS,23,0.0,0.0,0.45233285230464715
2023,9,WORLD SCIENTIFIC PUBL CO PTE LTD,70,0.0,0.0,0.0735289855400967
2023,10,ACAD MEDICINE SINGAPORE,21,0.0,0.0,0.36557698895241764
2023,9,TAYLOR & FRANCIS INC,380,0.12299234582298832,0.07833349687215069,0.1879205280862119
2023,10,ACTA DERMATO-VENEREOLOGICA,16,0.0,0.0,0.8605505173414199
2023,9,WOLTERS KLUWER MEDKNOW PUBLICATIONS,109,0.06179745961334384,0.021059800588514276,0.16782755741800306
2023,10,AME PUBLISHING COMPANY,12,0.0,0.0,0.508486961134024
2023,10,AKADEMIAI KIADO ZRT,11,0.3186648361249769,0.05879590469984917,0.777863476432894
2023,9,SPRINGER HEIDELBERG,702,0.0487837341806851,0.02799744974625824,0.08367399192891041
2023,10,AMER ACAD SLEEP MEDICINE,27,0.07432786043288302,0.0007861360863443562,0.8912453845055552
2023,10,AMER ACAD PEDIATRICS,29,0.031092654535028547,0.0002851658288116507,0.7830890831252652
2023,10,AMER BOARD FAMILY MEDICINE,11,0.0,0.0,0.7248940763543557
2023,9,eLIFE SCIENCES PUBL LTD,228,0.08926214882523519,0.046568042865841916,0.1643513690543452
2023,10,ADIS INT LTD,97,0.03810647831659364,0.006285184911447087,0.198804362685182
2023,9,"ROUTLEDGE JOURNALS, TAYLOR & FRANCIS LTD",1070,0.05478431052329791,0.03400316612444834,0.0871204996314608
2023,10,AMER ASSOC NEUROLOGICAL SURGEONS,63,0.0591878883709464,0.019159586269408876,0.1684788591917189
2023,10,AMER ASSOC CANCER RESEARCH,138,0.1685521651135966,0.0885490945686961,0.29726289294630526
2023,10,AMER ECONOMIC ASSOC,24,0.0,0.0,0.5804884202130886
2023,9,SPRINGERNATURE,1072,0.10484337658730307,0.07815241983436919,0.13927275881268542
2023,10,AMER COLL PHYSICIANS,49,0.0017320546471144536,5.544365756499282e-21,0.9999999999999981
2023,10,AMER DIABETES ASSOC,33,0.0849903570550854,0.013041188231008055,0.39501546799566956
2023,10,AMER INST MATHEMATICAL SCIENCES-AIMS,24,0.0,0.0,0.7024033254867809
2023,9,TAYLOR & FRANCIS LTD,795,0.09787960134834335,0.06614161247010222,0.1425227600517448
2023,10,AMER MATHEMATICAL SOC,29,0.29533140808921776,0.13228972696680893,0.5353420935136198
2023,10,AMER METEOROLOGICAL SOC,65,0.012281899939553285,4.761897691603295e-06,0.9701225423358826
2023,10,"AMER PSYCHIATRIC PUBLISHING, INC",15,0.30395693102437005,0.09555124812848756,0.6435055240643806
2023,10,AMER PUBLIC HEALTH ASSOC INC,10,0.0,0.0,1.0
2023,10,AMER SOC CELL BIOLOGY,11,0.5360806139577892,0.18731462670221796,0.8527961074063577
2023,10,AMER ASSOC ADVANCEMENT SCIENCE,332,0.045665750261557385,0.017487065095049166,0.11398381278457016
2023,10,AMER ROENTGEN RAY SOC,19,0.03761927865809216,2.690667912454727e-05,0.9826953199327252
2023,10,AMER SOC HEMATOLOGY,39,0.0,0.0,0.34610501163976676
2023,10,AMER PSYCHOLOGICAL ASSOC,121,0.0,0.0,0.04027424439842172
2023,10,AMER SOC PHARMACOLOGY EXPERIMENTAL THERAPEUTICS,11,0.0,0.0,0.3916910533236191
2023,10,AMER SOC NEURORADIOLOGY,18,0.5071179990396093,0.041363472999465495,0.9608365965133577
2023,9,PUBLIC LIBRARY SCIENCE,1283,0.061527606151415414,0.044029497105338274,0.08535884658046773
2023,10,AMER SOC NEPHROLOGY,62,0.0,0.0,0.3098929552227255
2023,10,AMER SOC CLINICAL INVESTIGATION INC,84,0.19149242369187944,0.095164604191305,0.34784197197346184
2023,10,AMER THORACIC SOC,46,0.2392598087103302,0.06076664563847575,0.604568923718313
2023,10,AMER PHYSIOLOGICAL SOC,106,0.16190288793956537,0.07418754581463313,0.31773527583204736
2023,10,ASIAN-AUSTRALASIAN ASSOC ANIMAL PRODUCTION SOC,13,0.02270589307739002,1.9891565168512104e-11,0.99999996314959
2023,10,AMER PHYTOPATHOLOGICAL SOC,71,0.13374118814618727,0.05544360074300799,0.28880286113164233
2023,10,BIOSCIENTIFICA LTD,11,0.0,0.0,0.9069301964133459
2023,10,AMER SPEECH-LANGUAGE-HEARING ASSOC,55,0.06362028352430568,0.009407796261039415,0.32708185206874957
2023,10,BENTHAM SCIENCE PUBL LTD,12,0.3621653175353029,0.08122512154788836,0.784799793914271
2023,10,ASSOC RESEARCH VISION OPHTHALMOLOGY INC,49,0.23337583852805155,0.09465918116237966,0.4698704589173843
2023,9,IEEE-INST ELECTRICAL ELECTRONICS ENGINEERS INC,2697,0.07450860756917685,0.05923246159787816,0.09333363366493894
2023,10,BAISHIDENG PUBLISHING GROUP INC,40,0.1932943298216737,0.05904784038448446,0.4777783161971312
2023,10,AMER PHYSICAL SOC,895,0.0,0.0,0.015170650366529315
2023,10,ANNUAL REVIEWS,99,0.0739375929126532,0.0197765971925722,0.2400949123619085
2023,10,ASSOC COMPUTING MACHINERY,120,0.03422108418269566,0.00671136814523788,0.15670291982722484
2023,10,ASCE-AMER SOC CIVIL ENGINEERS,105,0.04600440702683878,0.012422253726201253,0.15602876834764545
2023,10,BRILL,17,0.10783030753953843,0.01453755379095535,0.49754517625868083
2023,10,C EJ PUBLISHING GROUP,20,0.11309157843833163,0.020768367319108832,0.4339506525993235
2023,10,BRITISH EDITORIAL SOC BONE & JOINT SURGERY,31,0.0961062688487587,0.0170050949510086,0.3952196683560281
2023,9,OXFORD UNIV PRESS,2454,0.06751009000775035,0.05373019887894975,0.08450841932180252
2023,10,AMER MEDICAL ASSOC,549,0.061281772498237,0.03504579631743334,0.10502091351708522
2023,10,AMER SOC MICROBIOLOGY,194,0.03718784743554613,0.00929946545374438,0.13713443025670763
2023,10,"CHINA UNIV GEOSCIENCES, WUHAN",16,0.0,0.0,0.373471615142205
2023,10,CENTERS DISEASE CONTROL & PREVENTION,28,0.0,0.0,0.43424974924676396
2023,10,"CHINA UNIV GEOSCIENCES, BEIJING",18,0.03398038792601928,0.0008851391728716687,0.5827515108436738
2023,10,CHINESE CHEMICAL SOC,20,0.06767191507533832,0.002102344245460408,0.7143428353650743
2023,10,COLL AMER PATHOLOGISTS,12,0.0,0.0,0.6757205636981412
2023,10,"COLD SPRING HARBOR LAB PRESS, PUBLICATIONS DEPT",34,0.0,0.0,0.23686423755639754
2023,10,CHINESE LASER PRESS,26,0.07529594179886287,0.008396054462863707,0.4391695365957526
2023,10,COGITATIO PRESS,30,0.06617490792637887,0.005704513606118405,0.46674942567629607
2023,10,CROATIAN SOC MEDICAL BIOCHEMISTRY & LABORATORY MEDICINE,10,0.07277858910246926,5.145994543099107e-05,0.991716027626042
2023,10,CHURCHILL LIVINGSTONE INC MEDICAL PUBLISHERS,51,0.1555524500064752,0.05963376987990379,0.34856522104765214
2023,10,CURRENT MEDICINE GROUP,10,0.03380651208519843,1.983155308921978e-06,0.998382731493299
2023,10,CMA-CANADIAN MEDICAL ASSOC,33,0.056717346245067184,0.00783328388723887,0.31409095299155343
2023,10,DUKE UNIV PRESS,55,0.0,0.0,0.5422252190269109
2023,10,EDIZIONI MINERVA MEDICA,21,0.0,0.0,0.501409541319232
2023,10,CURRENT BIOLOGY LTD,34,0.2258801615633466,0.06538131216656023,0.5489571327077238
2023,10,EDUCATIONAL PUBLISHING FOUNDATION-AMERICAN PSYCHOLOGICAL ASSOC,36,0.0,0.0,0.4258151828225444
2023,10,AIP Publishing,557,0.05174345570727896,0.029244199540818402,0.08994877568912675
2023,10,AMER GEOPHYSICAL UNION,345,0.027096827372555633,0.010122872739635537,0.0705053475215538
2023,10,COMPANY BIOLOGISTS LTD,66,0.1356735712368275,0.047272248641912665,0.33181407576846594
2023,10,DOVE MEDICAL PRESS LTD,100,0.2812691147143445,0.16685164740616654,0.433338358158438
2023,10,CHURCHILL LIVINGSTONE,157,0.12855058938539982,0.06625335219653407,0.2347014912557278
2023,10,ACADEMIC PRESS LTD- ELSEVIER SCIENCE LTD,824,0.08291843584499622,0.057036577545685356,0.1190619602429327
2023,9,OXFORD UNIV PRESS INC,1791,0.049371310850031574,0.0367616407003894,0.0660098381368123
2023,10,COPERNICUS GESELLSCHAFT MBH,169,0.023532854588471968,0.004559024625721019,0.11254446239664452
2023,8,ELSEVIER,12647,0.09415304246949062,0.08627269701304534,0.10267231432929409
2023,10,ACADEMIC PRESS INC ELSEVIER SCIENCE,1389,0.11375630791282029,0.08961726546856706,0.14337338825029608
2023,10,ACOUSTICAL SOC AMER AMER INST PHYSICS,1086,0.05094062410550515,0.03236567610508393,0.07930223467734634
2023,10,EDP SCIENCES S A,175,0.01610950882756148,0.004047806352551776,0.06187972282248742
2023,10,ELSEVIER - DIVISION REED ELSEVIER INDIA PVT LTD,11,0.0,0.0,0.8342270290668892
2023,10,ELSEVIER ESPANA,23,0.15088628654766903,0.034879275800403106,0.466307908047176
2023,10,ELSEVIER INC,56,0.0,0.0,0.2725348329995797
2023,9,NATURE PORTFOLIO,4073,0.08640521531247214,0.07325945008529477,0.10165113356142068
2023,10,"ELSEVIER MASSON, CORP OFF",21,0.10209519349381575,0.015691056547071636,0.44782366156944964
2023,10,BMJ PUBLISHING GROUP,731,0.03427805345203944,0.016260467935347845,0.07082289664113413
2023,10,ELSEVIER GMBH,127,0.18657215930416843,0.10119926118504619,0.31844907957043866
2023,10,ELSEVIER ADVANCED TECHNOLOGY,124,0.11175535811436957,0.04502170462315527,0.25136864143626036
2023,10,ELSEVIER FRANCE-EDITIONS SCIENTIFIQUES MEDICALES ELSEVIER,446,0.2158646277773464,0.16057595723195067,0.2837549256206634
2023,10,ELSEVIER SINGAPORE PTE LTD,18,0.0,0.0,0.813567107204976
2023,10,ELSEVIER SCIENCE LONDON,70,0.08376645974705267,0.026251445250276978,0.23666612264349743
2023,10,EUR CENTRE DIS PREVENTION & CONTROL,17,0.0,0.0,0.6876775885439117
2023,10,ELSEVIER TAIWAN,40,0.09590825364972823,0.007373174765912462,0.6023888868822663
2023,10,FERRATA STORTI FOUNDATION,37,0.0,0.0,0.7975292571935702
2023,10,EUROPEAN RESPIRATORY SOC JOURNALS LTD,39,0.013194519740867305,3.051750024535673e-08,0.9998293325205048
2023,10,ENDOCRINE SOC,61,0.10237104283229927,0.03254486996669216,0.2788332368221546
2023,10,EXCERPTA MEDICA INC-ELSEVIER SCIENCE INC,47,0.09881367185392792,0.020262645449721926,0.36761861009642066
2023,10,CAMBRIDGE UNIV PRESS,568,0.007417006457196567,0.0011724822001125583,0.04540733243376978
2023,10,EUROPEAN MATHEMATICAL SOC-EMS,46,0.03410012434348047,0.004800203285762241,0.20534231031096808
2023,10,HARBORSIDE PRESS,11,0.0,0.0,0.9710953166075982
2023,10,FUTURE MEDICINE LTD,16,0.22259283328080193,0.025301714558230923,0.7595138067014557
2023,10,HANLEY & BELFUS-ELSEVIER INC,15,0.2889846439239922,0.06025890429946247,0.720373109478819
2023,10,HIGHER EDUCATION PRESS,10,0.7707748210128049,0.1091306723995687,0.9892817855919976
2023,10,HUMAN KINETICS PUBL INC,19,0.0,0.0,0.6404386826596762
2023,10,HINDAWI LTD,30,0.0,0.0,0.4094575180270055
2023,10,"GEOLOGICAL SOC AMER, INC",35,0.1086546394154822,0.026196859899147776,0.3558217669661727
2023,10,ELSEVIER IRELAND LTD,614,0.14817082753391878,0.10920946182409018,0.19794329547622985
2023,10,GEORG THIEME VERLAG KG,58,0.14154307003787855,0.046135837049054974,0.35982272171892926
2023,10,INST MATHEMATICAL STATISTICS-IMS,16,0.0,0.0,0.532889521579062
2023,10,IGI GLOBAL,23,0.3306142741902806,0.09128003107815555,0.7083303445776303
2023,10,INT UNION CRYSTALLOGRAPHY,24,0.0,0.0,0.22497309425062642
2023,10,"INST MATERIA MEDICA, CHINESE ACAD MEDICAL SCIENCES",21,0.13823582635950257,0.014377207401299798,0.638206549502
2023,10,EMERALD GROUP PUBLISHING LTD,388,0.11484410469891496,0.07362107348960473,0.17479408567121532
2023,10,INT SOC GLOBAL HEALTH,27,0.17810972518453044,0.03662329983752336,0.552640616849184
2023,10,INTER-RESEARCH,35,0.07797576156740024,0.013340125865088585,0.3459706988997923
2023,10,IVYSPRING INT PUBL,12,0.0,0.0,0.9190891017070091
2023,9,LIPPINCOTT WILLIAMS & WILKINS,4711,0.0758318447655137,0.0654725493158762,0.08767644688489774
2023,10,JOHN BENJAMINS PUBLISHING CO,16,0.0,0.0,0.5893062802336635
2023,10,JOHN WILEY & SONS INC,18,0.0,0.0,0.6137556265816058
2023,10,INFORMS,81,0.021429012888467363,0.0019626133307070843,0.1960477933998605
2023,10,JOURNAL OF CENTRAL SOUTH UNIV,18,0.0,0.0,0.22631724383611365
2023,10,KARGER,48,0.0,0.0,0.18739667285033332
2023,10,KOREAN FIBER SOC,17,0.0,0.0,0.42072974217655457
2023,10,KOREAN ACAD REHABILITATION MEDICINE,11,0.11641900848822213,0.00489547574077313,0.7791916754726648
2023,10,KOREAN INST METALS MATERIALS,12,0.15673977086483143,0.023273304478028944,0.5918268245034133
2023,10,KOREAN SOC GYNECOLOGY ONCOLOGY & COLPOSCOPY,11,0.0,0.0,1.0
2023,10,KOREAN NUCLEAR SOC,38,0.0,0.0,0.43123275759272817
2023,10,CELL PRESS,2123,0.11563781131674526,0.09360321254148952,0.1420465591811245
2023,10,JOURNAL MATER SCI TECHNOL,45,0.22878190466493026,0.1003469336297372,0.4410187872616922
2023,10,KOREAN SOCIETY ANIMAL SCIENCE & TECHNOLOGY,11,0.34095515924341463,0.08575814203285277,0.7404834696570417
2023,10,LAWBOOK CO LTD,11,0.10036053860749573,0.0018801214325539983,0.868537260886446
2023,9,WILEY-V C H VERLAG GMBH,1859,0.08900175978452662,0.0688515015790711,0.11432519083565161
2023,10,"JMIR PUBLICATIONS, INC",167,0.1520149057026383,0.08141180017656881,0.26610963637605056
2023,10,LIFE SCIENCE ALLIANCE LLC,35,0.08927809303378223,0.014087471457097517,0.40210999778317674
2023,9,ELSEVIER SCI LTD,6452,0.07959905472526911,0.06904803274927286,0.0916037026549095
2023,10,JOHN WILEY & SONS LTD,148,0.07127155394899784,0.02849313085580146,0.16722087566978852
2023,10,KEAI PUBLISHING LTD,260,0.12487312052118815,0.07194624823214106,0.20800861377003815
2023,10,BMC,2313,0.09584354574022096,0.0790788724734313,0.11571573916809484
2023,10,MANAGED CARE & HEALTHCARE COMMUNICATIONS LLC,12,0.0,0.0,0.6890167692655469
2023,10,MAGNOLIA PRESS,13,0.06811217388525852,8.521543623453131e-06,0.9984073969033835
2023,10,MASSACHUSETTS MEDICAL SOC,77,0.0,0.0,0.38513834270792
2023,10,IEEE COMPUTER SOC,411,0.05119153774785498,0.02609295100760289,0.09800285457017141
2023,10,"MARY ANN LIEBERT, INC",134,0.05168032356308988,0.008316568451866435,0.26152162133518997
2023,9,SPRINGER,3165,0.07677755368756298,0.06374285965590161,0.09221516622005846
2023,10,MICROBIOLOGY SOC,13,0.0,0.0,0.44304088929297664
2023,10,MEDICAL LIBRARY ASSOC,18,0.0,0.0,0.45286654845627317
2023,10,MIT PRESS,34,0.0,0.0,0.34972935742488565
2023,10,NATL MED ASSOC,10,0.0,0.0,0.4262520651727039
2023,10,NEW YORK BUSINESS GLOBAL LLC,42,0.0,0.0,0.3758762192862068
2023,10,NATURE PUBL GROUP,17,0.3888756456040468,0.12046726979387691,0.7472371644585051
2023,10,NONFERROUS METALS SOC CHINA,24,0.18163902981162192,0.04331828839916319,0.5210703939320004
2023,10,IOP Publishing Ltd,910,0.033356676004769374,0.018453459056016825,0.05956548634098834
2023,10,MOSBY-ELSEVIER,349,0.10308810611606431,0.06443889793272475,0.16093086765950937
2023,10,Optica Publishing Group,33,0.016875487658986547,1.9642891526281173e-06,0.9933774544174789
2023,10,PEERJ INC,47,0.24607561940238393,0.10762632948563494,0.46901806046496736
2023,10,FRONTIERS MEDIA SA,1822,0.15506698991848278,0.1314156284365164,0.1820826527783214
2023,10,ELSEVIER SCIENCE SA,1827,0.1079107953560462,0.08733960887566175,0.13262306186328554
2023,10,NATL ACAD SCIENCES,332,0.039815988366685616,0.017727587834997876,0.08698900621640224
2023,10,PROJECT HOPE,19,0.0,0.0,0.612055778584719
2023,10,POLISH CARDIAC SOC,30,0.0,0.0,0.3975298220556085
2023,10,PORTLAND PRESS LTD,13,0.18693704813731218,0.040634647556550475,0.5551688787181596
2023,10,ROCKEFELLER UNIV PRESS,34,0.0,0.0,0.43445174484324034
2023,10,RADIOLOGICAL SOC NORTH AMERICA (RSNA),51,0.08108138389785066,0.019160959936380628,0.2849670946206394
2023,10,ROYAL COLL GENERAL PRACTITIONERS,21,0.07322122647157592,0.010235100462508003,0.37640987531524395
2023,10,ROYAL SOC CHEMISTRY,119,0.05850010108614585,0.004536253831627308,0.45864858267728725
2023,10,SHANGHAI JIAO TONG UNIV PRESS,21,0.0,0.0,0.28052417187341466
2023,10,SHANGHAI UNIV,10,0.06386977224876522,0.0007372301699207221,0.8631916986632262
2023,10,SOC BRASIL PEDIATRIA,15,0.24334301773752645,0.0351927796956344,0.7392764740306255
2023,10,SOC NUCLEAR MEDICINE INC,23,0.0,0.0,0.5669379950360054
2023,10,SOC EXPLORATION GEOPHYSICISTS - SEG,36,0.27803473574256427,0.11606248776607396,0.5304113387085699
2023,10,SIAM PUBLICATIONS,108,0.0,0.0,0.18463641015160137
2023,10,SOC PETROLEUM ENG,36,0.0,0.0,0.26725310578366657
2023,10,SCIPOST FOUNDATION,56,0.024522538146678086,0.0034414665295188487,0.1546928265949265
2023,10,SPANDIDOS PUBL LTD,23,0.18285921745662967,0.05608111961119461,0.45736660831053366
2023,10,ELSEVIER SCIENCE INC,2273,0.08411003033694028,0.06750887001617271,0.10433681337262075
2023,10,SOC NEUROSCIENCE,64,0.08039301710806757,0.02372352442004869,0.23925660700781642
2023,9,MDPI,7584,0.1205825455549403,0.10932528889966626,0.13282609949945925
2023,10,SPRINGER FRANCE,21,0.0,0.0,0.36960528656248304
2023,10,SPRINGER JAPAN KK,34,0.0,0.0,0.19761060066841646
2023,10,SPRINGER-VERLAG ITALIA SRL,72,0.0,0.0,0.2398307295006683
2023,10,SPRINGER SINGAPORE PTE LTD,40,0.01742701541168794,0.00011153633088334303,0.7382210022456218
2023,10,SPRINGER LONDON LTD,60,0.1292542466328818,0.051850597595277936,0.28720621099266275
2023,10,SCIENCE PRESS,236,0.054213390456920627,0.023282065173214593,0.1211416194987659
2023,10,SPRINGER WIEN,101,0.020587735855487413,0.0018655806755969217,0.19120511021264436
2023,10,TERMEDIA PUBLISHING HOUSE LTD,15,0.0,0.0,0.7026276519116583
2023,10,THIEME MEDICAL PUBL INC,14,0.4012701480573601,0.12971868963904762,0.7508399592515584
2023,10,"UNIV KRAGUJEVAC, FAC SCIENCE",19,0.0,0.0,0.48302198808308516
2023,10,UNIV CHICAGO PRESS,14,0.0,0.0,0.7257558866690959
2023,10,US DEPT HEALTH HUMAN SCIENCES PUBLIC HEALTH SCIENCE,14,0.0,0.0,0.7494719940628826
2023,10,SPRINGER BASEL AG,139,0.04322973653251404,0.011817572986695887,0.14581741232466494
2023,10,VEREIN FORDERUNG OPEN ACCESS PUBLIZIERENS QUANTENWISSENSCHAF,33,0.0,0.0,0.23838867740202382
2023,10,VILNIUS GEDIMINAS TECH UNIV,19,0.0,0.0,0.5196577880585505
2023,10,SPRINGER/PLENUM PUBLISHERS,143,0.07603372964420134,0.029105860665436238,0.18426431893239206
2023,10,SPRINGER INT PUBL AG,168,0.038767630867719616,0.009030642448117571,0.15145931768443496
2023,10,WHITE HORSE PRESS,18,0.0,0.0,0.6479417182907055
2023,10,WAGENINGEN ACADEMIC PUBLISHERS,21,0.05408083823356612,0.00041837488920923896,0.8864880812583438
2023,10,OXFORD UNIV PRESS INC,994,0.13043892873025306,0.1024825766499182,0.16462272236079
2023,10,TSINGHUA UNIV PRESS,84,0.11742785068957078,0.04385798188983346,0.2784660790526974
2023,10,W B SAUNDERS CO LTD,68,0.09116980471895005,0.02575756807010904,0.27569101431964943
2023,10,WALTER DE GRUYTER GMBH,114,0.007453446424905016,2.2411147785317767e-06,0.9617768144001159
2023,10,ROYAL SOC,231,0.022006222016181944,0.0052741927067836755,0.08716799320988107
2023,10,SAGE PUBLICATIONS LTD,520,0.06409793447832779,0.03718604078661009,0.1082955539436752
2023,9,WILEY,5855,0.07579392665184267,0.0654823618697738,0.08757709297871519
2023,10,"WILEY PERIODICALS, INC",14,0.2994434188231756,0.06769210139638861,0.71561112387951
2023,10,W B SAUNDERS CO-ELSEVIER INC,249,0.13186023392470445,0.08046393851302897,0.20863710442256997
2023,10,WILEY-HINDAWI,96,0.17731853946138662,0.08675462980089113,0.3284239845308707
2023,10,Yandy Scientific Press,11,0.37087865853669477,0.08595858589819663,0.7870294620671728
2023,11,ACAD MANAGEMENT,14,0.0,0.0,0.24681986273360246
2023,10,WORLD SCIENTIFIC PUBL CO PTE LTD,63,0.0,0.0,0.08787055573884006
2023,11,ACAD MEDICINE SINGAPORE,12,0.31020050098310753,0.04902360998722786,0.7968663764995869
2023,10,ZHEJIANG UNIV PRESS,16,0.16573410387187454,0.028198726174846932,0.5762845978644847
2023,10,TAYLOR & FRANCIS INC,438,0.08117105745958471,0.04660672245061369,0.1376674795125771
2023,10,WOLTERS KLUWER MEDKNOW PUBLICATIONS,57,0.06907341315029025,0.012292927194113401,0.3066859209075736
2023,11,ACTA DERMATO-VENEREOLOGICA,17,0.0,0.0,0.8350733382353489
2023,11,AMER ACAD SLEEP MEDICINE,10,0.3401245321444467,0.021467964690681695,0.9237210484635712
2023,11,AME PUBLISHING COMPANY,27,0.0,0.0,0.4462468557426145
2023,11,AMER ACAD PEDIATRICS,35,0.0,0.0,0.18903126934142028
2023,10,TAYLOR & FRANCIS LTD,890,0.1682262461043376,0.1315561356799528,0.21261537104176392
2023,11,AMER BOARD FAMILY MEDICINE,25,0.0,0.0,0.25740905549644094
2023,11,ACOUSTICAL SOC AMER AMER INST PHYSICS,69,0.060353913824224205,0.018414639808327273,0.18026811948888438
2023,11,ADIS INT LTD,87,0.06485849341508523,0.014385244343200194,0.24788628848864422
2023,10,eLIFE SCIENCES PUBL LTD,241,0.12043631044436674,0.06791242808311419,0.2046628539558465
2023,9,PERGAMON-ELSEVIER SCIENCE LTD,5501,0.0939038161560341,0.08203922771627185,0.10728373571143197
2023,11,AMER ASSOC NEUROLOGICAL SURGEONS,63,0.10260902863444496,0.0339111327666938,0.2713826367841619
2023,11,AMER ASSOC CANCER RESEARCH,123,0.2325882719404955,0.1262994705261044,0.38854664385069493
2023,11,AMER ECONOMIC ASSOC,12,0.0,0.0,0.719335871066613
2023,11,AMER INST AERONAUTICS ASTRONAUTICS,12,0.0,0.0,0.8367608137150325
2023,11,AMER MATHEMATICAL SOC,16,0.2591988547809811,0.08883553795244313,0.5566712538926464
2023,11,AMER INST MATHEMATICAL SCIENCES-AIMS,52,0.0,0.0,0.35128013547931175
2023,10,AMER CHEMICAL SOC,3724,0.08762951160556122,0.07346189131994843,0.10422210633992095
2023,11,AMER COLL PHYSICIANS,37,0.09526168939192163,0.014261755174913597,0.43383367582109716
2023,11,"AMER OCCUPATIONAL THERAPY ASSOC, INC",21,0.007119716624181146,1.5791733817768492e-12,0.999999969288703
2023,11,AMER DIABETES ASSOC,38,0.1044636529334452,0.018243365780804766,0.42271807649299065
2023,8,WILEY,8584,0.06245920735698609,0.055376894185039285,0.07037981268782545
2023,10,SPRINGER HEIDELBERG,706,0.05473180840551737,0.033224460294514827,0.08888163358864579
2023,10,PUBLIC LIBRARY SCIENCE,1527,0.0812410250042978,0.06322280991381178,0.10382521368863101
2023,11,"AMER PSYCHIATRIC PUBLISHING, INC",16,0.2301166608807669,0.015376956954818697,0.8512050154509891
2023,11,AMER PUBLIC HEALTH ASSOC INC,17,0.0,0.0,0.3786213479152425
2023,11,AMER ROENTGEN RAY SOC,10,0.0,0.0,1.0
2023,11,AMER PHYTOPATHOLOGICAL SOC,70,0.0,0.0,0.1069463739280851
2023,11,AMER METEOROLOGICAL SOC,64,0.08265159235129117,0.024804010757607017,0.24193988489678256
2023,11,AMER PHYSIOLOGICAL SOC,113,0.15295595768425924,0.061105875776457444,0.33378604956874625
2023,11,AMER SOC CLINICAL INVESTIGATION INC,94,0.11540595325619321,0.02538588612348086,0.3952019901293423
2023,11,AMER SOC NEURORADIOLOGY,18,0.0,0.0,0.5734190422546931
2023,10,SAGE PUBLICATIONS INC,1140,0.07218244830955617,0.049402270084795856,0.104314237386199
2023,11,AMER SPINAL INJURY ASSOC,21,0.0,0.0,0.6282221399553284
2023,11,ANNALS FAMILY MEDICINE,13,0.0,0.0,0.6911582853784464
2023,11,AMER THORACIC SOC,55,0.0,0.0,0.5588134748230024
2023,11,AMER SPEECH-LANGUAGE-HEARING ASSOC,52,0.02422131622011882,3.232874691682243e-05,0.9501459541096422
2023,11,ATOMIC SPECTROSCOPY PRESS LTD,10,0.0,0.0,0.6280072210139165
2023,11,AUSTRALASIAN SOC COMPUTERS LEARNING TERTIARY EDUCATION-ASCILITE,10,0.0,0.0,0.7285214255318057
2023,11,ASIAN-AUSTRALASIAN ASSOC ANIMAL PRODUCTION SOC,27,0.10512799330477375,0.005951703045945227,0.6974330978577671
2023,11,AMER SOC MICROBIOLOGY,152,0.004478340259558349,3.976180543794394e-09,0.9998035518133254
2023,11,AMER SOC HEMATOLOGY,74,0.04604490080985122,0.008136211927430519,0.22119120152965488
2023,11,ASSOC RESEARCH VISION OPHTHALMOLOGY INC,48,0.008018843643050834,2.1686092733541e-07,0.9966923019084081
2023,11,AMER PSYCHOLOGICAL ASSOC,139,0.03171470388791157,0.005140355373566122,0.17192957567468573
2023,11,BAISHIDENG PUBLISHING GROUP INC,50,0.06614425789701552,0.006217042808410782,0.44503717408398036
2023,11,ANNUAL REVIEWS,95,0.0301408348756844,0.0011367725458864145,0.4590630305221627
2023,11,ASCE-AMER SOC CIVIL ENGINEERS,62,0.03350800588372265,0.002058438840658993,0.36818051531234597
2023,10,SPRINGERNATURE,1143,0.1334920295642549,0.10448929205376155,0.16902550397149024
2023,11,AMER ASSOC ADVANCEMENT SCIENCE,394,0.07457353761330318,0.0371059849154863,0.14420773165440046
2023,11,ASSOC COMPUTING MACHINERY,109,0.04028833836326641,0.012052934458489673,0.12621796141721017
2023,11,"CAIRO UNIV, FAC COMPUTERS & INFORMATION",10,0.46136011496581536,0.1511850934667282,0.8046476476594913
2023,11,BRILL,15,0.08470041691554918,0.003171689927586774,0.7290982328187718
2023,11,CANADIAN OPHTHAL SOC,11,0.0,0.0,0.6846190228936413
2023,11,C EJ PUBLISHING GROUP,22,0.2106434205659036,0.06028705917092249,0.5260648925602752
2023,11,ACADEMIC PRESS LTD- ELSEVIER SCIENCE LTD,700,0.0990260709871198,0.0693134375377062,0.1395656087048803
2023,11,BRITISH EDITORIAL SOC BONE & JOINT SURGERY,28,0.05880715430620872,0.008325103679465994,0.3174210148930143
2023,10,"ROUTLEDGE JOURNALS, TAYLOR & FRANCIS LTD",1104,0.034415683029559524,0.01817824826008008,0.06420844059552774
2023,11,AMER MEDICAL ASSOC,552,0.058223158260745464,0.03045041915967717,0.10849195156301092
2023,11,AIP Publishing,511,0.023493637080995555,0.008784579859883101,0.06130844770482144
2023,11,"CHINA UNIV GEOSCIENCES, BEIJING",16,0.0,0.0,0.5213537714993252
2023,10,IEEE-INST ELECTRICAL ELECTRONICS ENGINEERS INC,3052,0.09165914771083161,0.07612785664359761,0.10998186083465995
2023,11,CENTERS DISEASE CONTROL & PREVENTION,50,0.0,0.0,0.27279947605492477
2023,11,CHINESE LASER PRESS,18,0.0,0.0,0.5883421167460662
2023,11,CHINA ANTI-CANCER ASSOC,13,0.5593610552747824,0.10710728338587294,0.9307181891675408
2023,11,CHIN SOCIETY IMMUNOLOGY,11,0.3016624572561089,0.04787723357806411,0.787724949997934
2023,11,CHINESE CHEMICAL SOC,19,0.1711232742109392,0.028001031127214908,0.5967012391396805
2023,11,CHURCHILL LIVINGSTONE INC MEDICAL PUBLISHERS,49,0.028288088834239496,0.0003191790443291126,0.7263539650280343
2023,11,COGITATIO PRESS,47,0.0,0.0,0.3418608217422565
2023,11,COLL AMER PATHOLOGISTS,11,0.0,0.0,0.7039381416767078
2023,11,"COLD SPRING HARBOR LAB PRESS, PUBLICATIONS DEPT",24,0.06229026976024331,0.00037796854427741243,0.9210755583076891
2023,11,CMA-CANADIAN MEDICAL ASSOC,28,0.12238509914673765,0.01835826171574225,0.5097678025602704
2023,11,CURRENT BIOLOGY LTD,32,0.0,0.0,0.2474593781808456
2023,11,CURRENT MEDICINE GROUP,15,0.09633023601256306,0.0021427172620164785,0.8410647828138909
2023,11,COMPANY BIOLOGISTS LTD,42,0.009052321845151885,3.102048247431783e-10,0.9999962826931665
2023,11,CHURCHILL LIVINGSTONE,150,0.20860965220417538,0.12387180611596643,0.32951314999101855
2023,11,DE GRUYTER MOUTON,12,0.13818227153687707,0.00972917500827239,0.7235038585131979
2023,11,DUKE UNIV PRESS,42,0.0,0.0,0.3512758623035058
2023,11,EDITURA ASE,10,0.2463172406514841,0.030873266723391704,0.7702639605823263
2023,11,EDICIONES PROFESIONALES INFORMACION SL-EPI,13,0.12668190054912826,0.012373666351172253,0.6267952201144882
2023,11,EDIZIONI MINERVA MEDICA,26,0.19405801138071138,0.033909492362163327,0.6228947623687231
2023,11,AMER GEOPHYSICAL UNION,398,0.024124467619052452,0.008327146897935865,0.06784050087835752
2023,11,EDUCATIONAL PUBLISHING FOUNDATION-AMERICAN PSYCHOLOGICAL ASSOC,41,0.08901086787282125,0.007584268712071053,0.5554018138533363
2023,11,DOVE MEDICAL PRESS LTD,137,0.23412339531275822,0.1440795864665095,0.3569713042757208
2023,11,ACADEMIC PRESS INC ELSEVIER SCIENCE,1325,0.1071062712016559,0.08340809201507252,0.1365346825296478
2023,11,COPERNICUS GESELLSCHAFT MBH,174,0.023202363587133464,0.006128508211249547,0.08383129408590691
2023,11,AMER PHYSICAL SOC,919,0.009137481926423042,0.0018034575898902459,0.04495324247359912
2023,11,AMER SOC NEPHROLOGY,1642,0.02923389579610874,0.01098458606506412,0.0754877073882028
2023,11,EDP SCIENCES S A,120,0.034260248321487594,0.009293360076562208,0.11829260340560922
2023,11,BMJ PUBLISHING GROUP,829,0.08211226903214544,0.056563822245970584,0.11775992859128291
2023,11,ELSEVIER - DIVISION REED ELSEVIER INDIA PVT LTD,17,0.0,0.0,0.6797280095463105
2023,11,ELSEVIER ESPANA,12,0.09850795214818575,0.0001269305528046281,0.9894801486137496
2023,11,ELSEVIER ESPANA SLU,16,0.1788499649622905,0.03955730557985246,0.535273005831569
2023,11,ELSEVIER INC,52,0.0,0.0,0.12501766298090722
2023,11,"ELSEVIER MASSON, CORP OFF",38,0.1741387756097727,0.06890699768760447,0.37529972900646547
2023,11,CAMBRIDGE UNIV PRESS,551,0.01874414804181599,0.005633021598879336,0.060514866693765754
2023,11,ELSEVIER GMBH,177,0.10754718241089602,0.05401132343092949,0.20277319919402537
2023,11,ELSEVIER ADVANCED TECHNOLOGY,125,0.16938785881948362,0.09484248725509815,0.2841329522639225
2023,11,ELSEVIER FRANCE-EDITIONS SCIENTIFIQUES MEDICALES ELSEVIER,466,0.20093571548508,0.1496095542239279,0.2643955884469345
2023,11,ELSEVIER SCIENCE LONDON,93,0.3075677958665857,0.1819492564887486,0.4700775333146859
2023,11,ELSEVIER SINGAPORE PTE LTD,18,0.3544694189580632,0.10025627996629935,0.7301688161788553
2023,11,ENDOCRINE SOC,53,0.0,0.0,0.2160652851560105
2023,11,ELSEVIER TAIWAN,36,0.223238448559009,0.07222489133734494,0.5148003587506413
2023,10,WILEY-V C H VERLAG GMBH,1830,0.09693992420951258,0.07506336686445698,0.12433515031796478
2023,11,EXCERPTA MEDICA INC-ELSEVIER SCIENCE INC,23,0.0,0.0,0.4774554729404191
2023,11,EUROPA EDITION,10,0.0,0.0,0.8137708521931167
2023,11,FOUNDATION REHABILITATION INFORMATION,10,0.0,0.0,0.7997375341392193
2023,11,EUR CENTRE DIS PREVENTION & CONTROL,22,0.07484884985561932,0.010235277803718896,0.38761564566099993
2023,11,FERRATA STORTI FOUNDATION,41,0.07091675097507087,0.010021750256330208,0.36529428976316336
2023,11,GEOSCIENCEWORLD,11,0.27057627830349734,0.05589862190181786,0.6991581637731312
2023,11,FUTURE MEDICINE LTD,10,0.15911063641981482,0.008397588983881052,0.8087111116657731
2023,11,"GEOLOGICAL SOC AMER, INC",33,0.0,0.0,0.17467444790080225
2023,11,HARBORSIDE PRESS,15,0.3067138668288756,0.04845976166506868,0.7935229403794739
2023,11,HINDAWI LTD,28,0.0,0.0,0.5090274750044281
2023,11,EUROPEAN MATHEMATICAL SOC-EMS,57,0.03866515942172068,0.00565407499424268,0.221480571199824
2023,11,HUMAN KINETICS PUBL INC,13,0.2265296383996614,0.04639783402537819,0.6380638788149414
2023,11,EUROPEAN RESPIRATORY SOC JOURNALS LTD,84,0.074857442768557,0.020079958378094006,0.24214123999651585
2023,11,HIGHER EDUCATION PRESS,25,0.2535635910429129,0.09357627379367436,0.5278058947485511
2023,11,GEORG THIEME VERLAG KG,68,0.0598672150397084,0.005203617954489157,0.4366915424528552
2023,11,ELSEVIER IRELAND LTD,693,0.1428446476845066,0.10642542177796047,0.18908942832474518
2023,11,INST MATHEMATICAL STATISTICS-IMS,18,0.0,0.0,0.6395327727198308
2023,11,INT SCIENTIFIC RESEARCH PUBLICATIONS,12,0.0,0.0,0.6859272949919594
2023,11,INT RHINOLOGIC SOC,10,0.4818382664025551,0.12242885393166482,0.8610777207610246
2023,11,INFORMS,68,0.0,0.0,0.1526311827610403
2023,11,"INST MATERIA MEDICA, CHINESE ACAD MEDICAL SCIENCES",29,0.2751414879205999,0.07353807164031166,0.6447836223605041
2023,11,INT UNION CRYSTALLOGRAPHY,25,0.0,0.0,0.40422546652828767
2023,11,INTER-RESEARCH,17,0.0,0.0,0.5904841654920471
2023,11,IGI GLOBAL,32,0.34061336587026597,0.1340545825496648,0.6328471614162792
2023,10,NATURE PORTFOLIO,4252,0.08833718450678665,0.07533853798832078,0.10332795271457625
2023,11,INT SOC GLOBAL HEALTH,35,0.1345969635612559,0.03527666787689163,0.3981447397547609
2023,11,IVYSPRING INT PUBL,50,0.35295486627251693,0.1616833092470164,0.6067341039469186
2023,11,JOHN WILEY & SONS INC,15,0.6682676932712862,0.16175062004408694,0.9546086914839849
2023,11,JOHN BENJAMINS PUBLISHING CO,20,0.06970854135497201,0.0005724479075699231,0.9074312377974185
2023,11,EMERALD GROUP PUBLISHING LTD,394,0.14817408339215157,0.103078816865372,0.20841357151579845
2023,11,KERMAN UNIV MEDICAL SCIENCES,11,0.0,0.0,0.7413616653003781
2023,11,JOURNAL OF CENTRAL SOUTH UNIV,20,0.07798306345911235,0.009484163861931065,0.4276265386732177
2023,11,KOREAN NUCLEAR SOC,47,0.0,0.0,0.31484090699998357
2023,11,KOREAN FIBER SOC,21,0.15629845808268755,0.029485500542875992,0.5304285599064141
2023,11,KOREAN INST METALS MATERIALS,17,0.026969185744875227,2.3955581392777404e-05,0.9697588440842186
2023,11,KOREAN SOC NEPHROLOGY,13,0.07653586253623441,0.0005971360254359265,0.9199761640393523
2023,11,KARGER,34,0.06499633206043802,0.009355161932003399,0.3384942850006471
2023,11,JOURNAL MATER SCI TECHNOL,64,0.2724367456425164,0.14893895223426015,0.4448153259036924
2023,11,KOREAN SOCIETY ANIMAL SCIENCE & TECHNOLOGY,16,0.10946862873178047,0.010327162944137203,0.5915160469088923
2023,11,"JMIR PUBLICATIONS, INC",158,0.14684298391276265,0.07691142191657838,0.2622922022145577
2023,11,LIFE SCIENCE ALLIANCE LLC,35,0.19259793138396405,0.06259834648753759,0.4600699532979949
2023,11,JOHN WILEY & SONS LTD,138,0.17355739067743955,0.10382502457450946,0.27571531765586105
2023,11,IEEE COMPUTER SOC,345,0.06505103466927398,0.0344391894335811,0.11950503242772036
2023,11,CELL PRESS,2611,0.16046999881571103,0.13857533484696477,0.18508073258860433
2023,11,KEAI PUBLISHING LTD,310,0.13378485778365218,0.08427027748619377,0.20585261067314273
2023,11,MANAGED CARE & HEALTHCARE COMMUNICATIONS LLC,12,0.0,0.0,0.8627106148779095
2023,11,MASSACHUSETTS MEDICAL SOC,78,0.0,0.0,0.38394515715996547
2023,11,MASSON EDITEUR,14,0.6622814871619,0.25011551912444957,0.920191525633747
2023,10,SPRINGER,3310,0.06923688245121107,0.05681967301565745,0.08412567570046904
2023,10,ELSEVIER SCI LTD,6147,0.10099492732729154,0.08918346047269385,0.11417461313507146
2023,11,"MARY ANN LIEBERT, INC",124,0.04949774706923753,0.010150610171166523,0.2091415387227151
2023,11,BMC,2374,0.11666755108357173,0.09861601984729727,0.1375192706081609
2023,10,OXFORD UNIV PRESS,3493,0.06774079027351683,0.05617616547536953,0.08148062017100727
2023,11,MICROBIOLOGY SOC,23,0.0,0.0,0.555141900801794
2023,11,MIT PRESS,36,0.05437563242165761,0.008058456632147378,0.2892732145857168
2023,11,NATL ATHLETIC TRAINERS ASSOC INC,18,0.23922602499062615,0.06236506085774397,0.5978465809611639
2023,11,NATURE PUBL GROUP,10,0.6616649621111121,0.2119156859903214,0.9343100237157382
2023,11,OAE PUBLISHING INC,10,0.3083741957018644,0.060692509137253214,0.7547040813918547
2023,11,FRONTIERS MEDIA SA,1701,0.1595069718595423,0.13377643355795005,0.1891060952657617
2023,11,NONFERROUS METALS SOC CHINA,84,0.07125199575440189,0.022266558982366916,0.20536759347577432
2023,11,NATL ACAD SCIENCES,255,0.03771102750596161,0.01508298987100647,0.09114493585375419
2023,11,MOSBY-ELSEVIER,398,0.10846415344446358,0.07074193262540965,0.16277774453799196
2023,11,PALGRAVE MACMILLAN LTD,18,0.0,0.0,0.3290601192488436
2023,11,Optica Publishing Group,35,0.035845961791280696,0.001240764898919186,0.5266610371264926
2023,10,PERGAMON-ELSEVIER SCIENCE LTD,5470,0.10469668862035049,0.09238168413025023,0.11843912582914781
2023,11,PEERJ INC,62,0.12244684939889076,0.043666034853874644,0.29893293157557455
2023,10,MDPI,7078,0.12710434006404744,0.11534181787678766,0.1398767368980221
2023,11,POLISH CARDIAC SOC,16,0.0,0.0,0.8717057962323352
2023,11,PROJECT HOPE,18,0.0,0.0,0.575951471426449
2023,11,PORTLAND PRESS LTD,12,0.345535225798246,0.09333898602787422,0.7302880328915563
2023,9,ELSEVIER,12920,0.10084163032983555,0.09271575777738497,0.10959365169567974
2023,11,IOP Publishing Ltd,1024,0.032958758456724205,0.018582149574413682,0.05780312976559058
2023,11,R FOUNDATION STATISTICAL COMPUTING,15,0.0,0.0,0.17331052021801344
2023,11,ROCKEFELLER UNIV PRESS,44,0.0,0.0,0.21897571714317626
2023,11,RADIOLOGICAL SOC NORTH AMERICA (RSNA),35,0.12735292157876427,0.027700788391620303,0.4277748752538808
2023,11,ROY COLL PHYS LONDON EDITORIAL OFFICE,24,0.0,0.0,0.5406105163458106
2023,11,ELSEVIER SCIENCE SA,1978,0.1170607536590429,0.09607930367195369,0.14190476039341407
2023,11,SCIPOST FOUNDATION,38,0.0,0.0,0.3771128162687476
2023,11,SHANGHAI UNIV,12,0.0,0.0,0.6210059138051719
2023,11,SHANGHAI JIAO TONG UNIV PRESS,43,0.08381591804262088,0.014448898126678078,0.36340727574752996
2023,11,SOC EXPLORATION GEOPHYSICISTS - SEG,28,0.0,0.0,0.3224469227555293
2023,11,SOC NUCLEAR MEDICINE INC,34,0.0,0.0,0.4441259250244047
2023,11,SPANDIDOS PUBL LTD,20,0.3283461987233666,0.1326815494943963,0.6097128426868433
2023,11,SOC PETROLEUM ENG,32,0.026060906088012214,0.0007149772508830635,0.5001799352432219
2023,11,SOC NEUROSCIENCE,80,0.2318361391735268,0.12142172862832308,0.3972565547009279
2023,11,ROYAL SOC,230,0.026262511853135856,0.006116641963001954,0.10570421053903752
2023,11,SIAM PUBLICATIONS,134,0.014456232966746191,0.0020620885271015617,0.09430537603811713
2023,11,SPRINGER FRANCE,15,0.0,0.0,0.618405942646571
2023,11,ELSEVIER SCIENCE INC,2468,0.0962781287435605,0.07954463280012469,0.11608782270924328
2023,11,AMER CHEMICAL SOC,3942,0.10223901930056216,0.08751187608718648,0.11912101228626594
2023,11,SPRINGER JAPAN KK,37,0.08245832975645305,0.009342989981599846,0.46131054465068766
2023,11,SPRINGER LONDON LTD,42,0.15523384526610973,0.049032924002880646,0.39573526754774074
2023,11,SPRINGER BASEL AG,131,0.010074674744009183,0.0001431999485416943,0.4196807884100427
2023,11,SPRINGER SINGAPORE PTE LTD,44,0.17442683435936124,0.06532980737818596,0.38974131462832423
2023,11,SCIENCE PRESS,277,0.07853461088565848,0.04160363822445217,0.14334539244277705
2023,11,TAYLOR & FRANCIS AS,12,0.0,0.0,0.943651755040855
2023,11,ROYAL SOC CHEMISTRY,804,0.1804548984045398,0.11867413925050356,0.2647370560988432
2023,11,THIEME MEDICAL PUBL INC,15,0.0,0.0,0.3606461940704312
2023,11,SPRINGER/PLENUM PUBLISHERS,159,0.07170827551863426,0.028905162052484123,0.16699499243455368
2023,11,US DEPT HEALTH HUMAN SCIENCES PUBLIC HEALTH SCIENCE,15,0.0,0.0,0.7104436724506754
2023,11,TERMEDIA PUBLISHING HOUSE LTD,15,0.013919995720027998,1.79434990562214e-16,0.9999999999990996
2023,11,SPRINGER-VERLAG ITALIA SRL,61,0.03365802201499768,0.004916386486099312,0.19713785563401154
2023,11,VEREIN FORDERUNG OPEN ACCESS PUBLIZIERENS QUANTENWISSENSCHAF,33,0.0,0.0,0.23568304533651868
2023,11,SPRINGER INT PUBL AG,179,0.09384035281880185,0.04651177099984059,0.1802256540393295
2023,11,WAGENINGEN ACADEMIC PUBLISHERS,21,0.2352964082912429,0.053357360887611956,0.62682623308746
2023,11,SAGE PUBLICATIONS INC,695,0.09763725152393181,0.06585601737750807,0.14241741111096345
2023,11,TSINGHUA UNIV PRESS,108,0.1020354952965186,0.042722425666610137,0.22439244352323762
2023,11,SPRINGER WIEN,116,0.03217909954199712,0.006533418713219777,0.14390971706341385
2023,11,W B SAUNDERS CO LTD,131,0.06243066942409027,0.01963269419516399,0.18127440346411722
2023,11,WALTER DE GRUYTER GMBH,103,0.053703052918344936,0.012943127096367581,0.1971804937002745
2023,11,W B SAUNDERS CO-ELSEVIER INC,207,0.10478069334263977,0.056438610157745546,0.18635200361024282
2023,11,SAGE PUBLICATIONS LTD,532,0.03075679174297617,0.012898835982590683,0.07154641421203865
2023,11,"WILEY PERIODICALS, INC",16,0.2584308745400092,0.05453625159769594,0.677985567127844
2023,11,TAYLOR & FRANCIS INC,501,0.08562968491422339,0.0515601277531249,0.13891421630401912
2023,11,ZHEJIANG UNIV PRESS,15,0.0,0.0,0.7245114117338275
2023,11,"ZAGREB UNIV, FAC FORESTRY",16,0.0,0.0,0.4223864504596999
2023,11,WILEY-HINDAWI,121,0.10391797572357404,0.04209799732487933,0.23431314876091974
2023,12,ACAD MEDICINE SINGAPORE,10,0.1264761426467331,0.0016338912802436323,0.9275864189903749
2023,12,ACADEMIC & SCIENTIFIC PUBLISHERS-ASP,13,0.0,0.0,0.29494874534312526
2023,11,"ROUTLEDGE JOURNALS, TAYLOR & FRANCIS LTD",1058,0.05833111325879992,0.03528665672206615,0.09494395798065698
2023,11,WORLD SCIENTIFIC PUBL CO PTE LTD,56,0.07658836089450244,0.01206369775342997,0.3603506558539581
2023,11,WOLTERS KLUWER MEDKNOW PUBLICATIONS,61,0.14385569270900136,0.0509338675971656,0.34472541520276
2023,12,ACTA DERMATO-VENEREOLOGICA,19,0.2158974719660326,0.021139327393924198,0.7782991195627041
2023,12,AME PUBLISHING COMPANY,15,0.0,0.0,0.8090408483323995
2023,12,ACOUSTICAL SOC AMER AMER INST PHYSICS,45,0.1474685770352136,0.05029480485744906,0.3610199351738034
2023,12,AMER ACCOUNTING ASSOC,10,0.0,0.0,0.6766484396443633
2023,12,AMER ACAD SLEEP MEDICINE,21,0.027344081985942226,2.9284030344306458e-08,0.9999629484363003
2023,11,SPRINGER HEIDELBERG,674,0.06902585565787397,0.04314747296798324,0.10866260865933941
2023,12,ADIS INT LTD,80,0.07492058103212425,0.020295924046016975,0.24047603526324873
2023,10,LIPPINCOTT WILLIAMS & WILKINS,6824,0.07867233584022236,0.07024910117908317,0.08800995503866488
2023,12,AMER ACAD PEDIATRICS,48,0.028365583603787735,0.003950163272261115,0.17688942516639272
2023,12,AMER ASSOC NEUROLOGICAL SURGEONS,58,0.04071661806233209,0.006446099784191647,0.21733116331592794
2023,11,eLIFE SCIENCES PUBL LTD,258,0.10066906655606785,0.0560653048026281,0.1742091123682834
2023,12,AMER ASSOC ADVANCEMENT SCIENCE,281,0.0031796469382954656,1.8607085250445295e-08,0.9981745881753278
2023,11,SPRINGERNATURE,1118,0.13969435354607676,0.11025167992573597,0.17544924798252287
2023,11,PUBLIC LIBRARY SCIENCE,1769,0.09176465606265422,0.07330044139999438,0.1143062627197852
2023,12,AMER ECONOMIC ASSOC,65,0.0,0.0,0.237636694506076
2023,12,AMER DIABETES ASSOC,33,0.2490063796171191,0.08773274866889656,0.5334003005167237
2023,12,AMER COLL PHYSICIANS,40,0.0935235262304772,0.02094868020681531,0.3322123867520852
2023,12,AMER METEOROLOGICAL SOC,63,0.0,0.0,0.21131251124626868
2023,12,AMER INST MATHEMATICAL SCIENCES-AIMS,76,0.04112041648869686,0.005848109584464693,0.2381679614994119
2023,12,"AMER PSYCHIATRIC PUBLISHING, INC",14,0.0,0.0,0.8398727054413192
2023,12,AMER ROENTGEN RAY SOC,17,0.0,0.0,0.5581213626956916
2023,12,AMER PHYTOPATHOLOGICAL SOC,76,0.0,0.0,0.0707714542853724
2023,12,AMER SOC ENGINEERING EDUCATION,10,0.0,0.0,0.6732540525001016
2023,12,AMER PUBLIC HEALTH ASSOC INC,25,0.46911817888058294,0.04922080931580867,0.9378241572219819
2023,12,AMER SOC CLINICAL INVESTIGATION INC,46,0.32026661524642885,0.1369156088129992,0.5832316982736194
2023,12,AMER PHYSIOLOGICAL SOC,128,0.15979002104986825,0.06624925069630085,0.3376471248936962
2023,12,AMER SOC NEURORADIOLOGY,26,0.0,0.0,0.5183206618855535
2023,12,AMER THORACIC SOC,44,0.4222124429428792,0.09477120064007563,0.8360774050413722
2023,12,AMER SOC PHARMACOLOGY EXPERIMENTAL THERAPEUTICS,19,0.16008426126207093,0.035749574122263594,0.4949027140442833
2023,12,AMER PSYCHOLOGICAL ASSOC,100,0.0029415173788836335,2.649484524242587e-10,0.9999695598635266
2023,12,ATHABASCA UNIV PRESS,16,0.0,0.0,0.6360947860161646
2023,12,ATOMIC SPECTROSCOPY PRESS LTD,21,0.0,0.0,0.25681001408626647
2023,12,AMER SOC NEPHROLOGY,50,0.10253463299642698,0.027108625208617582,0.3190095315184149
2023,12,AUSTRALASIAN SOC COMPUTERS LEARNING TERTIARY EDUCATION-ASCILITE,11,0.16540277137515644,0.022866217568908012,0.6266405704174876
2023,12,ANNUAL REVIEWS,57,0.18270059706806283,0.07283094473638273,0.38880965447780264
2023,12,BIOSCIENTIFICA LTD,10,0.5108133143379407,0.2053427562712304,0.8084159844161328
2023,12,ASSOC RESEARCH VISION OPHTHALMOLOGY INC,46,0.22348511226900153,0.08772508098973354,0.46276693052306783
2023,12,AMER SPEECH-LANGUAGE-HEARING ASSOC,59,0.06913118828312746,0.010352716193898652,0.345218266935736
2023,12,AMER SOC HEMATOLOGY,160,0.11045775312633457,0.05311743359699902,0.21560277157679358
2023,12,ASCE-AMER SOC CIVIL ENGINEERS,66,0.087880857187958,0.020808374804334496,0.3040246584266954
2023,12,ACADEMIC PRESS LTD- ELSEVIER SCIENCE LTD,761,0.14663041295665138,0.11217255760145751,0.1894149753215042
2023,12,BAISHIDENG PUBLISHING GROUP INC,55,0.09768302107453015,0.0201594240828104,0.36290949859556354
2023,12,BRAZILIAN SOC UROL,15,0.0,0.0,0.6418600291711744
2023,12,BRITISH INST RADIOLOGY,14,0.0,0.0,0.6632701028606524
2023,12,BRITISH EDITORIAL SOC BONE & JOINT SURGERY,25,0.0,0.0,0.4435771480853722
2023,12,BRILL,20,0.0,0.0,0.582743960289485
2023,12,C EJ PUBLISHING GROUP,27,0.17052289422303601,0.04444182793144689,0.47608392876434635
2023,12,AMER MEDICAL ASSOC,459,0.032269464459297834,0.013445535393698211,0.07543213289131012
2023,11,TAYLOR & FRANCIS LTD,872,0.0894745786452489,0.05933762873361754,0.13275756482127982
2023,12,AMER SOC MICROBIOLOGY,182,0.06535288355091896,0.021480608884657935,0.18215051438738553
2023,12,ASSOC COMPUTING MACHINERY,261,0.061154236966078024,0.03060713368758654,0.11846289895883869
2023,12,CHINESE CHEMICAL SOC,20,0.0,0.0,0.30397270942587956
2023,12,"CHINA UNIV GEOSCIENCES, WUHAN",17,0.0,0.0,0.2139328714833603
2023,12,CHINA ANTI-CANCER ASSOC,12,0.17111166950727796,0.021746133461456384,0.6571896192679694
2023,12,CHINESE LASER PRESS,16,0.3340557049554085,0.09040925008260131,0.7168422532689891
2023,12,"CHINA UNIV GEOSCIENCES, BEIJING",11,0.10429511648952132,0.006424491441558418,0.6770876240903521
2023,12,CHURCHILL LIVINGSTONE INC MEDICAL PUBLISHERS,43,0.0,0.0,0.34033256630922504
2023,12,COGITATIO PRESS,21,0.0,0.0,0.25848240044412274
2023,12,CENTERS DISEASE CONTROL & PREVENTION,38,0.07761145624746146,0.011614694835224069,0.37596709178074694
2023,12,COLL AMER PATHOLOGISTS,15,0.0,0.0,0.24971896894289525
2023,12,CMA-CANADIAN MEDICAL ASSOC,18,0.11500684883949075,0.015487591453600269,0.5177252942722308
2023,12,COMPANY BIOLOGISTS LTD,36,0.0,0.0,0.35435315496567393
2023,12,"COLD SPRING HARBOR LAB PRESS, PUBLICATIONS DEPT",34,0.17256306464926788,0.030301803118876793,0.5819144587977426
2023,12,CROATIAN SOC MEDICAL BIOCHEMISTRY & LABORATORY MEDICINE,11,0.0,0.0,0.7729260940846977
2023,11,OXFORD UNIV PRESS INC,2558,0.12769039664839765,0.10975999741475852,0.14806274364087682
2023,11,IEEE-INST ELECTRICAL ELECTRONICS ENGINEERS INC,3241,0.08891069603450458,0.07372296129189171,0.10686628997374328
2023,12,CURRENT BIOLOGY LTD,35,0.034221276123241884,0.00013568300321545473,0.9024615293063666
2023,12,CURRENT MEDICINE GROUP,21,0.3712171669658419,0.12460349182394587,0.710032710976443
2023,12,CSIRO PUBLISHING,234,0.0,0.0,0.5795618376027845
2023,12,EDICIONES PROFESIONALES INFORMACION SL-EPI,18,0.10963156392836981,0.011473010573836895,0.5664050181055976
2023,12,EDIZIONI MINERVA MEDICA,16,0.21043216285023544,0.04556603021207508,0.5980414605671222
2023,12,DUKE UNIV PRESS,90,0.0,0.0,0.4384798962627298
2023,12,AIP Publishing,583,0.012722285438984604,0.0035105444528940417,0.04501392394822933
2023,12,EDUCATIONAL PUBLISHING FOUNDATION-AMERICAN PSYCHOLOGICAL ASSOC,31,0.09128257821795434,0.006271750074945578,0.6152085667432562
2023,12,EDP SCIENCES S A,142,0.0,0.0,0.11976323533706791
2023,12,DOVE MEDICAL PRESS LTD,139,0.2820790487498408,0.18373790031484685,0.4068219406866664
2023,12,Cherkas Global Univ Press,47,0.04759117622020469,0.004629416169339397,0.34932452223318955
2023,12,CHURCHILL LIVINGSTONE,109,0.13741804248805958,0.06320897676743761,0.2733303045937953
2023,12,ACADEMIC PRESS INC ELSEVIER SCIENCE,1410,0.13945608570476506,0.11342196967145114,0.17031792408661012
2023,12,AMER GEOPHYSICAL UNION,427,0.030367182716429377,0.013443860301985954,0.06714394308481265
2023,12,AMER ASSOC CANCER RESEARCH,1123,0.1206930266923743,0.09602148358416583,0.1506472231712237
2023,12,COPERNICUS GESELLSCHAFT MBH,158,0.018419081794685932,0.0028450845182429957,0.10985322775158406
2023,12,ELSEVIER - DIVISION REED ELSEVIER INDIA PVT LTD,11,0.39979117979425144,0.10293283660615345,0.7945190272787723
2023,12,ELSEVIER ESPANA,14,0.0787055185618458,6.26712699225332e-06,0.9991420045114502
2023,12,BMJ PUBLISHING GROUP,722,0.06796519857597397,0.04252089676103505,0.1069347817045793
2023,12,CAMBRIDGE UNIV PRESS,706,0.042510740749907405,0.024146792181014284,0.07378473273405482
2023,12,AMER PHYSICAL SOC,830,0.037299301011054525,0.020670626560448113,0.06639810379616294
2023,12,"ELSEVIER MASSON, CORP OFF",17,0.09742776273507575,0.00811801667449602,0.5874038296416708
2023,12,ELSEVIER ADVANCED TECHNOLOGY,125,0.23060765756554977,0.1411417983189017,0.3534456223069322
2023,12,ELSEVIER INC,49,0.05874647495796241,0.008262668449752772,0.3185915450439883
2023,12,ELSEVIER GMBH,170,0.14405463951829317,0.08134993203849539,0.24234194001104725
2023,12,ELSEVIER FRANCE-EDITIONS SCIENTIFIQUES MEDICALES ELSEVIER,467,0.20111243324159828,0.15149981971986773,0.2619561082844639
2023,12,ELSEVIER IRELAND LTD,655,0.18999607383090292,0.14525891614035816,0.24456907656170435
2023,12,ELSEVIER SCIENCE LONDON,69,0.3438629313221041,0.1940844404613462,0.532810897501764
2023,12,ELSEVIER SINGAPORE PTE LTD,23,0.11945647671852976,0.018828350499515874,0.4895538083319228
2023,12,EUROPA EDITION,19,0.0,0.0,0.6587363176847459
2023,12,EUROPEAN MATHEMATICAL SOC-EMS,43,0.0,0.0,0.06914335558383734
2023,12,"ETHNICITY & DISEASE, INC",25,0.12851684018441475,0.0070378075918029704,0.7541969066768435
2023,11,WILEY-V C H VERLAG GMBH,1994,0.11500772802775071,0.09310462823022976,0.14126097693239148
2023,12,ENDOCRINE SOC,59,0.0,0.0,0.2408004472338522
2023,12,ELSEVIER TAIWAN,55,0.05528950437600863,0.003875545097524624,0.46819176944323854
2023,12,EXCERPTA MEDICA INC-ELSEVIER SCIENCE INC,16,0.30631805627688524,0.08752668497320724,0.6702765077665211
2023,11,SPRINGER,3411,0.07485169853297961,0.06250103631836791,0.08941018140421912
2023,12,CELL PRESS,1939,0.12784382328027807,0.10299314402749137,0.15763686134296662
2023,12,FERRATA STORTI FOUNDATION,19,0.03441033606311135,9.10860463477225e-07,0.9992832820898135
2023,12,"GEOLOGICAL SOC AMER, INC",24,0.0,0.0,0.4946639741638853
2023,12,FUTURE MEDICINE LTD,10,0.7700068578532234,0.06335602213203607,0.9940015230627084
2023,12,EUROPEAN RESPIRATORY SOC JOURNALS LTD,56,0.128862516730652,0.044936528651007834,0.3174358661323779
2023,11,ELSEVIER SCI LTD,6582,0.1093728048928341,0.0975692667639049,0.1224105935225766
2023,12,HARBORSIDE PRESS,16,0.0,0.0,0.4593494695372421
2023,12,HUMAN KINETICS PUBL INC,22,0.19735267240975918,0.031602925079545555,0.6494326654858283
2023,12,HINDAWI LTD,18,0.0,0.0,0.2859275123983342
2023,12,HIGHER EDUCATION PRESS,95,0.0,0.0,0.15169029509902585
2023,12,GEORG THIEME VERLAG KG,64,0.07810469779462487,0.01567335102893113,0.3107175148130963
2023,11,NATURE PORTFOLIO,4456,0.08616170132084265,0.07332691223043893,0.10099817945414578
2023,12,EMERALD GROUP PUBLISHING LTD,369,0.20349493033840604,0.14842731949385746,0.2724563936704725
2023,12,IGI GLOBAL,11,0.0715731015537033,0.00015237520246801816,0.9749977078728769
2023,12,"INST MATERIA MEDICA, CHINESE ACAD MEDICAL SCIENCES",19,0.6534823620993312,0.2215067905309005,0.9259219493646764
2023,12,INST ECONOMIC RESEARCH-POLAND,11,0.24749427127739945,0.05384828707580818,0.6552483422630979
2023,12,INT UNION CRYSTALLOGRAPHY,21,0.0,0.0,0.555722940901736
2023,12,INTER-RESEARCH,19,0.0,0.0,0.5184103643219932
2023,12,INST MATHEMATICAL STATISTICS-IMS,10,0.10951253061068224,0.015039166565515799,0.4976209848368238
2023,12,INT SOC GLOBAL HEALTH,30,0.09718783570325489,0.02337936109092861,0.3261844767371338
2023,12,IOS PRESS,13,0.11279377273947137,0.015373385272659783,0.5086471540765601
2023,12,BMC,1719,0.1338464014651543,0.11185163909171847,0.15939006731538413
2023,12,IVYSPRING INT PUBL,47,0.3048132478701924,0.11485852954733014,0.5970248480040157
2023,12,JOHN WILEY & SONS INC,14,0.0,0.0,0.7073653216096117
2023,12,JOHN BENJAMINS PUBLISHING CO,11,0.0,0.0,0.8266013427000718
2023,12,JOURNAL OF CENTRAL SOUTH UNIV,26,0.13803441501875555,0.019492844245308685,0.5633078736926496
2023,12,KARGER,44,0.0,0.0,0.36017059601607776
2023,12,KOREAN INST METALS MATERIALS,15,0.0,0.0,0.47530606216899646
2023,12,KOREAN ACAD MEDICAL SCIENCES,16,0.066012738803715,0.00043547322671911654,0.9197836813958823
2023,12,INFORMS,59,0.03915762978121766,0.004495342695666042,0.26889772440213916
2023,12,KOREAN FIBER SOC,20,0.139514201655782,0.018576237699300387,0.5813845490762565
2023,12,KOREAN SOC COLOPROCTOLOGY,10,0.0,0.0,0.8689814293798418
2023,12,KOREAN SOC GYNECOLOGY ONCOLOGY & COLPOSCOPY,10,0.005859552489574111,2.5779725622561687e-127,1.0
2023,12,JOURNAL MATER SCI TECHNOL,42,0.041766577308020025,0.0018727647493741004,0.5031187101149216
2023,12,"JMIR PUBLICATIONS, INC",153,0.20424827099726278,0.12230207384400385,0.321018864833572
2023,12,KOREAN SOC PEDIATRIC ENDOCRINOLOGY,11,0.0,0.0,0.9665160597274278
2023,12,IEEE COMPUTER SOC,293,0.07944701530988187,0.0434200845881743,0.14096158366236736
2023,12,KOREAN NUCLEAR SOC,66,0.08017753934285186,0.018384276476510582,0.2886046917976708
2023,12,KOREAN SOC SEXUAL MEDICINE & ANDROLOGY,10,0.7969713473287593,0.04047479411134834,0.9972699522464574
2023,12,KOREAN SPINAL NEUROSURGERY SOC,44,0.3645352743776331,0.13219715847047606,0.6835649332352354
2023,12,KOREAN SOCIETY ANIMAL SCIENCE & TECHNOLOGY,16,0.2086473861647313,0.038914713508823195,0.6319275114315317
2023,12,LABORATORY KNOWLEDGE MANAGEMENT & E-LEARNING UNIV,10,0.34877694696722333,0.0526598277235726,0.8376663548798987
2023,12,JOHN WILEY & SONS LTD,106,0.09790026738659752,0.03549733865367133,0.2424311379281671
2023,12,LIFE SCIENCE ALLIANCE LLC,18,0.15107335979100778,0.018839296537537797,0.6225478935274245
2023,12,MATHEMATICAL SCIENCE PUBL,11,0.0,0.0,0.796528450673512
2023,12,MASSON EDITEUR,10,0.5269035732637967,0.15111094480905157,0.8745004743636413
2023,12,MASSACHUSETTS MEDICAL SOC,64,0.0,0.0,0.3463605333293407
2023,12,KEAI PUBLISHING LTD,358,0.11984184734776052,0.0747207595581057,0.1867117313666627
2023,12,"MARY ANN LIEBERT, INC",140,0.06885283518949724,0.017118725390259035,0.2389260481590836
2023,10,WILEY,6773,0.063577130102012,0.054880968771566244,0.07354401671477818
2023,12,MIT PRESS,13,0.0,0.0,0.6478167978433574
2023,12,MICROBIOLOGY SOC,18,0.04800913454641276,0.001650049395306171,0.6061053564683622
2023,12,NATL MED ASSOC,10,0.22051020868733492,0.011641925019041018,0.8716963082587663
2023,12,FRONTIERS MEDIA SA,1346,0.160107176982033,0.1307988362278578,0.19451306585840497
2023,12,NATURE PUBL GROUP,12,0.34373515387951925,0.06725137665028556,0.7918828452921703
2023,12,NONFERROUS METALS SOC CHINA,27,0.027929594155336166,6.623691875241749e-06,0.9920402671542199
2023,12,ONLINE LEARNING CONSORTIUM,22,0.16350861729506266,0.03224443689110045,0.5341798488043357
2023,12,NORTHEAST FORESTRY UNIV,28,0.08099711505607088,0.00946477308427268,0.44841351123562134
2023,12,NATL ACAD SCIENCES,246,0.03400486666075501,0.010083350707835977,0.10845939096346385
2023,12,IOP Publishing Ltd,751,0.03287531906074831,0.016735965160099363,0.06357240121323929
2023,12,MOSBY-ELSEVIER,340,0.06371095537458438,0.032671500053408624,0.12056396373558545
2023,12,PALGRAVE MACMILLAN LTD,17,0.0,0.0,0.2986129419619651
2023,11,PERGAMON-ELSEVIER SCIENCE LTD,5784,0.10345888478586852,0.09140284847997593,0.11690051763585381
2023,12,Optica Publishing Group,25,0.044344737768982116,0.0009506065894657356,0.6935253639890218
2023,12,PEERJ INC,47,0.17468070406164798,0.06712838405439717,0.3836792679242102
2023,12,ELSEVIER SCIENCE SA,1877,0.12869195996175634,0.10706209987981095,0.15393837082922665
2023,12,PHARMACEUTICAL SOC KOREA,11,0.31886815774314403,0.051967243356147,0.7999239523695627
2023,12,PROJECT HOPE,17,0.039695768929544066,0.0006721544229974916,0.7175495760232515
2023,12,PORTLAND PRESS LTD,19,0.12979849100900892,0.019297945715028957,0.5306581900361592
2023,10,ELSEVIER,12936,0.10853359793458084,0.10023030683525876,0.11743497375969579
2023,12,ELSEVIER SCIENCE INC,2416,0.09588217881213289,0.07900178007840582,0.11591547794231441
2023,12,ROCKEFELLER UNIV PRESS,24,0.0,0.0,0.40393172660171206
2023,12,RADIOLOGICAL SOC NORTH AMERICA (RSNA),34,0.07848648529197559,0.01168213608581932,0.380308628243715
2023,12,R FOUNDATION STATISTICAL COMPUTING,13,0.0,0.0,0.7287291786298964
2023,12,ROYAL COLL GENERAL PRACTITIONERS,11,0.0,0.0,0.9547301085957912
2023,12,AMER CHEMICAL SOC,3848,0.09726454711310521,0.08234512284564603,0.11454966942956508
2023,12,ROYAL SOC,140,0.05713547587629296,0.01816220554751364,0.1656312552982959
2023,12,SCIENDO,10,0.0,0.0,0.8667053483310917
2023,12,SCIPOST FOUNDATION,34,0.0,0.0,0.4180240397202319
2023,12,SHANGHAI UNIV,10,0.0,0.0,0.7799108722993783
2023,12,SHANGHAI JIAO TONG UNIV PRESS,21,0.2979261440074266,0.0829557025575231,0.6656249346575359
2023,12,SIAM PUBLICATIONS,35,0.0,0.0,0.28863413105333197
2023,12,SOC NUCLEAR MEDICINE INC,15,0.0,0.0,0.6210622330979368
2023,12,SOC PETROLEUM ENG,17,0.0,0.0,0.32458066038647193
2023,12,SOC EXPLORATION GEOPHYSICISTS - SEG,28,0.02179441096511315,3.729962430123349e-05,0.9301085124774346
2023,12,SPANDIDOS PUBL LTD,23,0.16367517308460866,0.04747868434895562,0.4345195160835111
2023,12,OXFORD UNIV PRESS INC,691,0.05311875842578429,0.029453484446118318,0.09395781288901753
2023,12,SOC NEUROSCIENCE,48,0.09615198372185661,0.026770339840289092,0.2914944960293789
2023,12,SPRINGER FRANCE,11,0.14995865279510615,0.020255727896375406,0.6008488432706346
2023,12,SPRINGER BASEL AG,82,0.009260734518198949,6.6989418164968725e-06,0.9287879375478919
2023,12,SPRINGER JAPAN KK,34,0.02461112472560897,7.691136460205803e-05,0.8922088466733193
2023,12,SPRINGER LONDON LTD,35,0.134861296512563,0.0434590185001233,0.348467840102846
2023,12,SPRINGER SINGAPORE PTE LTD,54,0.10049832965550556,0.030354005338154685,0.285080768267044
2023,12,SCIENCE PRESS,297,0.04640372403453176,0.01634654056991219,0.12472094206035729
2023,12,TERMEDIA PUBLISHING HOUSE LTD,11,0.0,0.0,0.9458201976523868
2023,11,MDPI,6999,0.13252894277629224,0.1203876413610225,0.14569190385042538
2023,12,Tubitak Scientific & Technological Research Council Turkey,15,0.0,0.0,0.6690705614901111
2023,12,UNIV CHICAGO PRESS,14,0.0,0.0,0.6080855806643651
2023,12,"UNIV KRAGUJEVAC, FAC SCIENCE",16,0.0,0.0,0.6681595994679844
2023,12,SPRINGER-VERLAG ITALIA SRL,88,0.0688199075348503,0.021900074565898327,0.19610830223619596
2023,12,UNIV NIS,12,0.0,0.0,0.7570705994356475
2023,12,SPRINGER INT PUBL AG,171,0.06582124537455739,0.025735028371371343,0.1582083092709582
2023,12,"UNIV PITTSBURGH, UNIV LIBRARY SYSTEM",12,0.4250013651673426,0.11216899964636988,0.8121779019692023
2023,12,VASYL STEFANYK PRECARPATHIAN NATL UNIV,13,0.0,0.0,0.7721996958300923
2023,12,VEREIN FORDERUNG OPEN ACCESS PUBLIZIERENS QUANTENWISSENSCHAF,26,0.0,0.0,0.4616557341408894
2023,12,VIETNAM NATL UNIV,11,0.1813549204254659,0.0058829735399695835,0.8923913107750563
2023,12,US DEPT HEALTH HUMAN SCIENCES PUBLIC HEALTH SCIENCE,30,0.22858779234604573,0.04612589377612349,0.6448671023009696
2023,12,WAGENINGEN ACADEMIC PUBLISHERS,14,0.0,0.0,0.7901821504337331
2023,12,SPRINGER WIEN,119,0.06361994716620624,0.02315253687764297,0.163015180936914
2023,12,W B SAUNDERS CO LTD,120,0.029323708061240905,0.000848626851278036,0.5179544265841854
2023,12,SPRINGER/PLENUM PUBLISHERS,165,0.1128022550460001,0.058340275017381094,0.20693313374188205
2023,12,WALTER DE GRUYTER GMBH,57,0.1171242991583161,0.037256892594352185,0.31260951214004984
2023,12,SAGE PUBLICATIONS LTD,471,0.05537282989517577,0.028924001061833775,0.10343108945562574
2023,12,PUBLIC LIBRARY SCIENCE,1268,0.09959876213253677,0.07744020861059596,0.12722335378211608
2023,12,TSINGHUA UNIV PRESS,180,0.09475426954232435,0.04488290127671814,0.18907036938100202
2023,11,OXFORD UNIV PRESS,5730,0.06496973152160536,0.05667147824523665,0.07438725846522459
2023,12,W B SAUNDERS CO-ELSEVIER INC,219,0.09136168241957356,0.047859250823834,0.16745209041157502
2023,12,TAYLOR & FRANCIS INC,326,0.15645234529139745,0.09935356595810924,0.23770522521688833
2023,12,"ROUTLEDGE JOURNALS, TAYLOR & FRANCIS LTD",908,0.06499336371158494,0.03928145870659436,0.10568377494531005
2023,11,WILEY,6160,0.08945397532982584,0.07861203839648447,0.10162627410377538
2023,12,SAGE PUBLICATIONS INC,611,0.028507081123118335,0.010245012816236132,0.07679608075706268
2023,12,ROYAL SOC CHEMISTRY,1630,0.10362635523613514,0.06689487974999925,0.15713044827143324
2023,12,TAYLOR & FRANCIS LTD,751,0.09746747219575791,0.060709081652628956,0.15286043916544695
2023,12,SPRINGERNATURE,1025,0.16097340515112937,0.12952487491320722,0.19831799640082887
2023,12,LIPPINCOTT WILLIAMS & WILKINS,2827,0.09350911166859632,0.07787928836031144,0.11189509453545306
2023,12,SPRINGER HEIDELBERG,751,0.07899134780322807,0.05341863409155986,0.11531492021815255
2023,12,WROCLAW MEDICAL UNIV,14,0.0,0.0,0.638886904140244
2023,12,WILEY-HINDAWI,102,0.13512109322073432,0.05802080396884442,0.28380710662939623
2023,12,ZHEJIANG UNIV PRESS,24,0.07076114080286777,0.0033409587244800465,0.6336805648597236
2024,1,ACAD MANAGEMENT,26,0.04642964546492203,0.0002342758622887313,0.9100484666671701
2024,1,ACAD MEDICINE SINGAPORE,12,0.0,0.0,0.8307568965245402
2023,12,WORLD SCIENTIFIC PUBL CO PTE LTD,49,0.02555961083813573,0.0025245968139257797,0.21373553586210176
2023,12,WOLTERS KLUWER MEDKNOW PUBLICATIONS,97,0.1974432015443781,0.09121412561399157,0.3761777705125077
2024,1,ACTA DERMATO-VENEREOLOGICA,15,0.0,0.0,0.8663222866875694
2024,1,AGH UNIV SCIENCE & TECHNOLOGY PRESS,19,0.0,0.0,0.6647079528841084
2023,12,eLIFE SCIENCES PUBL LTD,218,0.0785622887828029,0.036249816509941434,0.16196372886545865
2024,1,AMER ACAD SLEEP MEDICINE,26,0.0,0.0,0.6630503396774141
2024,1,AKADEMIAI KIADO ZRT,14,0.3851711206322356,0.057801089351324254,0.8648179026475193
2024,1,AME PUBLISHING COMPANY,27,0.21003095116509995,0.06011145565083077,0.5249999220293412
2024,1,ACOUSTICAL SOC AMER AMER INST PHYSICS,61,0.10729151265259113,0.03621687683495897,0.2776637293334841
2024,1,AMER ASSOC CRITICAL CARE NURSES,10,0.0,0.0,0.5506934648239763
2024,1,AMER ACAD PEDIATRICS,36,0.05753777095210989,0.009522913842313359,0.27936318846557573
2024,1,AMER BOARD FAMILY MEDICINE,16,0.0975703833932637,0.006774777281659883,0.6315140374935816
2023,12,IEEE-INST ELECTRICAL ELECTRONICS ENGINEERS INC,3624,0.11636754243002853,0.10046023825862885,0.1344172909967834
2024,1,ADIS INT LTD,87,0.07331718716264612,0.017334910898916762,0.26190578354476296
2024,1,AMER ASSOC NEUROLOGICAL SURGEONS,52,0.056937617050199264,0.011041749411774578,0.24612560405572462
2024,1,AMER ECONOMIC ASSOC,24,0.0,0.0,0.622606977396628
2024,1,AMER INST AERONAUTICS ASTRONAUTICS,12,0.0,0.0,0.41371692245824365
2024,1,AMER COLL PHYSICIANS,51,0.10720813555351302,0.031986366623016356,0.30380869365452806
2024,1,AMER DIABETES ASSOC,47,0.053041490352408294,0.008159441987514202,0.27608302242836563
2024,1,AMER MATHEMATICAL SOC,25,0.07212455597010668,0.0028865135769290395,0.6760787912822216
2024,1,AMER METEOROLOGICAL SOC,83,0.0,0.0,0.07372795725593696
2024,1,"AMER OCCUPATIONAL THERAPY ASSOC, INC",24,0.09861462284469415,0.014864191741709177,0.4423568731574402
2024,1,"AMER PSYCHIATRIC PUBLISHING, INC",16,0.0,0.0,0.677942333623606
2024,1,AMER ROENTGEN RAY SOC,22,0.0,0.0,0.4717523236945685
2024,1,AMER PUBLIC HEALTH ASSOC INC,27,0.0384970515032402,5.9084231654039205e-06,0.9963278304553256
2024,1,AMER PSYCHOLOGICAL ASSOC,103,0.0,0.0,0.205567306348954
2024,1,AMER SOC NEURORADIOLOGY,28,0.0,0.0,0.3959200629416598
2024,1,AMER SOC PHARMACOLOGY EXPERIMENTAL THERAPEUTICS,17,0.0,0.0,0.19750431504840782
2024,1,ANNALS FAMILY MEDICINE,16,0.0,0.0,0.43079983451692866
2024,1,ASIAN-AUSTRALASIAN ASSOC ANIMAL PRODUCTION SOC,26,0.0,0.0,0.6036334136173227
2024,1,AMER SOC HEMATOLOGY,59,0.09958505802234295,0.01988442641597816,0.37614260307078223
2024,1,ACADEMIC PRESS LTD- ELSEVIER SCIENCE LTD,717,0.10645562664459553,0.07572617711050295,0.14766278759519355
2024,1,AMER SOC CLINICAL INVESTIGATION INC,90,0.20272093486812426,0.09913062065991106,0.37009087612501984
2024,1,AMER SPEECH-LANGUAGE-HEARING ASSOC,38,0.05676050032287911,0.003966065535711584,0.47627973252238587
2024,1,BIEMDAS ACAD PUBLISHERS INC,17,0.0,0.0,0.3689159598447094
2024,1,AMER ASSOC ADVANCEMENT SCIENCE,716,0.18405655485665423,0.1415827175532221,0.23577257597630094
2024,1,AMER SOC NEPHROLOGY,66,0.14337846498494974,0.05440053084466984,0.32748729308147156
2024,1,BIOSCIENTIFICA LTD,10,0.3071202653376912,0.048739735234872295,0.7931566551634548
2024,1,AMER THORACIC SOC,86,0.16980679643103913,0.05659027169667691,0.41087951288924135
2024,1,ASSOC INFORMATION SYSTEMS,26,0.15227523878705854,0.030542515597275548,0.5059707824642824
2024,1,ASSOC RESEARCH VISION OPHTHALMOLOGY INC,49,0.16029137898687368,0.05227108676901045,0.39783402260807194
2024,1,AMER ASSOC CANCER RESEARCH,552,0.18160782452120353,0.13776534517120154,0.23559048601867247
2024,1,ANNUAL REVIEWS,91,0.18188095027561157,0.08146988975175662,0.35783579482806316
2024,1,AMER PHYSIOLOGICAL SOC,125,0.14128072027802036,0.05845383390213414,0.30362384867919107
2024,1,ASSOC BRASILEIRA PSIQUIATRIA,72,0.18360182920742624,0.036092791257748086,0.574598077281385
2024,1,AMER SOC MICROBIOLOGY,148,0.17278398129813166,0.08770241514643312,0.3121620912556704
2024,1,AMER PHYTOPATHOLOGICAL SOC,90,0.03560520949087687,0.005991498620761017,0.18443058546365707
2024,1,ASCE-AMER SOC CIVIL ENGINEERS,79,0.14326409242126925,0.06182331908161724,0.2979200125080941
2024,1,BAISHIDENG PUBLISHING GROUP INC,74,0.09618570442827062,0.02307043224265009,0.3241371178136205
2024,1,AMER GEOPHYSICAL UNION,412,0.06057470243797998,0.030150779014575555,0.11796413921890254
2024,1,ASSOC COMPUTING MACHINERY,151,0.06190678759861115,0.020164677028947458,0.17465528971458028
2024,1,BRAZILIAN SOC UROL,18,0.1747249822636752,0.02704066974122496,0.6172739118647648
2024,1,BRITISH EDITORIAL SOC BONE & JOINT SURGERY,27,0.06637584941423094,0.0029924483942780434,0.6274248374129979
2024,1,C EJ PUBLISHING GROUP,19,0.20920810841569176,0.058947730059647645,0.5277058089352279
2024,1,"CAS, INST OPTICS & ELECTRONICS, ED OFF OPTO-ELECTRONIC JOURNALS",36,0.2276231176023254,0.0860564272389898,0.47981171068850464
2024,1,CANADIAN SCIENCE PUBLISHING,83,0.13399312156555138,0.04979272149925529,0.31358812259594054
2024,1,AIP Publishing,703,0.043011410176515726,0.02458094167219055,0.07420946501788175
2024,1,AMER MEDICAL ASSOC,525,0.054918392546720055,0.028162243297889675,0.10436493810349516
2024,1,CENTERS DISEASE CONTROL & PREVENTION,15,0.0,0.0,0.8205733080470655
2024,1,CHINA ELECTRIC POWER RESEARCH INST,29,0.0,0.0,0.46167065101758276
2024,1,"CHINA UNIV GEOSCIENCES, BEIJING",12,0.0,0.0,0.7559064919526891
2024,1,CMA-CANADIAN MEDICAL ASSOC,14,0.0,0.0,0.7771450288123024
2024,1,CHURCHILL LIVINGSTONE INC MEDICAL PUBLISHERS,41,0.0,0.0,0.1571488876587464
2024,1,CHINESE JOURNAL CANCER RESEARCH CO,44,0.049566147187911594,0.00042792909359502584,0.8639983755193685
2024,1,COLL FAMILY PHYSICIANS CANADA,11,0.0,0.0,0.9860825529980415
2024,1,CHINESE LASER PRESS,26,0.06308218570567645,0.008992227041343137,0.3331544029294926
2024,1,COLL AMER PATHOLOGISTS,17,0.0,0.0,0.5291906871590718
2024,1,COLEGIO OFICIAL PSICOLOGOS MADRID,11,0.026649734082766576,1.069533870935321e-08,0.9999857327295075
2024,1,"COLD SPRING HARBOR LAB PRESS, PUBLICATIONS DEPT",26,0.17092720593100014,0.033317463827572176,0.5522208865877478
2023,12,NATURE PORTFOLIO,3458,0.10524419612243692,0.08953460943223682,0.12333676523999756
2024,1,CRACOW UNIV ECONOMICS,11,0.05388403106223164,6.63502255500176e-05,0.9799531960323051
2024,1,COLEGIO OFICIAL DE PSICOLOGOS DE ASTURIAS,37,0.056543243159667085,0.007946162865406777,0.3095975593244232
2024,1,CURRENT MEDICINE GROUP,18,0.0,0.0,0.5055693569212142
2024,1,CURRENT BIOLOGY LTD,26,0.21982757099462907,0.045707115066110665,0.6237213325875838
2023,12,SPRINGER,3010,0.09012924540811466,0.07508386771677147,0.10783792761056137
2024,1,ACADEMIC PRESS INC ELSEVIER SCIENCE,1402,0.09701577101366386,0.07365002461053112,0.12677986571609265
2024,1,DUKE UNIV PRESS,15,0.0,0.0,0.5913826578183925
2024,1,CHINESE CHEMICAL SOC,33,0.07992682503601393,0.015068532177822995,0.330324027870947
2024,1,EDIZIONI MINERVA MEDICA,15,0.06801833924667533,0.0027800986385001065,0.6564273311821905
2024,1,COMPANY BIOLOGISTS LTD,49,0.07452937256565391,0.01578903322270343,0.28788188880531695
2024,1,EDUCATIONAL PUBLISHING FOUNDATION-AMERICAN PSYCHOLOGICAL ASSOC,43,0.015271498935670582,5.669250794711066e-09,0.9999764286140782
2024,1,CHURCHILL LIVINGSTONE,130,0.08121755321431634,0.02966274491038034,0.20357732734748082
2024,1,DOVE MEDICAL PRESS LTD,122,0.15219285727524492,0.07307556141714876,0.2901550188000987
2024,1,COPERNICUS GESELLSCHAFT MBH,166,0.039365101519031095,0.01462563120432615,0.10163546401985189
2024,1,AMER PHYSICAL SOC,864,0.0443396992065941,0.02716939451113648,0.07156293283961473
2023,12,ELSEVIER SCI LTD,6937,0.11809663575338383,0.1063469247442857,0.13095427987049565
2024,1,BMJ PUBLISHING GROUP,786,0.09211662476247587,0.06155803774954999,0.13565226665258867
2024,1,DE GRUYTER POLAND SP Z O O,532,0.09540900053844256,0.06106661469024801,0.1460603347235765
2024,1,ELSEVIER - DIVISION REED ELSEVIER INDIA PVT LTD,14,0.5569632747352833,0.22249024292633796,0.8466943616377922
2023,12,WILEY-V C H VERLAG GMBH,2099,0.12184307662135038,0.09963219936544344,0.14819044414516624
2023,11,ELSEVIER,13636,0.12760193988335963,0.11893703825654939,0.1368000899127303
2024,1,EDP SCIENCES S A,288,0.009034200961635052,0.0022584856106603506,0.035416269155211066
2024,1,ELSEVIER ESPANA,15,0.2691539166408427,0.08770113273737831,0.5852088999651541
2024,1,ELSEVIER ESPANA SLU,12,0.0,0.0,0.7398400162772872
2024,1,ELSEVIER ADVANCED TECHNOLOGY,112,0.20019309880378258,0.11415095596826601,0.327139563983948
2024,1,"ELSEVIER MASSON, CORP OFF",13,0.13497957646105024,0.02346772921134623,0.503280521048304
2024,1,ELSEVIER INC,120,0.271143172731324,0.16318275218578313,0.4150989669369408
2024,1,ELSEVIER GMBH,172,0.16302010090552607,0.09319617816627174,0.2696037971793428
2024,1,ELSEVIER FRANCE-EDITIONS SCIENTIFIQUES MEDICALES ELSEVIER,373,0.16323830238107742,0.1108753148274409,0.23382722362622446
2023,12,MDPI,6876,0.15169990257435517,0.1387323375704453,0.16564644762587016
2024,1,ELSEVIER SCIENCE LONDON,44,0.4615388299081062,0.2762255043616972,0.6581281931387468
2024,1,ELSEVIER SINGAPORE PTE LTD,19,0.0,0.0,0.44608985846188254
2024,1,ELSEVIER TAIWAN,37,0.0035809275765254166,1.9440535154618263e-19,0.9999999999999849
2024,1,CAMBRIDGE UNIV PRESS,1345,0.032077419694557706,0.019336187513380752,0.05276254928689612
2024,1,EUR CENTRE DIS PREVENTION & CONTROL,21,0.0,0.0,0.6307621687339983
2024,1,EUROPEAN MATHEMATICAL SOC-EMS,27,0.0,0.0,0.45464150362619604
2024,1,EXCERPTA MEDICA INC-ELSEVIER SCIENCE INC,16,0.0,0.0,0.4557310908281897
2024,1,FERRATA STORTI FOUNDATION,29,0.0,0.0,0.3264265978713951
2024,1,AMER INST MATHEMATICAL SCIENCES-AIMS,2104,0.06215933978411435,0.04559169425778564,0.08421628250325366
2024,1,FRANZ STEINER VERLAG GMBH,14,0.0,0.0,0.7968287646738682
2024,1,FOUNDATION REHABILITATION INFORMATION,17,0.29124165190202217,0.07666305256689969,0.6703684037441159
2024,1,EUROPEAN RESPIRATORY SOC JOURNALS LTD,87,0.0004422667013482711,0.0,0.11999919203395039
2024,1,ELSEVIER IRELAND LTD,556,0.1230177089848829,0.08577544161707404,0.17336364978504043
2024,1,ENDOCRINE SOC,69,0.046862218651219034,0.007321934155218031,0.2468351363528201
2024,1,GEOSCIENCEWORLD,19,0.1813143769185023,0.03461937171197327,0.5776597043920896
2024,1,FUTURE MEDICINE LTD,28,0.46635259737552215,0.17008978885133103,0.788416099898275
2024,1,GEORG THIEME VERLAG KG,88,0.0,0.0,0.2179403777900114
2024,1,"GEOLOGICAL SOC AMER, INC",36,0.03333896451152134,0.0011977808070038197,0.49796103530552105
2024,1,GLOBAL SCIENCE PRESS,24,0.06170406126273837,0.008593491241313533,0.3328524963333934
2024,1,HIGHER EDUCATION PRESS,55,0.07068944835680362,0.015385817600491337,0.2702233708366087
2024,1,HINDAWI LTD,112,0.10622142791834055,0.039972355838835426,0.25329971653020183
2024,1,HUMAN KINETICS PUBL INC,125,0.06202260800147199,0.019531541040923982,0.17998428893315538
2024,1,EMERALD GROUP PUBLISHING LTD,378,0.09019865478128286,0.05109538971504291,0.15435956724294678
2023,12,PERGAMON-ELSEVIER SCIENCE LTD,5462,0.12242558216936808,0.10905157942718628,0.13718720979146276
2024,1,BMC,2955,0.12260136136541264,0.10529573158998588,0.14229885497890377
2024,1,"INT PRESS BOSTON, INC",16,0.0,0.0,0.5950670965000061
2024,1,INT SCIENTIFIC RESEARCH PUBLICATIONS,17,0.0,0.0,0.34616371759363057
2024,1,IGI GLOBAL,28,0.4909470154750783,0.24695334477709202,0.7393313164210252
2024,1,INFORMS,50,0.0,0.0,0.2119492930293916
2024,1,"INST MATERIA MEDICA, CHINESE ACAD MEDICAL SCIENCES",18,0.4147312760537828,0.1508052218690237,0.7387378602958128
2024,1,INST MATHEMATICS & INFORMATICS,17,0.16396642408689655,0.02184497114664638,0.6326688150376295
2024,1,INT SOC GLOBAL HEALTH,20,0.0,0.0,0.6069227461332817
2024,1,INT SOC BAYESIAN ANALYSIS,33,0.0,0.0,0.41107239762832953
2024,1,INT UNION CRYSTALLOGRAPHY,31,0.0,0.0,0.19211964896207961
2024,1,INTER-RESEARCH,31,0.0,0.0,0.19873801988861042
2024,1,INT PRESS EDITING CENTRE INC,49,0.3557508223105898,0.19082510960896568,0.5638858147818001
2024,1,J A S S S,33,0.0,0.0,0.1866291708220901
2024,1,JAPAN EPIDEMIOLOGICAL ASSOC,49,0.0,0.0,0.41885531278819593
2024,1,Inst Navigation - ION,33,0.08392212524285743,0.0028365194872684986,0.7468557891512896
2024,1,JOHN WILEY & SONS INC,25,0.0,0.0,0.780823745402604
2023,11,LIPPINCOTT WILLIAMS & WILKINS,5555,0.10315512053253116,0.09171537357532045,0.11583977698810118
2024,1,JOHN BENJAMINS PUBLISHING CO,15,0.08428560334526414,0.0025335674818756327,0.7693426573428988
2024,1,JAPAN NEUROSURGICAL SOC,34,0.25331341805558516,0.07677619718456473,0.580527942302879
2024,1,JAPAN ACAD,23,0.040992143710062594,1.7370245230609705e-05,0.990582251150728
2024,1,INT SOC AGING & DISEASE,225,0.42834982204160665,0.3373488958437189,0.5244696542044809
2024,1,JOURNAL OF CENTRAL SOUTH UNIV,20,0.0,0.0,0.5188496237937001
2024,1,JAPAN PROSTHODONTIC SOC,51,0.274080104615716,0.08912944075708888,0.5929737823658148
2024,1,JOURNAL STATISTICAL SOFTWARE,20,0.12043849135716257,0.020960907714272496,0.46688449042568037
2024,1,JAPANESE SOC HYGIENE,75,0.07573638863724469,0.012683807974933618,0.3432570655808116
2024,1,KOREAN ACAD PROSTHODONTICS,33,0.14186458561574083,0.0010944339923404823,0.9614558775882294
2024,1,KOREAN SOC ANESTHESIOLOGISTS,12,0.0,0.0,0.8948634340727829
2024,1,KOREAN SOC HORTICULTURAL SCIENCE,19,0.0,0.0,0.552617996844551
2024,1,KOREAN DIABETES ASSOC,20,0.17869642843281683,0.04275475961856286,0.5145384919313508
2024,1,KOREAN FIBER SOC,15,0.1320336529334717,0.015561041409480208,0.5941406090922413
2024,1,JOURNAL MATER SCI TECHNOL,113,0.07025566600581677,0.02508223035423967,0.1816298566930625
2024,1,KOREAN SOC NEPHROLOGY,15,0.30215009842501117,0.07810315300650768,0.6887415829599116
2024,1,KOREAN INST METALS MATERIALS,25,0.14829859703159654,0.0307757672932755,0.4884400518773962
2024,1,KARGER,158,0.15466604705145276,0.07327089934439698,0.297458608229278
2024,1,KOREAN NUCLEAR SOC,38,0.0,0.0,0.1166574755742629
2024,1,KOREAN STROKE SOC,16,0.0,0.0,0.5061560452404716
2024,1,"JMIR PUBLICATIONS, INC",154,0.3200359783631437,0.2209907960869729,0.4384854333454116
2024,1,KOREAN SPINAL NEUROSURGERY SOC,15,0.2520374748645106,0.015531390143202688,0.8780067628173185
2024,1,KOREAN SOC GYNECOLOGY ONCOLOGY & COLPOSCOPY,70,0.27456552053125943,0.07375133393216367,0.6427412641845869
2024,1,FRONTIERS MEDIA SA,2058,0.1696682037243221,0.14505112985614463,0.19749801252289836
2024,1,LIFE SCIENCE ALLIANCE LLC,26,0.1048160694260299,0.00897416423892232,0.6022254697229473
2024,1,KOREAN SOC SEXUAL MEDICINE & ANDROLOGY,80,0.2725683587302933,0.08225982110540658,0.6103468344329502
2024,1,KOREAN SOCIETY OF RADIOLOGY,93,0.15694883250867542,0.03947049320784528,0.4575314960725422
2024,1,ELSEVIER SCIENCE SA,1960,0.11834443904737142,0.09816686012870281,0.14201628380478276
2024,1,KOREAN ACAD MEDICAL SCIENCES,227,0.26223061884034526,0.16183395024053326,0.3955197043686075
2024,1,MANAGED CARE & HEALTHCARE COMMUNICATIONS LLC,11,0.0,0.0,0.7249853885775972
2024,1,JOHN WILEY & SONS LTD,177,0.12740235757794277,0.07164171855809312,0.21644437826738339
2024,1,MASSACHUSETTS MEDICAL SOC,80,0.03505566921671956,0.0015012267083080592,0.4674720598772431
2024,1,IVYSPRING INT PUBL,832,0.3497225228209418,0.2934879898885832,0.41047194184522656
2024,1,AMER CHEMICAL SOC,4218,0.10618127719397116,0.09109338322890861,0.12342882953140813
2024,1,"MARY ANN LIEBERT, INC",149,0.06690973663196008,0.020585157094238717,0.19656077363486282
2024,1,KEAI PUBLISHING LTD,460,0.1444473135756644,0.10005736127386065,0.20406510561844649
2024,1,IEEE COMPUTER SOC,1868,0.13139963430483267,0.10976489003005065,0.15654873513237985
2024,1,MICH LAW REV ASSOC,29,0.0,0.0,0.5129820666849799
2024,1,MEDYCYNA PRAKTYCZNA SP K SP ZOO,35,0.010992022290564805,9.796204491909454e-08,0.9992075753230298
2024,1,MICROBIOLOGY SOC,23,0.07622806255250789,0.0038682234538163682,0.6368257001476435
2024,1,Medical Journal Sweden AB,12,0.0,0.0,0.5872726585347879
2024,1,NATL MED ASSOC,13,0.0,0.0,0.6656928875124486
2024,1,NATL ATHLETIC TRAINERS ASSOC INC,19,0.2665325173098215,0.07818683276907289,0.6088944074919694
2024,1,NEW YORK BUSINESS GLOBAL LLC,36,0.0,0.0,0.3915706628903604
2024,1,NATURE PUBL GROUP,20,0.3659998872463983,0.09274896875174449,0.7652516035354026
2024,1,OAE PUBLISHING INC,20,0.18938427887224227,0.04671679665986465,0.5269180455034741
2024,1,OCEANOGRAPHY SOC,18,0.14504719095554716,0.036279268427572946,0.4332952292318781
2024,1,NONFERROUS METALS SOC CHINA,43,0.09193446348690276,0.023993814571456735,0.2942547780298775
2024,1,ELSEVIER SCIENCE INC,2679,0.09289246780566131,0.0769948185091144,0.11167546091927669
2024,1,MOSBY-ELSEVIER,288,0.06751756909127496,0.035541927238858434,0.12454554952086527
2024,1,NATL ACAD SCIENCES,283,0.07570125252290864,0.040052972081056924,0.13849984345991695
2024,1,PALGRAVE MACMILLAN LTD,15,0.09036477557168966,0.008726874014853864,0.5285201630826243
2024,1,Optica Publishing Group,29,0.09951219079103564,0.024651853585849776,0.32577200659554056
2024,1,PEERJ INC,79,0.4393983889226808,0.2817985375534149,0.6102467816197961
2024,1,PROJECT HOPE,15,0.0,0.0,0.6314252866297883
2024,1,POLICY PRESS,26,0.0,0.0,0.25823190699466125
2024,1,POLISH CARDIAC SOC,10,0.33152475541049226,0.023550206766412753,0.910698611389867
2024,1,IOP Publishing Ltd,1114,0.03780757542693811,0.022671683114382148,0.06240316807149618
2024,1,ROCKEFELLER UNIV PRESS,49,0.15779730455945182,0.042684564189633414,0.4405024373443441
2024,1,RADIOLOGICAL SOC NORTH AMERICA (RSNA),47,0.05942504818056647,0.007804171035503201,0.33664331532134506
2024,1,ROY COLL PHYS LONDON EDITORIAL OFFICE,18,0.0,0.0,0.451654525587811
2024,1,ROYAL COLL GENERAL PRACTITIONERS,10,0.0,0.0,0.7134760615157332
2024,1,MIT PRESS,335,0.035281625726882704,0.015428250826801581,0.07864210297744735
2024,1,ROYAL SOC,223,0.049087271060208326,0.018486581397334247,0.1239446126097687
2024,1,Resilience Alliance,30,0.17884761625742288,0.06432015190959121,0.408311793447664
2024,1,OXFORD UNIV PRESS INC,989,0.11071347850039841,0.08301264517480433,0.14618432015890534
2024,1,SCIPOST FOUNDATION,39,0.0,0.0,0.3258813739802051
2024,1,SHANGHAI UNIV SPORT,12,0.19186354944788625,0.011532263655704355,0.8285114848962514
2024,1,SHANGHAI UNIV,10,0.031383766075057176,5.749781840470186e-06,0.9945527780676227
2024,1,SHANGHAI JIAO TONG UNIV PRESS,39,0.2563671926634905,0.10323788511542466,0.5079697034273561
2024,1,SOC VAUDOISE SCIENCES NATURELLES,17,0.0,0.0,0.6548131172337751
2024,1,SOC NUCLEAR MEDICINE INC,31,0.0,0.0,0.4213439422819015
2024,1,SOC NEUROSCIENCE,47,0.0,0.0,0.20748530746291383
2024,1,SIAM PUBLICATIONS,146,0.0,0.0,0.15347496606285532
2024,1,SOC BRASILEIRA ICTIOLOGIA,63,0.00794699492878462,1.4507738145743282e-09,0.9999773924358072
2024,1,SPANDIDOS PUBL LTD,24,0.3432272032643519,0.12913320561751837,0.6481126744523567
2024,1,SOC PETROLEUM ENG,32,0.02231947987704078,0.00026993004399648277,0.6587281441377432
2024,1,SOC EXPLORATION GEOPHYSICISTS - SEG,45,0.04507596889036967,0.002686363440455737,0.4527196468522102
2024,1,SCIENCE PRESS,338,0.1548494521060217,0.1010869252932395,0.22989268407034794
2024,1,SPRINGER FRANCE,18,0.0,0.0,0.497354031020095
2024,1,SPRINGER JAPAN KK,47,0.0,0.0,0.288178786579136
2024,1,SPRINGER SINGAPORE PTE LTD,49,0.1679655482905521,0.06128205014361903,0.38433182409815986
2024,1,TAYLOR & FRANCIS AS,10,0.0,0.0,1.0
2024,1,SPRINGER-VERLAG ITALIA SRL,57,0.04988162987976428,0.008719741589610797,0.2385837350417013
2024,1,"Steklov Mathematical Inst, Russian Acad Sciences",23,0.0,0.0,0.4849438760562277
2024,1,SPRINGER LONDON LTD,78,0.07264747619905372,0.022292119112050608,0.21207673598343224
2024,1,SPRINGER INT PUBL AG,192,0.15217458307496098,0.08530933279232515,0.25673837583478193
2024,1,STATE GRID ELECTRIC POWER RESEARCH INST,85,0.23642702528784626,0.10667780694737893,0.4453185718586214
2024,1,"ROUTLEDGE JOURNALS, TAYLOR & FRANCIS LTD",1214,0.08610753419092829,0.05926473894400478,0.12351199475715842
2023,12,ELSEVIER,13075,0.13282917073382072,0.1239123582477009,0.14228343225806842
2024,1,SPRINGER WIEN,138,0.122939617417867,0.06544566677352634,0.21910056354531798
2024,1,"UNIV BELGRADE, FAC ELECTRICAL ENGINEERING",26,0.0,0.0,0.5320150371807995
2024,1,UNIV CHICAGO PRESS,18,0.0,0.0,0.34282653085548775
2024,1,UNIV NEWCASTLE,12,0.0,0.0,0.525926881594595
2024,1,CELL PRESS,2459,0.18279580034881845,0.1576958439831644,0.21089057626519225
2024,1,UBIQUITY PRESS LTD,57,0.13098592284534882,0.02564128768054722,0.4633251701888921
2024,1,SPRINGER/PLENUM PUBLISHERS,189,0.1353380058621216,0.0779564458046713,0.22466507246154288
2024,1,US DEPT HEALTH HUMAN SCIENCES PUBLIC HEALTH SCIENCE,15,0.0,0.0,0.6427375166674645
2024,1,VEREIN FORDERUNG OPEN ACCESS PUBLIZIERENS QUANTENWISSENSCHAF,23,0.0,0.0,0.47241786892285975
2024,1,TERMEDIA PUBLISHING HOUSE LTD,59,0.09193016357482431,0.0156461351513023,0.39202154112466014
2024,1,"VILNIUS UNIV, INST MATHEMATICS & INFORMATICS",10,0.19274212984509578,0.004866552914246904,0.9209926393593068
2024,1,"UNIV AGRICULTURE, FAC VETERINARY SCIENCE",30,0.07918586585742593,0.012218695683846318,0.3741563873552701
2024,1,TSINGHUA UNIV PRESS,113,0.14178575771650206,0.06669033361313906,0.2763986991860771
2024,1,WAGENINGEN ACADEMIC PUBLISHERS,15,0.1086992456025719,0.006708823188025945,0.6877038094319484
2024,1,"UNIV SZEGED, BOLYAI INSTITUTE",81,0.20580052898441123,0.1022561648295138,0.37087827825446346
2024,1,"UNIV KRAGUJEVAC, FAC SCIENCE",108,0.01293808814498269,0.0002060604567977566,0.4546302391178605
2024,1,PUBLIC LIBRARY SCIENCE,1343,0.07943310280297437,0.06028446509941841,0.10399099112174408
2024,1,TAYLOR & FRANCIS INC,398,0.1483372942236859,0.09866372688569265,0.2169987507368797
2024,1,W B SAUNDERS CO LTD,90,0.04529670022578616,0.008732840327604076,0.20351972525592463
2024,1,SPRINGER BASEL AG,284,0.09741031468740469,0.055498190353361065,0.16543051883678395
2024,1,W B SAUNDERS CO-ELSEVIER INC,272,0.17313629264934882,0.11517695470518316,0.251956711548728
2024,1,WALTER DE GRUYTER GMBH,216,0.06365639838510663,0.02546125061514887,0.15031165993731388
2024,1,"WILEY PERIODICALS, INC",14,0.20748892684244236,0.01668209650002217,0.8016023611076314
2024,1,SAGE PUBLICATIONS LTD,917,0.06928984915932943,0.0466757485866361,0.10169161262618859
2024,1,TAYLOR & FRANCIS LTD,858,0.1393835668888172,0.10095046927277829,0.18936669468184142
2024,2,ACAD MANAGEMENT,13,0.0,0.0,0.7006908973928309
2024,2,ACAD MEDICINE SINGAPORE,11,0.0,0.0,0.8018880517516098
2024,1,UNIV CALIFORNIA PRESS,256,0.03536084705217024,0.01446519305466394,0.08387243167492067
2024,1,ZHEJIANG UNIV PRESS,59,0.10681350007198123,0.022364183455659034,0.38467644304137366
2024,1,SPRINGER HEIDELBERG,848,0.08568045729732697,0.05970074424223031,0.12150476355763357
2024,1,YONSEI UNIV COLL MEDICINE,87,0.16231223616268803,0.03122772696847032,0.5380453306459888
2024,2,ACOUSTICAL SOC AMER AMER INST PHYSICS,66,0.0,0.0,0.1297269370485341
2024,2,ACTA DERMATO-VENEREOLOGICA,21,0.07507563947671377,0.000432549721592032,0.9383673055038184
2024,1,WOLTERS KLUWER MEDKNOW PUBLICATIONS,117,0.140709536038489,0.05969532414892557,0.29694915470829025
2024,2,AME PUBLISHING COMPANY,19,0.0,0.0,0.9334391224657594
2024,2,AMER ACAD PEDIATRICS,57,0.0,0.0,0.13642369964358808
2024,2,AMER ACAD SLEEP MEDICINE,25,0.0,0.0,0.6700002532219955
2024,2,AMER ACCOUNTING ASSOC,11,0.0,0.0,0.741775955474631
2024,2,ADIS INT LTD,88,0.06974444117992054,0.022326476668828532,0.19752417968455324
2024,2,AMER ASSOC NEUROLOGICAL SURGEONS,39,0.11660411777159671,0.03235892105674806,0.3425375836773285
2024,1,WORLD SCIENTIFIC PUBL CO PTE LTD,272,0.10413378916031639,0.05746104262674767,0.18141959110782788
2024,2,AMER ECONOMIC ASSOC,27,0.0,0.0,0.47029074204165433
2024,2,AMER COLL PHYSICIANS,37,0.1298451254293533,0.024354864323500168,0.47145848707766014
2024,1,eLIFE SCIENCES PUBL LTD,251,0.06224485977237341,0.028907809892996166,0.12892286922364182
2024,2,AMER DIABETES ASSOC,43,0.2132457702755984,0.06640105313106637,0.5080975207273997
2024,2,AMER INST AERONAUTICS ASTRONAUTICS,11,0.0,0.0,0.8255997408430378
2024,2,AMER ASSOC ADVANCEMENT SCIENCE,344,0.08070550902694255,0.03624914383697429,0.17006279233184787
2024,2,AMER MATHEMATICAL SOC,41,0.23225048368510995,0.09937687353407536,0.4533543647428744
2024,2,"AMER OCCUPATIONAL THERAPY ASSOC, INC",20,0.21900442457162334,0.05059412553782375,0.5960529781596062
2024,1,WILEY-HINDAWI,632,0.20001226728968097,0.15599523061035953,0.2527304093514938
2024,2,"AMER PSYCHIATRIC PUBLISHING, INC",23,0.0,0.0,0.3386940685369275
2024,2,AMER ROENTGEN RAY SOC,22,0.0,0.0,0.7803910601719684
2024,1,SAGE PUBLICATIONS INC,2014,0.11385661831749815,0.0931787170568585,0.13842283031973066
2024,2,AMER PUBLIC HEALTH ASSOC INC,32,0.017173252222978032,1.3621887035066294e-08,0.9999553864541182
2024,2,AMER SOC HEMATOLOGY,28,0.0,0.0,0.3295415509057358
2024,2,AMER PHYSIOLOGICAL SOC,134,0.0,0.0,0.1336420730234107
2024,2,AMER SOC NEURORADIOLOGY,25,0.0,0.0,0.27935146635180197
2024,2,AMER SPEECH-LANGUAGE-HEARING ASSOC,53,0.0,0.0,0.21778801471804482
2024,2,AMER METEOROLOGICAL SOC,63,0.03458536286356198,0.005828559379138952,0.17959195674608955
2024,2,AMER SOC PHARMACOLOGY EXPERIMENTAL THERAPEUTICS,17,0.05296428842109639,0.0021803790018424377,0.5887101994696594
2024,2,AMER THORACIC SOC,83,0.003670290618952323,1.4149280868412816e-34,1.0
2024,2,ASIAN-AUSTRALASIAN ASSOC ANIMAL PRODUCTION SOC,21,0.0,0.0,0.37308315742880116
2024,2,AMER PSYCHOLOGICAL ASSOC,142,0.0,0.0,0.1024287501526646
2024,2,AMER SOC CLINICAL INVESTIGATION INC,91,0.2608363890204021,0.1401157947944254,0.4331714333266654
2024,2,AMER SOC NEPHROLOGY,59,0.20319804229593347,0.0918430827288443,0.3913801577038536
2024,2,AMER PHYTOPATHOLOGICAL SOC,90,0.07739319375937934,0.02493017951640665,0.21582257666471097
2024,2,ANNUAL REVIEWS,92,0.06719592080095935,0.01073336713283542,0.32353821721148285
2024,2,ASSOC RESEARCH VISION OPHTHALMOLOGY INC,42,0.14588497982895574,0.04322869150996505,0.3923523821072083
2024,2,ASCE-AMER SOC CIVIL ENGINEERS,66,0.1703589400588978,0.06650522104259171,0.3717968172497302
2024,2,BAISHIDENG PUBLISHING GROUP INC,73,0.34791709289893646,0.18981488081445227,0.5485462038259328
2023,12,OXFORD UNIV PRESS,5552,0.06729242691759031,0.05746211044000653,0.07866410630281348
2024,2,AMER SOC MICROBIOLOGY,201,0.17518629778887268,0.10591135587949696,0.27579578963053947
2024,1,LIPPINCOTT WILLIAMS & WILKINS,2997,0.06486141411083714,0.053072669066410144,0.07905012935806863
2024,2,AMER ASSOC CANCER RESEARCH,384,0.13170750693355868,0.0920476002111505,0.18497412195749424
2024,2,BRITISH EDITORIAL SOC BONE & JOINT SURGERY,29,0.0,0.0,0.38585057592232264
2024,2,CANADIAN OPHTHAL SOC,11,0.0,0.0,0.6950602390381478
2024,2,ASSOC COMPUTING MACHINERY,158,0.07333592336811041,0.03018246227900348,0.16753007848685467
2024,2,C EJ PUBLISHING GROUP,22,0.20281456535231732,0.05349975997929975,0.5338241620188471
2024,1,SPRINGERNATURE,1599,0.15083508351218963,0.1257196963070484,0.17993522093215683
2024,2,ACADEMIC PRESS LTD- ELSEVIER SCIENCE LTD,754,0.09242166267739903,0.06411700299126405,0.13146627080234446
2024,2,CHINA ANTI-CANCER ASSOC,20,0.48625989271693143,0.10822252737514423,0.8807002971768876
2024,2,"CHINA UNIV GEOSCIENCES, BEIJING",14,0.0,0.0,0.6143434712448721
2024,2,CHINESE LASER PRESS,16,0.22104754635236173,0.04219445306191745,0.6463907331754335
2024,2,"CHINA UNIV GEOSCIENCES, WUHAN",22,0.14963910274427766,0.03478476273338674,0.4621482642548019
2024,2,CMA-CANADIAN MEDICAL ASSOC,23,0.3497648983715691,0.07118050905492383,0.7906006566060416
2024,2,COGITATIO PRESS,26,0.0,0.0,0.26108551615586084
2024,2,CHINESE CHEMICAL SOC,25,0.024236297331376288,1.1351458351577272e-05,0.9819326251999484
2024,2,CENTERS DISEASE CONTROL & PREVENTION,45,0.05590996994468574,0.0077776565192051,0.3091138303487231
2024,2,AMER MEDICAL ASSOC,519,0.04545681158044604,0.021253127784834576,0.09456128570653381
2024,2,CHURCHILL LIVINGSTONE INC MEDICAL PUBLISHERS,77,0.0,0.0,0.08713366301537033
2024,2,"COLD SPRING HARBOR LAB PRESS, PUBLICATIONS DEPT",31,0.008046456884375027,1.0016204765443061e-11,0.9999998477783527
2024,2,COLL AMER PATHOLOGISTS,14,0.1116666663771219,0.015781998711517992,0.49633002458251974
2024,2,CURRENT BIOLOGY LTD,29,0.0,0.0,0.4318534500550289
2024,2,DE GRUYTER POLAND SP Z O O,15,0.0,0.0,0.6314999695657683
2024,2,DEUTSCHER AERZTE-VERLAG GMBH,13,0.0,0.0,1.0
2024,2,COMPANY BIOLOGISTS LTD,43,0.3092597558694149,0.14783629410077864,0.5360643980774737
2024,2,DUKE UNIV PRESS,28,0.0,0.0,0.41432961207178476
2024,2,EDIZIONI MINERVA MEDICA,12,0.0,0.0,1.0
2024,2,EDITURA ASE,19,0.0,0.0,0.5843002757488845
2024,2,EDUCATIONAL PUBLISHING FOUNDATION-AMERICAN PSYCHOLOGICAL ASSOC,45,0.0253356371246303,8.283808531173366e-06,0.9878887710891997
2024,2,CHURCHILL LIVINGSTONE,120,0.19970184937208912,0.11402340733655214,0.32606631949719744
2024,2,DOVE MEDICAL PRESS LTD,141,0.2896511563963449,0.18849076824239594,0.41719205078086524
2024,2,AIP Publishing,691,0.03169988858210965,0.01609376313428344,0.06149345864622487
2024,2,AMER GEOPHYSICAL UNION,452,0.031173205301278765,0.012792602196696173,0.07398413015014615
2024,1,ELSEVIER SCI LTD,6684,0.12384893895556048,0.11174580532404763,0.13706068308821728
2024,2,CAMBRIDGE UNIV PRESS,493,0.035942264634331964,0.014596155310761435,0.08578816950871844
2024,2,COPERNICUS GESELLSCHAFT MBH,192,0.025211349432236106,0.006572546536343183,0.09182161069431137
2024,2,BMJ PUBLISHING GROUP,771,0.08603351554676025,0.057877867602341475,0.12605335332510523
2024,2,EDP SCIENCES S A,203,0.02733791428672251,0.00901275101376348,0.07991789855348215
2024,2,AMER PHYSICAL SOC,909,0.042087988024271175,0.024931647350053363,0.07020024157295786
2024,1,WILEY-V C H VERLAG GMBH,2006,0.142699041054293,0.11878897157588557,0.17049065348226786
2024,2,ELSEVIER - DIVISION REED ELSEVIER INDIA PVT LTD,18,0.37109920642082234,0.10403043661759287,0.7499254520802747
2024,2,ELSEVIER ESPANA,18,0.0,0.0,0.7386328139792602
2024,2,ELSEVIER INC,42,0.08030361302827439,0.00992933687324869,0.4318823405417022
2024,2,ELSEVIER ADVANCED TECHNOLOGY,112,0.25341813981161454,0.14935438193485875,0.3962164524570946
2024,2,"ELSEVIER MASSON, CORP OFF",29,0.06876220268429373,0.010026118871549286,0.34995524980756304
2024,2,ELSEVIER GMBH,211,0.21909056064933924,0.1436890299205571,0.31930536274798055
2024,2,ELSEVIER FRANCE-EDITIONS SCIENTIFIQUES MEDICALES ELSEVIER,432,0.22793695765134905,0.1701617538794366,0.2982776774641315
2024,2,ELSEVIER SCIENCE LONDON,57,0.529586983262967,0.34792869670780596,0.7037311487011837
2024,1,SPRINGER,3592,0.09081983552829864,0.07702928223501897,0.10679364149532049
2024,2,ELSEVIER TAIWAN,52,0.37510145778203924,0.18474233779456403,0.6139049683472989
2024,2,ELSEVIER SINGAPORE PTE LTD,26,0.08654016548104555,0.012132456359141622,0.42223697131068905
2024,2,EUR CENTRE DIS PREVENTION & CONTROL,24,0.05317250262093309,0.0008016499781186338,0.7972000232189875
2024,2,EUROPEAN MATHEMATICAL SOC-EMS,47,0.0,0.0,0.31258492257291104
2024,2,EXCERPTA MEDICA INC-ELSEVIER SCIENCE INC,33,0.0,0.0,0.31116931029317046
2024,2,ACADEMIC PRESS INC ELSEVIER SCIENCE,1469,0.12452607540182276,0.10084055371483736,0.152829289142891
2024,2,FOUNDATION REHABILITATION INFORMATION,12,0.10402336772454901,0.011659188857174143,0.5332845622220462
2024,1,NATURE PORTFOLIO,5096,0.11594167066769946,0.10249429174013892,0.13089604759328086
2024,2,EUROPEAN RESPIRATORY SOC JOURNALS LTD,69,0.07352317103000368,0.01481337960088941,0.2951967569985794
2024,2,ENDOCRINE SOC,54,0.057723273409747373,0.00912717871839746,0.2894724597079107
2024,2,FERRATA STORTI FOUNDATION,61,0.09779937847819238,0.015853750210369624,0.42178039494829234
2024,1,PERGAMON-ELSEVIER SCIENCE LTD,5246,0.13023712504687807,0.11645322014831103,0.14538409183302758
2024,2,FUTURE MEDICINE LTD,11,0.13568515940404788,2.7715528453676175e-05,0.9988766210266554
2024,2,"GEOLOGICAL SOC AMER, INC",49,0.0,0.0,0.357929867607308
2024,2,GEOSCIENCEWORLD,11,0.0,0.0,0.7676079335490023
2024,2,HANLEY & BELFUS-ELSEVIER INC,21,0.03473325146910075,4.836352560247116e-05,0.9639906254551082
2024,2,HINDAWI LTD,27,0.0,0.0,0.4433761979933707
2024,2,HARBORSIDE PRESS,16,0.15166599945108963,0.022080400853509437,0.5860232592396396
2024,2,HIGHER EDUCATION PRESS,22,0.18935791951877934,0.05597056156900233,0.4792509702437232
2024,2,HUMAN KINETICS PUBL INC,12,0.21819737508985607,0.034663487097342856,0.6844687655881184
2024,2,ELSEVIER IRELAND LTD,745,0.19480667208107555,0.1541377898851234,0.24312176140288064
2024,2,GEORG THIEME VERLAG KG,82,0.07108667070113835,0.00884468532279204,0.39623521305651604
2024,2,EMERALD GROUP PUBLISHING LTD,317,0.1364623149232904,0.08857489355974546,0.20443262007706603
2024,2,IGI GLOBAL,21,0.2950533178581435,0.06974162487202525,0.7003012599958295
2024,2,INT SCIENTIFIC RESEARCH PUBLICATIONS,11,0.0,0.0,0.6165931820365174
2024,2,INTER-RESEARCH,29,0.0,0.0,0.3869603709725951
2024,2,"INST MATERIA MEDICA, CHINESE ACAD MEDICAL SCIENCES",26,0.29370543778158725,0.07717239523432752,0.6740346808928387
2024,2,INST MATHEMATICAL STATISTICS-IMS,22,0.06509577254863191,0.009116018599252583,0.3451098668678437
2024,2,INT UNION CRYSTALLOGRAPHY,30,0.09630655683903992,0.01462195531041255,0.433543932302483
2024,2,INT SOC GLOBAL HEALTH,34,0.21143937539466015,0.06414816784647949,0.51192765873632
2024,2,IRCA-BSSA,10,0.28023588820396267,0.034842593208277636,0.8076585126012533
2024,2,JAPANESE SOC ALLERGOLOGY,10,0.1033140091754899,0.0031297277997110696,0.8087346453287945
2024,2,JOHN WILEY & SONS INC,23,0.0,0.0,0.5330779748704568
2024,2,BMC,2390,0.14021136028301695,0.11980254660531563,0.16345127098007678
2024,2,KARGER,10,0.0,0.0,0.578702743329795
2024,2,INFORMS,67,0.0532975181721643,0.008254767492715007,0.2757753848004879
2024,2,JOHN BENJAMINS PUBLISHING CO,26,0.060378882977991516,0.0005216006632301971,0.8877948633702185
2024,2,JOURNAL OF CENTRAL SOUTH UNIV,24,0.0,0.0,0.30476782329180385
2024,2,KERMAN UNIV MEDICAL SCIENCES,11,0.07934712364262642,0.003046959151620768,0.7084892155695459
2024,2,KOREAN DIABETES ASSOC,20,0.3915184331956028,0.1538880121889635,0.6947791764906466
2024,2,KOREAN INST METALS MATERIALS,21,0.195274906651275,0.04636611582724307,0.5477357042615926
2024,2,JOURNAL MATER SCI TECHNOL,57,0.11562081947345418,0.036404946389287915,0.3114877164741476
2024,2,KOREAN SOC PEDIATRIC ENDOCRINOLOGY,11,0.0,0.0,0.8261438361088553
2024,2,KOREAN FIBER SOC,29,0.10191072521899304,0.01806237711553319,0.4117712419200469
2024,2,KOREAN SOCIETY ANIMAL SCIENCE & TECHNOLOGY,21,0.2034080164920948,0.04580929877403984,0.5759376772000023
2024,2,LIFE SCIENCE ALLIANCE LLC,25,0.16004184094978557,0.02943532246380949,0.5448414612435241
2024,2,KOREAN SOC NEPHROLOGY,18,0.21915489559153256,0.042482393988190544,0.639699080183634
2024,2,KOREAN NUCLEAR SOC,59,0.13785321749837343,0.038758095705058955,0.3880335451745067
2024,2,"JMIR PUBLICATIONS, INC",141,0.11334979976211589,0.045510661847030946,0.255267322067641
2024,2,IEEE COMPUTER SOC,267,0.06485236724027137,0.03200415363708952,0.12699208084501354
2024,2,JOHN WILEY & SONS LTD,150,0.2535321853826159,0.1592664212382063,0.378474784634987
2024,2,MAGNOLIA PRESS,11,0.0,0.0,0.8941306014996871
2024,2,MANAGED CARE & HEALTHCARE COMMUNICATIONS LLC,11,0.1819448032550545,0.025142906826253135,0.6572948328714089
2024,2,MASSACHUSETTS MEDICAL SOC,63,0.0,0.0,0.42638561561759275
2024,2,"MARY ANN LIEBERT, INC",184,0.16153753262694553,0.08043900221299842,0.297910582926435
2024,2,CELL PRESS,3070,0.19172103093483978,0.16913938317636837,0.2165318282607355
2024,2,KEAI PUBLISHING LTD,345,0.1750220496617472,0.11986676689270394,0.2483938342848244
2024,2,MIT PRESS,31,0.0,0.0,0.5038285862020652
2024,1,MDPI,6854,0.15684147014948358,0.14362944665487812,0.17102611176493568
2024,2,MICROBIOLOGY SOC,21,0.08433948277186876,0.011836669392007301,0.4146086773490058
2024,2,NATL MED ASSOC,12,0.011214665326995617,1.0397305288695404e-15,0.9999999999919174
2024,2,NONFERROUS METALS SOC CHINA,19,0.0,0.0,0.2656667257402885
2024,2,NORTHEAST FORESTRY UNIV,14,0.09114530353044306,0.012533356434290637,0.4420832857327466
2024,2,FRONTIERS MEDIA SA,1671,0.17020495190404794,0.14351192038613927,0.20069944308513257
2024,2,Optica Publishing Group,22,0.0,0.0,0.2899842089378096
2024,2,PALGRAVE MACMILLAN LTD,13,0.0,0.0,0.6610797047688537
2024,2,NATL ACAD SCIENCES,278,0.10127316995457063,0.05746328540515494,0.1723751771464318
2024,2,PEERJ INC,62,0.29723270818009584,0.1647977040167629,0.4755032217920849
2024,2,PROJECT HOPE,19,0.0,0.0,0.7672077533488859
2024,2,PORTLAND PRESS LTD,14,0.48394473074300937,0.14557704361948062,0.837702853394283
2024,1,OXFORD UNIV PRESS,5301,0.08258646549109967,0.07224589113496016,0.09425672104590598
2024,2,MOSBY-ELSEVIER,348,0.04311793744569012,0.01901098660375557,0.09483850277003207
2024,2,RADIOLOGICAL SOC NORTH AMERICA (RSNA),54,0.043912569440702424,0.001301852334096042,0.6180706026401926
2024,2,ROCKEFELLER UNIV PRESS,47,0.2609437053725085,0.11127736380605067,0.4989051357489351
2024,2,ROYAL COLL GENERAL PRACTITIONERS,18,0.11565308429331954,0.016410795181641933,0.506189743929232
2024,2,SCIPOST FOUNDATION,23,0.0,0.0,0.5154666849054327
2024,2,SHANGHAI JIAO TONG UNIV PRESS,39,0.31617353963237466,0.13680983346169073,0.5742511608488551
2024,2,SOC PETROLEUM ENG,36,0.0,0.0,0.32787260805823265
2024,2,SPIE-SOC PHOTO-OPTICAL INSTRUMENTATION ENGINEERS,14,0.35238724128622073,0.1178768790196668,0.689025311974801
2024,2,SOC EXPLORATION GEOPHYSICISTS - SEG,25,0.15437225875026506,0.038929065803487976,0.45137478755922433
2024,2,SPANDIDOS PUBL LTD,22,0.1285826574365025,0.024315730132005605,0.46628061586715625
2024,2,SOC NUCLEAR MEDICINE INC,33,0.09013712635143567,0.013193747459669588,0.4233117684291562
2024,2,SOC NEUROSCIENCE,58,0.19496222998695062,0.08348169645348888,0.3916904403359676
2024,2,OXFORD UNIV PRESS INC,644,0.12270658253867944,0.0858266576590924,0.1724445377917996
2024,2,SIAM PUBLICATIONS,89,0.018000000062359345,0.002544843909829505,0.11636613726187092
2024,2,SCIENCE PRESS,213,0.12175589467803638,0.0660394371898484,0.2137226094169146
2024,2,ELSEVIER SCIENCE SA,2050,0.17351193496229436,0.1500026551475719,0.1998394741438882
2024,2,SPRINGER FRANCE,13,0.0,0.0,0.5713246923402453
2024,2,ROYAL SOC,176,0.025455505568094488,0.00488002338979784,0.12213530804193612
2024,2,SPRINGER JAPAN KK,41,0.0,0.0,0.13394846377348954
2024,2,SPRINGER LONDON LTD,42,0.0,0.0,0.23734601120801999
2024,2,SPRINGER SINGAPORE PTE LTD,34,0.07772158128500517,0.0057928465641888666,0.5493125299950419
2024,2,TAYLOR & FRANCIS AS,11,0.44127756415483477,0.06574924587915325,0.898615880051108
2023,12,WILEY,11290,0.07142340743970381,0.06490335352647905,0.0785434362558401
2024,2,SPRINGER BASEL AG,166,0.13625719032394717,0.07209543609249494,0.24259154277938777
2024,2,IOP Publishing Ltd,996,0.037057065230177356,0.02157602517820282,0.06293147870378903
2024,2,TERMEDIA PUBLISHING HOUSE LTD,13,0.0,0.0,0.8236411050724844
2024,2,US DEPT HEALTH HUMAN SCIENCES PUBLIC HEALTH SCIENCE,14,0.0,0.0,0.961569451491097
2024,2,THIEME MEDICAL PUBL INC,15,0.0389151761621833,0.00016903259010379423,0.9065223441474458
2024,2,SPRINGER-VERLAG ITALIA SRL,87,0.06295273753659358,0.016126190929347303,0.21591273192292815
2024,2,VILNIUS GEDIMINAS TECH UNIV,25,0.09807946919075797,0.011441068466483078,0.5053853351302438
2024,2,SPRINGER WIEN,134,0.1265795044208514,0.06337273520389257,0.23688366687702778
2024,2,UNIV CHICAGO PRESS,44,0.08915170563010183,0.018413374214974666,0.3380534590490655
2024,2,AMER CHEMICAL SOC,4325,0.1191728653774316,0.10376448124578648,0.13652076781068845
2024,2,VEREIN FORDERUNG OPEN ACCESS PUBLIZIERENS QUANTENWISSENSCHAF,35,0.0356280007714765,0.004881342506604273,0.21767812317388763
2024,2,SPRINGER INT PUBL AG,198,0.09524610953984834,0.04849864078736901,0.17859549448861328
2024,2,TSINGHUA UNIV PRESS,116,0.10359498470251335,0.04123374954034013,0.23696044927339946
2024,2,SPRINGER/PLENUM PUBLISHERS,184,0.04691554612552825,0.015126773942230417,0.13626526916365855
2024,2,IEEE-INST ELECTRICAL ELECTRONICS ENGINEERS INC,2468,0.12581582925419058,0.10588103199734566,0.14887891187150915
2024,2,WALTER DE GRUYTER GMBH,134,0.08656683778776114,0.03364253695455653,0.20507952684924496
2024,2,W B SAUNDERS CO LTD,113,0.0343447493366767,0.006600546845695368,0.15993186449582436
2024,2,ELSEVIER SCIENCE INC,2471,0.11238313510034394,0.09425024362183317,0.13349047576157616
2024,2,TAYLOR & FRANCIS INC,433,0.12927495852299772,0.08372780017239842,0.19434402980068824
2024,2,W B SAUNDERS CO-ELSEVIER INC,290,0.11604294066303872,0.06969192079112203,0.1870239497615824
2024,2,SAGE PUBLICATIONS LTD,581,0.07702507938231333,0.048733082996564994,0.11967563406947983
2024,2,SAGE PUBLICATIONS INC,764,0.06450238932349056,0.03927453554103188,0.10417804119137569
2024,2,SPRINGER HEIDELBERG,779,0.09476205063481502,0.06675049693764266,0.13285512753361817
2024,2,WILEY-HINDAWI,82,0.21106904922974773,0.10313830781945182,0.38363300675834133
2024,2,WROCLAW MEDICAL UNIV,13,0.0,0.0,0.5006271273648967
2024,2,TAYLOR & FRANCIS LTD,876,0.13519909263538982,0.09630700068671609,0.18655487471572568
2024,2,ZHEJIANG UNIV PRESS,23,0.13633808775787298,0.030388501914279522,0.44293568285163515
2024,3,ACAD MEDICINE SINGAPORE,22,0.0,0.0,0.3780355357028664
2024,2,WOLTERS KLUWER MEDKNOW PUBLICATIONS,31,0.09059823270822087,0.02084358053486826,0.3179824571368188
2024,2,"ROUTLEDGE JOURNALS, TAYLOR & FRANCIS LTD",1137,0.05121832687621198,0.030171164295774617,0.0856511406527813
2024,2,WORLD SCIENTIFIC PUBL CO PTE LTD,48,0.011661248130726462,5.5569371679519914e-05,0.7146984948073187
2024,3,"ADAM MICKIEWICZ UNIV, KALISZ",10,0.0,0.0,0.8012083163206608
2024,3,ACTA DERMATO-VENEREOLOGICA,15,0.0,0.0,0.9961618287155622
2024,2,LIPPINCOTT WILLIAMS & WILKINS,2533,0.10967727218305293,0.09162878698010676,0.13076904974581333
2024,3,AME PUBLISHING COMPANY,29,0.0,0.0,0.5493910551167562
2024,3,AMER ACAD SLEEP MEDICINE,22,0.18059940470134547,0.009792060512361872,0.8308635170721982
2024,3,AMER ACAD PEDIATRICS,38,0.05063544268709279,0.0072517529721698734,0.2802850089580867
2024,2,eLIFE SCIENCES PUBL LTD,207,0.06573226273636776,0.02778750711044945,0.14762409163341897
2024,3,ADIS INT LTD,103,0.05859471588035803,0.017422312819805216,0.17930978439256554
2024,2,PUBLIC LIBRARY SCIENCE,1445,0.09378893256987801,0.0722661570154282,0.12088651157949136
2024,2,OXFORD UNIV PRESS,2307,0.0867533436426281,0.07055187033287774,0.10625000121268112
2024,2,SPRINGERNATURE,1286,0.16450197333599176,0.13477816036523893,0.19927128418580836
2024,3,AMER ASSOC CRITICAL CARE NURSES,10,0.0,0.0,0.8384592439143878
2024,3,AMER BOARD FAMILY MEDICINE,23,0.0,0.0,0.5496070403295852
2024,3,AMER ASSOC ADVANCEMENT SCIENCE,358,0.06436363391972125,0.028290041789147166,0.1398172396439716
2024,1,WILEY,7196,0.09386561816850454,0.08344071948119004,0.10544314210563756
2024,3,AMER ASSOC NEUROLOGICAL SURGEONS,67,0.07027451274654728,0.020049886634170514,0.21828610452722289
2024,3,AMER COLL PHYSICIANS,24,0.0,0.0,0.5188324543370534
2024,3,AMER DIABETES ASSOC,35,0.10962541082640692,0.021921639451960868,0.4034692325006535
2024,3,AMER ECONOMIC ASSOC,52,0.0,0.0,0.3311741669244879
2024,3,AMER INST AERONAUTICS ASTRONAUTICS,17,0.12203980441093726,0.01026674955593536,0.6506771418343114
2024,3,AMER MATHEMATICAL SOC,22,0.24689606972934977,0.0900612274408812,0.5205923568902106
2024,3,"AMER OCCUPATIONAL THERAPY ASSOC, INC",11,0.17132525616236016,0.009668658722167498,0.8140618394548328
2024,3,AMER METEOROLOGICAL SOC,56,0.05270317354429033,0.006334478683252467,0.32684699693865366
2024,3,ACADEMIC PRESS LTD- ELSEVIER SCIENCE LTD,680,0.16282149028071527,0.12426128042461904,0.21047171070828594
2024,3,AMER PHYTOPATHOLOGICAL SOC,68,0.0,0.0,0.27471845418152124
2024,3,AMER PUBLIC HEALTH ASSOC INC,19,0.0,0.0,0.7793578567021473
2024,3,AMER ROENTGEN RAY SOC,15,0.38079666796233214,0.03528390095739065,0.9118206705846478
2024,3,"AMER PSYCHIATRIC PUBLISHING, INC",19,0.09623107160338411,0.00036744230942555164,0.9685966555348113
2024,3,AMER PSYCHOLOGICAL ASSOC,74,0.11724129082622639,0.03308311526694737,0.34016790908393685
2024,3,AMER SOC NEURORADIOLOGY,36,0.0,0.0,0.1866412163778832
2024,3,AMER SOC CLINICAL INVESTIGATION INC,76,0.15094900453979954,0.05342871301555346,0.35896563880376614
2024,3,ANNALS FAMILY MEDICINE,16,0.029732368896958388,9.59216372737824e-09,0.9999897850507757
2024,3,AMER SPEECH-LANGUAGE-HEARING ASSOC,40,0.0,0.0,0.3167976602058827
2024,3,AMER SOC HEMATOLOGY,61,0.05281151110503342,0.004778871405420055,0.39298613037718105
2024,3,ATHABASCA UNIV PRESS,11,0.06155521281544121,9.826424209372128e-07,0.9997716586653792
2024,3,ANNUAL REVIEWS,32,0.04411975596371517,0.002051217845228402,0.5089536223489616
2024,3,AMER THORACIC SOC,41,0.0,0.0,0.609571501392605
2024,3,AMER PHYSIOLOGICAL SOC,106,0.05532055892780905,0.009970595538569299,0.25401583633195396
2024,3,AMER SOC NEPHROLOGY,42,0.04971599434150035,0.007108777613971846,0.27656244850982936
2024,3,BIOSCIENTIFICA LTD,10,0.6588058961980383,0.233828914374063,0.924335821817908
2024,3,ASSOC RESEARCH VISION OPHTHALMOLOGY INC,40,0.16085892061261692,0.05458989084829118,0.3889014734947239
2024,3,ASCE-AMER SOC CIVIL ENGINEERS,55,0.0928288576627889,0.024782076935442602,0.291810548146799
2024,3,BAISHIDENG PUBLISHING GROUP INC,109,0.20767791279227119,0.1001035346511876,0.38180723114306825
2024,3,ASSOC COMPUTING MACHINERY,167,0.025196116940153713,0.0020446773212302945,0.2458954999517792
2024,1,ELSEVIER,14079,0.14218108947607347,0.13330087354505987,0.15154944344212176
2024,3,BRILL,11,0.0,0.0,0.7600914955636698
2024,3,AMER SOC MICROBIOLOGY,174,0.1111040137977815,0.055213884058093916,0.21093766110972814
2024,3,C EJ PUBLISHING GROUP,20,0.18691442195066593,0.03538276632255592,0.5902830271952985
2024,3,BRITISH EDITORIAL SOC BONE & JOINT SURGERY,46,0.07030995471917469,0.01751171169228284,0.2429346351765896
2024,3,ACADEMIC PRESS INC ELSEVIER SCIENCE,1396,0.12946595831270946,0.10288425482102943,0.16167773827091678
2024,3,AMER GEOPHYSICAL UNION,442,0.03886759049083859,0.016494149349807693,0.08884781258419935
2024,3,AIP Publishing,748,0.04618834730775614,0.02649822967072712,0.07931755960422318
2024,3,AMER MEDICAL ASSOC,564,0.0726484993686937,0.04286778442809941,0.12051323438702218
2024,3,"CHINA UNIV GEOSCIENCES, BEIJING",10,0.0,0.0,0.704350476461618
2024,3,CENTERS DISEASE CONTROL & PREVENTION,56,0.0,0.0,0.17682362845738978
2024,3,CHINESE CHEMICAL SOC,18,0.0,0.0,0.3200945094470615
2024,3,CMA-CANADIAN MEDICAL ASSOC,23,0.05548045093011267,1.047645635280734e-05,0.9969727785221145
2024,3,CHINESE LASER PRESS,28,0.12786966390015023,0.02763717922861909,0.4306284132466523
2024,3,"COLD SPRING HARBOR LAB PRESS, PUBLICATIONS DEPT",29,0.09028137723516823,0.01244644974180812,0.43865733609926677
2024,3,COLL AMER PATHOLOGISTS,13,0.12419551655420515,0.01673844476290375,0.5415527899770499
2024,3,CURRENT BIOLOGY LTD,26,0.0,0.0,0.38827200310315396
2024,3,CZECH ACADEMY AGRICULTURAL SCIENCES,10,0.0037012499771728593,3.908449971120739e-53,1.0
2024,3,COGITATIO PRESS,24,0.07713051516428747,0.0083888675173468,0.45225784910983596
2024,3,CURRENT MEDICINE GROUP,12,0.03489195971008371,9.486887599460492e-08,0.9999274239348181
2024,3,DE GRUYTER POLAND SP Z O O,12,0.15979580243337557,0.027396231204962276,0.5621949455247616
2024,3,COMPANY BIOLOGISTS LTD,36,0.12387758430430595,0.021627125481938046,0.474900759979393
2024,3,EDICIONES PROFESIONALES INFORMACION SL-EPI,12,0.0,0.0,0.544672653850809
2024,3,DUKE UNIV PRESS,110,0.0,0.0,0.3314237083130539
2024,3,CHURCHILL LIVINGSTONE INC MEDICAL PUBLISHERS,72,0.120385768567942,0.049173737702294065,0.2658868041117908
2024,3,EDUCATIONAL PUBLISHING FOUNDATION-AMERICAN PSYCHOLOGICAL ASSOC,23,0.0,0.0,0.4191097198219586
2024,3,EDIZIONI MINERVA MEDICA,38,0.14343250910391328,0.031142072608879263,0.4659082895561222
2024,2,WILEY-V C H VERLAG GMBH,2066,0.13931475540107804,0.11614940210690394,0.1662313594040961
2024,3,CHURCHILL LIVINGSTONE,141,0.15181196848288725,0.07107425832616934,0.29512620334530554
2024,3,DOVE MEDICAL PRESS LTD,159,0.16373605847116707,0.08567849343551918,0.29032694840416057
2024,3,ACOUSTICAL SOC AMER AMER INST PHYSICS,1100,0.05580414102875637,0.03593817216059588,0.08567573166807742
2024,3,COPERNICUS GESELLSCHAFT MBH,187,0.012781172350737441,0.0019568847518449516,0.07875426253252582
2024,3,BMJ PUBLISHING GROUP,748,0.07439834123198878,0.047508855156533636,0.11467467691125577
2024,3,CAMBRIDGE UNIV PRESS,532,0.03447260888767611,0.016386843433259496,0.0710768112518726
2024,3,EDP SCIENCES S A,202,0.008295980984595401,0.0011867990357937188,0.05561930270580037
2024,3,AMER PHYSICAL SOC,905,0.03940764207173244,0.023228035079901496,0.06609463783389148
2024,3,ELSEVIER - DIVISION REED ELSEVIER INDIA PVT LTD,13,0.2769457381352189,0.07826105468399175,0.6334129575506445
2024,3,ELSEVIER ESPANA,18,0.12340209475448043,0.008030506588011544,0.7099711877425676
2024,3,"ELSEVIER MASSON, CORP OFF",16,0.0,0.0,0.4379247485205589
2024,3,ELSEVIER INC,36,0.12852158844247066,0.03527274659944558,0.37298001123470903
2024,3,ELSEVIER ADVANCED TECHNOLOGY,109,0.17885253881908747,0.09191126840519752,0.319132003091401
2024,2,NATURE PORTFOLIO,4629,0.12062080686218542,0.10591027521737567,0.1370613528076049
2024,3,ELSEVIER GMBH,189,0.22511997360562347,0.14360517222197586,0.3348153177597479
2024,3,ELSEVIER FRANCE-EDITIONS SCIENTIFIQUES MEDICALES ELSEVIER,450,0.2374218182557942,0.18178323105938446,0.303767521969868
2024,1,ROYAL SOC CHEMISTRY,19545,0.1664875838261706,0.15158635554425098,0.18253847152903577
2024,3,ELSEVIER SCIENCE LONDON,89,0.5279721277797823,0.3787373042858682,0.6723696107708884
2024,3,BMC,2321,0.15960914870455334,0.13785098568085963,0.1840683677392864
2024,3,ELSEVIER SINGAPORE PTE LTD,36,0.17028087277850923,0.04292815621910511,0.48427383267087293
2024,3,EUROPEAN MATHEMATICAL SOC-EMS,28,0.0,0.0,0.4121162263435586
2024,3,EUROPA EDITION,19,0.5694005238012447,0.07948648307012106,0.952941237502366
2024,2,ELSEVIER SCI LTD,6761,0.12072426445766361,0.10883741008263814,0.13371456608017313
2024,3,EXCERPTA MEDICA INC-ELSEVIER SCIENCE INC,19,0.0,0.0,0.5288133647632173
2024,3,EUR CENTRE DIS PREVENTION & CONTROL,20,0.06022217404632966,0.0035804168813482126,0.5333214035362382
2024,3,ELSEVIER TAIWAN,55,0.10829746329121366,0.02400977352892352,0.3748395803120239
2024,3,FERRATA STORTI FOUNDATION,36,0.0,0.0,0.26477782907695047
2024,3,FOUNDATION REHABILITATION INFORMATION,14,0.09607521633023434,0.009827674088515382,0.5323166792509714
2024,3,ENDOCRINE SOC,84,0.13193014119903795,0.041572847528133956,0.34747585040618295
2024,3,EUROPEAN RESPIRATORY SOC JOURNALS LTD,58,0.04926940274955713,0.003213051056012588,0.4544915722978964
2024,3,ELSEVIER IRELAND LTD,688,0.1387281318900784,0.10174214214933253,0.1863698771540608
2024,3,EMERALD GROUP PUBLISHING LTD,215,0.16252058634462863,0.10026163032469144,0.2525868314604712
2024,3,FUTURE MEDICINE LTD,10,0.17374100153023378,0.004161313012734186,0.9136524214320368
2024,3,"GEOLOGICAL SOC AMER, INC",39,0.0,0.0,0.3879487589299719
2024,3,GEOMETRY & TOPOLOGY PUBLICATIONS,11,0.0,0.0,1.0
2024,2,PERGAMON-ELSEVIER SCIENCE LTD,5522,0.13748416750246503,0.1237230622896227,0.15250946649312272
2024,3,GEOSCIENCEWORLD,14,0.0,0.0,0.6245775385136543
2024,3,HARBORSIDE PRESS,12,0.31746470259560167,0.06015918147909832,0.7716799002600275
2024,3,HIGHER EDUCATION PRESS,15,0.0,0.0,0.515999228767448
2024,3,HUMAN KINETICS PUBL INC,16,0.0,0.0,0.4381437784725975
2024,3,HINDAWI LTD,29,0.0,0.0,0.3158014780605859
2024,3,GEORG THIEME VERLAG KG,110,0.0,0.0,0.1614484108302541
2024,2,MDPI,6504,0.16285512708856034,0.14890615243197167,0.1778377547456394
2024,3,IGI GLOBAL,19,0.44543327757694967,0.17216469397731926,0.7562231711848622
2024,3,INT SCIENTIFIC RESEARCH PUBLICATIONS,11,0.0,0.0,0.8507986152997097
2024,3,INT SOC GLOBAL HEALTH,21,0.3584854546318757,0.1122729828490231,0.7117386995674948
2024,3,INTER-RESEARCH,12,0.0,0.0,0.7190172685432956
2024,3,INT UNION CRYSTALLOGRAPHY,35,0.0,0.0,0.214006949462966
2024,3,"INST MATERIA MEDICA, CHINESE ACAD MEDICAL SCIENCES",41,0.31553814222023613,0.12216799734365005,0.6042849333401343
2024,3,JOHN BENJAMINS PUBLISHING CO,19,0.0,0.0,0.3078064485295897
2024,3,JOHN WILEY & SONS INC,23,0.11890825032644858,0.007537037464604324,0.7057313162216448
2024,3,INFORMS,83,0.025920424061481685,0.0035567755176484457,0.1655380932206086
2024,3,CELL PRESS,2830,0.20282821297659934,0.17865292426540227,0.22936136009519936
2024,3,KARGER,10,0.13930618606325187,0.00134916469240557,0.9509578905110518
2024,3,JOURNAL OF CENTRAL SOUTH UNIV,24,0.20038329147130807,0.053385749587127766,0.5268608163424824
2024,3,KERMAN UNIV MEDICAL SCIENCES,16,0.12811694379929037,0.007359865374527828,0.7443882190027941
2024,3,KOREAN INST METALS MATERIALS,23,0.0,0.0,0.45503268951151804
2024,3,KOREAN FIBER SOC,20,0.20362387316671046,0.0602305004938635,0.5049652443944772
2024,3,JOHN WILEY & SONS LTD,136,0.23209271696744907,0.13879350428784962,0.3617637649882226
2024,3,KOREAN SOC PRECISION ENG,16,0.09879133423295026,0.00789689953330381,0.6015440822559605
2024,3,"JMIR PUBLICATIONS, INC",193,0.24984902578088344,0.17034777393822345,0.350766708330717
2024,3,KOREAN SPINAL NEUROSURGERY SOC,21,0.791705019690039,0.11691264089971438,0.9909191430974699
2024,3,LIFE SCIENCE ALLIANCE LLC,25,0.19039602319471755,0.019910300908972417,0.7313590754842464
2024,3,KOREAN NUCLEAR SOC,50,0.15200282380900815,0.0503216262906797,0.3774776963382049
2024,3,IEEE COMPUTER SOC,350,0.1075924780375054,0.06706943641467078,0.16818549227437118
2024,3,JOURNAL MATER SCI TECHNOL,128,0.09935320677548465,0.04458320040099624,0.20684100924382254
2024,3,MANAGED CARE & HEALTHCARE COMMUNICATIONS LLC,11,0.0,0.0,0.8338667492900672
2024,3,MATHEMATICAL SCIENCE PUBL,11,0.0,0.0,0.7460979824487616
2024,3,MASSACHUSETTS MEDICAL SOC,52,0.0,0.0,0.4376068194551206
2024,2,SPRINGER,3654,0.09536402670945768,0.08119741645443676,0.11170181398884999
2024,3,KEAI PUBLISHING LTD,382,0.26305246254650455,0.20249798258446988,0.3341282925652247
2024,3,"MARY ANN LIEBERT, INC",177,0.1321415217810861,0.06532085159200525,0.24909994827194384
2024,3,MEDYCYNA PRAKTYCZNA SP K SP ZOO,11,0.3280673872367661,0.05309099501508348,0.809585271490676
2024,3,MIT PRESS,30,0.004150182534996693,1.5142295233511285e-21,1.0
2024,3,MICROBIOLOGY SOC,20,0.17439113270445933,0.0348644297828974,0.5525948503178395
2024,3,NATL ATHLETIC TRAINERS ASSOC INC,17,0.409163328880951,0.11776804996991658,0.7822603585072225
2024,3,FRONTIERS MEDIA SA,1624,0.17377099123645046,0.1467205713141321,0.20461270423381472
2024,3,NORTHEAST FORESTRY UNIV,10,0.0,0.0,0.7142480422911955
2024,3,NIHR JOURNALS LIBRARY,10,0.0,0.0,0.6468024953710391
2024,3,ONLINE LEARNING CONSORTIUM,12,0.16107806290142435,0.008294813887074008,0.8150762797857798
2024,3,OAE PUBLISHING INC,10,0.10977400021654421,0.0024801914139284966,0.8594625147113869
2024,3,NATURE PUBL GROUP,20,0.19238872459735673,0.03193875066373095,0.6323588022357484
2024,3,NONFERROUS METALS SOC CHINA,24,0.2166733938858595,0.047972547585421944,0.6029202362069641
2024,3,MOSBY-ELSEVIER,310,0.04789305035365572,0.02204815760784966,0.10090742051913762
2024,3,PALGRAVE MACMILLAN LTD,13,0.10239020448221636,0.007092504174880412,0.6455900083940737
2024,3,Optica Publishing Group,43,0.2212823214316362,0.07844269146955464,0.48682261217319234
2024,3,PEERJ INC,52,0.24824546246960735,0.11487648718175927,0.45658113521357724
2024,3,ELSEVIER SCIENCE SA,2052,0.15240972920230128,0.1299217675678527,0.17799381969488653
2024,3,POLISH CARDIAC SOC,17,0.12797899367529936,0.0014585467270648545,0.9364911241090732
2024,3,PROJECT HOPE,16,0.038423472478307776,1.7627499881015666e-05,0.9890804565373331
2024,3,NATL ACAD SCIENCES,339,0.030892031813718548,0.00802822971669202,0.11154807340423913
2024,3,ROYAL COLL GENERAL PRACTITIONERS,11,0.0,0.0,0.4883429275010548
2024,3,ROCKEFELLER UNIV PRESS,55,0.06465228062828661,0.009155242249180637,0.34083874785766316
2024,3,RADIOLOGICAL SOC NORTH AMERICA (RSNA),52,0.10435283735131615,0.029145125323359635,0.31138588591098276
2024,3,SCANDINAVIAN JOURNAL WORK ENVIRONMENT & HEALTH,12,0.0,0.0,0.3083343510055417
2024,3,AMER CHEMICAL SOC,4107,0.11720295052920211,0.10142717455264982,0.13506364037717036
2024,3,SCIPOST FOUNDATION,26,0.0,0.0,0.4826992165610735
2024,3,SHANGHAI UNIV,10,0.364440148701298,0.09952496356105547,0.7484242917856292
2024,3,SHANGHAI JIAO TONG UNIV PRESS,23,0.09746648222784737,0.012557338060205451,0.4783681784908939
2024,3,SOC EXPLORATION GEOPHYSICISTS - SEG,32,4.511191309330815e-05,0.0,0.17681497234563415
2024,3,SOC LEARNING ANALYTICS RESEARCH-SOLAR,10,0.25101496075371627,0.06132269898417491,0.6322563311718071
2024,3,SOC NUCLEAR MEDICINE INC,30,0.0,0.0,0.33514646790196106
2024,3,SPANDIDOS PUBL LTD,15,0.02714838344322989,1.7861911988783172e-07,0.9997706843570514
2024,3,SIAM PUBLICATIONS,128,0.0,0.0,0.18003493535020468
2024,3,SPIE-SOC PHOTO-OPTICAL INSTRUMENTATION ENGINEERS,12,0.3411404892509966,0.05842714911556141,0.812042861673127
2024,3,SOC PETROLEUM ENG,31,0.202289654890618,0.07429835730614141,0.4448189922737461
2024,3,SOC NEUROSCIENCE,56,0.11684498052513649,0.03879890872728093,0.3024804773948002
2024,3,IOP Publishing Ltd,985,0.059227982560445036,0.04033488822967228,0.08617603157852972
2024,3,SCIENCE PRESS,282,0.1143970991333147,0.06562570779307828,0.19196748685372367
2024,3,ROYAL SOC,168,0.016217175498777246,0.002474639473788021,0.09872380199774355
2024,3,SPRINGER FRANCE,15,0.09094295903887008,0.011092688985863026,0.4715217677388733
2024,3,OXFORD UNIV PRESS INC,915,0.08796878325016202,0.06033596750155344,0.12655254143928274
2024,3,SPRINGER JAPAN KK,39,0.11270879846910555,0.029103341048035147,0.3499260168378695
2024,3,SPRINGER SINGAPORE PTE LTD,76,0.29943109830923315,0.16748137627437967,0.4759103306654979
2024,3,SPRINGER LONDON LTD,88,0.08302703581352189,0.02648469671558427,0.23156827865158958
2024,3,IEEE-INST ELECTRICAL ELECTRONICS ENGINEERS INC,2408,0.12391605632549668,0.10351474737966737,0.1476758392229029
2024,3,TERMEDIA PUBLISHING HOUSE LTD,15,0.0,0.0,0.8384054687053315
2024,3,ELSEVIER SCIENCE INC,2459,0.09921011866044752,0.08184588884727415,0.11977771245020483
2024,3,UNIV CALIFORNIA PRESS,14,0.0,0.0,0.6697979972902205
2024,3,UNIV CHICAGO PRESS,15,0.0,0.0,0.8054210255997163
2024,3,US DEPT HEALTH HUMAN SCIENCES PUBLIC HEALTH SCIENCE,10,0.0,0.0,1.0
2024,3,VILNIUS GEDIMINAS TECH UNIV,29,0.0,0.0,0.45841299406806324
2024,3,SPRINGER BASEL AG,191,0.05664272772230337,0.020884481230921098,0.14458493722284393
2024,3,VIETNAM NATL UNIV,19,0.28011624126443635,0.08483495150477895,0.6202540395398378
2024,3,WAGENINGEN ACADEMIC PUBLISHERS,12,0.044900286122188555,8.73699032918549e-05,0.9619671175732891
2024,3,VEREIN FORDERUNG OPEN ACCESS PUBLIZIERENS QUANTENWISSENSCHAF,30,0.08403775914488817,0.013913161194257357,0.3736689829748825
2024,3,SPRINGER-VERLAG ITALIA SRL,111,0.04687110002856195,0.01557354734563286,0.13259434256878797
2024,3,TSINGHUA UNIV PRESS,87,0.14673312128033578,0.0660496100200875,0.2948597970198952
2024,3,SPRINGER INT PUBL AG,189,0.0602838462588866,0.02320091833376509,0.14767698155425246
2024,3,W B SAUNDERS CO LTD,98,0.11781476812505834,0.04314304030514679,0.2834435516024758
2024,3,WALTER DE GRUYTER GMBH,112,0.10018227835424846,0.03982714031825632,0.23008398038546296
2024,3,TAYLOR & FRANCIS INC,404,0.1999082805555113,0.1453462414199056,0.26851739272037467
2024,3,SAGE PUBLICATIONS INC,748,0.06002674653955858,0.03514113537837106,0.10069619313233111
2024,3,SPRINGER/PLENUM PUBLISHERS,171,0.03175867410425122,0.008087197034701048,0.11657434269793408
2024,3,SAGE PUBLICATIONS LTD,501,0.0472731719092829,0.024100367303262864,0.09065710908991301
2024,3,SPRINGER WIEN,151,0.055018038555734644,0.017267366712588855,0.16171931552790522
2024,3,W B SAUNDERS CO-ELSEVIER INC,282,0.11916669226508547,0.07011091352024387,0.19533604291846543
2024,3,"WILEY PERIODICALS, INC",14,0.0,0.0,0.6495754711104395
2024,3,TAYLOR & FRANCIS LTD,776,0.21016945565573308,0.16167171001096725,0.26855494224293075
2024,3,WILEY-HINDAWI,83,0.1337176548333327,0.04909700031276596,0.31575561199887603
2024,3,ZHEJIANG UNIV PRESS,15,0.0,0.0,0.4629521976053798
2024,4,ACAD MEDICINE SINGAPORE,10,0.01937692805036556,2.9368364438262065e-16,0.9999999999992478
2024,3,WORLD SCIENTIFIC PUBL CO PTE LTD,71,0.02594592797735746,0.0002942172769091858,0.7068208719378075
2024,3,LIPPINCOTT WILLIAMS & WILKINS,2146,0.10328408888732879,0.08399551774652526,0.1263908807019687
2024,3,WOLTERS KLUWER MEDKNOW PUBLICATIONS,70,0.20237562864185984,0.0911590610384685,0.39091675351115696
2024,3,"ROUTLEDGE JOURNALS, TAYLOR & FRANCIS LTD",1159,0.09408523741326287,0.06652140148004201,0.13146196339923336
2024,4,ACTA DERMATO-VENEREOLOGICA,25,0.1364238118461265,0.025912870337607485,0.48403776165238827
2024,4,ACOUSTICAL SOC AMER AMER INST PHYSICS,50,0.09759100405867076,0.018961161094255125,0.37698956784784116
2024,4,AKADEMIAI KIADO ZRT,15,0.36442775076014033,0.09930657801541533,0.7488631432856819
2024,4,AMER ACAD SLEEP MEDICINE,14,0.0,0.0,1.0
2024,4,AME PUBLISHING COMPANY,16,0.627445597440746,0.18400447041423082,0.92635468182721
2024,3,SPRINGER HEIDELBERG,918,0.08583301238413735,0.06169641196021904,0.11822249632672058
2024,4,AMER ACAD PEDIATRICS,31,0.05996374335018477,0.008616671775751143,0.31887333707505205
2024,3,eLIFE SCIENCES PUBL LTD,222,0.07649789154305274,0.03490075995376208,0.15948063659723635
2024,3,AMER ASSOC CANCER RESEARCH,6585,0.17874689412281283,0.16619943556117314,0.1920234810869125
2024,4,ADIS INT LTD,96,0.11102980012313846,0.043293407498088556,0.2563486692607753
2024,4,AMER ASSOC ADVANCEMENT SCIENCE,325,0.11669685127707267,0.06629341441868825,0.19732367918299942
2024,4,AMER ASSOC NEUROLOGICAL SURGEONS,72,0.04132535408787937,0.007452404825327571,0.19838594835628764
2024,4,AMER COLL PHYSICIANS,41,0.0,0.0,0.5118270233773609
2024,4,AMER DIABETES ASSOC,34,0.36192893145351973,0.12382608918474208,0.6948055539594581
2024,4,AMER INST AERONAUTICS ASTRONAUTICS,10,0.0,0.0,0.47262040866888394
2024,3,OXFORD UNIV PRESS,2477,0.11230953465666249,0.09390719138013154,0.13378560150708665
2024,4,AMER MATHEMATICAL SOC,17,0.243504706606928,0.07579023889037652,0.558197395633054
2024,3,PUBLIC LIBRARY SCIENCE,1707,0.11837625798718314,0.09704004683266278,0.14365731486547417
2024,3,SPRINGERNATURE,1291,0.14985668656883824,0.12159936282743243,0.183310133852283
2024,4,AMER METEOROLOGICAL SOC,46,0.01845017791048257,2.1855032103765274e-05,0.9417469405905019
2024,4,"AMER PSYCHIATRIC PUBLISHING, INC",15,0.0,0.0,0.524484484588702
2024,4,AMER ROENTGEN RAY SOC,19,0.0,0.0,0.6855391340535945
2024,4,AMER PUBLIC HEALTH ASSOC INC,16,0.08952705612886416,0.0006637174717306152,0.9357245536230864
2024,4,AMER PHYTOPATHOLOGICAL SOC,103,0.0,0.0,0.041822625305457564
2024,2,ELSEVIER,13892,0.14185372994917644,0.13290946739587428,0.15129487966081007
2024,4,AMER SOC NEURORADIOLOGY,26,0.0,0.0,0.4466970775331093
2024,4,AMER SOC PHARMACOLOGY EXPERIMENTAL THERAPEUTICS,17,0.2641802238582133,0.0808741608321992,0.5943123033420381
2024,4,AMER PHYSIOLOGICAL SOC,121,0.28028215803717255,0.13856802329383244,0.4852817168390785
2024,4,AMER SPEECH-LANGUAGE-HEARING ASSOC,53,0.0,0.0,0.29572033791106084
2024,4,AMER SOC CLINICAL INVESTIGATION INC,75,0.16213692055475226,0.05873749509952395,0.3750333629504849
2024,4,ACADEMIC PRESS LTD- ELSEVIER SCIENCE LTD,688,0.1035669702236622,0.07170608352825593,0.1473375610565836
2024,4,ASIAN-AUSTRALASIAN ASSOC ANIMAL PRODUCTION SOC,43,0.0,0.0,0.14435139188063897
2024,4,AMER THORACIC SOC,59,0.04485449267573587,0.0009581988600999781,0.6969079305159329
2024,4,AMER SOC NEPHROLOGY,70,0.10576297162573263,0.0304723986741699,0.3079857214282664
2024,4,AMER SOC HEMATOLOGY,57,0.09308992071656491,0.02916498095108703,0.25965414024884587
2024,4,AMER SOC MICROBIOLOGY,118,0.27763473449752396,0.15888411969176863,0.43883417596762925
2024,4,BIOSCIENTIFICA LTD,13,0.5784261495424063,0.21158007319850514,0.8752348570541713
2024,4,ASSOC RESEARCH VISION OPHTHALMOLOGY INC,44,0.2921112080622972,0.1028715073033691,0.5975852153909248
2024,4,ASCE-AMER SOC CIVIL ENGINEERS,65,0.25866283980537047,0.12966269667085956,0.4496918607928651
2024,4,AMER PSYCHOLOGICAL ASSOC,120,0.026983681092557672,0.003961825020178952,0.16202245782694533
2024,4,ASSOC COMPUTING MACHINERY,125,0.0814975630369476,0.028678065975738826,0.2105160685260849
2024,4,BAISHIDENG PUBLISHING GROUP INC,92,0.0947294707360766,0.024504625078233228,0.30357449310512236
2024,4,ANNUAL REVIEWS,136,0.10329606472613291,0.04429447780691718,0.22258537174431442
2024,4,BRAZILIAN SOC UROL,10,0.40492340051713865,0.08565008541833655,0.8317328880559798
2024,4,BRILL,38,0.0,0.0,0.3163161521385809
2024,4,BRITISH EDITORIAL SOC BONE & JOINT SURGERY,35,0.0,0.0,0.3739763649066322
2024,4,"CAIRO UNIV, FAC COMPUTERS & INFORMATION",10,0.3941041327592754,0.0936025520652253,0.8038028988898321
2024,4,C EJ PUBLISHING GROUP,20,0.36357622732486056,0.12713468933143474,0.6914235249934142
2024,4,CANADIAN OPHTHAL SOC,12,0.01569236065130255,3.411644433589489e-08,0.9998657882202622
2024,4,AIP Publishing,665,0.08000964702447957,0.052675810738598575,0.11973448458694752
2024,4,AMER MEDICAL ASSOC,533,0.028542014365361988,0.0100706464058564,0.07821626786384013
2024,4,AMER GEOPHYSICAL UNION,451,0.06619136855272129,0.038529938944762795,0.11141037499095884
2024,4,CENTERS DISEASE CONTROL & PREVENTION,42,0.0,0.0,0.4153325937665198
2024,4,"CHINA UNIV GEOSCIENCES, WUHAN",17,0.0,0.0,0.544993649308575
2024,4,ACADEMIC PRESS INC ELSEVIER SCIENCE,1352,0.1437935817066989,0.11586186624047594,0.17711011728842269
2024,4,CMA-CANADIAN MEDICAL ASSOC,26,0.0,0.0,0.3121357707037047
2024,4,CHINESE LASER PRESS,21,0.19140822357481554,0.05666249891333552,0.48264198733204283
2024,4,CHINESE CHEMICAL SOC,29,0.28442758468622936,0.0955661112598072,0.5992359803375557
2024,4,COLL AMER PATHOLOGISTS,18,0.0,0.0,0.43031040316096436
2024,4,"COLD SPRING HARBOR LAB PRESS, PUBLICATIONS DEPT",28,0.0,0.0,0.5355696380595849
2024,4,COGITATIO PRESS,16,0.08636141629803978,0.004548266155895826,0.6616514684512742
2024,4,AMER ASSOC CANCER RESEARCH,858,0.1279271502948458,0.09913143951148785,0.16356870371726792
2024,4,COMPANY BIOLOGISTS LTD,48,0.21958489128737782,0.09204128102794916,0.4385097423366677
2024,4,DE GRUYTER MOUTON,10,0.0,0.0,0.7261993995060655
2024,4,DUKE UNIV PRESS,30,0.0,0.0,0.5309770046466976
2024,4,CHURCHILL LIVINGSTONE INC MEDICAL PUBLISHERS,65,0.10310251681770022,0.033416136691339984,0.27653667878418803
2024,4,EDITURA ASE,13,0.06899865588555888,0.0013695958859256249,0.8001962905263513
2024,4,EDIZIONI MINERVA MEDICA,15,0.0,0.0,0.6394640811537562
2024,4,CURRENT BIOLOGY LTD,57,0.1937399046939482,0.08047213488751746,0.3975149566994373
2024,4,EDUCATIONAL PUBLISHING FOUNDATION-AMERICAN PSYCHOLOGICAL ASSOC,40,0.0,0.0,0.2358263860420692
2024,4,EDP SCIENCES S A,206,0.0,0.0,0.12725855358376495
2024,4,DOVE MEDICAL PRESS LTD,126,0.19085041457327845,0.10394610969170019,0.3241291998324677
2024,3,WILEY-V C H VERLAG GMBH,2080,0.1570388859177264,0.13314918689757257,0.18430356488660887
2024,4,CHURCHILL LIVINGSTONE,168,0.17612506357429877,0.10089393320335804,0.28939635166155464
2024,2,WILEY,6293,0.1011520748703981,0.08919831957087762,0.1145063922788131
2024,4,COPERNICUS GESELLSCHAFT MBH,206,0.10541718917860328,0.06110124728994508,0.1758547863006413
2024,4,AMER PHYSICAL SOC,925,0.048196220857029584,0.029807853651144075,0.07702768501451154
2024,4,BMJ PUBLISHING GROUP,715,0.07116613314839058,0.04479126410451072,0.11126257084926344
2024,4,CAMBRIDGE UNIV PRESS,717,0.038066772482568324,0.021051227034955846,0.06788215679635655
2024,4,ELSEVIER - DIVISION REED ELSEVIER INDIA PVT LTD,11,0.14162637291501307,0.019208701781985107,0.5815895793528781
2024,4,ELSEVIER ESPANA SLU,17,0.0,0.0,0.6051992025680939
2024,3,ELSEVIER SCI LTD,7017,0.13714894033157002,0.12491429366499907,0.1503759812171547
2024,4,ELSEVIER ESPANA,18,0.07536585835807548,0.0021209126654688467,0.7576242005327553
2024,4,ELSEVIER INC,46,0.0,0.0,0.21613133632251308
2024,4,ELSEVIER ADVANCED TECHNOLOGY,99,0.27736799180093585,0.16504470826070586,0.4270375549897195
2024,4,"ELSEVIER MASSON, CORP OFF",17,0.27595204185019445,0.09104482573754523,0.5918655204678788
2024,4,ELSEVIER GMBH,191,0.23942650067878676,0.15695040274990463,0.3473843414817838
2024,4,ELSEVIER SCIENCE LONDON,65,0.3179900367786618,0.17868164775684922,0.49981416182362487
2024,4,ELSEVIER FRANCE-EDITIONS SCIENTIFIQUES MEDICALES ELSEVIER,456,0.1657618095153679,0.1161945424302587,0.23094852034357952
2024,4,ELSEVIER SINGAPORE PTE LTD,27,0.33549886102766163,0.10593272318354853,0.6826854717859071
2024,4,ELSEVIER TAIWAN,35,0.32261810792960566,0.10134288164696398,0.6679349925398229
2024,4,EUR CENTRE DIS PREVENTION & CONTROL,17,0.15516160208876498,0.013933952720205612,0.7047536968743322
2024,4,ELSEVIER IRELAND LTD,646,0.21879327470044158,0.17155934572630271,0.2747192823054874
2024,4,FERRATA STORTI FOUNDATION,33,0.28868305186494,0.06471340369343742,0.704185073274964
2024,4,EXCERPTA MEDICA INC-ELSEVIER SCIENCE INC,18,0.13763898876550915,0.024714049293336697,0.5013198270329728
2024,4,ENDOCRINE SOC,89,0.0964828210935715,0.025256641557730643,0.3055991226210657
2024,4,EUROPEAN RESPIRATORY SOC JOURNALS LTD,83,0.16075669559116845,0.07046251383033164,0.326158601087271
2024,4,FUTURE MEDICINE LTD,13,0.4705616047701032,0.0632795344784438,0.9212202441898071
2024,4,EUROPEAN MATHEMATICAL SOC-EMS,40,0.06403302154213311,0.011160356259067743,0.29313669423965716
2024,3,SPRINGER,3615,0.10292084057531928,0.08843597690163997,0.11946724023222184
2024,4,"GEOLOGICAL SOC AMER, INC",49,0.039560131951384594,0.0005278109355008416,0.7626214044198835
2024,4,HUMAN KINETICS PUBL INC,20,0.0,0.0,0.5152468984804695
2024,4,HARBORSIDE PRESS,95,0.0,0.0,0.7363632765815166
2024,4,HINDAWI LTD,25,0.20733921297382893,0.059967306349415335,0.5175020258519559
2024,4,HIGHER EDUCATION PRESS,46,0.03866960809362095,0.002504118455937912,0.39192753518077816
2024,4,EMERALD GROUP PUBLISHING LTD,262,0.1761614092680479,0.11694003973248468,0.25665717025257395
2024,4,IGI GLOBAL,11,0.5524264246296768,0.07781787843075952,0.9475157365369586
2024,4,INST MATHEMATICAL STATISTICS-IMS,27,0.0,0.0,0.37525106174389694
2024,4,INT SCIENTIFIC RESEARCH PUBLICATIONS,19,0.0,0.0,0.5442969738328964
2024,4,INT SOC GLOBAL HEALTH,18,0.0,0.0,0.47616308445503036
2024,4,"INST MATERIA MEDICA, CHINESE ACAD MEDICAL SCIENCES",24,0.3575640370906614,0.10147290521873106,0.7328360901984212
2024,4,CELL PRESS,2687,0.18860489088012872,0.16292827405055574,0.21727766000216364
2024,4,INT UNION AGAINST TUBERCULOSIS LUNG DISEASE (I U A T L D),10,0.4476026580101869,0.0642669107398459,0.9053008241519878
2024,4,INT UNION CRYSTALLOGRAPHY,24,0.0,0.0,0.3162819021457855
2024,4,INTER-RESEARCH,30,0.0,0.0,0.4023604216564445
2024,3,NATURE PORTFOLIO,4745,0.1069867267933746,0.09282569385378284,0.12301515020369332
2024,4,IEEE COMPUTER SOC,254,0.07925939719307719,0.041543865991617655,0.1459992211652689
2024,4,INFORMS,71,0.03322599335291349,0.002734461543706696,0.3010754308832548
2024,4,BMC,2494,0.15813561677753055,0.13681608184986618,0.18207653514638855
2024,4,JOHN WILEY & SONS INC,36,0.0,0.0,0.32741903942757866
2024,4,JOHN BENJAMINS PUBLISHING CO,18,0.0936975061189111,0.013224618242226214,0.44367982753551083
2024,4,KARGER,25,0.0,0.0,0.4186725052205808
2024,4,JOURNAL OF CENTRAL SOUTH UNIV,26,0.09042593644175577,0.008253367855388254,0.5428833181079454
2024,4,KOREAN FIBER SOC,20,0.18209858727252481,0.04229858920939397,0.5288168198294748
2024,4,JOHN WILEY & SONS LTD,105,0.18495543626875613,0.09723687600052029,0.3234535510852813
2024,4,KOREAN SOC PRECISION ENG,11,0.5427029389639836,0.16737660498517126,0.8750965107579239
2024,4,LIFE SCIENCE ALLIANCE LLC,21,0.31297018640675417,0.08854513038733423,0.6811344561052338
2024,4,KOREAN INST METALS MATERIALS,12,0.08758717999118242,0.010780733060283463,0.45815799721636324
2024,4,JOURNAL MATER SCI TECHNOL,110,0.13019396484974755,0.06213486953866682,0.25271374565941224
2024,4,KOREAN NUCLEAR SOC,51,0.23807069103914882,0.10514134310362801,0.45382889805887516
2024,4,"JMIR PUBLICATIONS, INC",184,0.2504410213143924,0.16510630614767335,0.36081968433476147
2024,3,MDPI,6676,0.17246867828868087,0.1586362865099373,0.18723878094174065
2024,4,MAGNOLIA PRESS,17,0.0,0.0,0.6866241017187674
2024,4,MASSACHUSETTS MEDICAL SOC,75,0.0,0.0,0.41299844277716424
2024,3,PERGAMON-ELSEVIER SCIENCE LTD,5670,0.12841679773565898,0.11507996620322601,0.14304940474123584
2024,4,KEAI PUBLISHING LTD,346,0.2073962140175931,0.15034268031005457,0.2789916346571329
2024,4,"MARY ANN LIEBERT, INC",176,0.10315416189830975,0.04335217201625706,0.22596442290994734
2024,4,GEORG THIEME VERLAG KG,1254,0.1280492334084564,0.08503293079318877,0.18834701571677018
2024,4,FRONTIERS MEDIA SA,1486,0.1964140025451991,0.16534676738557486,0.2316980903435888
2024,4,MEDYCYNA PRAKTYCZNA SP K SP ZOO,14,0.7561259615029371,0.08836392541308492,0.9900175024733471
2024,4,MICROBIOLOGY SOC,14,0.0,0.0,0.6070546589210551
2024,4,MIT PRESS,18,0.0,0.0,0.5052173506570677
2024,4,NATL ATHLETIC TRAINERS ASSOC INC,13,0.0,0.0,0.2694985173476991
2024,4,NATURE PUBL GROUP,22,0.2911404336687554,0.06879292116711862,0.6954401727809588
2024,4,OAE PUBLISHING INC,16,0.10570421827817555,0.006150796962846658,0.6930080910071715
2024,4,NORTHEAST FORESTRY UNIV,18,0.0,0.0,0.6239021691237318
2024,4,NEW YORK BUSINESS GLOBAL LLC,46,0.077190352827387,0.0031542849993123883,0.6885903253214528
2024,4,AMER CHEMICAL SOC,4573,0.13496003334466306,0.11916287174975619,0.15248884705554902
2024,4,MOSBY-ELSEVIER,351,0.14209048130354565,0.0973156478888661,0.2028370699281156
2024,4,NONFERROUS METALS SOC CHINA,46,0.06755954218284217,0.008051588965106724,0.3927445072111348
2024,4,IOP Publishing Ltd,1055,0.04579066497076957,0.02899386209533974,0.07160070325629622
2024,4,NATL ACAD SCIENCES,308,0.03850890650849129,0.01551931332570004,0.09235927504987913
2024,4,Optica Publishing Group,22,0.06611798512332957,0.0016162990035671816,0.7558721317302847
2024,4,PEERJ INC,59,0.36757400699769394,0.19893146943119322,0.5763259683495425
2024,4,ELSEVIER SCIENCE SA,2104,0.15690326881048366,0.1342080007041021,0.1826268749272877
2024,4,PORTLAND PRESS LTD,10,0.0,0.0,0.29536549459097783
2024,4,PROJECT HOPE,17,0.0,0.0,0.6769249224304961
2024,4,POLISH CARDIAC SOC,11,0.02638377291773097,5.800594747245037e-24,1.0
2024,4,RADIOLOGICAL SOC NORTH AMERICA (RSNA),53,0.0,0.0,0.19240575081893782
2024,4,ROCKEFELLER UNIV PRESS,51,0.0,0.0,0.389023140521709
2024,4,SCIPOST FOUNDATION,26,0.0,0.0,0.3253855114396935
2024,4,SHANGHAI UNIV,13,0.0,0.0,0.6264322526542464
2024,4,SOC BRASIL PEDIATRIA,17,0.0,0.0,0.9616878656758726
2024,4,SHANGHAI JIAO TONG UNIV PRESS,22,0.19493065783107116,0.042132127276064454,0.5713424070726655
2024,4,SOC EXPLORATION GEOPHYSICISTS - SEG,30,0.0,0.0,0.2900895973709097
2024,4,SOC NUCLEAR MEDICINE INC,31,0.0,0.0,0.5469529407975372
2024,4,SOC NEUROSCIENCE,66,0.0,0.0,0.16266882710980002
2024,4,SPANDIDOS PUBL LTD,18,0.17865170254072865,0.031958482700083626,0.5889966304570343
2024,4,ROY COLL PHYS LONDON EDITORIAL OFFICE,99,0.11213451896653842,0.05382240849818857,0.21900029730665996
2024,4,SOC PETROLEUM ENG,38,0.044578191739984716,0.0022468162579483563,0.4915446544166799
2024,4,SIAM PUBLICATIONS,61,0.023471506990560647,0.0033119648280385758,0.14810557729446305
2024,4,SCIENCE PRESS,277,0.15549766546199062,0.10088665970814949,0.232041017155209
2024,4,ROYAL SOC,164,0.022435372142724393,0.0035674723973663004,0.12824934483202285
2024,4,SPRINGER FRANCE,13,0.3539414731633395,0.09158054328249804,0.7485643972148246
2024,4,IEEE-INST ELECTRICAL ELECTRONICS ENGINEERS INC,2440,0.13169821536624776,0.11113859966747268,0.15539624702158594
2024,4,SPRINGER SINGAPORE PTE LTD,58,0.2945037532303025,0.14700792070286475,0.5027610685086327
2024,4,SPRINGER JAPAN KK,51,0.04913129436596668,0.007693172488401258,0.2561529919320237
2024,4,SPRINGER LONDON LTD,69,0.13289016174867047,0.04843410167592031,0.3157482587728761
2024,4,SPRINGER BASEL AG,168,0.19418179865298102,0.11814317486141046,0.3023791240986287
2024,4,SPRINGER WIEN,146,0.1419877225909908,0.07654896496770869,0.2483244815998598
2024,4,SPRINGER INT PUBL AG,200,0.06991234119814115,0.02788154286227593,0.16457687362176174
2024,4,THIEME MEDICAL PUBL INC,14,0.13305305534934386,0.012008094775857353,0.6596273209820946
2024,4,SAGE PUBLICATIONS LTD,536,0.06252100387673226,0.03377623506720915,0.11287092462584926
2024,4,TERMEDIA PUBLISHING HOUSE LTD,18,0.4006008544591426,0.16418105503059588,0.6945584440594796
2024,4,UNIV CHICAGO PRESS,15,0.0,0.0,0.756869103649971
2024,4,SPRINGER-VERLAG ITALIA SRL,107,0.06308448494130904,0.018761999884485694,0.1916607410910438
2024,4,US DEPT HEALTH HUMAN SCIENCES PUBLIC HEALTH SCIENCE,16,0.26091687965168187,0.01433207514345157,0.8955193982336839
2024,4,VILNIUS GEDIMINAS TECH UNIV,11,0.0,0.0,0.9335471777017565
2024,4,VEREIN FORDERUNG OPEN ACCESS PUBLIZIERENS QUANTENWISSENSCHAF,23,0.0,0.0,0.5008769481576256
2024,4,"VILNIUS UNIV, INST MATHEMATICS & INFORMATICS",12,0.0,0.0,0.7179901983930695
2024,4,VIETNAM NATL UNIV,15,0.16968489039501905,0.028413952703801024,0.5881505842723801
2024,4,WAGENINGEN ACADEMIC PUBLISHERS,14,0.0,0.0,0.4483810772446364
2024,4,TSINGHUA UNIV PRESS,115,0.16901917704055938,0.08786590356799481,0.30043781710792383
2024,4,W B SAUNDERS CO LTD,96,0.10753816061593416,0.03874652473216232,0.2648172954898495
2024,4,WALTER DE GRUYTER GMBH,133,0.09469353016776502,0.04094527864219648,0.20398946492583428
2024,4,W B SAUNDERS CO-ELSEVIER INC,204,0.08998510125016067,0.0390748050651071,0.1938453321116927
2024,4,SPRINGER/PLENUM PUBLISHERS,205,0.04435631479153922,0.01711374937888609,0.1101069724670369
2024,4,TAYLOR & FRANCIS INC,396,0.15632697686254113,0.10631055151965099,0.22397738527203867
2024,4,"WILEY PERIODICALS, INC",14,0.15142661844250613,0.009413557738475962,0.7701636203164958
2024,4,WROCLAW MEDICAL UNIV,20,0.0,0.0,0.5230954981460281
2024,4,WORLD SCIENTIFIC PUBL CO PTE LTD,42,0.0,0.0,0.13058597480997258
2024,5,ACAD MEDICINE SINGAPORE,10,0.0,0.0,1.0
2024,4,ZHEJIANG UNIV PRESS,22,0.04879729840312741,0.0002559412558251132,0.9113476716847962
2024,4,TAYLOR & FRANCIS LTD,881,0.23172723502299156,0.18381078978044207,0.28773124521154936
2024,4,WILEY-HINDAWI,111,0.056507230896205005,0.013835990074238387,0.20360869322570743
2024,4,WOLTERS KLUWER MEDKNOW PUBLICATIONS,102,0.12627777445990396,0.051588708914405236,0.2774649121232364
2024,3,WILEY,6729,0.11200137089496494,0.1002393870633302,0.12495183043801486
2024,4,"ROUTLEDGE JOURNALS, TAYLOR & FRANCIS LTD",1149,0.06060651552631608,0.03790759220326525,0.09554761279868011
2024,4,OXFORD UNIV PRESS INC,1780,0.099890587142981,0.0808917440415723,0.1227556705195423
2024,5,ACTA DERMATO-VENEREOLOGICA,22,0.0,0.0,0.663274655832743
2024,4,SAGE PUBLICATIONS INC,1185,0.08338890867373684,0.06025203452215992,0.11432948072895174
2024,5,ACOUSTICAL SOC AMER AMER INST PHYSICS,55,0.0,0.0,0.2592103757132088
2024,4,SPRINGERNATURE,1166,0.13989609408820827,0.11041016501932356,0.17570121039876951
2024,4,eLIFE SCIENCES PUBL LTD,241,0.1457653882720911,0.08701108993489558,0.23402406475928372
2024,4,ELSEVIER SCIENCE INC,3512,0.11023678632870637,0.09308795404356913,0.13009163907588467
2024,5,AMER ACAD PEDIATRICS,37,0.0,0.0,0.1957857685787237
2024,5,ADIS INT LTD,113,0.05003724301310582,0.009720702106475274,0.2203580227416777
2024,5,AME PUBLISHING COMPANY,37,0.16377350367454213,0.0412350136873285,0.4714132164600045
2024,4,LIPPINCOTT WILLIAMS & WILKINS,3674,0.12564821825911515,0.10075276882152785,0.15563056485493057
2024,4,SPRINGER HEIDELBERG,968,0.08942298145593089,0.06393671710256903,0.12372568824026382
2024,5,AMER ASSOC CRITICAL CARE NURSES,10,0.0,0.0,0.6294268114294191
2024,5,AMER BOARD FAMILY MEDICINE,19,0.2720273808393445,0.042078032714852075,0.7606996389860926
2024,5,AMER ASSOC NEUROLOGICAL SURGEONS,61,0.10116578417124218,0.03465230699945167,0.26085064895445426
2024,5,AMER COLL PHYSICIANS,22,0.06387827374401883,3.2007240226500135e-09,0.9999993126052047
2024,5,AMER ECONOMIC ASSOC,44,0.0,0.0,0.4411084746059901
2024,5,AMER DIABETES ASSOC,29,0.30867150693771617,0.09241875820181263,0.6619012073718957
2024,5,AMER MATHEMATICAL SOC,17,0.16883046104304786,0.03320739586186944,0.5457055135474165
2024,5,"AMER OCCUPATIONAL THERAPY ASSOC, INC",15,0.1838924280277057,0.026275522332617023,0.6529655130703883
2024,5,AMER ASSOC ADVANCEMENT SCIENCE,402,0.09779992309609399,0.0542782835890104,0.1699472871307808
2024,5,AMER METEOROLOGICAL SOC,43,0.06942578478630781,0.01369933085071542,0.2860854509079547
2024,5,ACADEMIC PRESS LTD- ELSEVIER SCIENCE LTD,783,0.15772723113228815,0.12182363543911867,0.20178093279402187
2024,4,PUBLIC LIBRARY SCIENCE,1816,0.11341022210727407,0.09270563198101554,0.13803540295176092
2024,5,AMER ROENTGEN RAY SOC,16,0.0,0.0,1.0
2024,5,"AMER PSYCHIATRIC PUBLISHING, INC",23,0.26872998565369205,0.06414073019403446,0.663344476768945
2024,5,AMER PUBLIC HEALTH ASSOC INC,19,0.18269569502339825,0.010873999575760811,0.8196632963023374
2024,5,AMER PHYTOPATHOLOGICAL SOC,80,0.0,0.0,0.2709683873757788
2024,5,AMER SOC NEURORADIOLOGY,57,0.0,0.0,0.21772235264632991
2024,5,AMER THORACIC SOC,41,0.0,0.0,0.790089381796082
2024,5,ANNALS FAMILY MEDICINE,14,0.1447008208732578,0.020915230190433183,0.5726263154722129
2024,5,AMER SOC PHARMACOLOGY EXPERIMENTAL THERAPEUTICS,25,0.2908553481051825,0.09097332153439078,0.6269937060910091
2024,5,ASIAN-AUSTRALASIAN ASSOC ANIMAL PRODUCTION SOC,15,0.21105179656108436,0.01936001300086841,0.7837748347044823
2024,5,AMER SOC HEMATOLOGY,39,0.17064211048125127,0.053454629108059246,0.4284492467199827
2024,5,ATOMIC SPECTROSCOPY PRESS LTD,13,0.0,0.0,0.4380108066581689
2024,5,AMER SOC CLINICAL INVESTIGATION INC,93,0.2300427093627295,0.11750041050438557,0.4013547159741669
2024,5,ASSOC RESEARCH VISION OPHTHALMOLOGY INC,37,0.1621613912471767,0.03412251908264932,0.5146489629615565
2024,5,AMER SOC NEPHROLOGY,64,0.04130510131588657,0.006130943965160863,0.23131212715655558
2024,5,ANNUAL REVIEWS,69,0.16584854546876884,0.0619652745547887,0.3743810963184438
2024,5,AMER SOC MICROBIOLOGY,133,0.2138868546973247,0.11573757403858159,0.3612648370568276
2024,5,ASCE-AMER SOC CIVIL ENGINEERS,71,0.27402473765580204,0.1490142304265652,0.44862161080626806
2024,5,BAISHIDENG PUBLISHING GROUP INC,76,0.3158464256411093,0.15109206051638202,0.5449306692720282
2024,5,AMER SPEECH-LANGUAGE-HEARING ASSOC,49,0.0426239777137376,0.004812282935932863,0.29073876303036983
2024,5,ASSOC COMPUTING MACHINERY,122,0.08320294373294254,0.03397625539384536,0.18974309958981062
2024,5,AMER GEOPHYSICAL UNION,375,0.042805726075230144,0.017383972182325198,0.10156100103620212
2024,3,ELSEVIER,14567,0.15311585525835228,0.14406801207866135,0.16262396511601354
2024,5,AMER PSYCHOLOGICAL ASSOC,131,0.03952473739750414,0.010626711411483832,0.1361899784132996
2024,5,BRAZILIAN SOC UROL,14,0.0,0.0,0.5294769496379435
2024,5,AIP Publishing,639,0.05659488657179277,0.032696015420339106,0.09622469706913868
2024,5,C EJ PUBLISHING GROUP,28,0.19627792743992864,0.06284922240413036,0.4706990779724957
2024,4,WILEY-V C H VERLAG GMBH,2061,0.17923820709573832,0.15309894442651967,0.20874035349567652
2024,5,BRITISH EDITORIAL SOC BONE & JOINT SURGERY,44,0.22973697219804662,0.0792728902089819,0.5081676475796121
2024,5,CANADIAN OPHTHAL SOC,12,0.0,0.0,0.7306148682020668
2024,5,CENTERS DISEASE CONTROL & PREVENTION,17,0.0,0.0,0.7509377168576323
2024,5,CHIN SOCIETY IMMUNOLOGY,12,1.0,0.3860266580926829,1.0
2024,5,"CHINA UNIV GEOSCIENCES, BEIJING",14,0.2556220740556279,0.07213111708135865,0.6026950722996778
2024,5,CHINESE CHEMICAL SOC,22,0.33641031856365766,0.1211289039419512,0.6509273843204912
2024,5,CMA-CANADIAN MEDICAL ASSOC,26,0.0,0.0,0.4522785436303879
2024,5,CHINESE LASER PRESS,32,0.019638581386187074,3.2726561025483934e-07,0.9991851106076914
2024,5,COGITATIO PRESS,25,0.0,0.0,0.4771428815989254
2024,5,COLL AMER PATHOLOGISTS,12,0.0,0.0,0.6880707811305993
2024,4,ELSEVIER SCI LTD,6461,0.14723914659828663,0.13404595586067372,0.16148869444199312
2024,4,OXFORD UNIV PRESS,2173,0.07283376585339024,0.05700132876242499,0.0926317748311347
2024,5,"COLD SPRING HARBOR LAB PRESS, PUBLICATIONS DEPT",48,0.12690582440364953,0.028980494488713593,0.4144806955154373
2024,5,CURRENT MEDICINE GROUP,18,0.3790053597490652,0.11101822498167521,0.7489157867969687
2024,5,ACADEMIC PRESS INC ELSEVIER SCIENCE,1533,0.11721757350205335,0.09359166679671731,0.14584785298563321
2024,5,COPERNICUS GESELLSCHAFT MBH,153,0.0,0.0,0.06975898645382006
2024,5,COMPANY BIOLOGISTS LTD,51,0.10485086411938432,0.026680759590321883,0.33355869167335006
2024,5,AMER MEDICAL ASSOC,564,0.02971371288120666,0.011437710341297912,0.07497755501718019
2024,5,CURRENT BIOLOGY LTD,45,0.09482193993166788,0.013569655284296123,0.4437380081342226
2024,5,CHURCHILL LIVINGSTONE,136,0.17375633490875714,0.09835122401149599,0.28847718322151733
2024,5,DUKE UNIV PRESS,40,0.0,0.0,0.06334359438453283
2024,5,CHURCHILL LIVINGSTONE INC MEDICAL PUBLISHERS,90,0.11704095588809532,0.0478042845517039,0.2592530495996184
2024,5,EDIZIONI MINERVA MEDICA,24,0.3704994568974192,0.1430520242869968,0.6748095224359769
2024,5,EDUCATIONAL PUBLISHING FOUNDATION-AMERICAN PSYCHOLOGICAL ASSOC,31,0.0,0.0,0.4801966518729048
2024,5,DOVE MEDICAL PRESS LTD,155,0.2737862414593177,0.16995129063892403,0.4097446758375604
2024,4,NATURE PORTFOLIO,4370,0.1202880938471429,0.10487637089560439,0.13761640360427607
2024,5,EDP SCIENCES S A,155,0.012486188425517577,0.001835898643202353,0.0799702626772698
2024,5,CAMBRIDGE UNIV PRESS,533,0.011788919764382389,0.0031295409196726207,0.04336629845128046
2024,5,BMJ PUBLISHING GROUP,752,0.07105284257584754,0.04381143409161892,0.11322686863973666
2024,5,AMER PHYSICAL SOC,993,0.04671968457441868,0.028131107295243388,0.07662288739809928
2024,5,ELSEVIER - DIVISION REED ELSEVIER INDIA PVT LTD,16,0.23225177608221373,0.04403324102080985,0.6651875870575817
2024,5,ELSEVIER ESPANA,14,0.2825632678626095,0.025978783699638498,0.8532833286535878
2024,5,ELSEVIER ESPANA SLU,20,0.09186777314120695,0.012647095989393155,0.44411460753762155
2024,4,SPRINGER,3506,0.11044457822024983,0.09502936186693799,0.12800667483619838
2024,5,"ELSEVIER MASSON, CORP OFF",28,0.0,0.0,0.3823440090614033
2024,5,ELSEVIER ADVANCED TECHNOLOGY,119,0.29274520961820544,0.18839125932439435,0.42465830035899405
2024,5,ELSEVIER INC,36,0.07279681933069876,0.010821908266348938,0.36038370371153094
2024,5,AMER PHYSIOLOGICAL SOC,2015,0.18230490105152547,0.16090329676735982,0.20585475808544523
2024,5,ELSEVIER GMBH,218,0.2869922042539334,0.20309940206578306,0.38863818034887704
2024,4,MDPI,6537,0.17323572324024283,0.15913967046590066,0.18830075171100624
2024,5,ELSEVIER FRANCE-EDITIONS SCIENTIFIQUES MEDICALES ELSEVIER,481,0.2743214128435998,0.21625447183345403,0.34119241645003073
2024,4,PERGAMON-ELSEVIER SCIENCE LTD,5339,0.13393631063607664,0.1199181973771613,0.14931508432840074
2024,5,ELSEVIER IRELAND LTD,656,0.23962649572632735,0.19260572000171347,0.2939472299856506
2024,5,ELSEVIER SCIENCE LONDON,65,0.3851664410895356,0.22747392119228005,0.5713296335405823
2024,5,BMC,2596,0.17668426997104794,0.15555355297015153,0.2000055688980056
2024,5,EUROPA EDITION,11,0.0,0.0,1.0
2024,5,ELSEVIER SINGAPORE PTE LTD,22,0.1983578484989954,0.027008815227345714,0.6880529904137904
2024,5,EUR CENTRE DIS PREVENTION & CONTROL,22,0.0,0.0,0.6633675714966507
2024,5,FERRATA STORTI FOUNDATION,57,0.0,0.0,0.200530517541022
2024,5,ELSEVIER TAIWAN,60,0.2623447187910396,0.1289189740440397,0.4608096492507954
2024,5,EUROPEAN MATHEMATICAL SOC-EMS,43,0.0,0.0,0.29769372045065606
2024,5,EUROPEAN RESPIRATORY SOC JOURNALS LTD,70,0.0,0.0,0.26543956278792724
2024,5,EXCERPTA MEDICA INC-ELSEVIER SCIENCE INC,21,0.1411480470162756,0.02920034386020906,0.47311723691427177
2024,5,ENDOCRINE SOC,79,0.05768506678909466,0.011687024479853477,0.24064214315339225
2024,5,AMER ASSOC CANCER RESEARCH,1924,0.060542744213510455,0.04803371315826484,0.0760491609645246
2024,5,CELL PRESS,2971,0.19066213995574693,0.16613926242786842,0.2178590026277039
2024,5,GEOMETRY & TOPOLOGY PUBLICATIONS,10,0.0,0.0,0.7399737845231315
2024,5,HARBORSIDE PRESS,19,0.2866744176427803,0.04952544002812554,0.7560774920768429
2024,5,GEOSCIENCEWORLD,11,0.21589347877378368,0.02811088786996517,0.7238350594691023
2024,5,"GEOLOGICAL SOC AMER, INC",32,0.0,0.0,0.1820771413695693
2024,5,HUMAN KINETICS PUBL INC,16,0.0,0.0,0.5398503439886173
2024,5,HIGHER EDUCATION PRESS,25,0.25040874580456995,0.0854302117892578,0.5443548428480395
2024,5,GEORG THIEME VERLAG KG,77,0.0,0.0,0.20533500335036928
2024,5,HINDAWI LTD,46,0.1214667388091894,0.030983961314229917,0.3741590887847884
2024,5,EMERALD GROUP PUBLISHING LTD,323,0.18602170669933665,0.1317872196252555,0.2559944966814934
2024,5,INT UNION CRYSTALLOGRAPHY,30,0.0,0.0,0.4627849326947391
2024,5,IGI GLOBAL,24,0.4771212762113017,0.22476040092412403,0.7417299531115107
2024,5,"INST MATERIA MEDICA, CHINESE ACAD MEDICAL SCIENCES",32,0.281655684710688,0.06930743395088362,0.6736740202895567
2024,5,INT SCIENTIFIC RESEARCH PUBLICATIONS,18,0.04022508702551558,0.0001275766598072507,0.9322798752738309
2024,5,INT SOC GLOBAL HEALTH,28,0.12106001120296465,0.00940744624283028,0.6663986379514169
2024,5,INTER-RESEARCH,26,0.04943481680040731,0.0031706782114162228,0.45954624770856556
2024,5,INFORMS,92,0.031670107457958445,0.0030986787174444356,0.256026748140668
2024,5,JOHN WILEY & SONS INC,27,0.1827374499726224,0.045830148621095856,0.5100185583643305
2024,5,KARGER,32,0.015372581247607063,5.936623610031803e-10,0.9999975644967469
2024,5,JOURNAL OF CENTRAL SOUTH UNIV,25,0.1657034748538172,0.049741894787155176,0.4297449376841803
2024,5,IEEE COMPUTER SOC,252,0.10049944388525499,0.056160153190356596,0.17341345831794838
2024,5,KOREAN SOC NEPHROLOGY,11,0.30805341916528645,0.050325064803592334,0.7890394869286541
2024,5,KOREAN FIBER SOC,27,0.13627331361498238,0.03117008668200376,0.4362101341752292
2024,5,KOREAN STROKE SOC,15,0.26385423958054327,0.06601236758171913,0.6450975205249725
2024,5,JOURNAL MATER SCI TECHNOL,82,0.18188282350748158,0.0877928915929567,0.3393035612615911
2024,5,KOREAN NUCLEAR SOC,41,0.1271952166082851,0.034811928448099876,0.37060671923054944
2024,5,KOREAN INST METALS MATERIALS,36,0.04992760447858581,0.007115222073160218,0.27817142823543045
2024,5,LIFE SCIENCE ALLIANCE LLC,35,0.25686930107420913,0.09423572412282304,0.5345375792514757
2024,5,"JMIR PUBLICATIONS, INC",227,0.2596696669452891,0.17707986535604778,0.3637524795698116
2024,5,JOHN WILEY & SONS LTD,109,0.14497369524596113,0.07275029319234133,0.26816161254276694
2024,5,KEAI PUBLISHING LTD,396,0.19662328784902072,0.14340404732534434,0.26351705773348993
2024,5,MANAGED CARE & HEALTHCARE COMMUNICATIONS LLC,19,0.0,0.0,0.7045149137549852
2024,5,AMER CHEMICAL SOC,4500,0.1524938518396774,0.1355329335457992,0.17115705760468936
2024,5,MATHEMATICAL SCIENCE PUBL,10,0.0,0.0,0.8176409620856036
2024,5,MASSACHUSETTS MEDICAL SOC,54,0.08906882898966938,0.005433776408130074,0.6363499169118053
2024,5,"MARY ANN LIEBERT, INC",134,0.11158977327020475,0.035255495949805205,0.3015418359769351
2024,5,MEDICAL LIBRARY ASSOC,20,0.0,0.0,0.7489500639167156
2024,5,MEDYCYNA PRAKTYCZNA SP K SP ZOO,12,0.3730138929404577,0.05505154894820066,0.8586646412680006
2024,5,MICROBIOLOGY SOC,17,0.36454091614106104,0.10642485403385317,0.7342655958262528
2024,5,Medical Journal Sweden AB,11,0.0,0.0,0.6037741298056655
2024,5,FRONTIERS MEDIA SA,1631,0.20609254680553243,0.17572619505277656,0.24017734735288243
2024,5,NORTHEAST FORESTRY UNIV,11,0.4608542295592032,0.14076634131685456,0.8168471814925345
2024,5,NATURE PUBL GROUP,22,0.2684004545160306,0.08574353521174745,0.5893415482973329
2024,5,OAE PUBLISHING INC,18,0.3468767124989833,0.11235390250472757,0.6902581411382328
2024,5,NONFERROUS METALS SOC CHINA,48,0.20042950344753097,0.08480487423924771,0.4040929021011094
2024,5,IOP Publishing Ltd,928,0.06538754047783654,0.043528476684121215,0.09710926015391616
2024,5,NATL ACAD SCIENCES,265,0.036122342238870106,0.014203555914058813,0.08881842544033113
2024,5,Optica Publishing Group,22,0.0,0.0,0.26646651396155235
2024,5,PALGRAVE MACMILLAN LTD,17,0.10978985426369944,0.0048483908326598865,0.7573985030527166
2024,5,PEERJ INC,56,0.37728008283102826,0.2069971446831164,0.5844100509211625
2024,5,MOSBY-ELSEVIER,479,0.04943177358644931,0.026900922477838655,0.08910536079617021
2024,5,ELSEVIER SCIENCE SA,2195,0.18104328006985843,0.1579568576949759,0.20667574332364191
2024,5,PHYSICIANS POSTGRADUATE PRESS,13,0.0,0.0,0.7801360738958554
2024,5,POLISH CARDIAC SOC,20,0.0,0.0,0.5626834038358444
2024,5,PORTLAND PRESS LTD,15,0.0,0.0,0.4775742424951259
2024,5,PROJECT HOPE,16,0.0,0.0,0.8751607988699603
2024,5,RADIOLOGICAL SOC NORTH AMERICA (RSNA),48,0.0,0.0,0.25056954560371675
2024,5,ROCKEFELLER UNIV PRESS,38,0.07722492252543334,0.002388065408468926,0.7452722397749446
2024,5,SHANGHAI JIAO TONG UNIV PRESS,23,0.24103651957816236,0.04619228876987841,0.6756032749306864
2024,5,SOC BIOLGIA CHILE,18,0.12458364833467818,0.01564925695522491,0.5602346351610367
2024,5,SOC PETROLEUM ENG,20,0.0,0.0,0.4740506342420114
2024,5,SCIPOST FOUNDATION,29,0.05142934630080807,0.007343683967532182,0.2843570348916355
2024,5,SPANDIDOS PUBL LTD,15,0.050430697319851114,0.00019100674711505628,0.9365644479299611
2024,5,SOC NUCLEAR MEDICINE INC,32,0.3008562578104798,0.0789590207142666,0.6835485861503461
2024,5,SOC EXPLORATION GEOPHYSICISTS - SEG,36,0.14835035032020003,0.04269509066545722,0.4048832043644869
2024,5,SOC NEUROSCIENCE,48,0.07771032536728674,0.01474962849683142,0.32167942179979564
2024,5,ROYAL SOC,186,0.025786473182953285,0.004371779968486995,0.1376013116974019
2024,5,SIAM PUBLICATIONS,131,0.017427650663310992,0.0030030745722009785,0.09456562472418972
2024,5,SCIENCE PRESS,327,0.13787659033888225,0.08644477737574584,0.21278137043260226
2024,5,SPRINGER FRANCE,13,0.0,0.0,0.599512020892023
2024,5,OXFORD UNIV PRESS INC,1132,0.17428244443024277,0.14375455227963563,0.20970552152941968
2024,4,WILEY,6295,0.10903297456230746,0.09676482984375716,0.12264531437739937
2024,5,SPRINGER JAPAN KK,58,0.008568380104064287,9.815973233073232e-09,0.999868597271881
2024,5,ELSEVIER SCIENCE INC,2577,0.09068068378990661,0.0738703532178492,0.11085855301624632
2024,5,SPRINGER LONDON LTD,80,0.13696454212818715,0.05627824908029914,0.2969333158377054
2024,5,SAGE PUBLICATIONS LTD,521,0.1001494208344505,0.06447094523875907,0.1523569681214581
2024,5,Soc Espanola Medicina Urgencias & Emergencias - SEMES,11,0.0,0.0,1.0
2024,5,SPRINGER SINGAPORE PTE LTD,60,0.14409716952690418,0.04902282276015538,0.3547707477198089
2024,5,SPRINGER BASEL AG,190,0.10457800366809684,0.05094272630252616,0.20262686113159661
2024,5,IEEE-INST ELECTRICAL ELECTRONICS ENGINEERS INC,2560,0.16963617306807907,0.1474092145309341,0.19445023307925557
2024,5,THIEME MEDICAL PUBL INC,18,0.2139782446893686,0.02558018642692715,0.7384260457995323
2024,5,TERMEDIA PUBLISHING HOUSE LTD,28,0.0,0.0,0.31140352898319273
2024,5,US DEPT HEALTH HUMAN SCIENCES PUBLIC HEALTH SCIENCE,11,0.0,0.0,0.9675038534654176
2024,5,SPRINGER-VERLAG ITALIA SRL,100,0.06980096842975697,0.021038404196557475,0.20761557141572778
2024,5,VEREIN FORDERUNG OPEN ACCESS PUBLIZIERENS QUANTENWISSENSCHAF,36,0.0,0.0,0.12000665819268569
2024,5,SAGE PUBLICATIONS INC,613,0.07642426682130381,0.04692923388315147,0.12208237938831827
2024,5,VIETNAM NATL UNIV,12,0.18235946016032928,0.007517316952088959,0.867853786521257
2024,5,VILNIUS GEDIMINAS TECH UNIV,22,0.11013327698837508,0.011588615292463493,0.5664335972374752
2024,5,SPRINGER INT PUBL AG,220,0.15133112432108986,0.0918769726021134,0.23912764387977137
2024,5,WAGENINGEN ACADEMIC PUBLISHERS,16,0.1349827503796418,0.007217886343489699,0.7700766656929696
2024,5,SPRINGER WIEN,178,0.18951393315802847,0.12262464323411335,0.28119609557730824
2024,5,TSINGHUA UNIV PRESS,125,0.1747061005051386,0.09554637134312154,0.2978515765634722
2024,5,WALTER DE GRUYTER GMBH,91,0.17719570868397297,0.07810414239833002,0.35376326885663534
2024,5,SPRINGER/PLENUM PUBLISHERS,242,0.0687531649888952,0.03221885498454373,0.1406926339508421
2024,5,W B SAUNDERS CO LTD,116,0.06852591539298086,0.01924076022510247,0.21622258849066323
2024,5,W B SAUNDERS CO-ELSEVIER INC,237,0.10336444440689407,0.0558378086570007,0.18348233560991772
2024,5,TAYLOR & FRANCIS INC,447,0.2014486251858988,0.14490444965912275,0.2730126044902218
2024,5,"WILEY PERIODICALS, INC",17,0.32880613193298025,0.12057720513938194,0.6364053625784309
2024,5,WILEY-HINDAWI,92,0.19536795885768857,0.09912825218204901,0.34886039247402795
2024,5,"ZAGREB UNIV, FAC FORESTRY",10,0.0,0.0,0.6178989715725042
2024,6,ACAD MEDICINE SINGAPORE,10,0.0,0.0,0.8115903294705541
2024,5,ZHEJIANG UNIV PRESS,17,0.25069034766563286,0.029871231462968335,0.7842597806340196
2024,5,WOLTERS KLUWER MEDKNOW PUBLICATIONS,76,0.2281145836241025,0.10202200184875578,0.4346217086958299
2024,5,"ROUTLEDGE JOURNALS, TAYLOR & FRANCIS LTD",1260,0.09510657536435871,0.06821062261567619,0.13111549432511824
2024,5,WORLD SCIENTIFIC PUBL CO PTE LTD,79,0.050637927172598546,0.010941301269396948,0.20457044822149467
2024,6,ACTA DERMATO-VENEREOLOGICA,24,0.18371117529555073,0.0179005683003352,0.7353723562071857
2024,6,ACOUSTICAL SOC AMER AMER INST PHYSICS,37,0.25740576646728425,0.09502006369698714,0.5336571628270007
2024,6,AME PUBLISHING COMPANY,24,0.0,0.0,0.47670366022272637
2024,6,ALEXANDER VON HUMBOLDT INST INTERNET & SOC,12,0.0,0.0,1.0
2024,6,AMER ACAD SLEEP MEDICINE,19,0.0,0.0,0.4017759573450544
2024,5,TAYLOR & FRANCIS LTD,904,0.17761320134345293,0.13664675144411967,0.22762325494999666
2024,6,AMER ACAD PEDIATRICS,33,0.1886269759527876,0.04190926690475311,0.5526843367832152
2024,6,ADIS INT LTD,101,0.2221183908338038,0.11454443152678286,0.3866091425304751
2024,5,eLIFE SCIENCES PUBL LTD,217,0.12998294542479283,0.07573450725268059,0.21408867632251422
2024,6,AMER ASSOC NEUROLOGICAL SURGEONS,67,0.09196657417140254,0.028411764685639197,0.25968945739687044
2024,5,SPRINGER HEIDELBERG,933,0.12727795705844175,0.09775079607450395,0.1641020371268844
2024,6,AMER COLL PHYSICIANS,22,0.17409383172263984,0.0009763233218958749,0.9784789226283723
2024,6,AMER ASSOC ADVANCEMENT SCIENCE,330,0.09709909980165739,0.050465737641507434,0.17871403180820752
2024,6,AMER ECONOMIC ASSOC,55,0.0,0.0,0.31892764743333113
2024,6,AMER INST AERONAUTICS ASTRONAUTICS,13,0.0,0.0,0.8900756168653307
2024,6,AMER ASSOC CANCER RESEARCH,253,0.08317838944776373,0.03681794417407218,0.17717675094510404
2024,6,"AMER OCCUPATIONAL THERAPY ASSOC, INC",19,0.09085501886169939,0.005689055984727927,0.6357642677092821
2024,6,AMER METEOROLOGICAL SOC,47,0.10539204139467757,0.032528810525713776,0.29217634360320405
2024,6,"AMER PSYCHIATRIC PUBLISHING, INC",24,0.10689118461663588,0.0025497139588171206,0.8485697261046138
2024,6,ACADEMIC PRESS LTD- ELSEVIER SCIENCE LTD,703,0.1941785907091612,0.153532658617202,0.24250229116334648
2024,6,AMER SOC HEMATOLOGY,38,0.2922396604745124,0.12510206152864659,0.5438656154860888
2024,6,AMER SOC NEURORADIOLOGY,41,0.0,0.0,0.321967795215905
2024,6,AMER PHYSIOLOGICAL SOC,84,0.3737750471862071,0.1969927521210459,0.5922043977122491
2024,6,AMER SOC PHARMACOLOGY EXPERIMENTAL THERAPEUTICS,19,0.3131982325787457,0.07995220165570559,0.7052818187118419
2024,6,AMER SPEECH-LANGUAGE-HEARING ASSOC,38,0.0,0.0,0.30214958982699075
2024,6,AMER THORACIC SOC,27,0.6883426368674201,0.1666271265722958,0.9606262972800708
2024,6,ASIAN-AUSTRALASIAN ASSOC ANIMAL PRODUCTION SOC,20,0.23791849509905838,0.05720638610667976,0.616313784169411
2024,6,AMER SOC NEPHROLOGY,52,0.10938760907341966,0.027364122275467848,0.3490434841404223
2024,6,ANNUAL REVIEWS,83,0.004446391592647235,5.162703479575407e-12,0.9999997411840991
2024,6,AMER PHYTOPATHOLOGICAL SOC,58,0.04586408604382068,0.005551259143940024,0.2927461640571984
2024,6,AMER SOC CLINICAL INVESTIGATION INC,108,0.1942925693039966,0.08899231079503704,0.3731539789989797
2024,6,ASSOC RESEARCH VISION OPHTHALMOLOGY INC,42,0.1826050428769663,0.0718100070108463,0.39212680546178114
2024,6,AIP Publishing,557,0.08896748246293557,0.05824109869298416,0.13360453255373583
2024,6,AMER SOC MICROBIOLOGY,126,0.13647290087080338,0.06353687863366557,0.2690773435428039
2024,6,AMER PSYCHOLOGICAL ASSOC,97,0.03501292506851618,0.00619537764946906,0.17435697973237854
2024,6,ASCE-AMER SOC CIVIL ENGINEERS,76,0.1632670263707525,0.0691176671710669,0.3389642323118702
2024,6,BAISHIDENG PUBLISHING GROUP INC,98,0.1430916506806056,0.05945861226377675,0.3060787445473587
2024,5,SPRINGERNATURE,1365,0.15452990012802287,0.12581344418426316,0.1883882946597432
2024,5,PUBLIC LIBRARY SCIENCE,2250,0.1281191354905767,0.10763149885258624,0.1518430076460892
2024,6,ASSOC COMPUTING MACHINERY,145,0.07843257941012977,0.03388640678920123,0.17116322294448794
2024,6,AMER MEDICAL ASSOC,463,0.08707708286253871,0.05240556485897162,0.14126757252631097
2024,5,LIPPINCOTT WILLIAMS & WILKINS,3753,0.11773185329341934,0.10263366805391347,0.13471765777824013
2024,6,ACADEMIC PRESS INC ELSEVIER SCIENCE,1240,0.16959696681078942,0.13932088247323668,0.20488617768656503
2024,6,BRILL,23,0.0,0.0,0.34640637835451255
2024,6,AMER DIABETES ASSOC,730,0.1527529568903481,0.11568601509200685,0.19902356402756965
2024,6,C EJ PUBLISHING GROUP,19,0.36097562214815726,0.11182717899972743,0.717064604804968
2024,6,BRITISH EDITORIAL SOC BONE & JOINT SURGERY,26,0.010097651140887514,1.123140075044671e-13,0.9999999989206112
2024,4,ELSEVIER,13818,0.17156857144565324,0.16195715873959496,0.18162675753888854
2024,6,CENTERS DISEASE CONTROL & PREVENTION,15,0.0,0.0,0.9753673674497054
2024,6,CHIN SOCIETY IMMUNOLOGY,12,0.6394766937867701,0.14754554908705006,0.9478548392686751
2024,6,COGITATIO PRESS,12,0.0,0.0,0.7107502534434195
2024,6,CMA-CANADIAN MEDICAL ASSOC,16,0.0,0.0,0.3765847817229361
2024,6,CHINESE LASER PRESS,14,0.1334177910960687,0.018745918889052058,0.5537199496403669
2024,6,COLL FAMILY PHYSICIANS CANADA,10,0.0,0.0,0.6482408437119893
2024,6,CHINESE CHEMICAL SOC,13,0.14250794204716183,0.01696396012119261,0.6154609869624899
2024,6,AMER GEOPHYSICAL UNION,559,0.061884273434692216,0.034553388320598434,0.10840582167305793
2024,6,"CHINA UNIV GEOSCIENCES, WUHAN",25,0.10881119338645309,0.020112157839139957,0.42073166007960355
2024,6,COLL AMER PATHOLOGISTS,14,0.0,0.0,0.6733170028124157
2024,6,CROATIAN SOC MEDICAL BIOCHEMISTRY & LABORATORY MEDICINE,10,0.05107023606025128,6.4153498189893534e-09,0.9999977851118952
2024,6,"COLD SPRING HARBOR LAB PRESS, PUBLICATIONS DEPT",39,0.10442310030885471,0.016725440359533574,0.44421400191194715
2024,6,CURRENT MEDICINE GROUP,14,0.3196473100732842,0.080446774216631,0.7161626544895611
2024,6,Cherkas Global Univ Press,45,0.0,0.0,0.22388349168566885
2024,6,CURRENT BIOLOGY LTD,50,0.30456512091541654,0.13943454841246275,0.5420726466988237
2024,6,CHURCHILL LIVINGSTONE INC MEDICAL PUBLISHERS,60,0.05286574427258723,0.010866763125445218,0.2209307912030447
2024,6,COMPANY BIOLOGISTS LTD,43,0.05472613991294776,0.0009781849060033266,0.7739177540265513
2024,6,EDIZIONI MINERVA MEDICA,21,0.0,0.0,0.30347913016570466
2024,6,DUKE UNIV PRESS,101,0.0,0.0,0.45246798720612097
2024,6,CHURCHILL LIVINGSTONE,117,0.3363542717041423,0.21504208885716591,0.48391289628091133
2024,6,EDUCATIONAL PUBLISHING FOUNDATION-AMERICAN PSYCHOLOGICAL ASSOC,39,0.06396730190729913,0.009042842230926329,0.3385284231283851
2024,6,DOVE MEDICAL PRESS LTD,159,0.2317600105699504,0.14636803826347133,0.34673463911160907
2024,6,EDP SCIENCES S A,151,0.0,0.0,0.07716451118563497
2024,6,COPERNICUS GESELLSCHAFT MBH,150,0.03174301134545945,0.006819281636335539,0.13534641771088757
2024,6,ELSEVIER - DIVISION REED ELSEVIER INDIA PVT LTD,10,0.21642839213748316,0.03231534479846485,0.6955420849347188
2024,6,ELSEVIER ESPANA SLU,16,0.04011419051649327,3.3870735707539384e-05,0.9809743256783484
2024,6,AMER PHYSICAL SOC,916,0.02953907195235038,0.01594589237218983,0.05408299886298714
2024,6,ELSEVIER INC,28,0.0,0.0,0.4455930421580013
2024,6,ELSEVIER ADVANCED TECHNOLOGY,113,0.34715032378932964,0.22766734501978456,0.489589455524201
2024,6,"ELSEVIER MASSON, CORP OFF",20,0.03514755801441684,3.802797600431177e-05,0.9721400676193797
2024,6,CAMBRIDGE UNIV PRESS,670,0.0745017593266996,0.04899493600956147,0.11172741604857638
2024,6,ELSEVIER GMBH,143,0.24214619119574102,0.14464464088998163,0.3764460135711451
2024,6,ELSEVIER FRANCE-EDITIONS SCIENTIFIQUES MEDICALES ELSEVIER,430,0.27284217613371026,0.20834826908083914,0.3485112681302439
2024,6,ELSEVIER SCIENCE LONDON,46,0.24588227590002457,0.0960103139855113,0.5002427717613012
2024,6,EUROPA EDITION,14,0.0,0.0,0.5738148979770789
2024,6,ELSEVIER SINGAPORE PTE LTD,12,0.2733776091183646,0.06678807929606585,0.6641853494228563
2024,6,EUR CENTRE DIS PREVENTION & CONTROL,18,0.13671700434013778,0.0208741495343543,0.5405333046117291
2024,6,ELSEVIER TAIWAN,42,0.17356602048346134,0.03851052052272017,0.5240883843623872
2024,6,EUROPEAN MATHEMATICAL SOC-EMS,32,0.0,0.0,0.37003019526920705
2024,6,EXCERPTA MEDICA INC-ELSEVIER SCIENCE INC,17,0.04797055329926339,0.0006559148300010676,0.7945880366887723
2024,6,FOUNDATION REHABILITATION INFORMATION,11,0.09645216658606551,0.002098155053606905,0.8442284746470844
2024,6,FERRATA STORTI FOUNDATION,37,0.23854320481526564,0.07361658547320782,0.5525679873979255
2024,6,ENDOCRINE SOC,73,0.11685161748335521,0.04208253458245074,0.28494814840329946
2024,6,ELSEVIER IRELAND LTD,625,0.21244781448878913,0.16548472581682994,0.2684512819773048
2024,6,EMERALD GROUP PUBLISHING LTD,130,0.270594836158996,0.17453054285300207,0.39427894252680007
2024,6,HARBORSIDE PRESS,10,0.0,0.0,0.7307887854795067
2024,6,GEORG THIEME VERLAG KG,87,0.0,0.0,0.20069189660228284
2024,6,EUROPEAN RESPIRATORY SOC JOURNALS LTD,65,0.05240426409173011,0.007794020810454033,0.28023299605763824
2024,6,"GEOLOGICAL SOC AMER, INC",26,0.18262003232831556,0.0536453279245704,0.4682503380698924
2024,6,HUMAN KINETICS PUBL INC,29,0.0,0.0,0.458705491491413
2024,6,HIGHER EDUCATION PRESS,38,0.38790217726532983,0.1924539581527762,0.6275838270792277
2024,5,NATURE PORTFOLIO,4939,0.1257587703216091,0.11107368195967049,0.1420750703025526
2024,6,INST BADAN GOSPODARCZYCH,12,0.32365086139407473,0.056895385626494814,0.7914808540984859
2024,6,INST MATHEMATICAL STATISTICS-IMS,29,0.0,0.0,0.4134483517024613
2024,6,INT SOC GLOBAL HEALTH,22,0.31251461909724265,0.06943031020241336,0.7347182878235534
2024,6,INT SCIENTIFIC RESEARCH PUBLICATIONS,10,0.0,0.0,0.9830938476109717
2024,6,"INST MATERIA MEDICA, CHINESE ACAD MEDICAL SCIENCES",29,0.6221758644267836,0.22452817927092095,0.9035283527729537
2024,6,INFORMS,66,0.057788705518551454,0.008713519931215802,0.299696258643572
2024,6,INT UNION CRYSTALLOGRAPHY,43,0.07764324757922615,0.007387975567636393,0.4877202523708061
2024,6,IEEE COMPUTER SOC,117,0.0911132334919018,0.03398345517137164,0.22219374234866116
2024,6,IRCA-BSSA,11,0.25292290810133444,0.03908302668656001,0.7380837366433277
2024,6,JOHN WILEY & SONS INC,31,0.0,0.0,0.6632502843863285
2024,5,ELSEVIER SCI LTD,7311,0.1543724266243357,0.14157396403435885,0.16810131718488314
2024,6,KERMAN UNIV MEDICAL SCIENCES,13,0.0,0.0,0.4873424892082762
2024,6,KARGER,46,0.2507833103833457,0.08443808006620768,0.5485073384950447
2024,6,KOREAN INST METALS MATERIALS,11,0.33234183054088356,0.06377035855202827,0.7843752250426761
2024,6,KOREAN FIBER SOC,21,0.13934547201153513,0.01888731570083018,0.5765735078158869
2024,6,KOREAN SOCIETY ANIMAL SCIENCE & TECHNOLOGY,10,0.008710954450740759,1.0279163207334096e-33,1.0
2024,6,JOURNAL MATER SCI TECHNOL,61,0.32522118989387006,0.18747182266823395,0.501690796493775
2024,6,KOREAN NUCLEAR SOC,54,0.1392072962539944,0.046713042527497,0.3479899120426129
2024,6,KOREAN SPINAL NEUROSURGERY SOC,30,0.41241018602713203,0.12437728072930361,0.776189062907788
2024,6,LIFE SCIENCE ALLIANCE LLC,26,0.055444270823270365,0.0035092295013611063,0.49454291053160976
2024,6,JOHN WILEY & SONS LTD,134,0.22128956893338803,0.13626734745474345,0.3385663144193525
2024,6,"JMIR PUBLICATIONS, INC",191,0.20536183192817506,0.13091953377734036,0.3071719810082852
2024,5,WILEY-V C H VERLAG GMBH,2190,0.175170291282464,0.15014981721523774,0.2033624076767787
2024,6,BMC,2326,0.1669190950411526,0.144537743516457,0.1919883541830675
2024,6,CELL PRESS,2681,0.22887195900253152,0.20319969187927306,0.25674257238541215
2024,6,KEAI PUBLISHING LTD,342,0.15832459848721345,0.10637902105090018,0.22913165807896285
2024,6,MASSACHUSETTS MEDICAL SOC,84,0.0,0.0,0.18096936544186845
2024,6,"MARY ANN LIEBERT, INC",133,0.19262354236521928,0.08126477491818217,0.39154575719476087
2024,6,AMER CHEMICAL SOC,3945,0.13865092265252835,0.12130968091177675,0.15802528216058434
2024,5,MDPI,6839,0.17688645804459727,0.16293093410880385,0.19176347675825833
2024,6,MIT PRESS,20,0.24828485866654357,0.07056851593376814,0.5896279400634471
2024,6,Medical Journal Sweden AB,10,0.0,0.0,0.8461099926774288
2024,6,NATL ATHLETIC TRAINERS ASSOC INC,10,0.2252932545950358,0.012565047705056797,0.8692141575306692
2024,6,IOP Publishing Ltd,630,0.04896151296160802,0.028217164346997788,0.08364378199098704
2024,6,FRONTIERS MEDIA SA,1487,0.17081634941641163,0.142033715151104,0.20404453056855293
2024,6,IEEE-INST ELECTRICAL ELECTRONICS ENGINEERS INC,1439,0.1699872736329658,0.1411066906942364,0.2033792127750988
2024,6,OAE PUBLISHING INC,10,0.24600158002933234,0.027714454972586556,0.7887805970547138
2024,6,ONLINE LEARNING CONSORTIUM,16,0.10650862580626731,0.005783913836000927,0.7095197150229712
2024,6,NATURE PUBL GROUP,24,0.23675667322231667,0.07071674624971296,0.5583931421812267
2024,6,NATL ACAD SCIENCES,248,0.0621970029028592,0.024998425675228867,0.14643501381905463
2024,6,NONFERROUS METALS SOC CHINA,76,0.24873586496666358,0.12702326402362826,0.4296711818736801
2024,6,ELSEVIER SCIENCE SA,1679,0.19827916299102516,0.17094243663793543,0.22878115169977567
2024,6,MOSBY-ELSEVIER,335,0.08240160629009265,0.04778891400294148,0.13843892205964298
2024,6,PALGRAVE MACMILLAN LTD,13,0.0,0.0,0.6601896911791736
2024,6,Optica Publishing Group,26,0.10404435269523626,0.016547367487473562,0.44489849855298463
2024,6,PEERJ INC,58,0.241688825455393,0.1057022679715318,0.46220395556746335
2024,1,IEEE-INST ELECTRICAL ELECTRONICS ENGINEERS INC,26312,0.16509460079712757,0.15810608628601208,0.17232878784468958
2024,5,OXFORD UNIV PRESS,5254,0.08133789362789035,0.0712474968228017,0.09271468088465908
2024,5,PERGAMON-ELSEVIER SCIENCE LTD,6223,0.14736799391145364,0.1337956199162216,0.16205957729203807
2024,6,PHYSICIANS POSTGRADUATE PRESS,12,0.0,0.0,0.635274405931584
2024,6,PORTLAND PRESS LTD,15,0.18003061666191275,0.015586934806206388,0.7527498504610213
2024,6,PROJECT HOPE,19,0.0,0.0,0.3286084944874004
2024,6,ELSEVIER SCIENCE INC,1956,0.11208166601194865,0.09236012824841612,0.1353861760973421
2024,6,ROCKEFELLER UNIV PRESS,43,0.11442818838373961,0.026695640779155948,0.37839278213820066
2024,6,RADIOLOGICAL SOC NORTH AMERICA (RSNA),48,0.09490049138571659,0.020219884511631602,0.347562613379628
2024,6,ROYAL COLL GENERAL PRACTITIONERS,74,0.13074505189878274,0.043707058340094834,0.33109875994348403
2024,6,SCIPOST FOUNDATION,16,0.0,0.0,0.5488352090025852
2024,6,"SOC ECONOMIC GEOLOGISTS, INC",10,0.0,0.0,0.6755752665264093
2024,6,SHANGHAI JIAO TONG UNIV PRESS,22,0.1449484562999403,0.023432849874172403,0.544962596748911
2024,6,SIAM PUBLICATIONS,74,0.0,0.0,0.26951469453781085
2024,6,SOC EXPLORATION GEOPHYSICISTS - SEG,29,0.13473766044719068,0.02757659159403532,0.4609342375245338
2024,6,SOC NUCLEAR MEDICINE INC,19,0.14118788195870502,0.02214579004911182,0.5440841880682852
2024,6,SPANDIDOS PUBL LTD,16,0.10113623684993862,0.013976459984327989,0.47177497774834765
2024,6,SOC PETROLEUM ENG,37,0.2515493190244395,0.10104351847197679,0.5012377081890917
2024,6,SOC NEUROSCIENCE,54,0.20048273055751967,0.08087678589885505,0.41676524042989194
2024,6,ROYAL SOC,245,0.044590602468117774,0.01676116842605124,0.113302126673328
2024,6,SPRINGER FRANCE,14,0.21283973370266565,0.05147308649129274,0.5739697307607783
2024,6,SPRINGER BASEL AG,134,0.1751971476808967,0.09175810551905206,0.30872003600489134
2024,6,SCIENCE PRESS,279,0.11542572620767456,0.06784969728845329,0.1895772703348671
2024,6,SPRINGER JAPAN KK,43,0.032244759294542735,0.0006153397238626325,0.6432442555851383
2024,6,SPRINGER LONDON LTD,59,0.10698319224798693,0.024887888281384458,0.3599235109530496
2024,6,SPRINGER SINGAPORE PTE LTD,59,0.28186139082341155,0.1377724342931016,0.4908564178681619
2024,6,THIEME MEDICAL PUBL INC,11,0.4083414175675219,0.11164826819343958,0.7912310782976902
2024,6,"UNIV PITTSBURGH, UNIV LIBRARY SYSTEM",11,0.6914777918242712,0.0996398694659649,0.9784439473957997
2024,6,US DEPT HEALTH HUMAN SCIENCES PUBLIC HEALTH SCIENCE,11,0.1752918638093368,0.00040838260988950825,0.9910378559578185
2024,6,VASYL STEFANYK PRECARPATHIAN NATL UNIV,10,0.0,0.0,0.8720391781936837
2024,6,SPRINGER-VERLAG ITALIA SRL,87,0.03147005786791307,0.004856614141625095,0.17785613860449123
2024,6,SAGE PUBLICATIONS INC,541,0.07946781426776572,0.04451350480056935,0.13790841013128022
2024,6,TERMEDIA PUBLISHING HOUSE LTD,45,0.12987367600517513,0.03295702940922196,0.3952936804281961
2024,6,VILNIUS GEDIMINAS TECH UNIV,15,0.21903744038869508,0.04135505458879017,0.6458294885625463
2024,6,SPRINGER WIEN,159,0.1121009395552701,0.05552079269531626,0.21331790941498208
2024,6,VEREIN FORDERUNG OPEN ACCESS PUBLIZIERENS QUANTENWISSENSCHAF,26,0.14140480820109522,0.04130012734879091,0.3863623107044395
2024,6,SAGE PUBLICATIONS LTD,402,0.03905892540776756,0.016046627949112144,0.09198765640556698
2024,6,WAGENINGEN ACADEMIC PUBLISHERS,15,0.0,0.0,0.5225589271594285
2024,6,TSINGHUA UNIV PRESS,119,0.16701465071081284,0.08869557647129477,0.29230776926196467
2024,6,SPRINGER/PLENUM PUBLISHERS,226,0.05254670547655178,0.01996996689983793,0.13115365086424255
2024,6,SPRINGER INT PUBL AG,234,0.0821862159840186,0.033405892681977994,0.18831939455251734
2024,6,WALTER DE GRUYTER GMBH,91,0.11376710399450148,0.04054452120604098,0.28055960563994753
2024,6,W B SAUNDERS CO LTD,105,0.08852279483198511,0.032710600304758745,0.21809296021574573
2024,6,BMJ PUBLISHING GROUP,3327,0.07111799448219708,0.06025561803622098,0.08376400690457077
2024,6,W B SAUNDERS CO-ELSEVIER INC,245,0.19654368562792662,0.12866550843551874,0.288379729850249
2024,6,"ROUTLEDGE JOURNALS, TAYLOR & FRANCIS LTD",1061,0.10421590184511477,0.07253757997369206,0.14752806148575134
2024,6,TAYLOR & FRANCIS INC,451,0.16272621580968524,0.11201931180385188,0.23042991577010077
2024,6,TAYLOR & FRANCIS LTD,772,0.2190772821994782,0.17091746868270685,0.2762850712012185
2024,6,WROCLAW MEDICAL UNIV,15,0.0,0.0,0.6968098397206336
2024,6,Yandy Scientific Press,11,0.06649530525867592,0.00020136559154530903,0.9618215518129064
2024,6,ZHEJIANG UNIV PRESS,19,0.4479531696004395,0.18373226034836052,0.7452381133082319
2024,7,ACAD MEDICINE SINGAPORE,11,0.0,0.0,1.0
2024,7,ACAD MANAGEMENT,11,0.0,0.0,0.6656315121541013
2024,6,SPRINGER HEIDELBERG,804,0.12357610767142845,0.09092372110075793,0.1658157301475105
2024,6,WORLD SCIENTIFIC PUBL CO PTE LTD,29,0.16632155017470648,0.04421032319055803,0.4625030193682264
2024,6,WOLTERS KLUWER MEDKNOW PUBLICATIONS,81,0.20760853535746301,0.10234288655445066,0.3758165468887377
2024,6,ELSEVIER SCI LTD,4595,0.17364535764546538,0.15676497460398925,0.19192969041170618
2024,7,ACOUSTICAL SOC AMER AMER INST PHYSICS,56,0.04056976625665797,0.00117941498228503,0.6022678899871812
2024,6,OXFORD UNIV PRESS INC,1512,0.08131245951367536,0.06176307372685684,0.1063482774139765
2024,7,AME PUBLISHING COMPANY,27,0.49154043216670684,0.16230222988054271,0.8282840032384455
2024,6,eLIFE SCIENCES PUBL LTD,208,0.14099987973734948,0.07819000842855663,0.24106989008057603
2024,7,AMER ACAD SLEEP MEDICINE,11,0.18559661811519373,3.421785155002298e-05,0.9993415533916801
2024,7,AMER ACAD PEDIATRICS,36,0.1727052493996092,0.05842481757793873,0.4125737133629419
2024,7,ADIS INT LTD,106,0.15168394536120988,0.07365995174339512,0.28676941427832786
2024,7,AMER BOARD FAMILY MEDICINE,20,0.179879776196823,0.010006704157946775,0.8263703469324515
2024,7,AMER ASSOC NEUROLOGICAL SURGEONS,50,0.13073686254674788,0.041605439500268064,0.34256378086516287
2024,7,AMER ASSOC CANCER RESEARCH,143,0.09290117545963898,0.02125354789067646,0.32570372886042365
2024,6,SPRINGERNATURE,1268,0.16923498399345294,0.1392457353415495,0.20415112461162155
2024,7,AMER ASSOC ADVANCEMENT SCIENCE,366,0.0550827693337228,0.01741015347162135,0.16092218090840657
2024,7,AMER DIABETES ASSOC,40,0.0,0.0,0.43990874841069766
2024,7,AMER ECONOMIC ASSOC,27,0.0,0.0,0.41034160500305045
2024,7,AMER COLL PHYSICIANS,27,0.06963237036613174,9.283188574569143e-06,0.9983454919296052
2024,7,AMER INST MATHEMATICAL SCIENCES-AIMS,21,0.0,0.0,0.39441750435928385
2024,7,ACADEMIC PRESS LTD- ELSEVIER SCIENCE LTD,670,0.1785877506251617,0.13471413197074195,0.23290408593548353
2024,7,"AMER PSYCHIATRIC PUBLISHING, INC",11,0.0,0.0,1.0
2024,7,AMER METEOROLOGICAL SOC,64,0.1031102090983634,0.039128664803266676,0.2450324780400268
2024,7,AMER PUBLIC HEALTH ASSOC INC,15,0.017835293245170164,3.8051315381026015e-12,0.999999988460744
2024,7,AMER ROENTGEN RAY SOC,19,0.4120946494171103,0.08118950646637117,0.8475700131964888
2024,7,AMER SOC PHARMACOLOGY EXPERIMENTAL THERAPEUTICS,18,0.0,0.0,0.3573249331459413
2024,7,ANNALS FAMILY MEDICINE,20,0.0,0.0,0.3799041547342823
2024,7,AMER SOC NEURORADIOLOGY,41,0.07960800390293143,0.0026002205326174574,0.7415777938672722
2024,7,AMER SOC CLINICAL INVESTIGATION INC,67,0.1599958896469682,0.05953740074549159,0.3642997480719572
2024,7,AMER SOC HEMATOLOGY,46,0.1025555616944248,0.033343254447533506,0.27462046228662673
2024,7,AMER PSYCHOLOGICAL ASSOC,113,0.013802519078829158,0.00014312821629342497,0.5777675344176142
2024,7,AMER THORACIC SOC,30,0.19764825638972575,0.049174437066566004,0.5398752511542082
2024,7,ANNUAL REVIEWS,118,0.0,0.0,0.09901143818057337
2024,7,AMER PHYSIOLOGICAL SOC,96,0.11017574781225353,0.028263992599122396,0.3451563890934941
2024,7,ASSOC RESEARCH VISION OPHTHALMOLOGY INC,51,0.0,0.0,0.22143017546215948
2024,7,AMER PHYTOPATHOLOGICAL SOC,62,0.05660890965855875,0.010976100779106955,0.24496831585380868
2024,7,AMER SPEECH-LANGUAGE-HEARING ASSOC,54,0.0756755601984107,0.011052971129415962,0.3748948572598814
2024,7,AMER SOC NEPHROLOGY,62,0.10123392318756712,0.028156832639325422,0.30453950766977755
2024,7,BIOSCIENTIFICA LTD,17,0.5511711813655219,0.1914768457132846,0.8642738200107719
2024,6,PUBLIC LIBRARY SCIENCE,1614,0.10695602177338528,0.08477732770206416,0.13408684547964028
2024,7,AMER SOC MICROBIOLOGY,148,0.06703559159928119,0.013342270787848687,0.27629778997692184
2024,7,ASCE-AMER SOC CIVIL ENGINEERS,111,0.25252414740621276,0.1519190965773514,0.38917953062007704
2024,7,BAISHIDENG PUBLISHING GROUP INC,113,0.3155843406706802,0.16400928966502115,0.5200930548561915
2024,7,"AMER OCCUPATIONAL THERAPY ASSOC, INC",352,0.19694375966905625,0.08933674449788004,0.3800696093929047
2024,7,ACADEMIC PRESS INC ELSEVIER SCIENCE,1182,0.17037050069683132,0.13893790584541943,0.2072030412256413
2024,7,AIP Publishing,571,0.03765030972843485,0.017193831807397277,0.08045268876814436
2024,7,BRITISH INST RADIOLOGY,12,0.0,0.0,0.8702449755990983
2024,7,CANADIAN OPHTHAL SOC,10,0.0,0.0,0.6934228757943748
2024,7,CAMBRIDGE UNIV PRESS,42,0.0,0.0,0.33339116666874213
2024,7,BRITISH EDITORIAL SOC BONE & JOINT SURGERY,31,0.25299050630151004,0.09270743908291508,0.5288589835466972
2024,7,AMER GEOPHYSICAL UNION,485,0.07989146475508577,0.047629692159895314,0.13099979076466864
2024,7,AMER MEDICAL ASSOC,505,0.05591788742689582,0.0267984168654458,0.11300480446703848
2024,7,"CHINA UNIV GEOSCIENCES, BEIJING",12,0.0,0.0,0.35370280219371286
2024,7,ASSOC COMPUTING MACHINERY,257,0.05569036582873062,0.023444257919020727,0.12654179145089395
2024,7,CHINA ANTI-CANCER ASSOC,10,0.8055842793695958,0.09846681831275295,0.9936788654330299
2024,7,CENTERS DISEASE CONTROL & PREVENTION,41,0.05793479111091793,0.0004957372751969765,0.884060375385768
2024,7,CHINESE JOURNAL NATURAL MEDICINES,10,0.6597196322159946,0.1453147105574777,0.9567242021751264
2024,7,CMA-CANADIAN MEDICAL ASSOC,17,0.0,0.0,0.6894016279882701
2024,7,CHINESE LASER PRESS,34,0.1389518798808889,0.041367023478503906,0.37636140639798404
2024,7,COGITATIO PRESS,11,0.04532440830292076,0.00025918280073891994,0.89684644548583
2024,7,COLL AMER PATHOLOGISTS,15,0.003949371165548588,3.5621143187648787e-37,1.0
2024,7,"COLD SPRING HARBOR LAB PRESS, PUBLICATIONS DEPT",40,0.09366874744427256,0.0071625592402093955,0.5968649034693486
2024,7,COMPANY BIOLOGISTS LTD,38,0.1887195947113592,0.058665265795154034,0.4647456101101289
2024,7,CURRENT MEDICINE GROUP,18,0.3020829334310505,0.08572313328857999,0.6664591160876014
2024,7,CHINESE CHEMICAL SOC,16,0.05276579407400549,0.0035847067608962857,0.463097471684093
2024,7,CHURCHILL LIVINGSTONE INC MEDICAL PUBLISHERS,47,0.06498518362498876,0.012278220439575348,0.2798446972981025
2024,7,EDIZIONI MINERVA MEDICA,28,0.28924502197613794,0.05320685283776331,0.746642743450435
2024,7,CURRENT BIOLOGY LTD,46,0.07566318154849674,0.010923001122503573,0.37761862419677095
2024,7,EDUCATIONAL PUBLISHING FOUNDATION-AMERICAN PSYCHOLOGICAL ASSOC,40,0.0,0.0,0.3863031987869281
2024,6,WILEY-V C H VERLAG GMBH,1870,0.19889245885351692,0.17034432267229693,0.2308934976285174
2024,7,DUKE UNIV PRESS,20,0.11537704762694849,0.01762148648080812,0.4867395009423868
2024,7,CHURCHILL LIVINGSTONE,130,0.23767255723159958,0.1337534397217173,0.3863234449723949
2024,7,EDP SCIENCES S A,120,0.0,0.0,0.18386974289521205
2024,7,DOVE MEDICAL PRESS LTD,163,0.3697460676010857,0.2544563534301492,0.5020929074620689
2024,5,WILEY,6347,0.11021956619912779,0.09783130050370845,0.12396099754583764
2024,6,NATURE PORTFOLIO,4544,0.13790751377162186,0.12200298754349345,0.1555181346622619
2024,7,BMJ PUBLISHING GROUP,708,0.06467812990508418,0.03663050441478542,0.11171124357518186
2024,7,COPERNICUS GESELLSCHAFT MBH,260,0.043703195365255534,0.01894767719689605,0.0975850823769099
2024,7,ELSEVIER ESPANA SLU,21,0.04732991304562917,0.0004041521127625429,0.8592485541603584
2024,7,ELSEVIER ESPANA,37,0.31354711995579465,0.13698148610506433,0.5679309665807033
2024,7,ELSEVIER INC,31,0.0,0.0,0.3942725767732547
2024,7,AMER PHYSICAL SOC,931,0.05170078145484698,0.032741336527795144,0.08072278724346339
2024,7,ELSEVIER ADVANCED TECHNOLOGY,84,0.3700771628383348,0.23124501347354712,0.5343266403647078
2024,7,"ELSEVIER MASSON, CORP OFF",18,0.0,0.0,0.5287459008118235
2024,7,ELSEVIER GMBH,161,0.250161088072143,0.15653115252567984,0.37490317796997513
2024,6,OXFORD UNIV PRESS,3475,0.08197379752613722,0.06878108441940682,0.0974322105798736
2024,6,PERGAMON-ELSEVIER SCIENCE LTD,4000,0.1578040559734899,0.14055818944232576,0.17673079325866273
2024,7,ELSEVIER SCIENCE LONDON,32,0.19218559156564502,0.04505226704856542,0.5453975505928939
2024,7,ELSEVIER FRANCE-EDITIONS SCIENTIFIQUES MEDICALES ELSEVIER,386,0.2484077286120591,0.18430765230435817,0.3258942251367983
2024,7,ELSEVIER SINGAPORE PTE LTD,20,0.0,0.0,0.5876907867303469
2024,7,EUR CENTRE DIS PREVENTION & CONTROL,21,0.0,0.0,0.47000925311485475
2024,7,ELSEVIER TAIWAN,44,0.1791206517755444,0.05451736890847874,0.4522814518458671
2024,7,EXCERPTA MEDICA INC-ELSEVIER SCIENCE INC,32,0.0,0.0,0.425190331776915
2024,7,EUROPEAN MATHEMATICAL SOC-EMS,42,0.0,0.0,0.3941569285807118
2024,7,EUROPEAN RESPIRATORY SOC JOURNALS LTD,70,0.0,0.0,0.14858990628719998
2024,7,FERRATA STORTI FOUNDATION,36,0.217403973324022,0.008193688068751552,0.9033003182212034
2024,7,ENDOCRINE SOC,77,0.06689832561668392,0.01330306905155526,0.2760156324543527
2024,7,HARBORSIDE PRESS,11,0.0,0.0,1.0
2024,7,FUTURE MEDICINE LTD,38,0.0,0.0,0.33116119686517337
2024,7,HUMAN KINETICS PUBL INC,23,0.0,0.0,0.3795832697312779
2024,7,"GEOLOGICAL SOC AMER, INC",39,0.0,0.0,0.3198248477947993
2024,7,HIGHER EDUCATION PRESS,29,0.3549128069902584,0.16718556390537162,0.6012508719032068
2024,7,GEORG THIEME VERLAG KG,86,0.0,0.0,0.24450550753172734
2024,7,ELSEVIER IRELAND LTD,650,0.18056326504995082,0.13670671187959213,0.234664884912931
2024,7,EMERALD GROUP PUBLISHING LTD,170,0.20539703629090458,0.13011330747681196,0.30877807725357775
2024,7,"INST MATERIA MEDICA, CHINESE ACAD MEDICAL SCIENCES",17,0.0,0.0,0.6936626206188816
2024,7,"INT PRESS BOSTON, INC",12,0.0,0.0,0.7029369933437358
2024,7,INT UNION AGAINST TUBERCULOSIS LUNG DISEASE (I U A T L D),10,0.3135135267963478,0.038390118816129463,0.8393393485675275
2024,7,INT SOC GLOBAL HEALTH,17,0.0,0.0,0.5969751665635922
2024,7,IGI GLOBAL,36,0.5173801548203945,0.27317860158333707,0.7535529747677919
2024,7,INTER-RESEARCH,14,0.0,0.0,0.6317675568489928
2024,7,INT UNION CRYSTALLOGRAPHY,40,0.01732429557240121,6.91785527322112e-05,0.8179339329483142
2024,7,INFORMS,67,0.07775603064676911,0.02049670181394734,0.25356548997509526
2024,7,JOHN BENJAMINS PUBLISHING CO,14,0.0,0.0,0.6332777102834685
2024,7,JOHN WILEY & SONS INC,19,0.24946500277819608,0.049495152616600674,0.6796542282945006
2024,7,IEEE COMPUTER SOC,203,0.09575786997546606,0.047539561480187405,0.18346252795312823
2024,7,KARGER,41,0.0,0.0,0.24515715637818153
2024,7,KOREAN FIBER SOC,19,0.0,0.0,0.4671206266179352
2024,7,JOURNAL MATER SCI TECHNOL,35,0.23233394409439856,0.08376435115871494,0.500476986785339
2024,7,KOREAN ASSOC STUDY LIVER,14,0.41255669176617904,0.10212670265724641,0.8126013548960148
2024,7,KOREAN SOC LABORATORY MEDICINE,10,0.0,0.0,1.0
2024,7,KOREAN SOC GYNECOLOGY ONCOLOGY & COLPOSCOPY,18,0.0,0.0,0.9125507078468358
2024,7,KOREAN SOC NEPHROLOGY,18,0.6664386380785317,0.19524948529843852,0.9427026541636471
2024,7,LIFE SCIENCE ALLIANCE LLC,29,0.29594959322018677,0.09699920726032263,0.6219184379411068
2024,7,KOREAN NUCLEAR SOC,65,0.20374130411220967,0.0789106435194993,0.433175892288099
2024,7,JOHN WILEY & SONS LTD,163,0.1160552145151371,0.05641996290598717,0.2237754195553138
2024,7,MASSACHUSETTS MEDICAL SOC,58,0.0,0.0,0.3147068271897709
2024,7,"JMIR PUBLICATIONS, INC",203,0.23575371981651796,0.15994409475401813,0.333241448727151
2024,6,MDPI,6879,0.185877259953289,0.17143032137576625,0.20124597724118312
2024,7,"MARY ANN LIEBERT, INC",146,0.22834693717319088,0.11850015332538855,0.3944541743507269
2024,6,SPRINGER,3695,0.11746988257286096,0.10224977552282893,0.1346158223399742
2024,7,KEAI PUBLISHING LTD,324,0.180102293695753,0.12605720657226524,0.25067226223644296
2024,7,MEDICAL LIBRARY ASSOC,13,0.0,0.0,0.7623111857779048
2024,7,MEDYCYNA PRAKTYCZNA SP K SP ZOO,15,0.03478793507726047,9.250442505266213e-10,0.9999992878845944
2024,7,MICROBIOLOGY SOC,11,0.0,0.0,0.891585304342635
2024,7,MIT PRESS,16,0.0,0.0,0.5575831932271728
2024,7,ELSEVIER SCIENCE SA,973,0.1908434615710739,0.15679296259353634,0.23026925875083468
2024,7,BMC,2576,0.18174433847283938,0.15916947358547645,0.2067337611640509
2024,7,NATURE PUBL GROUP,21,0.4973724693590922,0.20112283229605843,0.7954785357062598
2024,7,OAE PUBLISHING INC,12,0.38747018429802127,0.11059650220278319,0.7629181139617023
2024,7,NEW YORK BUSINESS GLOBAL LLC,67,0.0,0.0,0.2696413606116449
2024,7,NONFERROUS METALS SOC CHINA,41,0.21450557107297039,0.09018618580533165,0.4293284465549944
2024,7,NATL ACAD SCIENCES,309,0.06103140645332284,0.026540467978770865,0.13416763526450629
2024,5,ELSEVIER,15808,0.17399521987952035,0.16495017369092774,0.18342730307981175
2024,7,MOSBY-ELSEVIER,325,0.11233774570521317,0.06996849765794096,0.17552150898719512
2024,7,PALGRAVE MACMILLAN LTD,11,0.04561604309963962,0.00033357483011298015,0.8725500792801807
2024,7,Optica Publishing Group,35,0.03740052253118149,0.0010463150168832892,0.5903780554869554
2024,7,FRONTIERS MEDIA SA,1715,0.2129947909201584,0.18184850938402092,0.2478595585874307
2024,7,IOP Publishing Ltd,994,0.054183502262839654,0.03526609314611865,0.0823820280959243
2024,7,PEERJ INC,61,0.1999793312200518,0.09243101099319322,0.38023755554122546
2024,7,IEEE-INST ELECTRICAL ELECTRONICS ENGINEERS INC,2023,0.18791005004215308,0.16144224197361176,0.21759117842202455
2024,7,POLISH CARDIAC SOC,17,0.3791243222972328,0.06502625505499779,0.8427977690770324
2024,7,PORTLAND PRESS LTD,17,0.0,0.0,0.7959440096011018
2024,7,PROJECT HOPE,15,0.1629183986196311,0.01560023570861974,0.7050373091466366
2024,7,AMER CHEMICAL SOC,4734,0.1568349542170682,0.13977098876664645,0.175557022130281
2024,7,RAMAZAN YAMAN,10,0.0,0.0,0.6900617683126637
2024,7,RADIOLOGICAL SOC NORTH AMERICA (RSNA),43,0.0,0.0,0.20884612582301681
2024,7,ROCKEFELLER UNIV PRESS,41,0.2697814788270106,0.08365165859061716,0.5992334683315258
2024,7,ROYAL COLL GENERAL PRACTITIONERS,14,0.5082081895358438,0.08912185787348634,0.9160674055292773
2024,7,CELL PRESS,2610,0.23319493382379763,0.20617229135076753,0.2625878023659035
2024,7,SHANGHAI UNIV,18,0.0,0.0,0.5165539727655833
2024,7,SHANGHAI JIAO TONG UNIV PRESS,28,0.0,0.0,0.2728781834708784
2024,7,SCIPOST FOUNDATION,28,0.0,0.0,0.37734798203604175
2024,7,SOC LEARNING ANALYTICS RESEARCH-SOLAR,10,0.0,0.0,0.9517555495995761
2024,7,SIAM PUBLICATIONS,134,0.0,0.0,0.08851407723075652
2024,7,SOC NUCLEAR MEDICINE INC,26,0.08815287300015162,0.0012189218662935638,0.8845017545654442
2024,7,SOC EXPLORATION GEOPHYSICISTS - SEG,35,0.14150933185029083,0.03012273547004327,0.46661699249292354
2024,7,SPANDIDOS PUBL LTD,23,0.27065182211147837,0.08007424265998722,0.6127063719470344
2024,7,SOC NEUROSCIENCE,42,0.13370520405200828,0.03513189932903838,0.39548973184270125
2024,7,SOC PETROLEUM ENG,31,0.1909309150583673,0.06843488983424846,0.43119874171741684
2024,7,SCIENCE PRESS,264,0.16655632277000018,0.10644573407075957,0.25107381510240634
2024,7,LIPPINCOTT WILLIAMS & WILKINS,1406,0.10243175974296576,0.07582476790465627,0.13699122815244472
2024,7,ROYAL SOC,273,0.04327360017677692,0.015913447267436036,0.11230597553399156
2024,7,SPRINGER FRANCE,14,0.0,0.0,0.4441660031410452
2024,7,ELSEVIER SCIENCE INC,1893,0.1009734870171236,0.08061943554321968,0.12576339734686434
2024,7,SPRINGER BASEL AG,123,0.09363734374842521,0.036182954668213196,0.2213688513878614
2024,7,SPRINGER JAPAN KK,36,0.0882028238515509,0.009174227051889387,0.502645820442286
2024,7,SAGE PUBLICATIONS LTD,422,0.09725533236145026,0.05858181733413272,0.1571965552646572
2024,7,SPRINGER LONDON LTD,56,0.09274323116625068,0.015974660637078225,0.39161381053965966
2024,7,SPRINGER SINGAPORE PTE LTD,29,0.29125907009224034,0.10739035593019387,0.5839779961969478
2024,7,Soc Espanola Medicina Urgencias & Emergencias - SEMES,16,0.0,0.0,0.5513539064717541
2024,7,OXFORD UNIV PRESS INC,694,0.10139199481161502,0.06902069551385202,0.1465556805035001
2024,7,SPRINGER WIEN,134,0.16827575032142872,0.09408503463615574,0.2827122572156693
2024,7,SPRINGER-VERLAG ITALIA SRL,96,0.04519560437035651,0.009805947641028894,0.18450759265710348
2024,7,SPRINGER INT PUBL AG,185,0.12153653413954504,0.0587134534849451,0.23481132742865152
2024,7,THIEME MEDICAL PUBL INC,12,0.0,0.0,0.4536598211575518
2024,7,US DEPT HEALTH HUMAN SCIENCES PUBLIC HEALTH SCIENCE,10,0.0,0.0,0.9631312276549827
2024,7,TERMEDIA PUBLISHING HOUSE LTD,21,0.1715459457857372,0.027459501444630916,0.6029516594289469
2024,7,"VILNIUS UNIV, INST MATHEMATICS & INFORMATICS",11,0.0,0.0,0.9160339037417422
2024,7,Uspekhi Fizicheskikh Nauk,10,0.7085636569301847,0.08371795123028525,0.9847784934043395
2024,7,VILNIUS GEDIMINAS TECH UNIV,13,0.0,0.0,0.6143501351375059
2024,7,VIETNAM NATL UNIV,10,0.0,0.0,0.6396507210189941
2024,7,VEREIN FORDERUNG OPEN ACCESS PUBLIZIERENS QUANTENWISSENSCHAF,38,0.0,0.0,0.17569971186975064
2024,7,WAGENINGEN ACADEMIC PUBLISHERS,21,0.11293509490681827,0.009838347063678948,0.619958183081426
2024,7,SPRINGER/PLENUM PUBLISHERS,215,0.09089682720524385,0.04178805629270061,0.1864857582133637
2024,7,TSINGHUA UNIV PRESS,96,0.2118053801444092,0.11534143163988637,0.35644000083362953
2024,7,WALTER DE GRUYTER GMBH,86,0.0,0.0,0.15172837982386092
2024,7,W B SAUNDERS CO LTD,104,0.08693531186178631,0.029053073538884405,0.2325197941046073
2024,7,W B SAUNDERS CO-ELSEVIER INC,256,0.10634398213647056,0.05592434457885516,0.1929308622076075
2024,7,SAGE PUBLICATIONS INC,844,0.08169613987811594,0.05520655965773224,0.1192912889390861
2024,7,TAYLOR & FRANCIS INC,431,0.21267414083504319,0.15401491035911,0.2861187218673217
2024,6,WILEY,6155,0.12484024053555397,0.11172887908856165,0.13924901792131802
2024,7,"WILEY PERIODICALS, INC",12,0.34131076381583053,0.059892347197964206,0.8082267138889611
2024,7,ZHEJIANG UNIV PRESS,17,0.0,0.0,0.48898999438463675
2024,8,ACAD MEDICINE SINGAPORE,12,0.0,0.0,0.5453442065128934
2024,7,WORLD SCIENTIFIC PUBL CO PTE LTD,39,0.04458988068996979,0.002400106062834314,0.47516342260440303
2024,7,"ROUTLEDGE JOURNALS, TAYLOR & FRANCIS LTD",1283,0.10652483160071687,0.07809497728179655,0.14369121479800565
2024,7,TAYLOR & FRANCIS LTD,980,0.2023767429463377,0.16107141029333594,0.2511040002553253
2024,7,SPRINGER HEIDELBERG,775,0.12757868397479308,0.09574239513182567,0.16803399808304909
2024,7,WOLTERS KLUWER MEDKNOW PUBLICATIONS,109,0.12775457642855767,0.053584394879973025,0.27478172024635267
2024,8,ACTA DERMATO-VENEREOLOGICA,24,0.11620232318785773,0.0010766446743412244,0.9413119231248515
2024,8,AME PUBLISHING COMPANY,25,0.0,0.0,0.566620457618853
2024,8,AMER ACAD SLEEP MEDICINE,23,0.0,0.0,1.0
2024,8,ACOUSTICAL SOC AMER AMER INST PHYSICS,60,0.06567371622968127,0.009967763416146554,0.32918520026304404
2024,8,AMER ACAD PEDIATRICS,35,0.12382906095433556,0.03173782344219916,0.37864005332083595
2024,8,AMER ASSOC NEUROLOGICAL SURGEONS,70,0.18813658525252588,0.08692840134721364,0.36063749470318796
2024,8,ADIS INT LTD,100,0.1590558839499695,0.07403513858400898,0.3091186896420604
2024,8,AMER ASSOC CANCER RESEARCH,128,0.18783425763548986,0.0886817936568356,0.3546980641635374
2024,7,ELSEVIER SCI LTD,4126,0.17446353386660257,0.15677312121969877,0.19369161464881457
2024,7,eLIFE SCIENCES PUBL LTD,198,0.15271338165842213,0.08902416072421075,0.24948819118479262
2024,8,AMER COLL PHYSICIANS,24,0.0,0.0,1.0
2024,8,AMER ECONOMIC ASSOC,28,0.0,0.0,0.1829689932942727
2024,8,AMER INST MATHEMATICAL SCIENCES-AIMS,15,0.0,0.0,0.5956143546575997
2024,8,AMER DIABETES ASSOC,29,0.25830805125025236,0.07697929894328673,0.5925586534690931
2024,8,AMER MATHEMATICAL SOC,11,0.0,0.0,0.4662151092273364
2024,7,PUBLIC LIBRARY SCIENCE,1674,0.12441920854711473,0.10085546121531949,0.1525542809190752
2024,8,"AMER OCCUPATIONAL THERAPY ASSOC, INC",17,0.1400167811315366,0.015752697615200664,0.6235313740991727
2024,8,AMER ROENTGEN RAY SOC,12,0.0,0.0,1.0
2024,8,"AMER PSYCHIATRIC PUBLISHING, INC",18,0.0,0.0,0.6720482498378249
2024,8,AMER PUBLIC HEALTH ASSOC INC,25,0.09917584414480274,0.013578338018074156,0.4682370785626338
2024,8,AMER THORACIC SOC,42,0.0,0.0,0.5887618553915187
2024,8,AMER SPEECH-LANGUAGE-HEARING ASSOC,45,0.0,0.0,0.17122600281408457
2024,8,AMER METEOROLOGICAL SOC,64,0.10133047527321991,0.03756524620887644,0.24570176642340472
2024,8,AMER SOC PHARMACOLOGY EXPERIMENTAL THERAPEUTICS,19,0.14299840665543073,0.021496427248834372,0.5589557527637543
2024,8,AMER SOC CLINICAL INVESTIGATION INC,77,0.29406714097801473,0.16969743456613035,0.45917833408390424
2024,8,AMER SOC HEMATOLOGY,74,0.15757014895067767,0.058093673409514886,0.36193160295023574
2024,8,ASIAN-AUSTRALASIAN ASSOC ANIMAL PRODUCTION SOC,43,0.0,0.0,0.23966847644332115
2024,8,AMER PHYSIOLOGICAL SOC,158,0.23037089685350412,0.13330211961476954,0.36810293470924516
2024,8,BIOSCIENTIFICA LTD,10,0.9999488781068169,0.5235759641167836,1.0
2024,8,AMER SOC NEURORADIOLOGY,40,0.0797965925445358,0.011766893791484233,0.38708089857363775
2024,7,SPRINGERNATURE,1151,0.1562693303866326,0.12552419165838202,0.19288398192629125
2024,8,AMER PHYTOPATHOLOGICAL SOC,92,0.045833789014765466,0.008194497920872533,0.21830549947941805
2024,8,ATHABASCA UNIV PRESS,20,0.1961741841361583,0.04521853951676306,0.5570544224518353
2024,8,AMER ASSOC ADVANCEMENT SCIENCE,389,0.07279534425623624,0.03415727175946766,0.14842356986222635
2024,8,ASSOC RESEARCH VISION OPHTHALMOLOGY INC,45,0.15073792353558643,0.024917945495972985,0.5521306571532358
2024,8,BAISHIDENG PUBLISHING GROUP INC,64,0.4363641089512739,0.18917875878938922,0.7198045507134083
2024,8,AMER SOC NEPHROLOGY,82,0.03791576082220704,0.005747473759254518,0.2117782942302118
2024,8,ANNUAL REVIEWS,92,0.0264833123077369,0.0009435324922489849,0.43933421783696325
2024,8,ACADEMIC PRESS LTD- ELSEVIER SCIENCE LTD,629,0.1893827011541317,0.1462675855860214,0.24161010505948477
2024,8,AMER SOC MICROBIOLOGY,188,0.2194047310614814,0.12501839555416933,0.3560533289646343
2024,8,ASSOC COMPUTING MACHINERY,186,0.05488555140753562,0.016119767237141085,0.1707028916748578
2024,8,ASCE-AMER SOC CIVIL ENGINEERS,86,0.2756417416195533,0.1683663074741746,0.4169958169002856
2024,8,BRAZILIAN SOC UROL,14,0.2754625411784877,0.07608244008250588,0.6370635661661066
2024,8,BRILL,22,0.0,0.0,0.1897980394757007
2024,8,BRITISH EDITORIAL SOC BONE & JOINT SURGERY,31,0.16274468386591662,0.045725955273464645,0.4408758840080643
2024,8,CANADIAN OPHTHAL SOC,22,0.0,0.0,0.2885561118995551
2024,8,AMER PSYCHOLOGICAL ASSOC,153,0.02124327776795537,0.00316682506891877,0.12913469403527092
2024,8,CAMBRIDGE UNIV PRESS,133,0.08763133328953901,0.033731604934270194,0.2090262979870711
2024,8,CENTERS DISEASE CONTROL & PREVENTION,21,0.0,0.0,0.6211938091582567
2024,8,CHINESE LASER PRESS,19,0.09361978694745506,0.011639509879020257,0.4753220495795178
2024,8,CMA-CANADIAN MEDICAL ASSOC,12,0.0,0.0,0.682561017919789
2024,8,"COLD SPRING HARBOR LAB PRESS, PUBLICATIONS DEPT",35,0.0,0.0,0.3828064467195777
2024,8,AMER GEOPHYSICAL UNION,448,0.07102151051343387,0.039350915805278074,0.1248682091942728
2024,8,CHINESE CHEMICAL SOC,32,0.12184202170396115,0.02966987221988039,0.38634593434539694
2024,8,CURRENT MEDICINE GROUP,11,0.48261571562281863,0.10974576079381226,0.8759050072484456
2024,8,CHURCHILL LIVINGSTONE INC MEDICAL PUBLISHERS,48,0.1394533270298562,0.04640849414314504,0.3504816173909063
2024,8,CURRENT BIOLOGY LTD,39,0.3510092250567035,0.14677452285178771,0.6296963330830377
2024,8,DUKE UNIV PRESS,18,0.0,0.0,0.5696897649376657
2024,8,EDIZIONI MINERVA MEDICA,19,0.0,0.0,0.3718645193110707
2024,8,COMPANY BIOLOGISTS LTD,52,0.1810343221649213,0.06272070559721175,0.42203589640955486
2024,8,CHURCHILL LIVINGSTONE,153,0.20970915801448878,0.12349776377078449,0.33322324044430146
2024,8,DOVE MEDICAL PRESS LTD,117,0.41069094305561704,0.25609210929518567,0.5852007925388377
2024,8,AIP Publishing,615,0.05434322780542194,0.031085122720412913,0.09332703942086543
2024,8,EDUCATIONAL PUBLISHING FOUNDATION-AMERICAN PSYCHOLOGICAL ASSOC,41,0.15175107745381808,0.02911901938758009,0.5162310780405229
2024,8,EDP SCIENCES S A,90,0.0008613349196111886,0.0,0.03781613060534601
2024,8,COPERNICUS GESELLSCHAFT MBH,129,0.08595535582933052,0.040526136333941594,0.17312140434063017
2024,7,PERGAMON-ELSEVIER SCIENCE LTD,3374,0.15428454843213366,0.13557193951537708,0.17505694807087954
2024,8,AMER MEDICAL ASSOC,645,0.0739503655764518,0.04239951226065396,0.12589265400888444
2024,8,AMER PHYSICAL SOC,889,0.08772450166999901,0.06308983765450185,0.12073865128236319
2024,8,BMJ PUBLISHING GROUP,692,0.132898267538807,0.09196800774351023,0.18826766940375594
2024,7,WILEY-V C H VERLAG GMBH,2029,0.18467340627149276,0.15802226328804186,0.2146733638794599
2024,8,ELSEVIER - DIVISION REED ELSEVIER INDIA PVT LTD,12,0.14961004251820814,0.0017620721911948518,0.9460468239273887
2024,8,ELSEVIER ESPANA SLU,10,0.06402938331669213,1.1965374768959533e-05,0.9974497174121396
2024,8,ELSEVIER ADVANCED TECHNOLOGY,107,0.35421546540640986,0.23759826497603653,0.4911937349422009
2024,8,"ELSEVIER MASSON, CORP OFF",21,0.0,0.0,0.4264508284772797
2024,8,ELSEVIER INC,32,0.08928252007036716,0.022292745674369063,0.2965241187154591
2024,8,ELSEVIER GMBH,140,0.27779492280551327,0.16739006842516477,0.4239415509545877
2024,6,LIPPINCOTT WILLIAMS & WILKINS,6837,0.05747576191561027,0.050199523264016895,0.06573367386224857
2024,8,ELSEVIER FRANCE-EDITIONS SCIENTIFIQUES MEDICALES ELSEVIER,349,0.3072051074841159,0.2321398069240221,0.39408601348066935
2024,8,ACADEMIC PRESS INC ELSEVIER SCIENCE,1162,0.18601804120001733,0.15202539227086556,0.2255893557447198
2024,8,ELSEVIER SCIENCE LONDON,40,0.5201951899731971,0.303141368769121,0.7298837331186333
2024,8,ELSEVIER SINGAPORE PTE LTD,21,0.35685425899242,0.07996395955017188,0.779842542407351
2024,8,EUROPA EDITION,14,0.0,0.0,0.9998395227917937
2024,8,ELSEVIER IRELAND LTD,584,0.198221583297012,0.15094153198706062,0.2558487146802491
2024,8,EUR CENTRE DIS PREVENTION & CONTROL,17,0.0,0.0,0.6603260738380079
2024,8,EUROPEAN MATHEMATICAL SOC-EMS,18,0.0,0.0,0.5571029772264686
2024,7,OXFORD UNIV PRESS,3696,0.09260502256459723,0.07972582400165018,0.10732214004928663
2024,8,FERRATA STORTI FOUNDATION,31,0.003432856164668065,6.958257950101847e-73,1.0
2024,8,FOUNDATION REHABILITATION INFORMATION,13,0.27513688012491566,0.025784723195819686,0.84480479485034
2024,8,ELSEVIER TAIWAN,68,0.27374516455632186,0.1303048903825363,0.48671787264195204
2024,7,NATURE PORTFOLIO,5025,0.1371436897144229,0.12209225157651563,0.1537257455783774
2024,8,EXCERPTA MEDICA INC-ELSEVIER SCIENCE INC,28,0.1752873862197149,0.04725350319832358,0.4766684017324892
2024,8,ENDOCRINE SOC,75,0.14322233331544587,0.04431588364725303,0.3760199427702224
2024,8,EUROPEAN RESPIRATORY SOC JOURNALS LTD,79,0.053100007919076396,0.0033831939187595346,0.4808876489342744
2024,8,FUTURE MEDICINE LTD,17,0.07498740314056092,6.276941247564636e-06,0.9990457661038922
2024,8,"GEOLOGICAL SOC AMER, INC",26,0.09650735519251472,0.01639093606708782,0.4064169663081905
2024,8,HUMAN KINETICS PUBL INC,36,0.0,0.0,0.3858186144900677
2024,8,HIGHER EDUCATION PRESS,14,0.17932308837750652,0.021419931955791845,0.6856585618495152
2024,8,GEORG THIEME VERLAG KG,77,0.04881221323851242,0.007336196912857288,0.26271776672872066
2024,8,IGI GLOBAL,28,0.27348406483250615,0.09290703743795733,0.5804476781811592
2024,8,EMERALD GROUP PUBLISHING LTD,327,0.1578947736957684,0.10399812068066754,0.23247602220795796
2024,8,"INST MATERIA MEDICA, CHINESE ACAD MEDICAL SCIENCES",26,0.4134185055290428,0.11453283866022583,0.7934013835994947
2024,8,INST MATHEMATICAL STATISTICS-IMS,29,0.0,0.0,0.4183216555320529
2024,8,INT SOC GLOBAL HEALTH,23,0.0,0.0,0.5318931495165611
2024,8,INT SCIENTIFIC RESEARCH PUBLICATIONS,16,0.11894191049768292,0.009511106363110741,0.6549256419400803
2024,8,INT UNION CRYSTALLOGRAPHY,32,0.1614408148521753,0.05024555499008247,0.41197380438386166
2024,8,INTER-RESEARCH,41,0.07349640877087472,0.01694742100883984,0.2674075164780449
2024,8,INFORMS,80,0.13364302652929846,0.06163312189460162,0.2659423607601414
2024,7,MDPI,7132,0.21795285147824403,0.2026623334296408,0.23405836064545668
2024,8,BMC,2446,0.19673336331466698,0.17199061680547192,0.22407236544201367
2024,8,JOHN BENJAMINS PUBLISHING CO,17,0.0,0.0,0.632766944408684
2024,8,JOURNAL MATER SCI TECHNOL,10,0.0,0.0,0.5383515886732388
2024,8,JOHN WILEY & SONS INC,24,0.0,0.0,0.40134101244153286
2024,8,CELL PRESS,2758,0.2587966559822543,0.2311514998566454,0.2885074316159193
2024,8,IEEE COMPUTER SOC,255,0.14969404433091424,0.09517499617501633,0.2275879920376474
2024,8,KARGER,55,0.17141058360721872,0.05086043539947495,0.44402178708330736
2024,8,KERMAN UNIV MEDICAL SCIENCES,22,0.1284300839091203,0.010365518699509654,0.6745919435665767
2024,8,KOREAN ASSOC STUDY LIVER,13,0.3111942436494459,0.0746762593035321,0.7166485205116582
2024,8,KOREAN NUCLEAR SOC,29,0.0,0.0,0.3641330225694555
2024,8,KOREAN SOC COLOPROCTOLOGY,11,0.544265980250839,0.2129223716241413,0.8405675048192099
2024,8,KOREAN FIBER SOC,21,0.1877275028742448,0.041705731371968306,0.5510285969348385
2024,8,KOREAN SOC PRECISION ENG,10,0.4083673243912496,0.08109628908814333,0.8437114221369368
2024,8,JOHN WILEY & SONS LTD,127,0.21487632961839062,0.11730870403057132,0.36045482653285754
2024,8,KOREAN INST METALS MATERIALS,54,0.24222230719948756,0.1164449806741565,0.43670794381453965
2024,8,LIFE SCIENCE ALLIANCE LLC,23,0.15149671855111585,0.012941231492379301,0.7085787012322661
2024,8,"JMIR PUBLICATIONS, INC",229,0.18950252797557057,0.12082942848706026,0.2845724101248062
2024,8,KEAI PUBLISHING LTD,206,0.18425710220701985,0.11230096671056063,0.28739206693447983
2024,8,MARTINUS NIJHOFF PUBL,13,0.0,0.0,0.4462665504511805
2024,8,MAGNOLIA PRESS,15,0.0,0.0,0.5348864011661583
2024,8,MATHEMATICAL SCIENCE PUBL,11,0.0,0.0,0.6327063259195375
2024,8,MASSACHUSETTS MEDICAL SOC,55,0.10628846781347386,0.016996535983576488,0.44995576277519267
2024,8,"MARY ANN LIEBERT, INC",155,0.20437806327763394,0.10084609750864962,0.37041274731148255
2024,7,SPRINGER,3522,0.09440677893803527,0.07997603400750851,0.11112687164613366
2024,8,ELSEVIER SCIENCE SA,1189,0.22537260119501545,0.19229130590497306,0.2622969382113705
2024,6,ELSEVIER,11589,0.18055163004433658,0.16986370166446194,0.19175670788419505
2024,8,MICROBIOLOGY SOC,11,0.0,0.0,0.8111335187201394
2024,8,NATL ATHLETIC TRAINERS ASSOC INC,13,0.0,0.0,1.0
2024,8,FRONTIERS MEDIA SA,1555,0.25709378554256485,0.2231069911721725,0.29429668348141536
2024,8,MIT PRESS,37,0.06656702275180129,0.010017872254367318,0.3344773389361763
2024,5,SPRINGER,4293,0.10985362673879805,0.09570359668564782,0.12580472283095814
2024,8,IOP Publishing Ltd,662,0.03486255512368004,0.01715728906656688,0.0695457319287397
2024,8,NATURE PUBL GROUP,19,0.5293725249094706,0.17372822447519612,0.8575004253202123
2024,8,NONFERROUS METALS SOC CHINA,33,0.2292493773011283,0.07965917481980639,0.5054692531229558
2024,8,NIHR JOURNALS LIBRARY,15,0.17003650805066436,0.04170266047816834,0.49096500455521846
2024,8,NATL ACAD SCIENCES,308,0.10031953273817039,0.05794228261048323,0.16815788417338917
2024,8,AMER CHEMICAL SOC,4555,0.2038860317252388,0.18450786845287678,0.22473853256201828
2024,8,MOSBY-ELSEVIER,350,0.10692091554881974,0.06204674882160454,0.1780874366961167
2024,8,PALGRAVE MACMILLAN LTD,22,0.0,0.0,0.26774561015382464
2024,8,Optica Publishing Group,17,0.12899492857042863,0.015880327293787397,0.5761325638011838
2024,8,PEERJ INC,55,0.5375981180487943,0.34227696064540647,0.7220227749463163
2024,8,ELSEVIER SCIENCE INC,1813,0.12045317121152693,0.09764753832543674,0.14771317281295857
2024,8,PROJECT HOPE,17,0.0,0.0,0.6647256954328528
2024,8,POLISH CARDIAC SOC,12,0.2955245316669487,0.0029200716465590634,0.9836303228024924
2024,8,PORTLAND PRESS LTD,12,0.3288060473606418,0.09290832929749902,0.7008712318060514
2024,8,RADIOLOGICAL SOC NORTH AMERICA (RSNA),46,0.0,0.0,0.22720594182540838
2024,8,ROCKEFELLER UNIV PRESS,43,0.1606328153706617,0.03298512135695154,0.5177682643714915
2024,8,ROYAL COLL GENERAL PRACTITIONERS,16,0.0,0.0,0.5775416062529676
2024,8,ROYAL SOC CHEMISTRY,12,0.2825334858696181,0.06531364827155675,0.6893648512025171
2024,8,RUSSELL SAGE FOUNDATION,19,0.0,0.0,0.32209290350635267
2024,8,IEEE-INST ELECTRICAL ELECTRONICS ENGINEERS INC,2213,0.19648582362361933,0.17139993263613548,0.22424960200637628
2024,8,SHANGHAI JIAO TONG UNIV PRESS,17,0.31818057688939844,0.07317701264277338,0.7339174018555168
2024,8,SHANGHAI UNIV,11,0.0,0.0,0.8213053461054041
2024,8,SCIENDO,19,0.0,0.0,0.5407318400515964
2024,8,SCIPOST FOUNDATION,39,0.0,0.0,0.23927271247387497
2024,8,SOC BRASIL PEDIATRIA,10,0.0,0.0,1.0
2024,8,SPANDIDOS PUBL LTD,21,0.2601585739212298,0.06787774158273299,0.6293587328848095
2024,8,SOC EXPLORATION GEOPHYSICISTS - SEG,31,0.15845099520523045,0.04000069188644741,0.4596971413634241
2024,8,SOC NUCLEAR MEDICINE INC,20,0.053420970003881574,9.691379482859549e-05,0.9704675862548366
2024,7,ELSEVIER,10201,0.18464235528405143,0.17294262485310286,0.1969451060558975
2024,8,SOC PETROLEUM ENG,35,0.06045852553623428,0.00960996569856849,0.29910350535099894
2024,8,ROYAL SOC,182,0.04156548251866971,0.01204782110387661,0.13362136600595279
2024,8,SOC NEUROSCIENCE,55,0.06863209722982692,0.013541996347586693,0.28343968972150074
2024,8,SIAM PUBLICATIONS,65,0.03835731304953551,0.0064229044654651665,0.19750618138054013
2024,8,SPRINGER FRANCE,10,0.0,0.0,0.7121103411156383
2024,8,SCIENCE PRESS,297,0.20436283880430448,0.1416770915067362,0.28555680333648714
2024,8,SPRINGER BASEL AG,176,0.2383687004302541,0.15086298350729196,0.35538778844009083
2024,8,SPRINGER SINGAPORE PTE LTD,30,0.4357602890226468,0.2096830701653914,0.6921229444641562
2024,8,SPRINGER LONDON LTD,51,0.049154152890880175,0.0017139217559995123,0.6088484926392244
2024,8,OXFORD UNIV PRESS INC,782,0.08218579511853545,0.053965610878337594,0.12324070582129389
2024,8,SPRINGER JAPAN KK,49,0.029228284556706705,0.0003767002782211787,0.7063609419101105
2024,8,TAYLOR & FRANCIS AS,12,0.30090206608155196,0.045267224408910116,0.7962202777939602
2024,8,SPRINGER-VERLAG ITALIA SRL,83,0.047458982940942654,0.008129396030580067,0.2324678079036103
2024,8,SPRINGER INT PUBL AG,170,0.14284005367792707,0.07549011860148024,0.25378314520185796
2024,8,THIEME MEDICAL PUBL INC,18,0.0,0.0,0.5463696098265952
2024,8,UNIV CHICAGO PRESS,18,0.0,0.0,0.9103936861425387
2024,8,US DEPT HEALTH HUMAN SCIENCES PUBLIC HEALTH SCIENCE,12,0.0,0.0,0.9281585134343427
2024,8,VEREIN FORDERUNG OPEN ACCESS PUBLIZIERENS QUANTENWISSENSCHAF,29,0.0,0.0,0.4254377374052628
2024,8,TERMEDIA PUBLISHING HOUSE LTD,32,0.09805214839990518,0.02445766869047392,0.3203715704031701
2024,8,SPRINGER WIEN,174,0.10695355930094876,0.056067687285250745,0.1945059689682062
2024,8,WAGENINGEN ACADEMIC PUBLISHERS,10,0.011484510419198032,1.7322965319577128e-14,0.9999999998716593
2024,8,W B SAUNDERS CO LTD,101,0.13583580857181005,0.05604672231701952,0.29385361181725583
2024,8,SAGE PUBLICATIONS LTD,574,0.05062543213940058,0.024278891548819414,0.10255715070335923
2024,8,SPRINGER/PLENUM PUBLISHERS,196,0.04854977496456346,0.01579389842694339,0.1396038697758867
2024,8,TSINGHUA UNIV PRESS,147,0.17274523824242002,0.10017749246186976,0.2814388494881635
2024,8,WALTER DE GRUYTER GMBH,83,0.1838964114576153,0.08763157174917723,0.34582663500480404
2024,8,LIPPINCOTT WILLIAMS & WILKINS,2007,0.13756571614916746,0.11466980788663293,0.1641854031020939
2024,8,W B SAUNDERS CO-ELSEVIER INC,189,0.17482322226367403,0.10249112903124834,0.2821548358354615
2024,8,TAYLOR & FRANCIS INC,444,0.1639127466034493,0.11318339444414578,0.2314452055064854
2024,8,"ROUTLEDGE JOURNALS, TAYLOR & FRANCIS LTD",1037,0.08967729446892304,0.06136163204238393,0.12925999705104935
2024,8,"WILEY PERIODICALS, INC",14,0.5239029819489022,0.1943098462458606,0.8339126691363903
2024,8,ELSEVIER SCI LTD,4014,0.18804479686620118,0.1693687869143864,0.20826383334184798
2024,8,SAGE PUBLICATIONS INC,868,0.05944822691475878,0.03576660932573423,0.09722871206785771
2024,8,PUBLIC LIBRARY SCIENCE,1636,0.13467761151565943,0.10947939541825237,0.1646035312056788
2024,8,ZHEJIANG UNIV PRESS,15,0.24809629291995677,0.04392873329383057,0.7032205289374028
2024,8,SPRINGER HEIDELBERG,777,0.15718860286913983,0.12109690152769233,0.20157008274777177
2024,8,WROCLAW MEDICAL UNIV,16,0.05443186194005081,5.8544891477400716e-05,0.9826384905045952
2024,8,TAYLOR & FRANCIS LTD,883,0.20740311784866727,0.15972748369394482,0.26482414844416513
2024,8,WORLD SCIENTIFIC PUBL CO PTE LTD,67,0.0423753074380972,0.003912252205791336,0.33268677562393656
2024,8,WOLTERS KLUWER MEDKNOW PUBLICATIONS,60,0.08494668047019935,0.01890891143194739,0.30898151152363074
2024,9,ACTA DERMATO-VENEREOLOGICA,32,0.051371847329424514,0.0003633368402973642,0.8897277927059154
2024,8,eLIFE SCIENCES PUBL LTD,170,0.06110268750889929,0.01685232058345154,0.1981289777141694
2024,9,ACOUSTICAL SOC AMER AMER INST PHYSICS,49,0.12172594457714513,0.03532304728853245,0.34409111222530003
2024,9,AMER ACAD SLEEP MEDICINE,26,0.0,0.0,0.33227613151935814
2024,9,AME PUBLISHING COMPANY,33,0.36837751784355927,0.09883610058894444,0.7561814423972494
2024,9,AMER ACAD PEDIATRICS,36,0.0,0.0,0.4343329049105165
2024,9,ADIS INT LTD,92,0.23146026857503055,0.1251205721150226,0.38808717749336474
2024,8,SPRINGERNATURE,1233,0.21547530323874872,0.1815492020358545,0.25377541513704627
2024,9,AMER ASSOC NEUROLOGICAL SURGEONS,39,0.0,0.0,0.3528549699731239
2024,9,AMER BOARD FAMILY MEDICINE,20,0.02901519662220173,6.6153148333958235e-06,0.9926460337489722
2024,9,ACADEMIC PRESS LTD- ELSEVIER SCIENCE LTD,539,0.2867847954234977,0.2320825607802431,0.34852860749373976
2024,9,AMER ASSOC ADVANCEMENT SCIENCE,343,0.14247528835913179,0.09023553219560762,0.21772042713452222
2024,9,AMER ECONOMIC ASSOC,58,0.0,0.0,0.09017077122378696
2024,9,AMER COLL PHYSICIANS,35,0.5034345307936914,0.13937728437020308,0.8638860371274997
2024,9,AMER DIABETES ASSOC,31,0.0,0.0,0.22513768130946787
2024,9,AMER INST AERONAUTICS ASTRONAUTICS,11,0.0,0.0,0.7009935003544366
2024,9,AMER METEOROLOGICAL SOC,45,0.06896811595658697,0.014410234557626848,0.27289239761681383
2024,9,AMER ROENTGEN RAY SOC,18,0.0,0.0,0.7717995640210957
2024,9,AIP Publishing,522,0.07471633587875981,0.0451786190881307,0.12111613824621842
2024,9,"AMER PSYCHIATRIC PUBLISHING, INC",28,0.20573019498193001,0.052421913787454574,0.5480684303614155
2024,9,ANNALS FAMILY MEDICINE,10,0.0,0.0,0.8802182079115783
2024,9,AMER SOC HEMATOLOGY,34,0.0034416549029643436,9.361073451297065e-18,0.9999999999992152
2024,9,AMER SOC PHARMACOLOGY EXPERIMENTAL THERAPEUTICS,13,0.0,0.0,0.9506103845918341
2024,9,AMER SOC NEURORADIOLOGY,25,0.46927404911287257,0.14679611509547147,0.8196290299412348
2024,9,AMER THORACIC SOC,30,0.12793702749047595,0.00367039656458468,0.8538511780816385
2024,9,AMER PHYSIOLOGICAL SOC,133,0.2009204287787261,0.10899752961473912,0.34072137794649093
2024,9,ASSOC RESEARCH VISION OPHTHALMOLOGY INC,43,0.0,0.0,0.31729463997944096
2024,9,AMER SOC CLINICAL INVESTIGATION INC,94,0.14764870363804827,0.057239122124259946,0.3307597550383666
2024,9,AMER SOC NEPHROLOGY,38,0.16172354575868012,0.05485293708788331,0.3907324738293312
2024,9,ASCE-AMER SOC CIVIL ENGINEERS,68,0.2600060557702776,0.141380963295002,0.4284918690741622
2024,9,AMER SPEECH-LANGUAGE-HEARING ASSOC,44,0.05504700812468975,0.007248311947891764,0.31730529673720054
2024,9,BIOSCIENTIFICA LTD,11,0.2741162833612355,0.05438008686057157,0.7126250959704599
2024,9,AMER PHYTOPATHOLOGICAL SOC,65,0.07055217561384673,0.01883333968936231,0.2308775568910475
2024,9,ANNUAL REVIEWS,107,0.027340566296189563,0.001377163955009457,0.3642478986366446
2024,9,BAISHIDENG PUBLISHING GROUP INC,77,0.19974175946859887,0.08481636457663845,0.40198956899728705
2024,9,ACADEMIC PRESS INC ELSEVIER SCIENCE,1005,0.18978413105604267,0.15477451211042445,0.2305527449074617
2024,9,ASSOC COMPUTING MACHINERY,147,0.17874437070955723,0.10327943689748466,0.29142990472166136
2024,8,OXFORD UNIV PRESS,2329,0.10202257613449305,0.08355741577644347,0.12401611266847533
2024,9,AMER GEOPHYSICAL UNION,399,0.04928987954836853,0.01882021079191578,0.12291008213495835
2024,9,AMER SOC MICROBIOLOGY,181,0.15606270265848463,0.0890564887416452,0.2591424125100629
2024,9,AMER PSYCHOLOGICAL ASSOC,184,0.050779093693414094,0.01540402207657898,0.1546337027817843
2024,9,BRILL,11,0.0,0.0,0.8622493741814847
2024,9,BRITISH EDITORIAL SOC BONE & JOINT SURGERY,41,0.06611064898594417,0.010466170826375893,0.3214817656528294
2024,9,AMER MEDICAL ASSOC,431,0.04399445186037021,0.018928902325959365,0.09890548854921534
2024,7,WILEY,7202,0.12734001762632882,0.11492554831154364,0.1408820612042053
2024,9,CHINESE CHEMICAL SOC,15,0.364648070547511,0.09842909175531217,0.751066714930399
2024,9,CLEVELAND CLINIC,10,0.38810553066283765,0.0037088214230546197,0.9908314049103627
2024,9,"COLD SPRING HARBOR LAB PRESS, PUBLICATIONS DEPT",47,0.0,0.0,0.28498242153159703
2024,9,CURRENT MEDICINE GROUP,16,0.42837154142292133,0.14983339094807904,0.761134915962743
2024,9,COMPANY BIOLOGISTS LTD,40,0.22123942586099676,0.07975116693206823,0.48221161406480395
2024,9,COPERNICUS GESELLSCHAFT MBH,30,0.05922338157393953,0.008628730392685451,0.3128590056518295
2024,9,DUKE UNIV PRESS,57,0.0,0.0,0.2701875992517647
2024,9,CURRENT BIOLOGY LTD,43,0.11272057963412199,0.019189606032734004,0.45202665452835433
2024,9,EDIZIONI MINERVA MEDICA,32,0.0,0.0,0.5044907381374438
2024,9,EDP SCIENCES S A,47,0.0,0.0,0.16300883680436407
2024,9,CAMBRIDGE UNIV PRESS,149,0.023181375307580257,0.0036612071849490228,0.1328940226393447
2024,9,DOVE MEDICAL PRESS LTD,138,0.3558585487852738,0.2075310377476555,0.538201002079652
2024,9,CHURCHILL LIVINGSTONE,137,0.22546027660017803,0.13758812167139062,0.3468800986309944
2024,9,CHURCHILL LIVINGSTONE INC MEDICAL PUBLISHERS,79,0.1728272577511406,0.08661544979844175,0.31523374191754233
2024,9,EDUCATIONAL PUBLISHING FOUNDATION-AMERICAN PSYCHOLOGICAL ASSOC,83,0.0,0.0,0.17421663480628435
2024,8,PERGAMON-ELSEVIER SCIENCE LTD,3334,0.18842370580765674,0.1684395563670512,0.21017955985584963
2024,9,AMER ASSOC CANCER RESEARCH,1088,0.1648487340394094,0.1366693094441748,0.19750914790907306
2024,8,WILEY-V C H VERLAG GMBH,2261,0.1939467934932099,0.16822572737672556,0.22254829703891585
2024,9,"ELSEVIER MASSON, CORP OFF",18,0.0,0.0,0.3558147985039296
2024,9,ELSEVIER ADVANCED TECHNOLOGY,80,0.3274193560149427,0.193954793649356,0.4961886347993107
2024,9,ELSEVIER INC,32,0.11420098231666834,0.02210675735568197,0.42371453216835986
2024,9,BMJ PUBLISHING GROUP,543,0.10310781347981102,0.06565656331954373,0.15830229434204987
2024,9,ELSEVIER GMBH,160,0.3046929097347505,0.20723543547012757,0.42349858829791465
2024,9,ELSEVIER FRANCE-EDITIONS SCIENTIFIQUES MEDICALES ELSEVIER,285,0.3318763567144388,0.2523942835761457,0.42225131515781794
2024,9,EUROPA EDITION,12,0.539816198523813,0.08373525272128524,0.9377223179526972
2024,9,EUR CENTRE DIS PREVENTION & CONTROL,16,0.0,0.0,0.29641077135763416
2024,9,ELSEVIER SCIENCE LONDON,21,0.2636258475395926,0.07993093733436663,0.5960108298019424
2024,9,FERRATA STORTI FOUNDATION,23,0.0,0.0,0.7244600620909141
2024,9,EUROPEAN MATHEMATICAL SOC-EMS,35,0.0,0.0,0.19691103291737116
2024,9,ELSEVIER SINGAPORE PTE LTD,23,0.030011461641884677,5.425932105207529e-05,0.9463571435692764
2024,9,ENDOCRINE SOC,60,0.0,0.0,0.2842997837209029
2024,9,FOUNDATION REHABILITATION INFORMATION,12,0.16010151650993062,0.009052192501411867,0.7991048436678732
2024,9,EMERALD GROUP PUBLISHING LTD,28,0.161629886719148,0.04891840578069969,0.4194929920883301
2024,9,EXCERPTA MEDICA INC-ELSEVIER SCIENCE INC,21,0.21708579371871012,0.045381494732564545,0.6179241131712825
2024,9,ELSEVIER TAIWAN,38,0.2837987615996163,0.11967325575588326,0.5359718462039734
2024,9,EUROPEAN RESPIRATORY SOC JOURNALS LTD,45,0.030343109358023156,0.0006103866704670347,0.6158716101866103
2024,9,CELL PRESS,1534,0.2560555933403139,0.21890750766623077,0.2971097455528496
2024,9,FUTURE MEDICINE LTD,18,0.5054768133674032,0.08843936882985783,0.9150298873739089
2024,9,GEOSCIENCEWORLD,10,0.07309359088003185,0.00033490511676937025,0.9488799021015454
2024,9,"GEOLOGICAL SOC AMER, INC",27,0.0,0.0,0.3198121360848749
2024,9,GEORG THIEME VERLAG KG,32,0.07873402959651318,0.010894306958168292,0.3987237155480158
2024,9,ELSEVIER SCIENCE SA,255,0.2087689751525221,0.1441856140027268,0.2923968604280089
2024,9,IGI GLOBAL,17,0.4253596635910086,0.10056216452525621,0.8305281971522178
2024,8,NATURE PORTFOLIO,4902,0.15982006838387006,0.14345757554708072,0.17766173781858144
2024,9,INT SOC GLOBAL HEALTH,22,0.0,0.0,0.517314654138725
2024,9,"INST MATERIA MEDICA, CHINESE ACAD MEDICAL SCIENCES",23,0.177027798226138,0.013768939404517528,0.7682122676166037
2024,9,INT UNION CRYSTALLOGRAPHY,22,0.19996842117907856,0.05326152951062698,0.5261823069757493
2024,9,IEEE COMPUTER SOC,98,0.07792804960343121,0.02212790609762549,0.23991688308097606
2024,9,JOHN BENJAMINS PUBLISHING CO,16,0.0,0.0,0.281300981374468
2024,9,AMER PHYSICAL SOC,979,0.05019453719487427,0.03186387127600963,0.07821849589066392
2024,9,KERMAN UNIV MEDICAL SCIENCES,10,0.0,0.0,0.8077931688890336
2024,9,JOURNAL MATER SCI TECHNOL,13,0.17660595385604025,0.026607251312398952,0.6272824700756181
2024,9,KARGER,25,0.10762917564773056,0.007264739163118803,0.665310722766581
2024,9,INFORMS,90,0.0525431269851827,0.014236769946391246,0.17556251924639926
2024,9,ELSEVIER IRELAND LTD,594,0.23983210693916382,0.19128328216480042,0.2961900229552453
2024,9,KEAI PUBLISHING LTD,112,0.29467873925106863,0.18369443284254336,0.4368342343664662
2024,9,JOHN WILEY & SONS LTD,99,0.21553702429578234,0.1186870404791131,0.35920630392810277
2024,9,KOREAN SOC NEPHROLOGY,18,0.2251941011846027,0.018738402626368292,0.8156222036429812
2024,9,Korean Pediatric Soc,10,0.0,0.0,0.7799638667231797
2024,9,IOP Publishing Ltd,151,0.06957270129149981,0.026845102935090053,0.16852971156575625
2024,9,KOREAN SPINAL NEUROSURGERY SOC,24,0.1912400618200624,0.03291610080064965,0.6216077888226894
2024,9,LIFE SCIENCE ALLIANCE LLC,16,0.1830828628091268,0.026448345242744795,0.6489802196580361
2024,9,"JMIR PUBLICATIONS, INC",207,0.14722851783699406,0.08827538027393007,0.2353877592557909
2024,9,MARTINUS NIJHOFF PUBL,16,0.0,0.0,0.8921921292452331
2024,9,MASSACHUSETTS MEDICAL SOC,37,0.0,0.0,0.41661728483034366
2024,8,SPRINGER,3651,0.12820851105209724,0.11193853777878685,0.14645329528714846
2024,9,IEEE-INST ELECTRICAL ELECTRONICS ENGINEERS INC,500,0.21085401739710716,0.15906258023723602,0.27401409545975247
2024,9,"MARY ANN LIEBERT, INC",108,0.3245037291442536,0.18690258912670524,0.5009905322130683
2024,9,AMER CHEMICAL SOC,4073,0.20545269761441354,0.18294177907807385,0.22995399494879956
2024,9,FRONTIERS MEDIA SA,1278,0.24244176844496515,0.2042238230477318,0.2852480686532392
2024,9,Medical Journal Sweden AB,12,0.2794368133222035,0.06521775927786741,0.6831028075420336
2024,9,MIT PRESS,51,0.07791909909835729,0.020062390028353437,0.25859541329476377
2024,9,BMC,2446,0.2164387394740827,0.19241637111330664,0.24255941554986815
2024,8,MDPI,7387,0.2298853767799205,0.21406667615738625,0.24650638236395517
2024,9,NIHR JOURNALS LIBRARY,10,0.0,0.0,0.6782292266275133
2024,9,NATURE PUBL GROUP,17,0.45780371543456766,0.15270770659189642,0.7982101220063201
2024,9,ONLINE LEARNING CONSORTIUM,22,0.1563881168364441,0.02957193209392651,0.5300159225285727
2024,9,NATL ACAD SCIENCES,236,0.11027875247936131,0.06491993654794743,0.1811884247608122
2024,9,MOSBY-ELSEVIER,325,0.09000703043567937,0.0505639540283451,0.155189032095648
2024,9,PEERJ INC,58,0.22777440027849058,0.09856283984971564,0.4431108815873407
2024,9,PORTLAND PRESS LTD,14,0.4915171550468084,0.14680706360499937,0.8444866310389313
2024,9,PROJECT HOPE,16,0.0,0.0,0.363925974803647
2024,9,ELSEVIER SCI LTD,1927,0.18053696540488193,0.15400724968155616,0.21049963710893385
2024,9,ROCKEFELLER UNIV PRESS,42,0.05276739244263652,0.0004075733341892877,0.8838679236794581
2024,9,RADIOLOGICAL SOC NORTH AMERICA (RSNA),42,0.12744630047367814,0.02624404394798082,0.44183045350058164
2024,9,ROYAL COLL GENERAL PRACTITIONERS,10,0.0,0.0,0.6716064310720082
2024,9,SCIPOST FOUNDATION,27,0.0,0.0,0.33664806097146494
2024,9,SHANGHAI UNIV SPORT,12,0.4490161442309719,0.08241914137785636,0.8808631729721647
2024,9,SOC BIOLGIA CHILE,12,0.22701728265700954,0.04183429076175441,0.6639268870488034
2024,9,SCIENCE PRESS,68,0.25829458225217355,0.11520305539485816,0.48224722841726103
2024,9,SHANGHAI JIAO TONG UNIV PRESS,32,0.19385282859067743,0.054021887143203766,0.5031239644477272
2024,9,SOC EXPLORATION GEOPHYSICISTS - SEG,14,0.15676767516706688,0.012192615981464611,0.7368581265936602
2024,9,ELSEVIER SCIENCE INC,1467,0.1236958773577712,0.09988017818403182,0.15222986769551258
2024,8,ELSEVIER,10098,0.21130095662370763,0.19899316651366916,0.22415695878901434
2024,9,SOC NUCLEAR MEDICINE INC,26,0.3531067873275786,0.04783381558248788,0.855719750453225
2024,9,SOC PETROLEUM ENG,39,0.40426259995671604,0.22045684057662182,0.6195256910578738
2024,9,SOC NEUROSCIENCE,44,0.1805463580551246,0.06325787632141036,0.4182133427216638
2024,9,SPANDIDOS PUBL LTD,27,0.024566687048715303,9.883006717148676e-07,0.9984443375886702
2024,9,SIAM PUBLICATIONS,87,0.058955465350782214,0.01792872870874906,0.176948978280552
2024,9,ROYAL SOC,198,0.06446161386382923,0.029234553856811257,0.1361818660637142
2024,9,SPRINGER JAPAN KK,17,0.5832281145187281,0.2233514158126109,0.8719510073824602
2024,9,SPRINGER LONDON LTD,39,0.021605592997566113,1.6679864368643088e-05,0.9669258662333826
2024,9,SPRINGER INT PUBL AG,36,0.06088381913819119,0.009266623918453669,0.31004323554834723
2024,9,SPRINGER BASEL AG,47,0.04140314518411741,0.002386551603497271,0.4381407619042575
2024,9,SPRINGER WIEN,87,0.2203286228411561,0.11367058022253075,0.3837360002085487
2024,9,SPRINGER-VERLAG ITALIA SRL,65,0.1036722406986167,0.029733400221889115,0.3038896324077076
2024,9,SPRINGER/PLENUM PUBLISHERS,138,0.22501062395979593,0.13223495846182504,0.35616170501079686
2024,9,US DEPT HEALTH HUMAN SCIENCES PUBLIC HEALTH SCIENCE,14,0.9890504698400684,5.299785096715437e-35,1.0
2024,9,VILNIUS GEDIMINAS TECH UNIV,17,0.1369335977489235,0.021113476167822103,0.5385516273556278
2024,9,TERMEDIA PUBLISHING HOUSE LTD,23,0.15735128662321507,0.04093993234292881,0.44959902192923024
2024,9,VEREIN FORDERUNG OPEN ACCESS PUBLIZIERENS QUANTENWISSENSCHAF,31,0.004097313187737131,6.3740643548693516e-21,0.9999999999999997
2024,9,TSINGHUA UNIV PRESS,35,0.13560375002617828,0.04030534671310704,0.3694778528139335
2024,9,WAGENINGEN ACADEMIC PUBLISHERS,16,0.09804074866422681,0.0062623500767389605,0.6521595664510527
2024,9,WALTER DE GRUYTER GMBH,66,0.11075067386017345,0.0344283583849122,0.3031478520274035
2024,9,W B SAUNDERS CO LTD,123,0.20576718168391997,0.11347240551971158,0.34400205501207176
2024,9,SPRINGER HEIDELBERG,334,0.08353051921943516,0.047405804338883716,0.14304954267814188
2024,9,TAYLOR & FRANCIS INC,434,0.2679972897270859,0.20569564465568146,0.3410663947550493
2024,9,W B SAUNDERS CO-ELSEVIER INC,226,0.17120562748403642,0.11029212924756163,0.2560782319560232
2024,9,"ROUTLEDGE JOURNALS, TAYLOR & FRANCIS LTD",1079,0.13372679362187256,0.100422477952403,0.17591630095874158
2024,9,SAGE PUBLICATIONS LTD,604,0.04778581361259408,0.023945597300360385,0.09309742325376048
2024,9,SAGE PUBLICATIONS INC,720,0.13170941723231225,0.0966352873691888,0.17701926168550086
2024,9,"WILEY PERIODICALS, INC",12,0.05103518343129357,3.3689642072723726e-05,0.9884855757596277
2024,9,PERGAMON-ELSEVIER SCIENCE LTD,1513,0.20071488091248785,0.17111599881655148,0.23398833742517056
2024,9,TAYLOR & FRANCIS LTD,875,0.27697158214917494,0.22549476278131653,0.3351151314868904
2024,9,SPRINGERNATURE,856,0.22908157954371355,0.18724915288066823,0.2770735993227632
2024,10,ACAD MEDICINE SINGAPORE,10,0.09162765088514517,1.3139179268632383e-05,0.9987103015414686
2024,9,WORLD SCIENTIFIC PUBL CO PTE LTD,47,0.14751638767553651,0.04543806366451756,0.38614944205005713
2024,9,WOLTERS KLUWER MEDKNOW PUBLICATIONS,78,0.09476077855587484,0.020292151491133215,0.34600034204605684
2024,9,LIPPINCOTT WILLIAMS & WILKINS,2209,0.1208898827200129,0.10144700487801792,0.14346414383638367
2024,10,ACTA DERMATO-VENEREOLOGICA,16,0.5521676069622717,0.1455262142301194,0.8992568761154116
2024,9,PUBLIC LIBRARY SCIENCE,1436,0.1403818838850159,0.11509155139737443,0.17016090996584332
2024,10,ADIS INT LTD,76,0.17619812883417946,0.07878440811963029,0.348494603098051
2024,10,AMER ACAD SLEEP MEDICINE,15,0.042569340055424634,7.228113002756101e-06,0.9963569606795553
2024,10,AMER ACCOUNTING ASSOC,12,0.0425059842973891,2.21697373519506e-05,0.9888754170483471
2024,9,eLIFE SCIENCES PUBL LTD,171,0.13257361562960465,0.07278258253626377,0.22933433318776317
2024,10,AME PUBLISHING COMPANY,30,0.5345635151519792,0.1970759765003867,0.8431190054645089
2024,10,AMER ASSOC NEUROLOGICAL SURGEONS,45,0.0,0.0,0.17515907861923838
2024,10,AMER ACAD PEDIATRICS,51,0.05976921549890048,0.01041406862935563,0.27745112231441593
2024,10,AMER ASSOC CANCER RESEARCH,246,0.23994196642085885,0.17099364015429774,0.32576686910401004
2024,10,AMER ECONOMIC ASSOC,26,0.0,0.0,0.49182199694458933
2024,10,AMER COLL PHYSICIANS,14,0.2854758415762691,0.020279154724548804,0.8852135408743014
2024,10,AMER MATHEMATICAL SOC,10,0.26023160778251664,0.04093880148274287,0.7435202605572112
2024,10,AMER INST AERONAUTICS ASTRONAUTICS,15,0.10087302424193031,0.002992221873000333,0.8074645573497747
2024,10,AMER DIABETES ASSOC,36,0.08074494528726035,0.008792901617779344,0.46516707119092815
2024,10,"AMER OCCUPATIONAL THERAPY ASSOC, INC",16,0.06508797066459228,0.0005439508471189171,0.8990471762365823
2024,10,AMER METEOROLOGICAL SOC,56,0.0,0.0,0.22615909215632055
2024,10,AMER ASSOC ADVANCEMENT SCIENCE,400,0.11770803176990474,0.0690500299566122,0.19352638292608165
2024,10,ACADEMIC PRESS LTD- ELSEVIER SCIENCE LTD,602,0.28847946953699655,0.23831588559239544,0.3444273770869868
2024,10,AMER ROENTGEN RAY SOC,17,0.0,0.0,0.857298564488172
2024,10,"AMER PSYCHIATRIC PUBLISHING, INC",15,0.14837962014371026,0.009471294963860864,0.760466623675903
2024,10,AMER SOC CELL BIOLOGY,14,0.22929162502662986,0.013643207391864401,0.8648470520941196
2024,10,AMER PUBLIC HEALTH ASSOC INC,26,0.08767727217989849,0.0068986439895859075,0.5707338073895675
2024,9,OXFORD UNIV PRESS INC,1442,0.20378594108989623,0.17525291797396178,0.23563718932627703
2024,10,AMER SPEECH-LANGUAGE-HEARING ASSOC,54,0.0,0.0,0.23623521293587926
2024,10,AMER SOC NEURORADIOLOGY,33,0.0,0.0,0.34546141716700574
2024,10,AMER SOC PHARMACOLOGY EXPERIMENTAL THERAPEUTICS,29,0.20398670469539615,0.06366367489930265,0.4913104867617316
2024,10,AMER SOC NEPHROLOGY,90,0.013865077493431216,6.356212995301811e-06,0.9688480701394965
2024,10,AMER THORACIC SOC,28,0.38877869666542497,0.1399460715818503,0.7131720878615188
2024,10,AMER SOC CLINICAL INVESTIGATION INC,94,0.26275614964040406,0.14359961651011727,0.4310237340397353
2024,10,AMER SOC HEMATOLOGY,52,0.2170496085455142,0.09226844571438186,0.4305419575962956
2024,10,AMER PHYSIOLOGICAL SOC,124,0.27626903866207997,0.15913229013783012,0.43502189090844334
2024,10,ASIAN-AUSTRALASIAN ASSOC ANIMAL PRODUCTION SOC,46,0.1100343208149626,0.028263158603190702,0.3445110542718835
2024,10,ASSOC RESEARCH VISION OPHTHALMOLOGY INC,46,0.4791521624777064,0.1957711953271642,0.7766166931867227
2024,10,ASCE-AMER SOC CIVIL ENGINEERS,61,0.038258549519534,0.001374358678868368,0.5348522810439824
2024,10,BIOSCIENTIFICA LTD,16,0.5264396648896754,0.1738690911137577,0.8544782365499166
2024,10,ASSOC COMPUTING MACHINERY,143,0.15936388609211585,0.08504897655991485,0.2788256684900174
2024,10,BAISHIDENG PUBLISHING GROUP INC,92,0.2737330811655381,0.1445943759635949,0.4566379771055515
2024,10,ACOUSTICAL SOC AMER AMER INST PHYSICS,440,0.06321170643787895,0.0323213007484559,0.1199649651460105
2024,10,AIP Publishing,651,0.059525977075036623,0.035366495500776265,0.09850394057739302
2024,10,AMER SOC MICROBIOLOGY,171,0.19632804491081515,0.12247017602444034,0.29952411257825945
2024,10,ANNUAL REVIEWS,110,0.03841111307809419,0.0068848329885269266,0.18710156002276213
2024,10,AMER PHYTOPATHOLOGICAL SOC,75,0.05158307523370425,0.009969644091719819,0.22705590821984833
2024,10,AMER PSYCHOLOGICAL ASSOC,160,0.05641457446435738,0.01602225520894024,0.18000787228331963
2024,10,ACADEMIC PRESS INC ELSEVIER SCIENCE,848,0.2329302102348626,0.19064864514573918,0.281329406123879
2024,10,BRAZILIAN SOC UROL,14,0.0,0.0,0.9593285269891489
2024,10,BRITISH EDITORIAL SOC BONE & JOINT SURGERY,45,0.052853529774760696,0.00808046397838393,0.2765447973079293
2024,9,OXFORD UNIV PRESS,2730,0.12250367297017106,0.10382135706434283,0.14400759729941137
2024,10,AMER MEDICAL ASSOC,577,0.05335009200430784,0.028913342755194235,0.09639005654497172
2024,10,CHIN SOCIETY IMMUNOLOGY,13,0.008281829828344052,2.888790602085662e-22,1.0
2024,9,SPRINGER,1619,0.13243752530640518,0.10907813938912557,0.1599015500615565
2024,10,COGITATIO PRESS,12,0.0,0.0,0.3546406841987811
2024,10,COLL AMER PATHOLOGISTS,12,0.0,0.0,0.7430070239246384
2024,10,COMPANY BIOLOGISTS LTD,51,0.0,0.0,0.22571998200824042
2024,10,CHINESE CHEMICAL SOC,23,0.10621732772131741,0.015623119564892358,0.4708596120557825
2024,10,CMA-CANADIAN MEDICAL ASSOC,21,0.21445872415057554,0.019121704540935605,0.7926729000148045
2024,10,CURRENT MEDICINE GROUP,13,0.30720726252667546,0.029135044995091956,0.867591503431312
2024,10,"COLD SPRING HARBOR LAB PRESS, PUBLICATIONS DEPT",45,0.18190325779522853,0.05958605132832795,0.4382881164007887
2024,10,EDIZIONI MINERVA MEDICA,26,0.016831828603687166,1.754430402396835e-08,0.9999401446220779
2024,10,EDUCATIONAL PUBLISHING FOUNDATION-AMERICAN PSYCHOLOGICAL ASSOC,39,0.0,0.0,0.27361577645343615
2024,10,CHURCHILL LIVINGSTONE,112,0.22670583273182965,0.12731970877991436,0.3707164347648154
2024,10,CHURCHILL LIVINGSTONE INC MEDICAL PUBLISHERS,72,0.12822423019704907,0.049712596273447644,0.2925570477208818
2024,10,CURRENT BIOLOGY LTD,33,0.054214980622968284,0.004819859213381971,0.40421402373414006
2024,10,EDP SCIENCES S A,104,0.0,0.0,0.1101453377362469
2024,10,COPERNICUS GESELLSCHAFT MBH,103,0.005311689650256065,7.699622335223899e-07,0.9737089716623325
2024,10,DOVE MEDICAL PRESS LTD,153,0.31795590893053993,0.18120617851600362,0.49545853747611523
2024,10,AMER GEOPHYSICAL UNION,496,0.05489764938704265,0.02637307984428226,0.11076398661066976
2024,10,ELSEVIER ESPANA SLU,11,0.0,0.0,0.2304026370668089
2024,9,WILEY-V C H VERLAG GMBH,2209,0.19231033928802244,0.16766026573794954,0.21962826445874745
2024,10,ELSEVIER ESPANA,12,0.3551325748969747,0.02559852692615852,0.920281757697498
2024,9,ELSEVIER,5502,0.21524373504307717,0.19878104040678454,0.23267390646572134
2024,10,ELSEVIER INC,32,0.11078785257454825,0.014626096397558755,0.5111922280741926
2024,10,ELSEVIER ADVANCED TECHNOLOGY,63,0.37893895724373244,0.22572324908771968,0.5608250601707
2024,10,"ELSEVIER MASSON, CORP OFF",18,0.0,0.0,0.5031035349603792
2024,10,ELSEVIER GMBH,133,0.26574369969838413,0.16892647956637694,0.3918846596532479
2024,10,ELSEVIER FRANCE-EDITIONS SCIENTIFIQUES MEDICALES ELSEVIER,174,0.3331292302834421,0.23420967674502619,0.4493147083654859
2024,10,BMJ PUBLISHING GROUP,697,0.10067214904460953,0.0649865070241042,0.15275227521162604
2024,10,ELSEVIER SINGAPORE PTE LTD,10,0.06245880893480371,0.00036770830949510794,0.9234622594495191
2024,10,ELSEVIER SCIENCE LONDON,19,0.1902462422666085,0.04482811740692291,0.5404697347858102
2024,10,EUR CENTRE DIS PREVENTION & CONTROL,24,0.0,0.0,0.5461372642031279
2024,10,ELSEVIER TAIWAN,47,0.3815865292723705,0.18209514831415488,0.6310158715251818
2024,10,FOUNDATION REHABILITATION INFORMATION,11,0.0,0.0,0.8268495361983952
2024,10,EXCERPTA MEDICA INC-ELSEVIER SCIENCE INC,33,0.16899349527494192,0.046530575619866364,0.45870501004422204
2024,10,EUROPEAN MATHEMATICAL SOC-EMS,70,0.0,0.0,0.28881804342991385
2024,10,ENDOCRINE SOC,70,0.11353557075156984,0.02920999713833998,0.3528236493201301
2024,8,WILEY,6438,0.10974957807414334,0.0977017692227555,0.12308037464379178
2024,9,NATURE PORTFOLIO,4162,0.1730747117797048,0.15497008285589955,0.192811836755003
2024,10,FERRATA STORTI FOUNDATION,41,0.20333074970826032,0.056406901622997635,0.5214598679870661
2024,10,ELSEVIER SCIENCE SA,95,0.1012406353747734,0.026725663954626666,0.3160491014461931
2024,10,CAMBRIDGE UNIV PRESS,534,0.03318791401966851,0.015793667298355206,0.06840767685893226
2024,10,EMERALD GROUP PUBLISHING LTD,190,0.1952667727033115,0.12341744120293792,0.2948736957604724
2024,10,ELSEVIER IRELAND LTD,605,0.2623904978464009,0.21131572084397382,0.3207889102153794
2024,10,FUTURE MEDICINE LTD,11,0.7519506092139502,0.023053517246316567,0.9974387595045536
2024,10,"GEOLOGICAL SOC AMER, INC",54,0.0,0.0,0.30233779702550134
2024,10,HARBORSIDE PRESS,11,0.0,0.0,0.8137173762757502
2024,10,EUROPEAN RESPIRATORY SOC JOURNALS LTD,95,0.06704299207206994,0.02115237664690448,0.19287653917963893
2024,10,CELL PRESS,1377,0.20407202166522193,0.1676923491273779,0.2460112191921747
2024,10,GEORG THIEME VERLAG KG,70,0.0,0.0,0.19958251749228742
2024,10,IGI GLOBAL,19,0.35567467272421976,0.10159901747738928,0.729326468198787
2024,10,IEEE COMPUTER SOC,41,0.17972756373904492,0.06454955192270866,0.410283456270748
2024,10,"INT PRESS BOSTON, INC",10,0.0,0.0,0.7800154230199279
2024,10,"INST MATERIA MEDICA, CHINESE ACAD MEDICAL SCIENCES",13,0.2777792525737281,0.046140508224399183,0.7535835534647238
2024,10,INST MATHEMATICAL STATISTICS-IMS,36,0.0,0.0,0.3982776090486077
2024,10,INT SOC GLOBAL HEALTH,32,0.2024006077762121,0.05774355456899212,0.5123851424895095
2024,10,INFORMS,68,0.02713801185226132,0.0007037642508261189,0.5249167055949596
2024,10,INT UNION CRYSTALLOGRAPHY,24,0.024914282224079848,0.0002176269980093335,0.7499493188234267
2024,10,JOHN BENJAMINS PUBLISHING CO,17,0.0,0.0,0.29513224209729827
2024,10,IVYSPRING INT PUBL,58,0.5073924686284328,0.28711235159778503,0.7248392198822103
2024,10,JOHN WILEY & SONS INC,24,0.4882321314268017,0.22475880778217858,0.7584107210931044
2024,10,KOREAN ASSOC STUDY LIVER,13,0.6378607139567497,0.12624078542360917,0.9555021369983371
2024,10,KOREAN FIBER SOC,19,0.46060097487933005,0.18374241741231015,0.7641103490581236
2024,10,KOREAN INST METALS MATERIALS,14,0.35826572882529245,0.10312965900267264,0.7304930626253837
2024,10,KEAI PUBLISHING LTD,58,0.4266237979942595,0.24452063366380242,0.6310616154167108
2024,10,KARGER,52,0.21617504711318483,0.09135108388583343,0.43071223738617315
2024,10,LIFE SCIENCE ALLIANCE LLC,22,0.5227706494779765,0.2025511487732101,0.8253057391240729
2024,10,JOHN WILEY & SONS LTD,132,0.20425515748665712,0.12109600530793031,0.3235017813986419
2024,10,AMER PHYSICAL SOC,894,0.04068670624360732,0.023391322400581487,0.06985546440113265
2024,10,IEEE-INST ELECTRICAL ELECTRONICS ENGINEERS INC,411,0.23859095389398005,0.18048946570156504,0.3083583444857382
2024,10,MAGNOLIA PRESS,10,0.0,0.0,0.9725330491476754
2024,10,"JMIR PUBLICATIONS, INC",234,0.19483877508497374,0.12706152636338205,0.28688800278648513
2024,10,MANAGED CARE & HEALTHCARE COMMUNICATIONS LLC,12,0.03668388870596646,1.9334483092570024e-07,0.9998666903268922
2024,10,MASSACHUSETTS MEDICAL SOC,54,0.0,0.0,0.5220753540673442
2024,10,IOP Publishing Ltd,356,0.019204506308404895,0.003645961849360117,0.09483698456838219
2024,10,"MARY ANN LIEBERT, INC",111,0.06877091503450512,0.013764556175152497,0.2809709282091426
2024,10,MEDICAL LIBRARY ASSOC,10,0.0,0.0,0.8227629107693994
2024,10,MIT PRESS,40,0.0,0.0,0.3873830599598739
2024,10,MICROBIOLOGY SOC,15,0.11947245713517982,0.01613700748888234,0.5288431223035612
2024,10,NATL ATHLETIC TRAINERS ASSOC INC,15,0.0,0.0,0.2793492134225569
2024,10,ELSEVIER SCI LTD,1563,0.2262326362658385,0.19495497598705197,0.26090207151363487
2024,10,ELSEVIER SCIENCE INC,1254,0.11968276493491846,0.09354096263014654,0.15190606801415937
2024,10,BMC,2827,0.22253852084335074,0.197726913129497,0.24949535106518603
2024,10,FRONTIERS MEDIA SA,1574,0.22344791126417704,0.191096852604029,0.25951863083038046
2024,9,MDPI,7316,0.2287741170644039,0.213093624508894,0.24524884762413582
2024,10,NATURE PUBL GROUP,12,0.0784710097035772,0.0001655851481093959,0.977670181558332
2024,10,NONFERROUS METALS SOC CHINA,18,0.06866273750896958,0.0018034047140689752,0.7505306140282032
2024,10,NIHR JOURNALS LIBRARY,18,0.06773569799337709,0.009425746379831727,0.3568262038950146
2024,10,NATL ACAD SCIENCES,348,0.10568718272377974,0.060257114973779564,0.17884999889824643
2024,10,NEW YORK BUSINESS GLOBAL LLC,65,0.17947395585533846,0.07434524873588419,0.37330843067010383
2024,10,MOSBY-ELSEVIER,274,0.04912141304274568,0.019210685997243727,0.11990905306328947
2024,10,AMER CHEMICAL SOC,4697,0.20382823774332173,0.18413804016817234,0.22504316988435624
2024,10,LIPPINCOTT WILLIAMS & WILKINS,1357,0.1055729749656859,0.07943120334751834,0.13901905769513787
2024,10,Optica Publishing Group,30,0.22328851887550713,0.08313379222472642,0.47684204658636004
2024,10,PEERJ INC,95,0.47790722185089146,0.34412362618025527,0.614937259834945
2024,10,POLISH CARDIAC SOC,10,0.0,0.0,0.7931869231613761
2024,10,PROJECT HOPE,14,0.0,0.0,0.5786852679470004
2024,10,PORTLAND PRESS LTD,13,0.03639376583562967,9.095193478155616e-09,0.9999936239107698
2024,10,RAMAZAN YAMAN,11,0.03888884302185323,3.361083942450239e-05,0.9798829021567852
2024,10,ROCKEFELLER UNIV PRESS,38,0.0,0.0,0.3691094804474096
2024,10,ROY COLL PHYS LONDON EDITORIAL OFFICE,11,0.8728573333473594,0.10961183706283738,0.9973947987389262
2024,10,RADIOLOGICAL SOC NORTH AMERICA (RSNA),58,0.06367804189918465,0.009505085905833597,0.32522512590543506
2024,10,ROYAL SOC CHEMISTRY,42,0.20746443944206594,0.029497593027263395,0.692737851621276
2024,10,SCIPOST FOUNDATION,28,0.0,0.0,0.3735857690843021
2024,10,SHANGHAI JIAO TONG UNIV PRESS,23,0.12637162260454088,0.021769180092341616,0.48460341177042204
2024,10,SIAM PUBLICATIONS,83,0.0,0.0,0.24618731169690633
2024,10,SOC EXPLORATION GEOPHYSICISTS - SEG,18,0.25185659010904105,0.036577017729006116,0.7490595349319709
2024,10,SOC NUCLEAR MEDICINE INC,32,0.0,0.0,0.4567607991058297
2024,10,SPANDIDOS PUBL LTD,23,0.33322524515674384,0.10071860741420928,0.6904017520301021
2024,10,SOC PETROLEUM ENG,36,0.10833592360513167,0.024592530817627304,0.3692832759518217
2024,10,SOC NEUROSCIENCE,63,0.2510397787871952,0.1294376350057545,0.4304026080236564
2024,10,ROYAL SOC,271,0.08449488882497623,0.04345240552941674,0.15790417263539808
2024,10,SCIENCE PRESS,184,0.2458594273942719,0.15997246101424853,0.35819552599876675
2024,10,ELSEVIER,4164,0.22754326427878346,0.2080582553471208,0.2482809845767081
2024,10,SPRINGER FRANCE,16,0.0,0.0,0.5412394566009884
2024,10,SPRINGER BASEL AG,105,0.07509789614621841,0.01901955618779197,0.25375099000063345
2024,10,SPRINGER SINGAPORE PTE LTD,30,0.28557433633002355,0.10786453270600437,0.5692492345548505
2024,10,SPRINGER JAPAN KK,35,0.24490463820591127,0.09759047622533878,0.49308499964310587
2024,10,SPRINGER LONDON LTD,44,0.09997154058977505,0.025120573990564766,0.3237798104993424
2024,10,SPRINGER-VERLAG ITALIA SRL,83,0.13467066690439178,0.05194117738983126,0.3065600325765755
2024,10,SPRINGER INT PUBL AG,183,0.13963793786532824,0.07834648499611103,0.23657086039588948
2024,10,THIEME MEDICAL PUBL INC,16,0.0,0.0,0.5771120465401557
2024,10,TSINGHUA UNIV PRESS,11,0.0,0.0,0.7836471367932759
2024,10,SPRINGER WIEN,156,0.18170033906396815,0.10272011928046954,0.30103383006917706
2024,10,VEREIN FORDERUNG OPEN ACCESS PUBLIZIERENS QUANTENWISSENSCHAF,28,0.0,0.0,0.39048174622623677
2024,10,US DEPT HEALTH HUMAN SCIENCES PUBLIC HEALTH SCIENCE,11,0.09487335855552452,5.243962200875681e-05,0.9952494442705919
2024,10,VILNIUS GEDIMINAS TECH UNIV,14,0.0,0.0,0.34779541684033555
2024,10,TERMEDIA PUBLISHING HOUSE LTD,39,0.26824176388515786,0.11922382447543552,0.49816948968080965
2024,10,WAGENINGEN ACADEMIC PUBLISHERS,27,0.0,0.0,0.3134420689974637
2024,10,W B SAUNDERS CO LTD,101,0.13712155012749258,0.05449117358711114,0.3046762845998746
2024,10,SPRINGER/PLENUM PUBLISHERS,181,0.06499839020474761,0.024257453756082178,0.1627514663397826
2024,10,WALTER DE GRUYTER GMBH,95,0.1637818782834586,0.07750890010310783,0.3134534948706142
2024,10,SAGE PUBLICATIONS LTD,617,0.06990704060753197,0.04262690177269383,0.11259254723020161
2024,10,W B SAUNDERS CO-ELSEVIER INC,212,0.18606140633076748,0.11274963611269366,0.29138666533297763
2024,10,PUBLIC LIBRARY SCIENCE,1585,0.17547746799333006,0.14720728605143243,0.20785350110694234
2024,10,SAGE PUBLICATIONS INC,1226,0.10342309905903767,0.07627588255221943,0.1387806241958384
2024,10,"ROUTLEDGE JOURNALS, TAYLOR & FRANCIS LTD",1211,0.10726012301689271,0.07813992150399257,0.14551941772750354
2024,10,TAYLOR & FRANCIS LTD,904,0.23280888721359536,0.18447437560408173,0.28931487880814954
2024,10,PERGAMON-ELSEVIER SCIENCE LTD,1301,0.1911445532505823,0.15969946999228396,0.22710782520845615
2024,10,OXFORD UNIV PRESS INC,1749,0.09930231884651353,0.08036273527867456,0.12211281697180833
2024,10,TAYLOR & FRANCIS INC,473,0.17353425788815985,0.1210194565216144,0.24254893726613383
2024,10,SPRINGER HEIDELBERG,608,0.12354929620089247,0.08634186811147013,0.1737415727077883
2024,10,SPRINGERNATURE,1192,0.2045324484326709,0.17030634457944388,0.2436172576410764
2024,10,"WILEY PERIODICALS, INC",17,0.2429535625481094,0.05221152006138525,0.6515182736870454
2024,10,WROCLAW MEDICAL UNIV,15,0.06097331482886723,0.0003597509085023873,0.9213566181274578
2024,11,ACAD MEDICINE SINGAPORE,10,0.11204765543909462,0.0019522734435134894,0.8905936115425943
2024,10,WORLD SCIENTIFIC PUBL CO PTE LTD,33,0.2330680634050292,0.07294292741046578,0.5399652494491509
2024,10,WOLTERS KLUWER MEDKNOW PUBLICATIONS,51,0.0838564290954929,0.008852590511532149,0.48401027465529584
2024,11,ACTA DERMATO-VENEREOLOGICA,25,0.0,0.0,0.3069509697270795
2024,9,WILEY,6124,0.1198591828844417,0.10669771293874342,0.13439989700062915
2024,11,AMER ACAD SLEEP MEDICINE,16,0.0,0.0,0.42029920530023346
2024,11,AMER ACCOUNTING ASSOC,13,0.04827695051616397,7.867109022608693e-05,0.9703304796097585
2024,11,ACOUSTICAL SOC AMER AMER INST PHYSICS,55,0.07110453889427477,0.016861104288797193,0.2546527998173664
2024,11,AME PUBLISHING COMPANY,38,0.22883229259726806,0.04846664233939861,0.633524269138933
2024,11,ADIS INT LTD,109,0.1901129381289115,0.09749848353887694,0.33777632583594736
2024,10,eLIFE SCIENCES PUBL LTD,184,0.1391304432400628,0.07483552646147759,0.2440903696076685
2024,11,AMER ASSOC CRITICAL CARE NURSES,10,0.0,0.0,0.7415292620551679
2024,11,AMER ACAD PEDIATRICS,58,0.06685845399389985,0.01734218993667349,0.22533550691598697
2024,11,AMER BOARD FAMILY MEDICINE,43,0.1723862545815638,0.05233065947479663,0.4399919723679201
2024,11,AMER ASSOC NEUROLOGICAL SURGEONS,50,0.05039772443631636,0.007667615149425056,0.2671478061950629
2024,11,ACADEMIC PRESS LTD- ELSEVIER SCIENCE LTD,561,0.2679697310462584,0.21471220045547396,0.32890452081196697
2024,11,AMER COLL PHYSICIANS,18,0.0,0.0,1.0
2024,11,AMER ECONOMIC ASSOC,27,0.0,0.0,0.5219178872810779
2024,11,AMER DIABETES ASSOC,35,0.18572928674060074,0.06510565456481075,0.4276162897166784
2024,11,AMER INST MATHEMATICAL SCIENCES-AIMS,10,0.0,0.0,0.8973930174157048
2024,11,AMER METEOROLOGICAL SOC,30,0.0374257751607865,0.00025167863617268053,0.8572460852089784
2024,11,AMER ASSOC CANCER RESEARCH,520,0.22443695105383682,0.17778711516120507,0.27917120647062893
2024,11,AMER ROENTGEN RAY SOC,11,0.0,0.0,1.0
2024,11,"AMER PSYCHIATRIC PUBLISHING, INC",12,0.0,0.0,0.8300513047295736
2024,11,AMER PSYCHOLOGICAL ASSOC,110,0.0,0.0,0.14577881352779073
2024,11,AMER PHYTOPATHOLOGICAL SOC,57,0.06356741204363675,0.014089746501646199,0.2438225843710446
2024,11,AMER PHYSIOLOGICAL SOC,84,0.214896017913741,0.09646661430723047,0.4123624343171588
2024,11,ANNALS FAMILY MEDICINE,13,0.0,0.0,0.419297693733113
2024,11,AMER SPEECH-LANGUAGE-HEARING ASSOC,39,0.0,0.0,0.23208624382509968
2024,11,AMER THORACIC SOC,28,0.0,0.0,0.3860381455751558
2024,11,AIP Publishing,612,0.08218133372602146,0.05343494329038366,0.12436065005988148
2024,11,AMER SOC NEURORADIOLOGY,28,0.10671296494771755,0.021543623164066363,0.39325883973295317
2024,11,AMER SOC CLINICAL INVESTIGATION INC,71,0.24038147820768277,0.11746961392814807,0.42933498913916573
2024,11,AMER SOC NEPHROLOGY,57,0.17963177617285114,0.06290917946860422,0.416635531601561
2024,11,AMER ASSOC ADVANCEMENT SCIENCE,369,0.06534766712853356,0.03278160382115989,0.12604951173600903
2024,11,ACADEMIC PRESS INC ELSEVIER SCIENCE,929,0.2716368841156268,0.22797488752790387,0.32019290287323016
2024,11,ASSOCIACAO BRASILEIRA PESQUISA POS-GRADUACAO FISIOTERAPIA-ABRAPG-FT,10,0.19309454102988818,0.009101402022735749,0.8617772787197461
2024,11,ASSOC RESEARCH VISION OPHTHALMOLOGY INC,58,0.36111506754949574,0.20048550603427942,0.5602575284954697
2024,11,BASTAS PUBL LTD - UK,10,0.0,0.0,0.5378786867345439
2024,11,ASCE-AMER SOC CIVIL ENGINEERS,58,0.08816944783151967,0.01801330162038987,0.33761963530049355
2024,11,ANNUAL REVIEWS,96,0.15847429297916735,0.06740239594296037,0.3291669801114575
2024,11,AMER SOC HEMATOLOGY,121,0.11396312584977786,0.04774179950062165,0.248106172709788
2024,11,AMER SOC MICROBIOLOGY,140,0.18689728493187452,0.10624653518843982,0.30769262294412797
2024,11,BIOSCIENTIFICA LTD,11,0.24677966181033695,0.033131467435880975,0.7580200909470232
2024,11,BAISHIDENG PUBLISHING GROUP INC,139,0.23047401737388182,0.13243186067514442,0.37013274743848973
2024,11,AMER GEOPHYSICAL UNION,452,0.08631172858830824,0.050970343418985584,0.1424789040743601
2024,11,ASSOC COMPUTING MACHINERY,267,0.1193910870704867,0.07097454441811218,0.1939409498863441
2024,11,BRITISH INST RADIOLOGY,13,0.0,0.0,0.6253022041736407
2024,11,BRILL,19,0.0,0.0,0.4618466190915415
2024,11,BRITISH EDITORIAL SOC BONE & JOINT SURGERY,38,0.0,0.0,0.2005602963892579
2024,11,AMER MEDICAL ASSOC,541,0.05200488894280394,0.023880241379750478,0.10953600712540337
2024,11,CHURCHILL LIVINGSTONE INC MEDICAL PUBLISHERS,16,0.312222326638547,0.0728381320528755,0.7239995592416082
2024,11,COLL AMER PATHOLOGISTS,11,0.0,0.0,0.9254840607051039
2024,11,COGITATIO PRESS,16,0.020093064360634565,1.2005820012743637e-05,0.9722382363918113
2024,11,CMA-CANADIAN MEDICAL ASSOC,19,0.21144605634601693,0.03240792132109923,0.6822098190248506
2024,11,"COLD SPRING HARBOR LAB PRESS, PUBLICATIONS DEPT",45,0.22309439089997257,0.08221099083015669,0.47931948522431966
2024,11,DE GRUYTER MOUTON,14,0.44753560736208187,0.11170086522739588,0.8391906398815442
2024,11,DUKE UNIV PRESS,15,0.0,0.0,0.732174823777058
2024,11,CURRENT MEDICINE GROUP,22,0.3684581878378054,0.11202952914342654,0.7295818657738394
2024,11,COMPANY BIOLOGISTS LTD,45,0.10859238140224128,0.022796139942268437,0.3888147628675021
2024,11,CURRENT BIOLOGY LTD,39,0.09206283665308837,0.01005992385549578,0.5029192600443924
2024,11,EDUCATIONAL PUBLISHING FOUNDATION-AMERICAN PSYCHOLOGICAL ASSOC,17,0.2949977036422122,0.0532730989886494,0.7567811027531945
2024,11,EDICIONES PROFESIONALES INFORMACION SL-EPI,19,0.32304200455660426,0.07044047077285971,0.7503142797701533
2024,11,EDIZIONI MINERVA MEDICA,25,0.16442901269118979,0.022884514205849884,0.6231339473786499
2024,11,CHURCHILL LIVINGSTONE,158,0.12523138455492647,0.05466245975295925,0.2616852555318562
2024,11,COPERNICUS GESELLSCHAFT MBH,97,0.07239241815900359,0.022067046264628434,0.2125439655080992
2024,11,DOVE MEDICAL PRESS LTD,206,0.3669399812526657,0.24754385307137275,0.5052550794154219
2024,10,SPRINGER,2748,0.1309452306688698,0.11259130048559783,0.151779372074862
2024,11,EDP SCIENCES S A,50,0.08089947028292849,0.024679473535464482,0.23440872464625528
2024,11,ELSEVIER ESPANA,12,0.27730896562185214,0.0318122867523586,0.8175557395247645
2024,11,ELSEVIER ESPANA SLU,13,0.11644495901732108,0.0073885122781656865,0.7000095156103713
2024,11,ELSEVIER INC,31,0.3701857691491804,0.17559905249379737,0.6186008621641554
2024,11,ELSEVIER ADVANCED TECHNOLOGY,95,0.4031427647148326,0.2766024639025249,0.5440364060090537
2024,11,"ELSEVIER MASSON, CORP OFF",25,0.061589012156036495,0.00898316428758914,0.32212358425401477
2024,10,WILEY-V C H VERLAG GMBH,2368,0.20388366942428693,0.17857132596506528,0.2317716377677524
2024,11,ELSEVIER GMBH,165,0.24340837528524742,0.15438281190489897,0.36180588481018977
2024,11,ELSEVIER FRANCE-EDITIONS SCIENTIFIQUES MEDICALES ELSEVIER,181,0.25004382733687686,0.16509117448381289,0.3598690662261245
2024,11,ELSEVIER SCIENCE LONDON,18,0.0,0.0,0.3718328860851937
2024,11,AMER PHYSICAL SOC,900,0.05908099571969724,0.038978227573955596,0.0885958303183996
2024,11,EUROPA EDITION,11,0.3848590621206246,0.03305940165134143,0.9196708040437791
2024,11,EUR CENTRE DIS PREVENTION & CONTROL,28,0.0,0.0,0.4181152208401648
2024,11,ELSEVIER TAIWAN,41,0.20348301228982674,0.05392213174536188,0.5338113231447343
2024,11,ELSEVIER SCIENCE SA,56,0.018445082218766395,1.30367937703816e-06,0.9963217690290136
2024,11,ELSEVIER SINGAPORE PTE LTD,31,0.16800835922538926,0.04002450575170666,0.4944498606383939
2024,11,EUROPEAN MATHEMATICAL SOC-EMS,47,0.0,0.0,0.3182044421866
2024,11,BMJ PUBLISHING GROUP,750,0.09905609531910714,0.06692322287344617,0.1442325276368124
2024,11,FOUNDATION REHABILITATION INFORMATION,11,0.0896108226737191,0.005254587637485732,0.6471632643777011
2024,11,ENDOCRINE SOC,62,0.21662468450017483,0.09666079561506365,0.4167812048459748
2024,11,FERRATA STORTI FOUNDATION,40,0.2599052070406432,0.06922390136422463,0.6238096371378837
2024,11,EXCERPTA MEDICA INC-ELSEVIER SCIENCE INC,31,0.08865893634690622,0.01648753098501138,0.36084122895672954
2024,11,EUROPEAN RESPIRATORY SOC JOURNALS LTD,82,0.16127003011783592,0.06957962120463193,0.3308257906769537
2024,11,FUTURE MEDICINE LTD,13,0.6687307179056604,0.08983039355584715,0.9763534479054944
2024,11,GEOMETRY & TOPOLOGY PUBLICATIONS,10,0.0,0.0,0.7361473062365618
2024,11,"GEOLOGICAL SOC AMER, INC",35,0.0,0.0,0.19987448439478356
2024,11,GEOSCIENCEWORLD,11,0.0,0.0,0.7589142641410539
2024,11,HARBORSIDE PRESS,13,0.0,0.0,0.3469495864179357
2024,11,EMERALD GROUP PUBLISHING LTD,278,0.19188825237641227,0.12852595584901255,0.27657414347097287
2024,11,CELL PRESS,1282,0.2021936518414992,0.16453861648447163,0.2459294662054235
2024,10,NATURE PORTFOLIO,5672,0.17895682620784176,0.16275096705520575,0.1963978449698954
2024,11,IGI GLOBAL,23,0.4761346206365935,0.19329741819998963,0.7751558831738535
2024,11,IEEE COMPUTER SOC,63,0.15434283198327411,0.06137360633082658,0.3375038535609225
2024,11,"INST MATERIA MEDICA, CHINESE ACAD MEDICAL SCIENCES",26,0.7704041344139213,0.40598761675017403,0.9427712157720972
2024,11,INT UNION CRYSTALLOGRAPHY,29,0.0,0.0,0.2789590969062678
2024,11,GEORG THIEME VERLAG KG,99,0.1100254236685275,0.03209151894076467,0.31552437098555164
2024,11,ELSEVIER IRELAND LTD,653,0.21012381371273417,0.1633796850259566,0.26598978721005795
2024,11,INT SOC GLOBAL HEALTH,34,0.4347047497684957,0.15696474255650064,0.7605369144473473
2024,11,HIGHER EDUCATION PRESS,54,0.07968103754034211,0.013413480914891376,0.35539988343562734
2024,11,IVYSPRING INT PUBL,48,0.2970690318010473,0.11960880707090489,0.5679646020489598
2024,11,JOHN BENJAMINS PUBLISHING CO,10,0.0,0.0,1.0
2024,11,JOHN WILEY & SONS INC,18,0.14557410153461398,0.005659142611629069,0.8360762719515361
2024,11,INFORMS,56,0.041370792430151876,0.006673419956100156,0.21705164524918547
2024,11,KERMAN UNIV MEDICAL SCIENCES,16,0.3123142940600361,0.04674039474890873,0.807932981527154
2024,11,KARGER,26,0.20340105677519676,0.052488658436849224,0.5406347980454065
2024,11,KOREAN ASSOC STUDY LIVER,11,0.7332779005617792,0.11847513942070838,0.9825289570477549
2024,11,KOREAN ACAD MEDICAL SCIENCES,30,0.29415029413022786,0.10764466459399935,0.5901065259503503
2024,11,KOREAN FIBER SOC,26,0.19208540100741386,0.04449893574883666,0.5482835765161655
2024,11,KOREAN INST METALS MATERIALS,25,0.33301020038411006,0.12833632997097552,0.6286771595746764
2024,11,KEAI PUBLISHING LTD,80,0.21777289876983155,0.11578775011085571,0.37181312559009233
2024,11,JOHN WILEY & SONS LTD,138,0.25327342344149995,0.1576637466201895,0.3806608473896562
2024,11,KOREAN SOC NEPHROLOGY,13,0.07704472158494612,4.219018051669857e-05,0.9939815650296019
2024,11,"JMIR PUBLICATIONS, INC",202,0.3028818462968691,0.2208788211608258,0.39971040463701274
2024,11,Korean Pediatric Soc,30,0.48073312314594585,0.1930922444061267,0.7817391072370434
2024,11,LIFE SCIENCE ALLIANCE LLC,19,0.34183379779830864,0.08464204046353374,0.7447145098311915
2024,11,CAMBRIDGE UNIV PRESS,756,0.025983202769561044,0.01289204877772825,0.051671828977107426
2024,11,IEEE-INST ELECTRICAL ELECTRONICS ENGINEERS INC,442,0.2749058777474191,0.21448548192100178,0.34487398875970277
2024,11,IOP Publishing Ltd,316,0.023564984550373244,0.006571716104330529,0.08092047897101609
2024,11,MATHEMATICAL SCIENCE PUBL,14,0.0,0.0,0.6219338879118214
2024,11,MASSACHUSETTS MEDICAL SOC,65,0.0,0.0,0.3529785157775179
2024,11,"MARY ANN LIEBERT, INC",125,0.14370393080326316,0.06082110061414517,0.30308442389170476
2024,11,ELSEVIER SCI LTD,1609,0.2030442547042976,0.172540757596404,0.2373933285367018
2024,11,BMC,2795,0.21521500607523236,0.1920314776646129,0.2403647786831976
2024,11,AMER CHEMICAL SOC,4049,0.1965302345903834,0.1761130569316669,0.2186861405977095
2024,11,ELSEVIER SCIENCE INC,1240,0.14866413539775034,0.11937925759881002,0.18363483240596326
2024,11,MICROBIOLOGY SOC,13,0.0,0.0,0.9623677272255408
2024,11,Medical Journal Sweden AB,14,0.0,0.0,0.62493102902629
2024,11,MIT PRESS,39,0.15642433171124107,0.03674963769659128,0.47403102895345334
2024,11,FRONTIERS MEDIA SA,1616,0.27156761058333123,0.23662613574856078,0.30957630326910257
2024,11,MOSBY-ELSEVIER,292,0.15172104168468176,0.09705491803404757,0.229356703352473
2024,11,NATURE PUBL GROUP,14,0.0017686346882919862,2.210053837797873e-59,1.0
2024,11,NATL ACAD SCIENCES,333,0.15243391397849926,0.09756713545106452,0.23028161592795138
2024,11,NONFERROUS METALS SOC CHINA,22,0.6494738898147935,0.35425972819114293,0.862216394849965
2024,11,PROJECT HOPE,14,0.0,0.0,0.4743783093015358
2024,11,PORTLAND PRESS LTD,12,0.3622940550521034,0.07820031775352894,0.7918663244106471
2024,11,PEERJ INC,96,0.2909681963959317,0.17558758195056517,0.44155837205532444
2024,11,ROCKEFELLER UNIV PRESS,50,0.29170508531448525,0.12624902450484451,0.5399905439980173
2024,11,RADIOLOGICAL SOC NORTH AMERICA (RSNA),49,0.10301666240929448,0.015976929624003485,0.4482387250129839
2024,11,ROYAL COLL GENERAL PRACTITIONERS,12,0.19237459385488226,0.02982732183986501,0.6485659288855994
2024,11,SHANGHAI UNIV,10,0.0,0.0,0.8860078488135021
2024,11,SCIPOST FOUNDATION,25,0.0,0.0,0.492400597526653
2024,11,SHANGHAI JIAO TONG UNIV PRESS,26,0.48645191449626096,0.24229071663215218,0.7372550768312487
2024,11,SOC BIOLGIA CHILE,17,0.23959307853613176,0.05292699275944627,0.6398329661438756
2024,11,SOC NUCLEAR MEDICINE INC,17,0.0,0.0,1.0
2024,11,SIAM PUBLICATIONS,81,0.0,0.0,0.265549753600916
2024,11,SPANDIDOS PUBL LTD,21,0.0,0.0,0.4576122473953836
2024,11,SOC EXPLORATION GEOPHYSICISTS - SEG,34,0.34163709501448203,0.1235691127866415,0.6563437363580586
2024,11,SOC NEUROSCIENCE,52,0.22733495217354785,0.11007362879268162,0.4117215632669458
2024,11,SOC PETROLEUM ENG,27,0.07447283778453356,0.013841049156303336,0.3156837520457455
2024,11,ROYAL SOC,168,0.08664057297785888,0.03659010059663451,0.19154205220177287
2024,11,ROYAL SOC CHEMISTRY,410,0.21010527887507519,0.11525687425480588,0.3519570428407616
2024,11,SCIENCE PRESS,218,0.1951896273841191,0.12097012841803792,0.29943389193641423
2024,10,MDPI,7504,0.23681011505532468,0.21984278588189402,0.2546595150217331
2024,11,SPRINGER FRANCE,11,0.0,0.0,0.6754112206214934
2024,11,SPRINGER JAPAN KK,56,0.2614229775649167,0.12531446454900624,0.46651687481350235
2024,11,SPRINGER SINGAPORE PTE LTD,47,0.10145896093569481,0.022290425096829262,0.35866099916065897
2024,11,SPRINGER LONDON LTD,56,0.13152814688325037,0.04749476364475847,0.3150633834291778
2024,11,SPRINGER BASEL AG,133,0.07291746955533397,0.02310983301468324,0.20729427517610802
2024,11,SPRINGER-VERLAG ITALIA SRL,97,0.07570569984891092,0.01455547417902937,0.3123343558778392
2024,11,SPRINGER WIEN,139,0.14789462702952078,0.07612043453408569,0.2677329307253565
2024,11,SPRINGER INT PUBL AG,204,0.15088399197947341,0.08733154676451411,0.24811180482789436
2024,11,TERMEDIA PUBLISHING HOUSE LTD,14,0.11412225349941402,0.015471885021804334,0.5136267694318031
2024,11,THIEME MEDICAL PUBL INC,15,0.0,0.0,0.4017918974147165
2024,11,SAGE PUBLICATIONS LTD,500,0.10874014901130281,0.07261754698728365,0.1597364368824574
2024,11,"UNIV WINDSOR, FAC EDUCATION",10,1.0,0.39519304542976796,1.0
2024,11,"VILNIUS UNIV, INST MATHEMATICS & INFORMATICS",10,0.0,0.0,0.7972123867350607
2024,11,TSINGHUA UNIV PRESS,18,0.07973866224565822,0.00955492849592474,0.43764901271099826
2024,11,VILNIUS GEDIMINAS TECH UNIV,20,0.2693327091438504,0.06794431323381984,0.6508284164086635
2024,11,WAGENINGEN ACADEMIC PUBLISHERS,11,0.1492305584411506,0.00873595946159278,0.7773406752536065
2024,11,VEREIN FORDERUNG OPEN ACCESS PUBLIZIERENS QUANTENWISSENSCHAF,26,0.07029485563404506,0.011203636132924178,0.3353495802575377
2024,11,W B SAUNDERS CO LTD,94,0.13861285942462512,0.05606944742191746,0.3035907696590056
2024,11,SPRINGER/PLENUM PUBLISHERS,197,0.0619646504697157,0.021450900217835765,0.16601423727373887
2024,11,WALTER DE GRUYTER GMBH,104,0.036285917961913536,0.0030860048834533854,0.31411675205131173
2024,11,SAGE PUBLICATIONS INC,621,0.08485955917401286,0.05190207526132135,0.13574839814833242
2024,11,W B SAUNDERS CO-ELSEVIER INC,181,0.16618955901380736,0.09113537129797682,0.2837564636299949
2024,11,ELSEVIER,4486,0.22097388056874126,0.20230161241866063,0.240849226379075
2024,11,TAYLOR & FRANCIS INC,427,0.2041766442374234,0.14671227323473932,0.27684616341333196
2024,11,PUBLIC LIBRARY SCIENCE,1402,0.15052610167217637,0.12232277409571665,0.18386983586285024
2024,11,SPRINGER HEIDELBERG,729,0.16832616154088567,0.12986342557510017,0.2153612179004821
2024,11,"WILEY PERIODICALS, INC",14,0.18441850616675043,0.03542082718536219,0.5820037825459472
2024,11,PERGAMON-ELSEVIER SCIENCE LTD,1409,0.2039618208019164,0.1728721281633376,0.23902697051073735
2024,11,TAYLOR & FRANCIS LTD,855,0.2385451165897351,0.19138579391027688,0.293112661870933
2024,11,WOLTERS KLUWER MEDKNOW PUBLICATIONS,36,0.32690798471072796,0.142134035822534,0.5874104973182117
2024,11,WORLD SCIENTIFIC PUBL CO PTE LTD,31,0.2544053003288039,0.09940459712506054,0.5133345284769448
2024,11,ZHEJIANG UNIV PRESS,17,0.3090673303264602,0.05664167550304107,0.7691885003083357
2024,12,ACAD MEDICINE SINGAPORE,10,0.45245609940217346,0.0678680100588954,0.903645743103783
2024,11,eLIFE SCIENCES PUBL LTD,173,0.11513861607420232,0.05082207236210056,0.2402475193501945
2024,12,ACOUSTICAL SOC AMER AMER INST PHYSICS,51,0.04314602435205853,0.0030129199891976207,0.40220332904061157
2024,12,AMER ACAD SLEEP MEDICINE,16,0.2447073815926041,0.01438934891054537,0.8778996344806529
2024,12,ADIS INT LTD,72,0.13758571765010424,0.05312485441042796,0.31207099789524934
2024,12,AME PUBLISHING COMPANY,40,0.14238599163878232,0.03821521879593007,0.409588165838329
2024,12,AMER ACAD PEDIATRICS,43,0.08205055627869738,0.021843629528204046,0.26350051421131887
2024,11,SPRINGERNATURE,1346,0.19261729314918524,0.16008513754281992,0.2299505825110776
2024,12,AMER ASSOC NEUROLOGICAL SURGEONS,46,0.193768147820217,0.07652845313770787,0.41073187367747455
2024,12,AMER ASSOC CANCER RESEARCH,146,0.11662679807565526,0.05705826408942718,0.22363529691320017
2024,12,AMER ASSOC ADVANCEMENT SCIENCE,315,0.13526863566831454,0.07917674887375804,0.22153783940538752
2024,12,AMER COLL PHYSICIANS,18,0.03346579286642497,1.368672672459401e-12,0.9999999988583531
2024,12,AMER ECONOMIC ASSOC,51,0.0,0.0,0.1431314085305852
2024,12,AMER INST AERONAUTICS ASTRONAUTICS,10,0.0,0.0,0.7255381296419212
2024,12,AMER INST MATHEMATICAL SCIENCES-AIMS,13,0.0,0.0,0.9904300192291111
2024,12,AMER DIABETES ASSOC,26,0.15022188566300082,0.037645771888588905,0.4440943086321319
2024,11,OXFORD UNIV PRESS INC,1888,0.1305847177556542,0.10902588110560783,0.15566181321652675
2024,11,"ROUTLEDGE JOURNALS, TAYLOR & FRANCIS LTD",1090,0.0972534738725325,0.06757203402151081,0.1380424808649786
2024,12,ACADEMIC PRESS LTD- ELSEVIER SCIENCE LTD,572,0.2449051484614414,0.19468278505419828,0.3032054432992388
2024,12,"AMER OCCUPATIONAL THERAPY ASSOC, INC",14,0.2077842415760653,0.044366885046361756,0.5970560772707214
2024,12,AMER METEOROLOGICAL SOC,43,0.034839216868599455,0.004846527707534316,0.21107335791704307
2024,11,OXFORD UNIV PRESS,2215,0.13971362198144394,0.1181673139261955,0.16445594984603754
2024,12,"AMER PSYCHIATRIC PUBLISHING, INC",13,0.0,0.0,0.7179135709318619
2024,12,AMER ROENTGEN RAY SOC,14,1.0,0.0,1.0
2024,12,AMER SOC PHARMACOLOGY EXPERIMENTAL THERAPEUTICS,12,0.04032066563956882,2.412278396131148e-06,0.9986353153873148
2024,12,AMER SOC HEMATOLOGY,67,0.1894353615394555,0.07036636908568362,0.41914327479680763
2024,12,AMER SOC NEURORADIOLOGY,30,0.2284849076706103,0.06526206310675196,0.5567748733463111
2024,12,AMER THORACIC SOC,23,0.1418965772779981,0.024233434654988877,0.524040890232044
2024,12,ASSOCIACAO BRASILEIRA PESQUISA POS-GRADUACAO FISIOTERAPIA-ABRAPG-FT,11,0.197303419980177,0.02423051117086459,0.7087138378679307
2024,12,BIOSCIENTIFICA LTD,12,0.3399474493310304,0.06697805445459228,0.7870118681441026
2024,12,BASTAS PUBL LTD - UK,14,0.2710327283684406,0.06505081621319429,0.6651978866164797
2024,12,AMER SPEECH-LANGUAGE-HEARING ASSOC,57,0.0,0.0,0.19017410502916493
2024,12,AMER SOC CLINICAL INVESTIGATION INC,78,0.2895036136459173,0.15104930306004896,0.48270756315780045
2024,12,ASCE-AMER SOC CIVIL ENGINEERS,48,0.3929140134040457,0.21267392440064226,0.6079547230346092
2024,12,ASSOC RESEARCH VISION OPHTHALMOLOGY INC,43,0.23492337904395788,0.08431198371372643,0.5059293614014673
2024,12,AMER SOC NEPHROLOGY,62,0.10662611798366026,0.03179954704645224,0.30251159831524943
2024,12,AMER PHYSIOLOGICAL SOC,107,0.1969472496218719,0.08930678905460215,0.3801667805454377
2024,12,AMER PSYCHOLOGICAL ASSOC,145,0.022733597397534958,0.0015518051008262237,0.2582570476274113
2024,12,AMER PHYTOPATHOLOGICAL SOC,73,0.029739184129488505,0.004448748151381695,0.17371482308392866
2024,12,ANNUAL REVIEWS,55,0.07812284147550852,0.013083943788062264,0.3513615252651929
2024,12,ASSOC COMPUTING MACHINERY,125,0.19138619193281514,0.10887076682703005,0.314378448134294
2024,12,ACADEMIC PRESS INC ELSEVIER SCIENCE,924,0.24455496899167653,0.2039879921729506,0.2902478339905589
2024,10,WILEY,6754,0.12888761966204382,0.11643320915786984,0.14245943674281034
2024,12,AMER SOC MICROBIOLOGY,157,0.2091792064911625,0.11677403120260216,0.3460563101773658
2024,12,BAISHIDENG PUBLISHING GROUP INC,129,0.1616229680230857,0.07996378932414988,0.2995242894163412
2024,12,BRILL,29,0.0,0.0,0.2150623624234515
2024,12,AMER GEOPHYSICAL UNION,412,0.13079815116574772,0.08829377334011228,0.18951081360990737
2024,12,BRITISH EDITORIAL SOC BONE & JOINT SURGERY,36,0.02596364646604691,0.0008034072642042026,0.46912495890408146
2024,12,CENTERS DISEASE CONTROL & PREVENTION,15,0.0,0.0,0.7340819607130387
2024,12,COGITATIO PRESS,15,0.0,0.0,0.743356799368813
2024,12,CMA-CANADIAN MEDICAL ASSOC,14,0.0,0.0,0.8782045696579758
2024,12,COMPANY BIOLOGISTS LTD,22,0.0,0.0,0.5828667041700442
2024,12,COLL AMER PATHOLOGISTS,15,0.0869666639651823,0.0017299172063880302,0.8396269838603934
2024,12,"COLD SPRING HARBOR LAB PRESS, PUBLICATIONS DEPT",35,0.21495214674826485,0.07482677965830063,0.4810457514399792
2024,12,CURRENT MEDICINE GROUP,22,0.0,0.0,0.34706168021262784
2024,12,CURRENT BIOLOGY LTD,27,0.12475124373226619,0.014575793289360393,0.5786751675999187
2024,12,DUKE UNIV PRESS,54,0.0,0.0,0.17018537997479977
2024,12,AMER MEDICAL ASSOC,477,0.040723867356707716,0.017714558932442052,0.0908554632825357
2024,12,CSIRO PUBLISHING,210,0.0,0.0,0.5918412459706522
2024,12,CHURCHILL LIVINGSTONE,150,0.24780942110572543,0.15067491405351052,0.3795774591603146
2024,12,EDIZIONI MINERVA MEDICA,21,0.45654316942248047,0.11528366768865207,0.8441369848300827
2024,12,EDUCATIONAL PUBLISHING FOUNDATION-AMERICAN PSYCHOLOGICAL ASSOC,25,0.33849719072564693,0.12386641583111756,0.6493806737996322
2024,12,EDP SCIENCES S A,49,0.017082573853575873,0.00019214488598356567,0.6111470156749846
2024,12,COPERNICUS GESELLSCHAFT MBH,96,0.1476532648744871,0.07168141723594938,0.27986931391109976
2024,12,DOVE MEDICAL PRESS LTD,203,0.38402587271696775,0.27178411074607606,0.5101484675873694
2024,11,WILEY-V C H VERLAG GMBH,2285,0.22084904044786963,0.19408299380617483,0.25016059901593357
2024,12,AIP Publishing,708,0.07615092862271948,0.04845630434901908,0.11771593045134225
2024,12,ELSEVIER ADVANCED TECHNOLOGY,84,0.3401489872964527,0.20933162713008657,0.5009245486871843
2024,12,ELSEVIER INC,34,0.11501241551218673,0.02619776108093429,0.3856741195085473
2024,12,"ELSEVIER MASSON, CORP OFF",24,0.06260433722628002,0.008861338924883758,0.3328361758271792
2024,12,ELSEVIER GMBH,116,0.38499525836570797,0.2629962340037941,0.5233967433978101
2024,12,EUR CENTRE DIS PREVENTION & CONTROL,10,0.0,0.0,0.5551316950539029
2024,12,ELSEVIER SCIENCE LONDON,29,0.2074268332075671,0.053847251544411806,0.5461781147902567
2024,12,EXCERPTA MEDICA INC-ELSEVIER SCIENCE INC,27,0.0,0.0,0.28056462058120435
2024,12,ELSEVIER TAIWAN,30,0.23339387928545005,0.07075552786917128,0.549004657072465
2024,12,FERRATA STORTI FOUNDATION,25,0.0,0.0,0.4573252389409288
2024,12,ELSEVIER FRANCE-EDITIONS SCIENTIFIQUES MEDICALES ELSEVIER,206,0.18405044671094764,0.11079633676089663,0.28994468777059074
2024,12,EUROPEAN RESPIRATORY SOC JOURNALS LTD,23,0.17276497926717996,0.04761428352639465,0.46593385588744535
2024,12,BMJ PUBLISHING GROUP,818,0.1358402251967548,0.10145781783601947,0.1795460500084339
2024,12,ELSEVIER SCIENCE SA,51,0.37183646145240273,0.21548515735065582,0.560571220972686
2024,12,EUROPEAN MATHEMATICAL SOC-EMS,31,0.04648711859103451,0.006484966715856338,0.266942111102541
2024,12,FUTURE MEDICINE LTD,18,0.6887942976085972,0.3228430747517041,0.9113082063265772
2024,12,ENDOCRINE SOC,58,0.10548329544503597,0.02479741807118941,0.35353049955587446
2024,12,GEOMETRY & TOPOLOGY PUBLICATIONS,14,0.0,0.0,0.6067851264062983
2024,12,"GEOLOGICAL SOC AMER, INC",40,0.14832893677851716,0.05185945540441967,0.3567333893713301
2024,12,HARBORSIDE PRESS,12,0.0,0.0,0.7069430567108322
2024,12,GEORG THIEME VERLAG KG,59,0.1893606576431482,0.048194405547998906,0.5186858535838285
2024,12,HIGHER EDUCATION PRESS,31,0.10150139286808399,0.01554041129668437,0.4470353919614301
2024,12,IGI GLOBAL,14,0.32545037961717693,0.04658392962083464,0.8265147682625108
2024,12,"INST MATERIA MEDICA, CHINESE ACAD MEDICAL SCIENCES",23,0.0,0.0,0.5459876993975128
2024,12,INT UNION CRYSTALLOGRAPHY,12,0.0,0.0,0.6080358106313769
2024,12,IRCA-BSSA,10,0.45199269388025,0.12898206704644766,0.8212359936546828
2024,12,INT SOC GLOBAL HEALTH,30,0.009429481580937961,6.379634485888232e-09,0.9999296019890291
2024,12,INFORMS,61,0.006086313692190208,6.225331679574735e-10,0.9999833986287144
2024,12,IEEE COMPUTER SOC,70,0.16809156828563596,0.06748420517045002,0.360675272088038
2024,12,AMER PHYSICAL SOC,998,0.06364473187172347,0.04468201886351961,0.08989777568831991
2024,12,JOHN BENJAMINS PUBLISHING CO,15,0.0,0.0,0.6949503058182892
2024,12,JOHN WILEY & SONS INC,21,0.013650211468689855,9.256535702618319e-10,0.9999951668582289
2024,12,KARGER,10,0.0,0.0,0.9645292064072095
2024,12,KERMAN UNIV MEDICAL SCIENCES,11,0.0,0.0,0.5394392243405675
2024,12,EMERALD GROUP PUBLISHING LTD,227,0.19541852711085048,0.12956841542388467,0.28382285625841935
2024,12,KOREAN ASSOC STUDY LIVER,12,0.3886525320293207,0.02545803582507842,0.9392877616127614
2024,12,KOREAN ACAD MEDICAL SCIENCES,21,0.2659597780463303,0.0841866602611841,0.5881538267323867
2024,12,KOREAN FIBER SOC,24,0.23103280936710882,0.0479078131969417,0.64208062227647
2024,12,IVYSPRING INT PUBL,179,0.45299469168717527,0.33085851801471666,0.5810653957002315
2024,12,LIFE SCIENCE ALLIANCE LLC,17,0.1105558334159296,0.013040792161210806,0.5390190714205497
2024,12,KOREAN SPINAL NEUROSURGERY SOC,29,0.13875392160050573,0.03103356637377693,0.44764364210722507
2024,12,KEAI PUBLISHING LTD,102,0.2959437057580493,0.17466925589344895,0.45500005889958683
2024,12,"JMIR PUBLICATIONS, INC",187,0.28099657515210813,0.1968897790076632,0.38385927136030035
2024,12,JOHN WILEY & SONS LTD,126,0.21978319575225738,0.12510474992822687,0.3568855137287549
2024,12,MAGNOLIA PRESS,14,0.10942606859200232,0.013717123751301477,0.520504568577835
2024,12,MANAGED CARE & HEALTHCARE COMMUNICATIONS LLC,16,0.12157913359657024,0.005700280553415413,0.7696617687286923
2024,12,MASSACHUSETTS MEDICAL SOC,41,0.0,0.0,0.3114533416228009
2024,12,IEEE-INST ELECTRICAL ELECTRONICS ENGINEERS INC,368,0.1867913618275552,0.13238115271638168,0.2569420191633117
2024,12,MASSON EDITEUR,14,0.17056049068039705,0.01472517964970303,0.7388579841692301
2024,12,"MARY ANN LIEBERT, INC",106,0.0,0.0,0.13227581318687173
2024,12,CAMBRIDGE UNIV PRESS,513,0.007023010638993616,0.001033034984713066,0.046141158080088666
2024,12,ELSEVIER IRELAND LTD,571,0.19310986399473223,0.14524035238017985,0.2521032596335717
2024,12,IOP Publishing Ltd,264,0.007006049053925687,1.6768669887657145e-05,0.7480200458763426
2024,11,SPRINGER,3502,0.14702600731598994,0.12938441844612433,0.1666126938866306
2024,12,CELL PRESS,1115,0.2466302430983078,0.20473887618329104,0.2939250206890895
2024,12,MICROBIOLOGY SOC,10,0.0,0.0,1.0
2024,12,MIT PRESS,21,0.0,0.0,0.5108607842755379
2024,12,NATL ATHLETIC TRAINERS ASSOC INC,13,0.5905005374397885,0.20146205350566518,0.8917991150830503
2024,12,FRONTIERS MEDIA SA,1432,0.25609724608030315,0.21867479162287617,0.29748554290882756
2024,12,ELSEVIER SCIENCE INC,1036,0.17283475705144383,0.14014128815819907,0.21128117736798752
2024,12,ELSEVIER SCI LTD,1566,0.2596125878909834,0.22636443287977306,0.2958765211351643
2024,12,NATURE PUBL GROUP,10,0.2085544189592217,0.02529238459027098,0.727962967387529
2024,12,NONFERROUS METALS SOC CHINA,14,0.49972265502299557,0.19212221097386614,0.8075331772031922
2024,12,ONLINE LEARNING CONSORTIUM,16,0.27809514327055285,0.08105397725585889,0.6272066801263266
2024,12,NATL ACAD SCIENCES,345,0.09898784137874925,0.0550929271589553,0.17150786688399075
2024,12,MOSBY-ELSEVIER,204,0.09119044453737764,0.045745598954710635,0.17356972261176296
2024,12,PALGRAVE MACMILLAN LTD,10,0.0,0.0,0.39940688663233487
2024,12,PEERJ INC,74,0.4981242291986262,0.35020155468587816,0.6463759905266577
2024,12,PROJECT HOPE,15,0.28342129597362287,0.07166799415656248,0.6695693490693693
2024,12,PORTLAND PRESS LTD,15,0.11909399469683944,0.01759029967429491,0.5051460890376291
2024,12,RADIOLOGICAL SOC NORTH AMERICA (RSNA),38,0.0,0.0,0.3956090826698991
2024,11,LIPPINCOTT WILLIAMS & WILKINS,5969,0.1399050534791263,0.12713922969065358,0.15372692334994698
2024,12,ROCKEFELLER UNIV PRESS,53,0.269786236499899,0.10405136623895855,0.5403082418680704
2024,12,ROY COLL PHYS LONDON EDITORIAL OFFICE,10,0.0,0.0,0.8446150721520405
2024,12,ROYAL COLL GENERAL PRACTITIONERS,10,0.0,0.0,0.98461787252764
2024,12,BMC,2398,0.2170828325017279,0.19283759313007676,0.24345695860808467
2024,12,LIPPINCOTT WILLIAMS & WILKINS,1323,0.12523149289062552,0.09805940094377211,0.15860886866562296
2024,12,SIAM PUBLICATIONS,66,0.0,0.0,0.3040381119221962
2024,12,SHANGHAI JIAO TONG UNIV PRESS,21,0.16010641884958762,0.026868382307683826,0.5682454404109668
2024,12,SCIPOST FOUNDATION,21,0.06853982362298258,0.007239532395419252,0.42610902663642086
2024,12,SOC EXPLORATION GEOPHYSICISTS - SEG,32,0.288920508744764,0.10539836354144999,0.5835505870932498
2024,12,SOC NEUROSCIENCE,33,0.15764558810268742,0.03204806706060224,0.5140569632663088
2024,12,SPANDIDOS PUBL LTD,20,0.47193757870746167,0.19352326339303433,0.7689766436854172
2024,12,SOC PETROLEUM ENG,47,0.2861862792245195,0.1469569905226915,0.48268487388657283
2024,12,ROYAL SOC,153,0.0614634063264322,0.019566009972956166,0.17689050769569598
2024,11,MDPI,7686,0.24738075292489853,0.23071216479713064,0.26483902874734483
2024,12,SCIENCE PRESS,157,0.17278726584760434,0.0993120360536712,0.2835115281575223
2024,12,SPRINGER JAPAN KK,47,0.03261061274449056,0.0002305938509470114,0.8312756843018362
2024,12,AMER CHEMICAL SOC,4058,0.18714332175062046,0.16730515246851585,0.20874410940691077
2024,12,SPRINGER SINGAPORE PTE LTD,47,0.25148162195973794,0.09225784903077013,0.5262062916498651
2024,12,SPRINGER LONDON LTD,49,0.14852318680947907,0.04513124165993609,0.3916306065495848
2024,12,SPRINGER BASEL AG,145,0.10447825129211563,0.04941355431167094,0.20750992380721855
2024,12,TAYLOR & FRANCIS AS,15,0.5213859700211186,0.14944472820133406,0.8710365591797522
2024,12,ROYAL SOC CHEMISTRY,1079,0.24794719703801218,0.18559943062593917,0.3229342015290818
2024,11,NATURE PORTFOLIO,5893,0.17794829843871757,0.1627512061024289,0.1942352298935873
2024,12,SPRINGER-VERLAG ITALIA SRL,97,0.10366078084743444,0.0384771714822008,0.250501954519586
2024,12,SPRINGER INT PUBL AG,227,0.187797823997528,0.12021804787549722,0.2812237103633225
2024,12,SPRINGER WIEN,119,0.15450028782259734,0.07895834160913494,0.2803191927670052
2024,12,SPRINGER/PLENUM PUBLISHERS,151,0.11599150364861467,0.0558394659765755,0.22546740420446368
2024,12,THIEME MEDICAL PUBL INC,10,0.49054100608177265,0.0914190423999632,0.9020973846972159
2024,12,TERMEDIA PUBLISHING HOUSE LTD,26,0.0,0.0,0.4483046855808955
2024,12,VASYL STEFANYK PRECARPATHIAN NATL UNIV,13,0.0,0.0,0.9346583128263845
2024,12,VEREIN FORDERUNG OPEN ACCESS PUBLIZIERENS QUANTENWISSENSCHAF,38,0.0,0.0,0.22188109011217014
2024,12,VILNIUS GEDIMINAS TECH UNIV,13,0.2524797171848955,0.05425896408303376,0.6653748301246636
2024,12,TSINGHUA UNIV PRESS,100,0.26183593627335633,0.14690724432117871,0.42218037251754786
2024,12,WAGENINGEN ACADEMIC PUBLISHERS,13,0.2693827569717545,0.058137958361426115,0.6877297840581181
2024,12,OXFORD UNIV PRESS INC,687,0.0862736968593857,0.05350748701952902,0.13621714402271728
2024,12,WALTER DE GRUYTER GMBH,43,0.1734294052034081,0.06432310743287081,0.3903888230669335
2024,12,W B SAUNDERS CO LTD,85,0.13564659734788073,0.051644135249935996,0.31141671384649094
2024,12,W B SAUNDERS CO-ELSEVIER INC,142,0.057132371035507896,0.014695547581554424,0.1975458623015678
2024,12,SAGE PUBLICATIONS LTD,543,0.07975256871773297,0.04875686357267445,0.12780542500597744
2024,10,OXFORD UNIV PRESS,8820,0.1060214173357877,0.09702394247350855,0.11574631619573014
2024,12,TAYLOR & FRANCIS INC,496,0.20744558122860166,0.15355253798022186,0.2741279304463021
2024,12,PERGAMON-ELSEVIER SCIENCE LTD,1345,0.20974753181512226,0.17717503020050523,0.2465142317520701
2024,12,TAYLOR & FRANCIS LTD,949,0.27210701343790644,0.22379948247135664,0.3264562878001718
2024,12,SPRINGER HEIDELBERG,725,0.12548561217117843,0.09112505843512005,0.17037377007074658
2024,12,SAGE PUBLICATIONS INC,679,0.06497185478526081,0.03941458752404624,0.10528464873016738
2024,12,"ROUTLEDGE JOURNALS, TAYLOR & FRANCIS LTD",1032,0.13081162453752238,0.09678495197776309,0.17448999369984772
2024,12,SPRINGERNATURE,1046,0.2354638996008494,0.19699636152797603,0.27883469126928223
2024,12,"WILEY PERIODICALS, INC",16,0.05852983387926846,0.0008898512869770168,0.8127157414812484
2024,12,PUBLIC LIBRARY SCIENCE,2005,0.16188774787964882,0.138100276368187,0.18887467802370392
2024,12,WORLD SCIENTIFIC PUBL CO PTE LTD,36,0.0,0.0,0.1775161749497322
2024,12,WROCLAW MEDICAL UNIV,10,0.09638616513061027,0.0003282095938815799,0.9719536888878917
2024,12,ZHEJIANG UNIV PRESS,13,0.2239664331950744,0.04338390497658446,0.6474649164354053
2024,12,WOLTERS KLUWER MEDKNOW PUBLICATIONS,87,0.19544482727562132,0.08203607682382888,0.39770810838182785
2025,1,ACTA DERMATO-VENEREOLOGICA,17,0.10633067716245072,0.01660214123382317,0.4560929170339783
2024,12,eLIFE SCIENCES PUBL LTD,206,0.13821914015607073,0.07928822363880245,0.2300083942711141
2025,1,AMER ACAD SLEEP MEDICINE,13,0.14884600514399746,0.007082401227316899,0.8108699837955458
2025,1,AKADEMIAI KIADO ZRT,15,0.12426539991536889,0.017024855592381188,0.537584597310622
2025,1,ACOUSTICAL SOC AMER AMER INST PHYSICS,52,0.058178643671614544,0.01007453657783506,0.2726981657413104
2025,1,AME PUBLISHING COMPANY,30,0.1989179329765499,0.06042226110773424,0.4894842638700253
2025,1,AMER ASSOC CRITICAL CARE NURSES,10,0.0,0.0,0.6086837024113414
2025,1,AMER ACAD PEDIATRICS,41,0.048325424296262125,0.0031820635899861976,0.44682869225256966
2025,1,ADIS INT LTD,94,0.2466480488375051,0.14852240386671042,0.3806234535322985
2025,1,AMER BOARD FAMILY MEDICINE,19,0.18956111138543177,0.03355034002448874,0.6117925177233413
2024,12,ELSEVIER,4273,0.2502731432089747,0.23038989025870174,0.27126753590850805
2025,1,AMER ASSOC NEUROLOGICAL SURGEONS,61,0.16820954907213076,0.08176440140676719,0.31472348173375303
2024,12,NATURE PORTFOLIO,3653,0.20113174094886466,0.18089452026731753,0.22301654557894288
2024,11,WILEY,6690,0.14099584006455784,0.1279436203230749,0.15514270259461693
2025,1,AMER ASSOC CANCER RESEARCH,215,0.14052701203272117,0.08182455160587214,0.23075939953622523
2025,1,AMER COLL PHYSICIANS,23,0.0,0.0,0.7999733325867269
2025,1,AMER ECONOMIC ASSOC,27,0.0,0.0,0.19805299092453446
2025,1,AMER INST AERONAUTICS ASTRONAUTICS,13,0.0,0.0,0.7029069018100023
2025,1,AMER DIABETES ASSOC,45,0.15712011921617655,0.0426454660759328,0.43822353568170935
2025,1,ACADEMIC PRESS LTD- ELSEVIER SCIENCE LTD,628,0.26660718074147927,0.21697617780970865,0.3229090956020315
2025,1,AMER INST MATHEMATICAL SCIENCES-AIMS,263,0.0,0.0,0.054898862644109085
2025,1,AMER METEOROLOGICAL SOC,42,0.06006584863250467,0.00934928691855581,0.3020247178129922
2025,1,AMER PUBLIC HEALTH ASSOC INC,14,0.0,0.0,0.6462475000003106
2025,1,AMER ROENTGEN RAY SOC,13,0.2095547470180648,0.027910409904977174,0.709967353224044
2025,1,AMER SOC HEMATOLOGY,38,0.0,0.0,0.3488818156326746
2025,1,"AMER PSYCHIATRIC PUBLISHING, INC",28,0.08756753951270932,0.003584934617157118,0.7191029468974964
2025,1,AMER SOC PHARMACOLOGY EXPERIMENTAL THERAPEUTICS,19,0.403653813895449,0.1415203672777007,0.7353993241890995
2025,1,AMER SOC NEPHROLOGY,64,0.0,0.0,0.3027965872323707
2025,1,ANNALS FAMILY MEDICINE,12,0.0,0.0,0.6911299578628971
2025,1,AMER ASSOC ADVANCEMENT SCIENCE,576,0.10754726332008036,0.07114944226230366,0.15937028826902383
2025,1,AMER THORACIC SOC,20,0.2300473481319699,0.014199459102045143,0.8610648358361098
2025,1,AMER PHYTOPATHOLOGICAL SOC,67,0.06332531693708186,0.01100006298041987,0.29125257149149714
2025,1,AMER SOC CLINICAL INVESTIGATION INC,83,0.2903264440002005,0.1531754664486971,0.48058755195529373
2025,1,AMER SOC NEURORADIOLOGY,36,0.07060111494471355,0.006369374057856487,0.4737442163375622
2025,1,ASIAN-AUSTRALASIAN ASSOC ANIMAL PRODUCTION SOC,13,0.12402473396006815,0.01737551550373307,0.5313217553750303
2025,1,ASSOC BRASILEIRA PSIQUIATRIA,21,0.10684006229934162,0.01817790216324738,0.43593853908515323
2025,1,ASCE-AMER SOC CIVIL ENGINEERS,69,0.3136326373868009,0.17158374540848498,0.5020157410979699
2025,1,AMER SPEECH-LANGUAGE-HEARING ASSOC,57,0.1323994862852634,0.049833799472936216,0.3074917793174516
2025,1,AMER PHYSIOLOGICAL SOC,147,0.13735005325110924,0.06873601092581666,0.25565365670730655
2025,1,BIOSCIENTIFICA LTD,13,0.6829884744392452,0.24619274396352425,0.9342633452399264
2025,1,ANNUAL REVIEWS,106,0.16396631384865754,0.0711803003722852,0.33418496786568486
2025,1,BENTHAM SCIENCE PUBL LTD,19,0.2504923413529983,0.06500269111134886,0.6163628390226685
2025,1,AMER SOC MICROBIOLOGY,111,0.24650901714094062,0.15264589951196322,0.3727027934960217
2025,1,AMER PSYCHOLOGICAL ASSOC,138,0.08103725148929847,0.03320090094131811,0.18463430470002432
2025,1,ASSOC RESEARCH VISION OPHTHALMOLOGY INC,63,0.22388487453484554,0.10259693236548678,0.42125082949225323
2025,1,BAISHIDENG PUBLISHING GROUP INC,102,0.45149464043614157,0.30245777587871664,0.6097720794118742
2025,1,ACADEMIC PRESS INC ELSEVIER SCIENCE,1064,0.2565998357061501,0.21820507662008193,0.29916521124593387
2025,1,ASSOC COMPUTING MACHINERY,219,0.18916584303726294,0.12368042280218168,0.27831221938094486
2025,1,AMER GEOPHYSICAL UNION,397,0.04715923565118992,0.020169098078874056,0.10634725955438032
2025,1,BRILL,16,0.04182825749518237,5.118844689910859e-06,0.9973211009032775
2025,1,BRAZILIAN SOC UROL,21,0.10967913717008283,0.013441140570413002,0.5269382138952701
2025,1,BRITISH EDITORIAL SOC BONE & JOINT SURGERY,36,0.0,0.0,0.176724940049532
2025,1,AIP Publishing,689,0.0936931786666222,0.0619371229470384,0.13931299152731327
2025,1,AMER MEDICAL ASSOC,504,0.03815606251986628,0.01823730788329391,0.078099412311321
2025,1,CANADIAN SCIENCE PUBLISHING,47,0.13162148205419294,0.04039293618904319,0.35308046462249953
2025,1,CHINESE JOURNAL CANCER RESEARCH CO,19,0.18416151385798793,0.018595848941732915,0.7289376831639536
2024,12,WILEY-V C H VERLAG GMBH,2361,0.24153323089249992,0.21492801885346177,0.2702979150199853
2025,1,CMA-CANADIAN MEDICAL ASSOC,17,0.0,0.0,0.7246072725155545
2025,1,"COLD SPRING HARBOR LAB PRESS, PUBLICATIONS DEPT",22,0.0,0.0,0.4563817489298278
2024,12,SPRINGER,3336,0.143893226909994,0.1256186314637995,0.16432672155106928
2025,1,COLEGIO OFICIAL DE PSICOLOGOS DE ASTURIAS,17,0.3317657192795023,0.08116278580086149,0.7361848513409245
2025,1,COLL AMER PATHOLOGISTS,12,0.24113911664126675,0.01969026359489484,0.8340844020673186
2025,1,CURRENT MEDICINE GROUP,11,0.06378037426454017,0.0004940801926239521,0.9037417876648736
2025,1,COMPANY BIOLOGISTS LTD,40,0.1302018727250536,0.02017921470944461,0.5210791272942877
2025,1,CURRENT BIOLOGY LTD,29,0.05001700501440421,0.0002029478824160569,0.9317696601886633
2025,1,DUKE UNIV PRESS,41,0.0,0.0,0.3841694903919975
2025,1,EDIZIONI MINERVA MEDICA,14,0.48960198879413064,0.17876368966982498,0.8086945710670941
2025,1,CHURCHILL LIVINGSTONE,174,0.2732735430925439,0.18018354374584844,0.39149098014513556
2025,1,EDP SCIENCES S A,30,0.0,0.0,0.10726680047078609
2025,1,COPERNICUS GESELLSCHAFT MBH,79,0.14736786308465402,0.0662774347998037,0.29619930311277953
2025,1,EDUCATIONAL PUBLISHING FOUNDATION-AMERICAN PSYCHOLOGICAL ASSOC,40,0.03224203558993187,0.0006708490291895253,0.6231343613363505
2025,1,DE GRUYTER POLAND SP Z O O,149,0.13692207613191587,0.06606375124361545,0.2624258551367676
2025,1,DOVE MEDICAL PRESS LTD,152,0.2810504274353784,0.17916960870257023,0.4117996659611515
2025,1,ELSEVIER ESPANA,10,0.054105330617112854,0.0004768537864394725,0.8727423558633687
2025,1,ELSEVIER ADVANCED TECHNOLOGY,73,0.4078873038310126,0.24975936844468433,0.5877045000502147
2025,1,"ELSEVIER MASSON, CORP OFF",17,0.0,0.0,0.4475553545736302
2025,1,ELSEVIER INC,28,0.09884076911573413,0.016380951316017384,0.41940312714559347
2025,1,ELSEVIER FRANCE-EDITIONS SCIENTIFIQUES MEDICALES ELSEVIER,199,0.30441215997477766,0.21264127403689617,0.41491776052200874
2025,1,ELSEVIER GMBH,157,0.40464685664128686,0.28533388450122965,0.536404317839668
2025,1,AMER PHYSICAL SOC,997,0.07315234599021746,0.05176596468764836,0.10241987939948746
2025,1,CAMBRIDGE UNIV PRESS,695,0.049112393529966734,0.028232795346193017,0.08409720627182173
2025,1,EUR CENTRE DIS PREVENTION & CONTROL,16,0.0,0.0,0.5916784322143968
2025,1,ELSEVIER SCIENCE LONDON,36,0.1812922955739866,0.06444281765608471,0.41584129284181987
2025,1,EXCERPTA MEDICA INC-ELSEVIER SCIENCE INC,18,0.0,0.0,0.4927436070327902
2025,1,ELSEVIER TAIWAN,25,0.36444118269135545,0.12741040890829813,0.6924871824785755
2025,1,FERRATA STORTI FOUNDATION,39,0.2264940804948554,0.0008296769659536694,0.9904082614513943
2025,1,ELSEVIER SCIENCE SA,59,0.28974262001755824,0.1479637337251878,0.4893498839294523
2025,1,FOUNDATION REHABILITATION INFORMATION,22,0.39855102435689926,0.1456673842497608,0.7203064930698932
2025,1,ENDOCRINE SOC,87,0.14992140920365152,0.07094886770034456,0.2894141958245312
2025,1,EMERALD GROUP PUBLISHING LTD,145,0.29276068583635667,0.19668501367373614,0.4117141115365445
2025,1,EUROPEAN RESPIRATORY SOC JOURNALS LTD,98,0.08883878434560902,0.02794698294603643,0.24848812266574558
2025,1,EUROPEAN MATHEMATICAL SOC-EMS,56,0.03212107620567767,0.004587685083124022,0.19287943798671367
2025,1,CELL PRESS,1367,0.25689458530257486,0.21906029075949407,0.298763437716822
2025,1,GEOSCIENCEWORLD,11,0.10308013590327607,0.00040884787905346733,0.9699633166863176
2025,1,FUTURE MEDICINE LTD,14,0.5994430089972609,0.20034350615764038,0.8993875955968768
2025,1,BMJ PUBLISHING GROUP,1021,0.11005406404022394,0.08241645928805895,0.14549016850003596
2025,1,HINDAWI LTD,32,0.0,0.0,0.1974376596093494
2025,1,"GEOLOGICAL SOC AMER, INC",28,0.09651717777048605,0.015305587778207265,0.4233688998756769
2025,1,HIGHER EDUCATION PRESS,19,0.3106651476979178,0.10524850975589535,0.6332532054819615
2025,1,ELSEVIER IRELAND LTD,662,0.24229692069837808,0.1967310735680367,0.2945466034979528
2025,1,GEORG THIEME VERLAG KG,83,0.05337008774537803,0.003179921525276542,0.4990995528335304
2025,1,HUMAN KINETICS PUBL INC,119,0.016232985228905702,0.0007414926105719142,0.268433679222973
2025,1,IGI GLOBAL,19,0.4599650145513771,0.16729511125706573,0.7831219012420505
2025,1,INST MATHEMATICAL STATISTICS-IMS,15,0.0,0.0,0.5097710982552581
2025,1,INFORMS,66,0.0,0.0,0.10269122069756481
2025,1,INT PRESS EDITING CENTRE INC,18,0.1961800827548664,0.04724406459619011,0.5457088434440984
2025,1,INT UNION CRYSTALLOGRAPHY,27,0.0,0.0,0.2346093860624774
2025,1,"INST MATERIA MEDICA, CHINESE ACAD MEDICAL SCIENCES",28,0.21552500513180312,0.04095674192210893,0.6386580003646692
2025,1,INT SOC GLOBAL HEALTH,30,0.504889127233775,0.2386138635729877,0.7684195045893603
2025,1,INT SOC AGING & DISEASE,51,0.6308167396471533,0.4105244430952605,0.8074059923852501
2025,1,IRCA-BSSA,26,0.3392718394953212,0.14166288550671408,0.6150203981976848
2025,1,JAPAN EPIDEMIOLOGICAL ASSOC,17,0.0433135895084556,1.3426625677540392e-05,0.9934922917948867
2025,1,JAPAN PROSTHODONTIC SOC,31,0.1453750586433516,0.030284655727178485,0.4809267619706213
2025,1,JAPAN ACAD,18,0.14643672602592606,0.023919408091927778,0.5456729490518679
2025,1,JAPAN NEUROSURGICAL SOC,25,0.13925203958913188,0.026528995866139767,0.48990070047103607
2025,1,JAPANESE SOC HYGIENE,43,0.2534158123328793,0.1057013193078572,0.4936175963500519
2025,1,JOHN WILEY & SONS INC,11,0.00860318296031985,2.2547435913150382e-17,0.9999999999997006
2025,1,JOHN BENJAMINS PUBLISHING CO,23,0.0,0.0,0.4258319954207839
2025,1,KARGER,26,0.0,0.0,0.1826476803351722
2025,1,KERMAN UNIV MEDICAL SCIENCES,12,0.16538846647070216,0.016896644290417578,0.6955636609574903
2025,1,KOREAN ASSOC STUDY LIVER,12,0.6334780508889141,0.17378276725405414,0.9342193516235119
2025,1,KOREAN ACAD PROSTHODONTICS,11,0.5992368709378544,0.06432670456559396,0.9701673264848608
2025,1,IVYSPRING INT PUBL,148,0.3726222155592051,0.2562821352879004,0.5058535342465927
2025,1,KOREAN INST METALS MATERIALS,14,0.08338086717522722,0.0045051488352370545,0.6464503976094423
2025,1,KOREAN ACAD MEDICAL SCIENCES,58,0.2640157495926155,0.11887982584639317,0.48817245327469244
2025,1,KEAI PUBLISHING LTD,61,0.3335815361061082,0.17371614071196553,0.5437515254180594
2025,1,IOP Publishing Ltd,211,0.13288945900196994,0.07299951805853822,0.22973707885873676
2025,1,KOREAN SOC NEPHROLOGY,13,0.16282277933328554,0.022037702291043418,0.6266728593843433
2025,1,KOREAN SOC GYNECOLOGY ONCOLOGY & COLPOSCOPY,56,0.1878163275784393,0.06000228761222194,0.45585790630676976
2025,1,JOHN WILEY & SONS LTD,150,0.2406386535634343,0.15881138805757608,0.34722399504924095
2025,1,KOREAN SOC SEXUAL MEDICINE & ANDROLOGY,18,0.3784912357027574,0.11389416901339737,0.7426241368645258
2025,1,KOREAN SOCIETY OF RADIOLOGY,49,0.0,0.0,0.14562221753775326
2025,1,Korean Pediatric Soc,10,0.0,0.0,0.7868050244621377
2025,1,KOREAN STROKE SOC,10,0.015524445548654573,1.5089757839098286e-16,0.9999999999993932
2025,1,LIFE SCIENCE ALLIANCE LLC,13,0.053453797182330745,4.797982621075841e-05,0.9851775320684447
2025,1,"JMIR PUBLICATIONS, INC",185,0.17091384799062323,0.10864196253850471,0.25852664641624373
2025,1,ELSEVIER SCIENCE INC,1042,0.1367269373259631,0.10692558600277915,0.17322320823129614
2025,1,BMC,2990,0.21298155397082544,0.19212570410935137,0.2354415759766029
2025,1,ELSEVIER SCI LTD,1552,0.2183335114013281,0.185908302797662,0.254645160614997
2025,1,MASSACHUSETTS MEDICAL SOC,43,0.0,0.0,0.5586715691676782
2024,12,OXFORD UNIV PRESS,5850,0.12192020920573053,0.10924359580444955,0.1358434837120893
2025,1,"MARY ANN LIEBERT, INC",121,0.07305903271280388,0.02210831651415954,0.21554844328641126
2024,12,MDPI,7811,0.2201520254998195,0.20549107814802706,0.23554886317973936
2025,1,IEEE COMPUTER SOC,1116,0.14442603416476876,0.11524943708856514,0.17949051056615437
2025,1,FRONTIERS MEDIA SA,1941,0.21973916945950142,0.19258101152199195,0.2495435443209428
2025,1,AMER CHEMICAL SOC,4805,0.21294945181654934,0.19495457973744162,0.23212637692400737
2025,1,ELSEVIER,4805,0.2534940291321251,0.23482045551018393,0.2731225316266594
2025,1,LIPPINCOTT WILLIAMS & WILKINS,3329,0.10232297914277597,0.08835979982123117,0.11820659972364289
2025,1,IEEE-INST ELECTRICAL ELECTRONICS ENGINEERS INC,8300,0.22863232188072147,0.2148609162456663,0.24301319798241106
2024,12,WILEY,11712,0.10321412332477443,0.09527675263729445,0.11173108220044396
2025,1,MICH LAW REV ASSOC,11,0.0,0.0,0.6100548890575458
2025,1,MICROBIOLOGY SOC,12,0.0,0.0,0.7369274245450067
2025,1,MEDICAL LIBRARY ASSOC,18,0.18434403893876974,0.026468592493662478,0.6526240296234528
2025,1,MEDYCYNA PRAKTYCZNA SP K SP ZOO,10,0.25494838007667703,0.024416010591910176,0.8239022048614417
2025,1,Medical Journal Sweden AB,18,0.0,0.0,0.4270276183264073
2025,1,MIT PRESS,56,0.1591171565631903,0.06719854524173241,0.3320157067829871
2025,1,MOSBY-ELSEVIER,170,0.13922033610188728,0.07303787175271251,0.2492480243036571
2025,1,NATL ACAD SCIENCES,272,0.1363368967383707,0.08084179283868663,0.2207771364382297
2025,1,OAE PUBLISHING INC,14,0.38850939004262736,0.13872406797683698,0.7147901085001496
2025,1,NONFERROUS METALS SOC CHINA,23,0.041614316406582516,3.0973630555352645e-05,0.9838369322767003
2025,1,NATURE PUBL GROUP,33,0.24325020629492908,0.07760407082209841,0.5511876540456753
2025,1,NEW YORK BUSINESS GLOBAL LLC,26,0.14235802053355376,0.022183757989793787,0.5484173557755686
2025,1,PEERJ INC,61,0.5129633844052555,0.33538499971663627,0.6873284780415223
2025,1,PHYSICIANS POSTGRADUATE PRESS,10,0.0,0.0,0.8057299008420857
2025,1,POLICY PRESS,11,0.0,0.0,0.6962841201437938
2025,1,PROJECT HOPE,23,0.0,0.0,0.5669302871836779
2025,1,ROCKEFELLER UNIV PRESS,57,0.08940706830771229,0.005020888350949099,0.656406824483465
2025,1,RADIOLOGICAL SOC NORTH AMERICA (RSNA),66,0.06573137721393515,0.009530986274745018,0.3396745568793612
2025,1,ROYAL COLL GENERAL PRACTITIONERS,16,0.13983795077903932,0.019053561688035025,0.5763947439254516
2025,1,RUSSELL SAGE FOUNDATION,15,0.0,0.0,0.6602835155076082
2025,1,SHANGHAI UNIV,12,0.18845016578655205,0.015294475049873114,0.7763683124534355
2025,1,SCIPOST FOUNDATION,41,0.0,0.0,0.35996533710642065
2025,1,ROYAL SOC,251,0.07451278986688341,0.03355301370295453,0.15733405953048987
2025,1,SHANGHAI JIAO TONG UNIV PRESS,24,0.30056752967379113,0.11599044337927325,0.5846195574819191
2025,1,SOC BRASILEIRA ICTIOLOGIA,24,0.024843407117966895,5.9558264889313156e-05,0.9159449721318754
2025,1,SOC EXPLORATION GEOPHYSICISTS - SEG,32,0.4096496529964673,0.19603335303444025,0.6638380568394735
2025,1,SPANDIDOS PUBL LTD,23,0.2272617790924857,0.04029331888663346,0.6732159238274666
2025,1,SOC NUCLEAR MEDICINE INC,46,0.2882477345318309,0.13176182345261458,0.5194029840788882
2025,1,SOC PETROLEUM ENG,38,0.2509085861287945,0.10829231984851191,0.48020021685346215
2025,1,SOC NEUROSCIENCE,81,0.08281312183782423,0.02557471707744893,0.23699856166530317
2025,1,SPRINGER FRANCE,10,0.25246336713887146,0.033660046710343686,0.7660553375057576
2025,1,SIAM PUBLICATIONS,120,0.017131868495018552,0.0024892556615944863,0.10853533900713071
2025,1,SCIENCE PRESS,258,0.19658388512470093,0.1277144357711264,0.2902341664759216
2025,1,SPRINGER JAPAN KK,31,0.11553195822573206,0.0228002483430615,0.4223927103793034
2025,1,SPRINGER SINGAPORE PTE LTD,37,0.10871494100632176,0.01924339871124718,0.4312595895374117
2025,1,SPRINGER LONDON LTD,47,0.1514697901287347,0.052306202287470974,0.3660216134182204
2025,1,OXFORD UNIV PRESS INC,726,0.09845339778043424,0.06568152500953435,0.1450385067034476
2025,1,SPRINGER BASEL AG,160,0.2723248354331338,0.17286172882844095,0.4012550555482807
2025,1,TAYLOR & FRANCIS AS,11,0.33428520689361907,0.08203180746357534,0.7383329684126259
2025,1,SPRINGER-VERLAG ITALIA SRL,95,0.0797324204258465,0.02641858573749014,0.21668967268467845
2025,1,SPRINGER INT PUBL AG,168,0.13733801489716227,0.07209160133839959,0.24598158534914108
2025,1,SPRINGER WIEN,153,0.19362267888329532,0.11971240281922069,0.2977313446938361
2025,1,"UNIV BELGRADE, FAC ELECTRICAL ENGINEERING",13,0.0,0.0,0.7525613726316839
2025,1,UBIQUITY PRESS LTD,24,0.13792182245271375,0.01999881868980717,0.5563996268147502
2025,1,SPRINGER/PLENUM PUBLISHERS,177,0.14282287286844372,0.08184952883086077,0.2374701007758052
2025,1,TSINGHUA UNIV PRESS,42,0.10628001729261809,0.017422554620659017,0.4436857250182798
2025,1,UNIV CHICAGO PRESS,15,0.12824780164974187,0.01828444839887979,0.5374718559970199
2025,1,"UNIV PITTSBURGH, UNIV LIBRARY SYSTEM",11,0.5845111307721589,0.1409005037825297,0.9234710780049822
2025,1,US DEPT HEALTH HUMAN SCIENCES PUBLIC HEALTH SCIENCE,14,0.1791936632872886,0.02510046466477831,0.6492645340148654
2025,1,"UNIV SZEGED, BOLYAI INSTITUTE",11,0.34877437116351684,0.08665532601426329,0.751441089019565
2025,1,VILNIUS GEDIMINAS TECH UNIV,14,0.0,0.0,0.7246427849452859
2025,1,"VILNIUS UNIV, INST MATHEMATICS & INFORMATICS",11,0.0,0.0,0.9402208722855501
2025,1,VEREIN FORDERUNG OPEN ACCESS PUBLIZIERENS QUANTENWISSENSCHAF,38,0.0,0.0,0.15325686774260142
2025,1,UNIV CALIFORNIA PRESS,76,0.037554134101557224,0.00638306253845644,0.19159414015370033
2025,1,WAGENINGEN ACADEMIC PUBLISHERS,21,0.23901829786396153,0.05629814777561492,0.6231664871844931
2025,1,TAYLOR & FRANCIS INC,457,0.182446697540346,0.12955528578509273,0.25071181423630284
2025,1,W B SAUNDERS CO-ELSEVIER INC,200,0.20662666290264114,0.1375233143252908,0.2984382370888444
2025,1,PERGAMON-ELSEVIER SCIENCE LTD,1323,0.22346666448930194,0.18983550428012136,0.26113547178265795
2025,1,W B SAUNDERS CO LTD,90,0.06942528772926584,0.02074121936403973,0.20809785066725323
2025,1,WALTER DE GRUYTER GMBH,143,0.1717781197800178,0.09409293153197248,0.2928668119779463
2025,1,SAGE PUBLICATIONS LTD,795,0.0760296918098463,0.04974863483841138,0.1145212097154715
2025,1,SAGE PUBLICATIONS INC,1155,0.1584386036883549,0.12696046635705516,0.19596944259686702
2025,1,"ROUTLEDGE JOURNALS, TAYLOR & FRANCIS LTD",1221,0.14235618367519468,0.10846713674152306,0.18464053498582794
2025,1,SPRINGER HEIDELBERG,737,0.13005623026125215,0.09546663187991788,0.17475707281568234
2025,1,TAYLOR & FRANCIS LTD,922,0.28983617658594935,0.24032400394810907,0.3449175598276562
2025,1,"WILEY PERIODICALS, INC",21,0.14348923147469897,0.03231527085449966,0.4566472923074435
2025,1,WORLD SCIENTIFIC PUBL CO PTE LTD,32,0.432884605760064,0.20582752131391707,0.6921263188827509
2025,2,ACAD MEDICINE SINGAPORE,12,0.0,0.0,0.6393865267437203
2025,1,YONSEI UNIV COLL MEDICINE,27,0.11354877498892606,0.006794549481003708,0.7057496321075406
2025,1,ZHEJIANG UNIV PRESS,31,0.21666012139515073,0.06394845548279472,0.5282497700606357
2025,1,WILEY-HINDAWI,214,0.2072642017826693,0.13860494382630767,0.29816194944386204
2025,1,WOLTERS KLUWER MEDKNOW PUBLICATIONS,109,0.1699381117190744,0.07806097740691922,0.3311157357705157
2025,2,ACOUSTICAL SOC AMER AMER INST PHYSICS,70,0.005147416060578322,1.070307625920193e-11,0.9999996001957889
2025,2,AMER ACAD SLEEP MEDICINE,12,0.19561775910303233,0.030195062173528502,0.6551133545470468
2025,2,AME PUBLISHING COMPANY,25,0.34845202757493593,0.12531374523350547,0.6662657905372159
2025,2,AKADEMIAI KIADO ZRT,17,0.1288567475441341,0.0149756962504606,0.5900150079202608
2025,1,PUBLIC LIBRARY SCIENCE,2070,0.1593070360109841,0.13714912970203774,0.18428023601098328
2025,1,eLIFE SCIENCES PUBL LTD,118,0.10367247070395887,0.040289498601374714,0.24166042373323776
2025,2,AMER ACAD PEDIATRICS,39,0.09282843445333287,0.020856924542650184,0.32956229150604605
2025,2,AMER ASSOC NEUROLOGICAL SURGEONS,54,0.01944934627771019,0.00019692020791664007,0.6663924179568144
2025,2,ADIS INT LTD,93,0.10977658680578409,0.043457906746734776,0.2507683923229918
2025,2,ACADEMIC PRESS LTD- ELSEVIER SCIENCE LTD,547,0.3000422005552783,0.24362269934513398,0.3632526823377873
2025,2,AMER COLL PHYSICIANS,24,0.0,0.0,0.5508997774999463
2025,2,AMER ECONOMIC ASSOC,26,0.0,0.0,0.5194181274825922
2025,2,AMER DIABETES ASSOC,37,0.14038631812763075,0.031215883595916115,0.45287643742047956
2025,2,AMER INST AERONAUTICS ASTRONAUTICS,16,0.0,0.0,0.3723307060783046
2025,2,AMER METEOROLOGICAL SOC,35,0.0,0.0,0.39997734470035573
2025,2,"AMER OCCUPATIONAL THERAPY ASSOC, INC",22,0.5097236373717149,0.26172426490541995,0.7530275015736616
2025,2,"AMER PSYCHIATRIC PUBLISHING, INC",19,0.0,0.0,0.758526344332004
2025,2,AMER PUBLIC HEALTH ASSOC INC,16,0.27544022114726785,0.05462398567229491,0.7143737953325637
2025,2,AMER SOC HEMATOLOGY,17,0.0,0.0,0.3901796671990685
2025,2,AMER SOC PHARMACOLOGY EXPERIMENTAL THERAPEUTICS,11,0.0,0.0,0.34479062275316447
2025,2,AMER SOC NEURORADIOLOGY,32,0.0,0.0,0.1601324119503892
2025,2,AMER PHYTOPATHOLOGICAL SOC,56,0.0,0.0,0.11895162661578321
2025,2,AMER SOC CLINICAL INVESTIGATION INC,79,0.3859617981528307,0.2246719034132867,0.5768871315728472
2025,2,AMER PHYSIOLOGICAL SOC,106,0.37308152381777493,0.24286307584482378,0.5247316008423899
2025,2,AMER THORACIC SOC,30,0.22417696815999338,0.05522721847891424,0.588195633230657
2025,2,AMER SOC NEPHROLOGY,63,0.1417139364232319,0.05314557427596747,0.32692116886937034
2025,2,ACADEMIC PRESS INC ELSEVIER SCIENCE,900,0.26843212006353173,0.2254388675401298,0.31627659640408784
2025,2,ASIAN-AUSTRALASIAN ASSOC ANIMAL PRODUCTION SOC,37,0.22174814787465685,0.09079580263289365,0.44841935782867404
2025,2,BENTHAM SCIENCE PUBL LTD,19,0.2150361951587477,0.04106288382641245,0.636697390707692
2025,2,BIOSCIENTIFICA LTD,17,0.14778262310165535,0.022859405074837108,0.5624397268668082
2025,2,ASSOC RESEARCH VISION OPHTHALMOLOGY INC,68,0.2749212116854232,0.14660169341732932,0.4555961672925732
2025,2,ASCE-AMER SOC CIVIL ENGINEERS,78,0.21920414834730845,0.10674063744120055,0.3974394772280817
2025,2,AMER ASSOC CANCER RESEARCH,384,0.18577609637193476,0.13463317686277262,0.2507179576550998
2025,2,AMER SPEECH-LANGUAGE-HEARING ASSOC,53,0.1089444861033367,0.03851871748590432,0.27174131537655066
2025,2,ANNUAL REVIEWS,103,0.1658721702500887,0.07265704715495432,0.33542142511916073
2025,2,BAISHIDENG PUBLISHING GROUP INC,100,0.3069007462965418,0.181577707531873,0.46913855915642566
2025,2,AMER ASSOC ADVANCEMENT SCIENCE,366,0.12246110415232446,0.07418770697342798,0.1955122675171108
2025,2,AMER SOC MICROBIOLOGY,134,0.13119931191240983,0.0634208631001341,0.2519289087519655
2025,2,AMER PSYCHOLOGICAL ASSOC,154,0.08067185770449539,0.03735241989168364,0.1655890394296154
2025,2,BRITISH INST RADIOLOGY,10,0.4033749125231762,0.07006154454233532,0.8585015067285316
2025,2,CANADIAN OPHTHAL SOC,10,0.31428003526533643,0.060696998801952125,0.7647452927745352
2025,2,BRITISH EDITORIAL SOC BONE & JOINT SURGERY,40,0.01689080356671025,1.0325160216733694e-05,0.9662034204399341
2025,2,ASSOC COMPUTING MACHINERY,159,0.10753268064574467,0.049087077912978616,0.21950325556144915
2025,2,CHINA ANTI-CANCER ASSOC,11,0.0734056687592876,2.3673443373238232e-07,0.999962280560407
2025,2,CHIN SOCIETY IMMUNOLOGY,11,0.41987149253138667,0.08186995134660772,0.8545329072606012
2025,2,CMA-CANADIAN MEDICAL ASSOC,17,0.0,0.0,1.0
2025,2,CHINESE JOURNAL NATURAL MEDICINES,11,0.7199931401989752,0.22752390403695263,0.9573524149531821
2025,2,COPERNICUS GESELLSCHAFT MBH,20,0.0,0.0,0.3189142087745715
2025,2,CURRENT MEDICINE GROUP,10,0.08040787261025498,1.4851434034603497e-08,0.9999980575005756
2025,2,"COLD SPRING HARBOR LAB PRESS, PUBLICATIONS DEPT",32,0.087198561892758,0.006020360102913808,0.6010659572520299
2025,2,COMPANY BIOLOGISTS LTD,32,0.05248819913709077,0.0033409004056416656,0.47793094344014886
2025,2,AIP Publishing,577,0.08355089740477727,0.05386811679974856,0.12738750953497777
2025,2,EDP SCIENCES S A,20,0.0,0.0,0.5395529650662515
2025,2,CAMBRIDGE UNIV PRESS,123,0.09063396002241096,0.030433974329132453,0.24038892513893778
2025,2,DUKE UNIV PRESS,25,0.004236892915752106,8.580938331057218e-15,0.9999999995260289
2025,2,EDIZIONI MINERVA MEDICA,18,0.08377402604646846,0.011780237897978501,0.41221932788902244
2025,2,CURRENT BIOLOGY LTD,47,0.09687493028994948,0.012701744635981527,0.47211702288088925
2025,2,EDUCATIONAL PUBLISHING FOUNDATION-AMERICAN PSYCHOLOGICAL ASSOC,38,0.2865608336036925,0.1138593131080118,0.556660447976344
2025,2,AMER GEOPHYSICAL UNION,491,0.07148108823609012,0.03776394613903171,0.1311976475125928
2025,2,DOVE MEDICAL PRESS LTD,176,0.29383785282227143,0.20258482069844158,0.4053030787084912
2025,2,CHURCHILL LIVINGSTONE,149,0.19955826570320023,0.11756762889171364,0.31811532694321754
2025,2,ELSEVIER ESPANA,13,0.4177799958841151,0.12066173133707928,0.7895793630725987
2025,2,ELSEVIER INC,23,0.10351138668211304,0.01650175569197458,0.44276229418277535
2025,2,"ELSEVIER MASSON, CORP OFF",11,0.0,0.0,0.591887130977786
2025,2,ELSEVIER ADVANCED TECHNOLOGY,65,0.566565413711054,0.38202418043374164,0.734323201659492
2025,2,AMER MEDICAL ASSOC,460,0.031777916866814665,0.01195115346678935,0.08177466006539746
2025,1,ROYAL SOC CHEMISTRY,6076,0.23275814499992764,0.20744324554803134,0.26014828145120045
2025,1,WILEY-V C H VERLAG GMBH,2339,0.2385788377185098,0.21224769576944127,0.26706911705132846
2025,2,ELSEVIER FRANCE-EDITIONS SCIENTIFIQUES MEDICALES ELSEVIER,227,0.2514166090268174,0.170397554381719,0.3544969589600976
2025,2,ELSEVIER GMBH,173,0.394977423191249,0.2885243375007912,0.5124193036796671
2025,2,ELSEVIER TAIWAN,25,0.2465359697213092,0.07145410015465087,0.5818123640103071
2025,2,EUR CENTRE DIS PREVENTION & CONTROL,17,0.0,0.0,0.5370164234967715
2025,2,EUROPEAN MATHEMATICAL SOC-EMS,29,0.0,0.0,0.44493066698100425
2025,2,EXCERPTA MEDICA INC-ELSEVIER SCIENCE INC,20,0.0,0.0,0.5246723740013891
2025,2,ELSEVIER SCIENCE LONDON,32,0.19798801823111337,0.061922894965991127,0.48003764175047164
2025,2,ELSEVIER SCIENCE SA,39,0.15732607213819952,0.04611850419270246,0.4189235479563953
2025,2,ENDOCRINE SOC,85,0.0,0.0,0.10324290970064169
2025,2,EMERALD GROUP PUBLISHING LTD,38,0.1838287522933449,0.06027752577846144,0.44161410255665207
2025,2,FERRATA STORTI FOUNDATION,32,0.2086517299535344,0.024768977074058392,0.7324207023828181
2025,2,EUROPEAN RESPIRATORY SOC JOURNALS LTD,23,0.0917523058752295,0.013640152375784616,0.42461766314761407
2025,1,SPRINGER,2997,0.1588457163944329,0.13992456629506683,0.1797906093663503
2025,2,HARBORSIDE PRESS,12,0.0,0.0,0.736500315611873
2025,2,FUTURE MEDICINE LTD,15,0.5300886105718103,0.11995355291246247,0.9032500976151475
2025,2,CELL PRESS,1028,0.22787801535339605,0.18552058951926786,0.2766218130086055
2025,2,AMER PHYSICAL SOC,950,0.06356639378324584,0.041502347575709114,0.09618334891211382
2025,2,HUMANA PRESS INC,15,0.5910185711931012,0.20704243498285096,0.888865160998316
2025,2,IGI GLOBAL,22,0.3678760926769115,0.13863191490987845,0.6778745307606142
2025,2,"GEOLOGICAL SOC AMER, INC",39,0.1775583184486877,0.05272636976910211,0.4557449507315145
2025,2,INST MATHEMATICAL STATISTICS-IMS,16,0.0,0.0,0.27548519514347625
2025,2,GEORG THIEME VERLAG KG,89,0.0,0.0,0.17750845205792842
2025,2,IEEE-INST ELECTRICAL ELECTRONICS ENGINEERS INC,38,0.2725180423411232,0.11711369465382572,0.5140669040659396
2025,2,IEEE COMPUTER SOC,20,0.1497567341476151,0.022206021074346605,0.5773526033757956
2025,2,INT UNION CRYSTALLOGRAPHY,22,0.2415069141031944,0.05204815165448157,0.648684836658573
2025,2,INT SOC GLOBAL HEALTH,36,0.11826202098813564,0.030825438171356637,0.36126450676127186
2025,2,ELSEVIER IRELAND LTD,589,0.24618104632531615,0.19588339848176256,0.30450309953399
2025,2,JOHN BENJAMINS PUBLISHING CO,11,0.25687352179054185,0.009648511515985073,0.9246095834249501
2025,2,IOP Publishing Ltd,107,0.2649502641935022,0.16181594589530562,0.4022704143537045
2025,2,JOHN WILEY & SONS INC,17,0.12491540330311378,0.008651324829444283,0.700144528787843
2025,2,KOREAN ASSOC STUDY LIVER,12,0.0,0.0,0.5234350083672288
2025,2,KARGER,14,0.2994114991384962,0.0988121700992774,0.624874288387398
2025,2,INFORMS,62,0.07927787508221837,0.01785807061219492,0.28964308866431954
2025,2,IVYSPRING INT PUBL,149,0.35616259467102884,0.2405753719800799,0.49135333986529894
2025,2,KEAI PUBLISHING LTD,79,0.5640402244988861,0.3785168101456455,0.7332157180565098
2025,2,Korean Pediatric Soc,10,0.06559267971725216,0.0017878891735826107,0.7334179014351284
2025,2,LIFE SCIENCE ALLIANCE LLC,16,0.35866158271735915,0.10877957091832784,0.7192838924269926
2025,2,"JMIR PUBLICATIONS, INC",127,0.19993507143171454,0.119713379101945,0.3146964734944168
2025,2,JOHN WILEY & SONS LTD,149,0.26980273573880204,0.17457747191435793,0.39228426806229694
2025,2,BMJ PUBLISHING GROUP,788,0.08302397470288637,0.05620783731516601,0.12099365132176101
2025,2,MANAGED CARE & HEALTHCARE COMMUNICATIONS LLC,10,0.35245797691821823,0.09988536284501885,0.7275037677119762
2025,2,MASSON EDITEUR,11,0.0,0.0,0.7646599691141721
2025,2,MASSACHUSETTS MEDICAL SOC,41,0.04214768226050169,0.0002960541264929171,0.8673403154481689
2025,2,ELSEVIER SCIENCE INC,827,0.14561912592252896,0.11156241063181921,0.1878738495865923
2025,2,"MARY ANN LIEBERT, INC",146,0.10365751891224177,0.05010061651788511,0.20227469834821257
2025,1,SPRINGERNATURE,1181,0.24801023408987266,0.2113198245202279,0.28873879912806294
2025,1,NATURE PORTFOLIO,6556,0.18822170840774086,0.17335624119733062,0.2040472523250209
2025,2,MICROBIOLOGY SOC,14,0.29184050324178823,0.06888729725107884,0.6965630991054617
2025,2,Medical Journal Sweden AB,10,0.0,0.0,0.8740309047547647
2025,2,MIT PRESS,36,0.0906581786532494,0.01221125306279269,0.4456805090566932
2025,2,MOSBY-ELSEVIER,149,0.07100387832176974,0.025934643925121594,0.17992710962355
2025,1,OXFORD UNIV PRESS,4454,0.0862956936449918,0.07489614069611787,0.09924417724020305
2025,2,ELSEVIER SCI LTD,1440,0.2421888918712756,0.2087349812279765,0.27911316889419824
2025,2,NATL ACAD SCIENCES,277,0.1183339120323133,0.06684925326446288,0.20093201874739688
2025,2,NATURE PUBL GROUP,26,0.4556540520697452,0.1858262037167337,0.7542964578116154
2025,2,FRONTIERS MEDIA SA,1541,0.22098695218924597,0.19136776151021578,0.25375190499232586
2025,2,PEERJ INC,61,0.5176931903045598,0.3275798521860855,0.7028186144749776
2025,2,RADIOLOGICAL SOC NORTH AMERICA (RSNA),65,0.1949607490263512,0.07443363697147361,0.4217270505672708
2025,2,ROCKEFELLER UNIV PRESS,27,0.0802567624282759,0.01137650168036246,0.398201758560103
2025,2,SCIPOST FOUNDATION,35,0.0,0.0,0.29041899690167333
2025,2,SPANDIDOS PUBL LTD,27,0.41263892802593577,0.17247676794204428,0.7030869079580516
2025,2,SHANGHAI JIAO TONG UNIV PRESS,43,0.11406258967902574,0.027468815254360086,0.3698297679910665
2025,2,SOC NUCLEAR MEDICINE INC,41,0.015361659787886676,3.650242835932501e-05,0.8695851817207016
2025,2,SIAM PUBLICATIONS,79,0.0,0.0,0.21451963599937407
2025,2,SCIENCE PRESS,55,0.0895005149861332,0.01933715779925239,0.3288705755301545
2025,2,SOC EXPLORATION GEOPHYSICISTS - SEG,42,0.22177660313148265,0.08572894284016876,0.4641243844648376
2025,2,SOC PETROLEUM ENG,49,0.17800627930638832,0.06850976132880106,0.3893563950936493
2025,2,SOC NEUROSCIENCE,60,0.1751622237574983,0.07251772317170653,0.36579348874112133
2025,2,SPRINGER JAPAN KK,34,0.0,0.0,0.20182615478858895
2025,2,SPRINGER BASEL AG,99,0.3167252240284185,0.1989383706669775,0.4638675510670807
2025,2,SPRINGER LONDON LTD,45,0.27099109512007274,0.13179782258466818,0.47650619739743433
2025,2,SPRINGER INT PUBL AG,51,0.23780412998132072,0.11228659809975275,0.43489227845430095
2025,2,SPRINGER-VERLAG ITALIA SRL,55,0.11884695252572497,0.038045440533059596,0.31505235085134736
2025,2,SPRINGER WIEN,114,0.21537475264563966,0.11865792076682037,0.3588285414121162
2025,2,OXFORD UNIV PRESS INC,531,0.06980651929437476,0.04121576685117609,0.115834150959518
2025,1,MDPI,7616,0.2320153268967378,0.21754361818608214,0.24714566192545173
2025,2,TERMEDIA PUBLISHING HOUSE LTD,20,0.0,0.0,0.5830296002513433
2025,2,VEREIN FORDERUNG OPEN ACCESS PUBLIZIERENS QUANTENWISSENSCHAF,33,0.0,0.0,0.4143976981716588
2025,2,WAGENINGEN ACADEMIC PUBLISHERS,13,0.0,0.0,0.41013481668967455
2025,2,SPRINGER/PLENUM PUBLISHERS,115,0.13085568527510502,0.06388014569694143,0.2493478793977801
2025,2,BMC,3028,0.2066812895743186,0.18586494193733644,0.2291727459854813
2025,2,W B SAUNDERS CO LTD,98,0.13172888317007833,0.05262428175389866,0.2929709870138179
2025,2,ROYAL SOC,210,0.06376851507985941,0.027292334393863395,0.14188409943541452
2025,2,WALTER DE GRUYTER GMBH,129,0.16088867474175067,0.08174415637277738,0.2922710162963178
2025,2,SAGE PUBLICATIONS INC,647,0.12781644197165948,0.09299250476283777,0.17319115268593777
2025,2,TAYLOR & FRANCIS INC,402,0.2265544641032257,0.16883119143838973,0.29696211816675316
2025,2,W B SAUNDERS CO-ELSEVIER INC,132,0.10196595493436754,0.04044175370304164,0.2342390742810343
2025,2,SAGE PUBLICATIONS LTD,490,0.09514683559398214,0.060441015325783005,0.14667014403894246
2025,2,SPRINGER HEIDELBERG,432,0.16476821324542995,0.11713583878041726,0.2267942368807229
2025,2,"WILEY PERIODICALS, INC",16,0.09217834382582905,0.0028440378598310018,0.783305950940871
2025,2,PERGAMON-ELSEVIER SCIENCE LTD,1141,0.2667526124658886,0.22895990266712782,0.3082892451676859
2025,2,WORLD SCIENTIFIC PUBL CO PTE LTD,29,0.0,0.0,0.42768223918352255
2025,2,WROCLAW MEDICAL UNIV,18,0.23701772998910497,0.06588954208921736,0.5777186697747231
2025,2,WOLTERS KLUWER MEDKNOW PUBLICATIONS,54,0.2744401800379121,0.13453930209967238,0.4792582057977261
2025,2,"ROUTLEDGE JOURNALS, TAYLOR & FRANCIS LTD",1147,0.12099445983469581,0.08915897763379042,0.1621733281420646
2025,3,ACTA DERMATO-VENEREOLOGICA,17,0.0,0.0,0.5766858286666828
2025,2,SPRINGERNATURE,890,0.23874312062217715,0.19873387411011925,0.2839526368120608
2025,3,AKADEMIAI KIADO ZRT,10,0.1761424371141943,0.02377019425792375,0.6524568534298048
2025,2,AMER CHEMICAL SOC,4385,0.1869942368060999,0.1687113293376624,0.2067656238618998
2025,2,eLIFE SCIENCES PUBL LTD,114,0.013998198472960435,0.00040856546889398826,0.3302600030003046
2025,3,AME PUBLISHING COMPANY,24,0.12830555354137574,0.01434695442277646,0.5981392440422346
2025,3,AMER ACAD SLEEP MEDICINE,38,0.0,0.0,0.28253553780573337
2025,3,ACOUSTICAL SOC AMER AMER INST PHYSICS,55,0.04877287692730309,0.006641176007223157,0.2822447342645787
2025,2,ELSEVIER,3961,0.2773188180844809,0.2560072861092951,0.299689817163623
2025,3,AMER ACAD PEDIATRICS,39,0.10499466181167628,0.032453463909946266,0.29092743292221934
2025,3,AMER ASSOC CRITICAL CARE NURSES,10,0.03362961478949672,2.2336432746083933e-05,0.9818895356114393
2025,3,ADIS INT LTD,108,0.1134663178899819,0.04908992433033141,0.2408800927339883
2025,3,AMER ASSOC NEUROLOGICAL SURGEONS,52,0.10923259204837579,0.032628966223470154,0.3083539459483836
2025,2,TAYLOR & FRANCIS LTD,932,0.23870420575238982,0.1927916807543776,0.29160078638949594
2025,2,PUBLIC LIBRARY SCIENCE,1553,0.16346505186063048,0.13662313380787247,0.19439315453973463
2025,2,LIPPINCOTT WILLIAMS & WILKINS,2133,0.08512054593392929,0.06880898594787134,0.10486341090790331
2025,3,AMER ASSOC CANCER RESEARCH,246,0.2746946217226659,0.20088811632283082,0.36329004635599565
2025,3,AMER COLL PHYSICIANS,45,0.0,0.0,0.11842904198139839
2025,3,AMER DIABETES ASSOC,23,0.24195710916946037,0.06849885582830659,0.5807910063062031
2025,3,AMER INST AERONAUTICS ASTRONAUTICS,12,0.0,0.0,0.7775575444288858
2025,3,AMER ECONOMIC ASSOC,38,0.05749422942806445,0.008189285096345223,0.3106656345227618
2025,3,ACADEMIC PRESS INC ELSEVIER SCIENCE,917,0.2737421117618412,0.23074174531842664,0.32140777224299044
2025,3,AMER METEOROLOGICAL SOC,48,0.07454173689902385,0.01567056035115333,0.28952690385279345
2025,3,AMER ASSOC ADVANCEMENT SCIENCE,415,0.12069745084254271,0.07453379534730487,0.18959573967455332
2025,3,"AMER PSYCHIATRIC PUBLISHING, INC",14,0.1467887520131566,0.014908953367724779,0.6616703566700338
2025,3,AMER ROENTGEN RAY SOC,10,0.0443007462239166,6.765495028719159e-09,0.999996851391779
2025,3,AMER PUBLIC HEALTH ASSOC INC,27,0.049545358085978854,0.0010620853889289122,0.7187671693520442
2025,3,AMER SOC HEMATOLOGY,26,0.30196439742186376,0.08467402169649148,0.6691956693964494
2025,3,ACADEMIC PRESS LTD- ELSEVIER SCIENCE LTD,562,0.2756731633013027,0.220898702125691,0.33813493802981953
2025,3,AMER SOC NEURORADIOLOGY,23,0.2760070785387645,0.09442887309667142,0.5822480519759804
2025,3,ANNALS FAMILY MEDICINE,11,0.0,0.0,0.7094049971995277
2025,3,AMER PHYSIOLOGICAL SOC,123,0.22985336174609314,0.13574491471119093,0.36188586029203923
2025,3,AMER SOC CLINICAL INVESTIGATION INC,105,0.2966169395438332,0.17097521940421137,0.46302045326106706
2025,3,ASCE-AMER SOC CIVIL ENGINEERS,19,0.2993507100133666,0.09912923964347863,0.6239044718483446
2025,3,AMER SOC PHARMACOLOGY EXPERIMENTAL THERAPEUTICS,25,0.11399739734756331,0.018790867947527042,0.4636457849605801
2025,3,AMER THORACIC SOC,48,0.2932687468149885,0.10338237439515269,0.5989454055408152
2025,3,AMER SPEECH-LANGUAGE-HEARING ASSOC,57,0.31763882073484623,0.17241355398071817,0.5098310549620297
2025,3,AMER SOC NEPHROLOGY,72,0.13357652707964898,0.046871049289773994,0.3258427543647709
2025,3,BENTHAM SCIENCE PUBL LTD,13,0.2186846090875894,0.028973970555434644,0.724173452199784
2025,3,AMER PSYCHOLOGICAL ASSOC,119,0.07765589759366706,0.031133619269444617,0.18072796025981708
2025,3,BIOSCIENTIFICA LTD,20,0.23891107298479694,0.03212057577675673,0.748060164258641
2025,3,ASSOC RESEARCH VISION OPHTHALMOLOGY INC,58,0.17830733448612887,0.07579414521595647,0.3647510797451409
2025,3,AMER SOC MICROBIOLOGY,129,0.2674786020666941,0.17444733582808522,0.38687295664900767
2025,3,ANNUAL REVIEWS,81,0.16807374239720138,0.06458598967412911,0.3715226302081153
2025,3,BAISHIDENG PUBLISHING GROUP INC,71,0.3256265179790605,0.19377086974718716,0.4924069797455332
2025,3,AMER PHYTOPATHOLOGICAL SOC,93,0.05985956485627602,0.020379148142506784,0.16309159212331029
2025,3,AIP Publishing,604,0.07559518314750313,0.04557055624249022,0.12285547202046271
2025,3,ASSOC COMPUTING MACHINERY,142,0.1000844577709913,0.03965002324308153,0.2305218729504278
2025,2,WILEY-V C H VERLAG GMBH,2086,0.27513024866630986,0.2464254511739743,0.3058217607930841
2025,3,AMER GEOPHYSICAL UNION,514,0.06335957113646684,0.03387508950483584,0.11544057980218678
2025,3,BRILL,28,0.0,0.0,0.38688814768969293
2025,3,BRITISH EDITORIAL SOC BONE & JOINT SURGERY,35,0.14480107659552968,0.033752005124226325,0.4507686116190832
2025,2,SPRINGER,2003,0.16215742550426337,0.13864163717451136,0.1887876503570387
2025,3,CHINESE JOURNAL NATURAL MEDICINES,10,1.0,0.3745825872959049,1.0
2025,3,CLEVELAND CLINIC,10,0.02677085512817167,2.6990967987396994e-11,0.9999999643282702
2025,3,CMA-CANADIAN MEDICAL ASSOC,24,0.31406004166680607,0.08677297892489391,0.6881055473488231
2025,3,"COLD SPRING HARBOR LAB PRESS, PUBLICATIONS DEPT",50,0.0,0.0,0.2741897654418623
2025,3,COLL AMER PATHOLOGISTS,16,0.10332325401826359,0.014925497069067524,0.467042950891558
2025,3,CURRENT MEDICINE GROUP,15,0.7034468909845921,0.2619244941822083,0.9406724929573583
2025,3,COPERNICUS GESELLSCHAFT MBH,23,0.12348726878351456,0.027471403155778503,0.4126860383973839
2025,3,CURRENT BIOLOGY LTD,33,0.12124728038024156,0.016084802668610346,0.5380070275517103
2025,3,EDIZIONI MINERVA MEDICA,14,0.0,0.0,0.2343525126889073
2025,3,CHURCHILL LIVINGSTONE,165,0.2887499841649828,0.1902740998475598,0.412244247022486
2025,3,AMER MEDICAL ASSOC,527,0.019770702800974503,0.005824667594702086,0.06492712247556086
2025,3,EDP SCIENCES S A,14,0.20471824757239238,0.03388868816601119,0.6538654738552949
2025,3,DUKE UNIV PRESS,16,0.07192867611388135,0.005403898763674823,0.5250661945414166
2025,3,COMPANY BIOLOGISTS LTD,40,0.048505407839151055,0.0070036664285307885,0.26925134835037523
2025,3,EDUCATIONAL PUBLISHING FOUNDATION-AMERICAN PSYCHOLOGICAL ASSOC,33,0.11663716076918022,0.030068291998482495,0.35994986699884474
2025,3,CAMBRIDGE UNIV PRESS,195,0.030167821380475673,0.006797387790873476,0.12386823489277209
2025,3,DOVE MEDICAL PRESS LTD,183,0.27499308104057635,0.18765885175890137,0.38377024201848525
2025,3,CELL PRESS,634,0.1943289207591954,0.13860321083771013,0.2655523423336744
2025,2,OXFORD UNIV PRESS,2205,0.12391137627699335,0.10515670538363281,0.14546718693285315
2025,3,ELSEVIER ESPANA,16,0.0,0.0,0.5685507890070232
2025,3,ELSEVIER INC,18,0.3369112557079751,0.11219008945744365,0.6713692374434982
2025,3,ELSEVIER ADVANCED TECHNOLOGY,75,0.43660091293498454,0.28628875826287187,0.5995379120348778
2025,3,"ELSEVIER MASSON, CORP OFF",13,0.0,0.0,0.7108577355958263
2025,3,ELSEVIER GMBH,145,0.3880383453139674,0.26831324609497964,0.5230003659289417
2025,3,AMER PHYSICAL SOC,995,0.08072448052890337,0.05863087802869303,0.1101691813056517
2025,3,ELSEVIER FRANCE-EDITIONS SCIENTIFIQUES MEDICALES ELSEVIER,176,0.16900889738587355,0.09602445384821666,0.2802673142812974
2025,3,ELSEVIER SCIENCE SA,24,0.2854286558370458,0.0836327696468414,0.6361286124338917
2025,3,EUROPEAN RESPIRATORY SOC JOURNALS LTD,26,0.0,0.0,0.39288355140776177
2025,3,ELSEVIER TAIWAN,20,0.36797062142646203,0.13591240214919417,0.683044369126947
2025,3,ELSEVIER SCIENCE LONDON,35,0.0,0.0,0.2329259085233744
2025,3,FOUNDATION REHABILITATION INFORMATION,12,0.38053317763543276,0.07722975947401998,0.8184711949263759
2025,3,EUROPEAN MATHEMATICAL SOC-EMS,37,0.0,0.0,0.3961620892356684
2025,3,FERRATA STORTI FOUNDATION,32,0.0,0.0,0.7646796315083737
2025,3,EUR CENTRE DIS PREVENTION & CONTROL,20,0.1486702327815545,0.02620981908544926,0.5311904294931316
2025,3,EXCERPTA MEDICA INC-ELSEVIER SCIENCE INC,13,0.12398608769066305,0.017756063276588695,0.525649319396851
2025,3,EMERALD GROUP PUBLISHING LTD,38,0.23697037057212827,0.08905385565465368,0.4966297946936633
2025,3,ENDOCRINE SOC,54,0.12677470067584,0.037030562668320895,0.35404950747672226
2025,3,HARBORSIDE PRESS,111,0.0,0.0,0.7420148291021754
2025,3,BMJ PUBLISHING GROUP,771,0.12175380418585363,0.08865968590389407,0.16496493214588348
2025,3,"GEOLOGICAL SOC AMER, INC",63,0.0,0.0,0.15320920023536502
2025,2,NATURE PORTFOLIO,4953,0.20770216501802413,0.19017125453752165,0.22639736416350767
2025,3,HUMANA PRESS INC,15,0.0,0.0,0.6652345438662216
2025,3,GEORG THIEME VERLAG KG,74,0.17393936962696904,0.06184716002413722,0.4021112104380817
2025,3,IGI GLOBAL,18,0.6057484033549476,0.2607607843234482,0.8700011596978479
2025,3,INT UNION CRYSTALLOGRAPHY,20,0.0,0.0,0.15847071976502528
2025,3,INT UNION AGAINST TUBERCULOSIS LUNG DISEASE (I U A T L D),11,0.08319781074213345,0.0024610538960635514,0.7694769465215107
2025,3,INT SOC GLOBAL HEALTH,32,0.5747107353166752,0.339188285078457,0.7805900403691043
2025,3,ELSEVIER IRELAND LTD,533,0.22001661274278142,0.17159251712169138,0.2775280578533664
2025,3,IEEE-INST ELECTRICAL ELECTRONICS ENGINEERS INC,55,0.08023655172323767,0.010012774050508976,0.42936452595537344
2025,3,JOHN WILEY & SONS INC,17,0.0,0.0,0.5222625069970884
2025,3,KARGER,13,0.0,0.0,0.5454083101034549
2025,3,INFORMS,63,0.027423308569065434,0.003385864649199886,0.1896391101254056
2025,3,IOP Publishing Ltd,83,0.20719407186061467,0.1018272909583368,0.3759531529574898
2025,3,KOREAN DIABETES ASSOC,14,0.13711405377928107,0.018264977426279694,0.5757613607810668
2025,3,KEAI PUBLISHING LTD,40,0.36300298868652375,0.1958057677742936,0.5715088398367403
2025,3,KERMAN UNIV MEDICAL SCIENCES,18,0.15124172823397236,0.028320281290517,0.5214014169237222
2025,3,LIFE SCIENCE ALLIANCE LLC,15,0.0,0.0,0.4585146190865989
2025,3,IVYSPRING INT PUBL,132,0.47006017589284305,0.34504285801881274,0.5989508817752413
2025,3,KOREAN SPINAL NEUROSURGERY SOC,28,0.30598211925704993,0.09702284774209077,0.6440093182260196
2025,3,"JMIR PUBLICATIONS, INC",141,0.20335112881245698,0.12617792383355697,0.31092982035495453
2025,3,JOHN WILEY & SONS LTD,137,0.29432321550657986,0.19122667190845888,0.4238719922575513
2025,3,MASSACHUSETTS MEDICAL SOC,39,0.0,0.0,0.39480697310815976
2025,3,MANAGED CARE & HEALTHCARE COMMUNICATIONS LLC,10,0.42586932373540354,0.07047334801848788,0.8788933418317575
2025,3,"MARY ANN LIEBERT, INC",120,0.13797464245638613,0.06159125393443567,0.2807460843356647
2025,3,ELSEVIER SCI LTD,1276,0.2284652361974295,0.1922095524565162,0.2692799524654435
2025,3,ELSEVIER SCIENCE INC,695,0.13747655023719432,0.10221597491607926,0.18242904387279862
2025,3,MICROBIOLOGY SOC,18,0.15685875428294593,0.03745047647879827,0.47078047776068827
2025,3,Medical Journal Sweden AB,12,0.0,0.0,0.7291078600202547
2025,3,MIT PRESS,43,0.06343403449521526,0.011810162225562082,0.27737412874497486
2025,2,MDPI,7267,0.24720790726830583,0.23187412402236438,0.263208243219577
2025,3,MOSBY-ELSEVIER,145,0.13364565088261213,0.06896825640616763,0.24313700170164076
2025,3,NATURE PUBL GROUP,23,0.5049747988150841,0.2503503492499536,0.7570446099375294
2025,3,FRONTIERS MEDIA SA,1704,0.256065212663843,0.22610000830475838,0.28852116562029584
2025,3,NATL ACAD SCIENCES,347,0.10131546860109522,0.06060787172364087,0.16457451512324922
2025,3,BMC,3211,0.20194696701179624,0.181774499906323,0.22374591516929584
2025,3,PEERJ INC,53,0.33936414625391687,0.18913296559947965,0.5308098270956608
2025,3,PHYSICIANS POSTGRADUATE PRESS,11,0.033530069322517994,1.31299339182077e-06,0.9989103239572656
2025,3,PROJECT HOPE,16,0.0,0.0,0.6364662621404548
2025,1,WILEY,7912,0.12944358019843158,0.11823067701427911,0.14154919640908986
2025,3,ELSEVIER,3829,0.29722601479164784,0.2751649626853696,0.32027426406352205
2025,3,RADIOLOGICAL SOC NORTH AMERICA (RSNA),59,0.0,0.0,0.33176961401448496
2025,3,ROCKEFELLER UNIV PRESS,51,0.14929901294538198,0.037618676405996886,0.4407030895395087
2025,3,SCIPOST FOUNDATION,40,0.0,0.0,0.23993441071212468
2025,3,"SOC ECONOMIC GEOLOGISTS, INC",17,0.0,0.0,0.547902794037504
2025,3,SCIENCE PRESS,48,0.2316601297673298,0.09396031452097925,0.46711975234655034
2025,3,SOC EXPLORATION GEOPHYSICISTS - SEG,34,0.301963581715245,0.11433198147685622,0.5917745489971975
2025,3,SHANGHAI JIAO TONG UNIV PRESS,34,0.3233005650418653,0.1334397610191516,0.5971470828203933
2025,3,SPANDIDOS PUBL LTD,22,0.0,0.0,0.48025893229249905
2025,3,SOC NUCLEAR MEDICINE INC,29,0.0,0.0,0.46749292333734827
2025,3,SOC PETROLEUM ENG,54,0.26455311991631375,0.11620003029820367,0.4960113719279182
2025,3,SOC NEUROSCIENCE,58,0.14619971138528715,0.06662076819603542,0.2911815942225182
2025,3,SIAM PUBLICATIONS,67,0.09444485175747667,0.03165125019958231,0.24969314180284918
2025,3,ROYAL SOC,200,0.08601060967803055,0.041823795820451336,0.16866331250525612
2025,3,SPRINGER BASEL AG,107,0.3567831344174812,0.23387304900787595,0.5019654471838705
2025,3,SPRINGER LONDON LTD,51,0.27225998674163354,0.14312911125746747,0.45590666947057046
2025,3,SPRINGER INT PUBL AG,53,0.16717977341117748,0.06139595028811094,0.3812027412538634
2025,3,SPRINGER JAPAN KK,31,0.13400459352927416,0.027732687501329723,0.4563632871622171
2025,3,OXFORD UNIV PRESS INC,583,0.10960718699910264,0.07538774636404563,0.15672640078830666
2025,3,SPRINGER SINGAPORE PTE LTD,22,0.39388447201416676,0.15819601511905465,0.6920426748262246
2025,3,SPRINGER-VERLAG ITALIA SRL,77,0.13730933953242833,0.055859937319362604,0.2998079386933722
2025,3,SPRINGER/PLENUM PUBLISHERS,115,0.2316646125446825,0.1368442973194689,0.36444569852794595
2025,3,SPRINGER WIEN,116,0.22262398637590897,0.1396447942321488,0.3356730883631328
2025,3,THIEME MEDICAL PUBL INC,15,0.28690356456813854,0.06460471749048782,0.700932173560479
2025,3,TSINGHUA UNIV PRESS,27,0.46707375033206566,0.18575668491217975,0.7710112002991113
2025,3,VEREIN FORDERUNG OPEN ACCESS PUBLIZIERENS QUANTENWISSENSCHAF,30,0.0,0.0,0.23943024757551437
2025,3,US DEPT HEALTH HUMAN SCIENCES PUBLIC HEALTH SCIENCE,25,0.14156644448510633,0.014255292502367052,0.6528496662555127
2025,3,VILNIUS GEDIMINAS TECH UNIV,20,0.18676079039285312,0.030402353235117273,0.6271402331556787
2025,3,W B SAUNDERS CO LTD,74,0.17002839500572456,0.07593183151023523,0.338071034370749
2025,3,SAGE PUBLICATIONS LTD,525,0.11879703336816091,0.08146215801657555,0.17007460985287196
2025,3,W B SAUNDERS CO-ELSEVIER INC,128,0.155265110304097,0.07539065331961925,0.2929520436988141
2025,3,SPRINGER HEIDELBERG,391,0.1576868760928912,0.11037078213209853,0.22026516507017552
2025,3,TAYLOR & FRANCIS INC,423,0.22567091042894905,0.16387089487180334,0.3023495889457757
2025,3,WALTER DE GRUYTER GMBH,136,0.11071942241159792,0.05295220892825096,0.2170625456526636
2025,3,"ROUTLEDGE JOURNALS, TAYLOR & FRANCIS LTD",1138,0.12648817538725413,0.09475489556825742,0.16688962840967328
2025,3,PERGAMON-ELSEVIER SCIENCE LTD,1195,0.2262648442271865,0.19086473455760236,0.2660716499743605
2025,3,PUBLIC LIBRARY SCIENCE,1363,0.15291082755450158,0.12522498118105144,0.18542027111280654
2025,3,"WILEY PERIODICALS, INC",21,0.16024103615661026,0.021528275247235766,0.6233409410236349
2025,3,SAGE PUBLICATIONS INC,838,0.10296144321152723,0.0715613381316538,0.14597324502898648
2025,3,LIPPINCOTT WILLIAMS & WILKINS,1889,0.09837545868861826,0.07949048105392778,0.12115651887074004
2025,3,AMER CHEMICAL SOC,4667,0.22586501715265114,0.20711986028066312,0.245780791684588
2025,3,SPRINGERNATURE,1039,0.22142939193991087,0.18371686012463273,0.2643760896144891
2025,3,ZHEJIANG UNIV PRESS,11,0.7081415059790489,0.11046646765490119,0.9793411230961913
2025,4,ACAD MEDICINE SINGAPORE,14,0.0,0.0,0.7179839757841898
2025,3,WORLD SCIENTIFIC PUBL CO PTE LTD,36,0.04952814835630402,0.0014971289248986125,0.6442533050660798
2025,3,eLIFE SCIENCES PUBL LTD,145,0.0,0.0,0.11486575365081382
2025,3,WOLTERS KLUWER MEDKNOW PUBLICATIONS,68,0.1779665334511657,0.06708290960668294,0.3946077989197396
2025,3,TAYLOR & FRANCIS LTD,952,0.25206097913503106,0.20705206697017597,0.3031138541726868
2025,4,ACTA DERMATO-VENEREOLOGICA,16,0.08376564407720448,0.0017391034889359827,0.827519210304262
2025,4,AKADEMIAI KIADO ZRT,12,0.42833386568489523,0.1159785577786585,0.8105782105694381
2025,4,AME PUBLISHING COMPANY,20,0.20264061692046345,0.0448222324593644,0.5791902794526349
2025,4,AMER ACAD SLEEP MEDICINE,17,0.0022363841935407066,2.046909136575072e-59,1.0
2025,4,AMER ACAD PEDIATRICS,40,0.02531599620823504,0.00042533306356556754,0.6132179037440563
2025,4,ADIS INT LTD,103,0.16782686242027842,0.09003060360988287,0.2913257355389485
2025,4,ACOUSTICAL SOC AMER AMER INST PHYSICS,76,0.09815151628743655,0.025670822978097092,0.3101380122300584
2025,2,WILEY,6476,0.1507751512262805,0.13761670840094067,0.16495110591553022
2025,4,ACADEMIC PRESS LTD- ELSEVIER SCIENCE LTD,431,0.26597149111600704,0.20822523292825404,0.3329970447746911
2025,4,AMER ASSOC ADVANCEMENT SCIENCE,426,0.1336349142822606,0.08450350753968396,0.20493741732128923
2025,3,OXFORD UNIV PRESS,1811,0.11546608881293348,0.09377821063419539,0.14138713248315604
2025,4,ACADEMIC PRESS INC ELSEVIER SCIENCE,619,0.3443393512756292,0.29081447723121,0.4021295585041205
2025,4,AIP Publishing,486,0.0840563275422952,0.04955305002555256,0.13906866760378395
2025,4,AMER ASSOC NEUROLOGICAL SURGEONS,53,0.058967845185605376,0.015185795915310555,0.20296297879957068
2025,4,AMER COLL PHYSICIANS,19,0.0,0.0,0.5410640102720011
2025,4,AMER ECONOMIC ASSOC,16,0.08941799083371706,0.012284075744002493,0.4367327467127218
2025,4,AMER INST AERONAUTICS ASTRONAUTICS,10,0.028780315364622028,2.1375192118717242e-07,0.9997566405179823
2025,4,AMER DIABETES ASSOC,55,0.17084775436542124,0.06674075808340352,0.3725261598015756
2025,3,SPRINGER,2018,0.1350162195546841,0.11366559879104696,0.15965488176568668
2025,4,"AMER OCCUPATIONAL THERAPY ASSOC, INC",17,0.1589494951719024,0.029699806016939185,0.5385072429542307
2025,4,"AMER PSYCHIATRIC PUBLISHING, INC",17,0.25205740635365553,0.057910576186634095,0.6488211449533333
2025,4,AMER ROENTGEN RAY SOC,17,0.0,0.0,0.594087785907976
2025,4,AMER PUBLIC HEALTH ASSOC INC,11,0.0,0.0,0.504662160330882
2025,4,AMER SOC HEMATOLOGY,22,0.0,0.0,0.5136023507371603
2025,4,AMER SOC NEURORADIOLOGY,30,0.36019239309564743,0.17176067431895847,0.6044738886018824
2025,4,AMER PHYSIOLOGICAL SOC,127,0.31207472757926663,0.20115933959499888,0.44971781110559256
2025,4,AMER SOC NEPHROLOGY,50,0.16598491173947394,0.041339903711974595,0.47876257199846506
2025,4,ASIAN-AUSTRALASIAN ASSOC ANIMAL PRODUCTION SOC,31,0.0,0.0,0.10439241190124013
2025,4,AMER THORACIC SOC,22,0.23257677944403266,0.061622642186844795,0.5830937819740221
2025,4,ASCE-AMER SOC CIVIL ENGINEERS,60,0.35174994883581134,0.20995975435837896,0.5255916460682363
2025,4,AMER METEOROLOGICAL SOC,57,0.025548093471197835,0.0018202160217312701,0.2737564218794785
2025,4,AMER PHYTOPATHOLOGICAL SOC,83,0.07080559522753152,0.017271548371972218,0.2483395716759563
2025,4,AMER SOC CLINICAL INVESTIGATION INC,95,0.24271978290107732,0.12813106406654665,0.41142780562779907
2025,4,BENTHAM SCIENCE PUBL LTD,18,0.4064892223907599,0.13511036277012667,0.7501690420591227
2025,4,BAISHIDENG PUBLISHING GROUP INC,52,0.20644493629015234,0.08126455846432072,0.43347423647002853
2025,4,ASSOC RESEARCH VISION OPHTHALMOLOGY INC,80,0.18493926726322185,0.08746571257371229,0.34944231219032934
2025,4,AMER SPEECH-LANGUAGE-HEARING ASSOC,62,0.11061147677923033,0.03263142174034393,0.31438093700698616
2025,4,AMER SOC MICROBIOLOGY,181,0.23351168215267543,0.15491845535638957,0.3361183734694996
2025,4,ANNUAL REVIEWS,121,0.012555960944995781,5.1383497670749086e-05,0.7588332611969801
2025,4,AMER PSYCHOLOGICAL ASSOC,160,0.0536831585752559,0.01966459692194188,0.13825240661178356
2025,4,ASSOC COMPUTING MACHINERY,175,0.2098785416218741,0.13382015992285534,0.31351877476769346
2025,4,BRILL,24,0.0,0.0,0.46830774207971015
2025,4,BRAZILIAN SOC UROL,11,0.07363560821637369,0.00037316621610519355,0.9442142940721971
2025,4,BRITISH INST RADIOLOGY,10,0.0,0.0,0.7338495147436999
2025,4,BRITISH EDITORIAL SOC BONE & JOINT SURGERY,39,0.022897630281788428,5.098635245349422e-05,0.915039871367597
2025,4,AMER MEDICAL ASSOC,430,0.06054290960328988,0.03350896710644646,0.10697297409438565
2025,4,CHINESE JOURNAL NATURAL MEDICINES,10,0.7565375963156068,0.19973130663609806,0.974804067927009
2025,4,CHURCHILL LIVINGSTONE INC MEDICAL PUBLISHERS,20,0.07775306062903069,0.01092632849283152,0.391513025639649
2025,3,WILEY-V C H VERLAG GMBH,2535,0.26899134971159416,0.24315504821758765,0.2964974198360772
2025,4,"COLD SPRING HARBOR LAB PRESS, PUBLICATIONS DEPT",35,0.24987326905261434,0.09931309797269917,0.5015759019498633
2025,4,COMPANY BIOLOGISTS LTD,31,0.19488642474513065,0.04566686932694783,0.5504544244615355
2025,4,CURRENT MEDICINE GROUP,13,0.40569842153816504,0.0978814544907265,0.81114008190807
2025,4,CHURCHILL LIVINGSTONE,104,0.2762966245359424,0.16324900598969364,0.42762118043843705
2025,4,CURRENT BIOLOGY LTD,33,0.09280707210986212,0.008949031729382358,0.5368222239121273
2025,4,CAMBRIDGE UNIV PRESS,105,0.03916749178027502,0.00973050629168076,0.14464986599086183
2025,4,DUKE UNIV PRESS,21,0.0,0.0,0.5044982280570368
2025,4,EDUCATIONAL PUBLISHING FOUNDATION-AMERICAN PSYCHOLOGICAL ASSOC,26,0.26040304949027615,0.10662852738806447,0.5094743356106851
2025,4,EDIZIONI MINERVA MEDICA,40,0.09513318667715692,0.02553674519760512,0.29666048866688627
2025,4,AMER GEOPHYSICAL UNION,602,0.09316324774562898,0.06103547548596918,0.13968654659279459
2025,4,DOVE MEDICAL PRESS LTD,224,0.276767404695717,0.19482718805869817,0.37703252285643785
2025,4,ELSEVIER ESPANA SLU,12,0.07887404832760049,0.002663354267997055,0.7330226906506124
2025,4,ELSEVIER INC,20,0.030012703138878435,3.043301697992007e-05,0.9691901842788667
2025,4,"ELSEVIER MASSON, CORP OFF",12,0.0893211665139737,0.0017693436120211478,0.8444176599132364
2025,4,ELSEVIER ADVANCED TECHNOLOGY,45,0.4958142014422793,0.30096636224088974,0.691941814060481
2025,4,CELL PRESS,627,0.23175102870589365,0.17785771698080943,0.296093375065411
2025,4,ELSEVIER GMBH,115,0.41054246381525383,0.27623497888237836,0.5596565434388461
2025,4,ELSEVIER FRANCE-EDITIONS SCIENTIFIQUES MEDICALES ELSEVIER,147,0.25474125171426865,0.15724494239181214,0.3850673116432657
2025,4,ELSEVIER SCIENCE SA,19,0.5219189736100326,0.2361352579054036,0.7940397303335222
2025,4,ENDOCRINE SOC,48,0.0,0.0,0.24857460121506203
2025,4,ELSEVIER TAIWAN,17,0.2220240674951417,0.05373478512974214,0.5891960103132856
2025,4,EUR CENTRE DIS PREVENTION & CONTROL,17,0.21112120810759052,0.0370489474891055,0.6505373659423702
2025,4,ELSEVIER SCIENCE LONDON,22,0.18416983019257488,0.036426771868716026,0.5741121520092529
2025,4,EXCERPTA MEDICA INC-ELSEVIER SCIENCE INC,17,0.21667691016131382,0.04755948003708807,0.6051022874742712
2025,4,EUROPEAN RESPIRATORY SOC JOURNALS LTD,25,0.17009870300632457,0.044002013925544266,0.47718201105079383
2025,4,EUROPEAN MATHEMATICAL SOC-EMS,28,0.09744219854623093,0.024793171312352497,0.314348892058915
2025,4,FERRATA STORTI FOUNDATION,44,0.040577153448629596,0.000796170040109648,0.6918212957467436
2025,4,BMJ PUBLISHING GROUP,739,0.09425397695295033,0.06574252763946287,0.13336527513638566
2025,4,FUTURE MEDICINE LTD,19,0.6206185651048657,0.14279485721669116,0.9413991107727004
2025,4,GEORG THIEME VERLAG KG,31,0.0,0.0,0.3296456924291056
2025,4,"GEOLOGICAL SOC AMER, INC",40,0.0,0.0,0.19599960417459397
2025,4,HUMANA PRESS INC,12,0.2696590287108906,0.0440884244867766,0.7472051974620385
2025,4,IGI GLOBAL,15,0.5870594875977373,0.18570541597828807,0.8986037250238554
2025,4,INST MATHEMATICAL STATISTICS-IMS,16,0.0,0.0,0.5454039217763191
2025,4,IEEE-INST ELECTRICAL ELECTRONICS ENGINEERS INC,19,0.04420184944165266,0.00015668911006902925,0.9317272852704137
2025,4,INT UNION CRYSTALLOGRAPHY,13,0.0,0.0,0.7584419886020807
2025,4,INT SOC GLOBAL HEALTH,23,0.12694173765554373,0.01730095020309775,0.5456211019450599
2025,4,INFORMS,68,0.059374209692177396,0.010379771327247074,0.2752975871552596
2025,4,JOHN WILEY & SONS INC,16,0.02193345250671393,1.8456968780895522e-11,0.999999963298554
2025,4,JOHN BENJAMINS PUBLISHING CO,16,0.35108524359520465,0.09922254113442792,0.7265817638990666
2025,4,IOP Publishing Ltd,87,0.1640975341010155,0.06806163380558723,0.3454163401128854
2025,4,KARGER,11,0.1739495872228179,0.026846169944033216,0.6164810268141929
2025,4,KEAI PUBLISHING LTD,24,0.4647400294948511,0.19964607327236766,0.7513749971009858
2025,4,KOREAN SOC LABORATORY MEDICINE,12,0.2600134876845835,0.04251433017506285,0.7354928716458856
2025,4,Korean Pediatric Soc,12,0.18927073667618083,0.023053006416723983,0.697859317841163
2025,4,LIFE SCIENCE ALLIANCE LLC,13,0.0699833767515506,2.1121256571059303e-05,0.9962837612120234
2025,4,ELSEVIER IRELAND LTD,448,0.2878205051770347,0.22712555991641292,0.35723800517239
2025,4,IVYSPRING INT PUBL,107,0.3639091962669985,0.23404465295888346,0.5171777497565762
2025,4,JOHN WILEY & SONS LTD,114,0.28652347938518663,0.17664019256477662,0.42913538071870694
2025,4,"JMIR PUBLICATIONS, INC",114,0.15938382480094693,0.08678532980937834,0.27446085610908477
2025,4,MASSACHUSETTS MEDICAL SOC,21,0.0,0.0,0.4947918177699698
2025,4,AMER PHYSICAL SOC,923,0.04150623653287287,0.024657792553287997,0.06905201714306976
2025,4,"MARY ANN LIEBERT, INC",141,0.11219370958098529,0.05371538288227282,0.21956393871324123
2025,3,NATURE PORTFOLIO,5785,0.2000912687467287,0.18387167023300274,0.2173605675931657
2025,4,ELSEVIER SCI LTD,1065,0.20980403245973606,0.17317170451593913,0.2518253438403611
2025,4,ELSEVIER SCIENCE INC,984,0.15279113225113294,0.12104471106283585,0.19105388452304256
2025,4,MIT PRESS,37,0.0,0.0,0.29181635338453565
2025,4,MICROBIOLOGY SOC,18,0.34079389446211816,0.10750566372120386,0.6893238018660517
2025,4,NATURE PUBL GROUP,26,0.4203372423351523,0.18080456919739044,0.704355959247833
2025,4,NATL ACAD SCIENCES,299,0.07199734254389915,0.03628882711637487,0.13781840071154877
2025,4,PHYSICIANS POSTGRADUATE PRESS,11,0.0,0.0,0.7236178386002459
2025,4,PEERJ INC,52,0.39817358246208245,0.24058006031463688,0.5801380076656817
2025,4,PROJECT HOPE,18,0.0,0.0,0.3274553631821795
2025,4,MOSBY-ELSEVIER,257,0.12234586887170491,0.07585214047463994,0.19143465544410831
2025,4,FRONTIERS MEDIA SA,1621,0.28219864994916916,0.24920436621998102,0.31771276245571006
2025,4,LIPPINCOTT WILLIAMS & WILKINS,1162,0.11858876481526295,0.09164987907290982,0.1521198169160027
2025,4,RADIOLOGICAL SOC NORTH AMERICA (RSNA),62,0.21778678644535215,0.03451258791139614,0.6844043970899836
2025,4,ROCKEFELLER UNIV PRESS,48,0.12527581433846507,0.025226833498630075,0.44213911391639626
2025,4,ROY COLL PHYS LONDON EDITORIAL OFFICE,14,0.21655480892894852,0.03466331502678895,0.6802846295966887
2025,4,SEPM-SOC SEDIMENTARY GEOLOGY,10,0.0,0.0,0.6734821334747095
2025,4,SCIPOST FOUNDATION,30,0.0,0.0,0.3749474749363731
2025,4,SOC NUCLEAR MEDICINE INC,15,0.0,0.0,0.72682617795034
2025,4,AMER CHEMICAL SOC,4531,0.25389809499682664,0.23410729771617378,0.274761747216745
2025,4,SCIENCE PRESS,27,0.18433464118569326,0.05146205425761084,0.48489818029924764
2025,4,SHANGHAI JIAO TONG UNIV PRESS,38,0.39280197319821164,0.20223354712749086,0.6227633619368114
2025,4,SOC EXPLORATION GEOPHYSICISTS - SEG,32,0.18610377733281264,0.04630349957364964,0.5185093208782311
2025,4,SPANDIDOS PUBL LTD,18,0.3048019915058596,0.0895687121987256,0.6614681515586855
2025,4,SOC PETROLEUM ENG,42,0.1794645307405342,0.06549031196174149,0.40568334986134974
2025,4,SIAM PUBLICATIONS,71,0.06393408544571418,0.01967428529560223,0.1886059185402116
2025,4,SOC NEUROSCIENCE,56,0.10592884830839118,0.035973645399114615,0.273347710460886
2025,4,ELSEVIER,3242,0.25399756051881317,0.23084020143356546,0.2786364471313876
2025,4,SPRINGER JAPAN KK,20,0.23950245197756476,0.04395851714297861,0.6832474973097455
2025,4,SPRINGER INT PUBL AG,28,0.38787666184402764,0.16864420735281077,0.6643575135766066
2025,4,OXFORD UNIV PRESS INC,569,0.08289396528769663,0.05083236022141641,0.13235793290287826
2025,4,SPRINGER BASEL AG,98,0.3205106395518738,0.19466814148624922,0.47928834920972796
2025,4,ROYAL SOC,270,0.04752787666705699,0.018391431110704147,0.11730720210376433
2025,4,SPRINGER WIEN,68,0.3113680748047581,0.1736687938638854,0.49309626578607296
2025,4,SPRINGER/PLENUM PUBLISHERS,82,0.04436996412435621,0.002502758169188312,0.4621326028996434
2025,4,SPRINGER-VERLAG ITALIA SRL,78,0.0005288437172081775,0.0,0.06937878016080538
2025,4,SPRINGER LONDON LTD,70,0.14095705385477877,0.058289952324650146,0.3031252474195168
2025,4,TAYLOR & FRANCIS AS,10,0.4113416625247272,0.051999439917203516,0.8990105386535189
2025,4,BMC,3043,0.20820011317161588,0.18735776858042247,0.2307028084626074
2025,4,PERGAMON-ELSEVIER SCIENCE LTD,1031,0.24330313233386464,0.20504908874517724,0.28612517087011907
2025,4,US DEPT HEALTH HUMAN SCIENCES PUBLIC HEALTH SCIENCE,27,0.0,0.0,0.45901811746910365
2025,4,VILNIUS GEDIMINAS TECH UNIV,24,0.11817615381862398,0.004940620714467897,0.7834150001657033
2025,4,THIEME MEDICAL PUBL INC,16,0.06196930504003315,8.102540791785972e-05,0.9817716338013961
2025,4,SPRINGER HEIDELBERG,308,0.1502396385390441,0.09893824158311917,0.22159982707987527
2025,4,WAGENINGEN ACADEMIC PUBLISHERS,11,0.3881093561730701,0.09503846209947359,0.7929956454440306
2025,4,TSINGHUA UNIV PRESS,40,0.23823519424618578,0.09783258362920953,0.4742187612124695
2025,4,TERMEDIA PUBLISHING HOUSE LTD,31,0.33797993944113724,0.14956865855544116,0.5970935760044966
2025,4,VEREIN FORDERUNG OPEN ACCESS PUBLIZIERENS QUANTENWISSENSCHAF,41,0.09237850342458444,0.016976071472664035,0.3749503203326026
2025,4,W B SAUNDERS CO LTD,74,0.16804553399164907,0.07690528783430131,0.32873142024785423
2025,4,TAYLOR & FRANCIS INC,367,0.28880748969173103,0.22177500285546667,0.366557620951992
2025,4,W B SAUNDERS CO-ELSEVIER INC,166,0.14373670215070442,0.07502736812076066,0.2578299170962593
2025,4,SAGE PUBLICATIONS LTD,561,0.0978615979119303,0.06630784328688613,0.14214482379507232
2025,4,WALTER DE GRUYTER GMBH,94,0.055838233313901725,0.014161144284235566,0.19581068994158443
2025,4,"ROUTLEDGE JOURNALS, TAYLOR & FRANCIS LTD",1094,0.14571680550220054,0.11165416810152302,0.1879721858675574
2025,4,"WILEY PERIODICALS, INC",17,0.2253808988393045,0.04506321803993673,0.642083732227982
2025,4,ZHEJIANG UNIV PRESS,12,0.26964112990723,0.044784201935475304,0.7440628613292489
2025,4,WROCLAW MEDICAL UNIV,22,0.22782725975465232,0.06489158033455149,0.5564343685870061
2025,4,WORLD SCIENTIFIC PUBL CO PTE LTD,33,0.10583273958295929,0.02356019972286546,0.36732459342344287
2025,5,ACTA DERMATO-VENEREOLOGICA,13,0.0,0.0,0.7215820598017615
2025,4,WOLTERS KLUWER MEDKNOW PUBLICATIONS,68,0.1553849958926247,0.05769836423932948,0.35598041008759923
2025,4,TAYLOR & FRANCIS LTD,848,0.21377752221834537,0.17362417826641335,0.26029202669735346
2025,5,AMER ACCOUNTING ASSOC,11,0.0,0.0,0.9864280408820897
2025,4,eLIFE SCIENCES PUBL LTD,140,0.1634370650140015,0.0911453944145133,0.2756748379519236
2025,4,SPRINGERNATURE,1046,0.23579156760976092,0.19749528868103006,0.278932750859686
2025,5,ACOUSTICAL SOC AMER AMER INST PHYSICS,59,0.1265739518135756,0.03863127621348863,0.3432379933383723
2025,5,AMER ACAD PEDIATRICS,29,0.09898090176263005,0.01628169774554477,0.4216749974962244
2025,5,AMER ASSOC NEUROLOGICAL SURGEONS,50,0.15350726734033798,0.06464824031211625,0.3224040428427553
2025,4,SAGE PUBLICATIONS INC,967,0.11473293998243607,0.0847912902741955,0.15347460569390495
2025,5,ADIS INT LTD,94,0.14505350529801533,0.06454299498884704,0.2943875966504033
2025,5,AMER ASSOC CANCER RESEARCH,137,0.08710775249736422,0.031506322085655285,0.2186774572986804
2025,4,PUBLIC LIBRARY SCIENCE,1809,0.17224965090518105,0.14763575711629723,0.20000427877023308
2025,5,AMER COLL PHYSICIANS,20,0.0,0.0,0.6575344654945549
2025,5,AMER ECONOMIC ASSOC,21,0.0,0.0,0.2148843639469979
2025,5,AMER DIABETES ASSOC,15,0.09665693407430108,0.011092298392689345,0.5051200883557432
2025,5,AMER INST AERONAUTICS ASTRONAUTICS,13,0.05205190617689449,3.215980137607643e-05,0.9894460439837556
2025,5,ACADEMIC PRESS LTD- ELSEVIER SCIENCE LTD,537,0.272832361299668,0.21865443189031705,0.33468428857553767
2025,5,"AMER PSYCHIATRIC PUBLISHING, INC",18,0.0,0.0,0.23044733443959817
2025,5,AMER METEOROLOGICAL SOC,71,0.06100888923127712,0.01659357881032999,0.20011653363992643
2025,5,AMER PUBLIC HEALTH ASSOC INC,16,0.0,0.0,0.6574039726757308
2025,5,AMER ROENTGEN RAY SOC,11,0.019463302142768424,8.442353570934651e-15,0.9999999999785731
2025,5,AMER PHYTOPATHOLOGICAL SOC,58,0.014107526369467103,2.359302049883069e-05,0.8966790959172921
2025,5,AMER SOC HEMATOLOGY,29,0.17147179724992823,0.04137345939561491,0.49809946725395343
2025,5,AMER SOC NEURORADIOLOGY,21,0.5463937864240754,0.2863248526423214,0.7833882496575247
2025,5,AMER THORACIC SOC,10,0.21110598120021706,0.03245657435360002,0.6809875481517321
2025,5,AMER SOC NEPHROLOGY,27,0.06355202096889341,0.0030518363701408945,0.6007245381182641
2025,5,ANNALS FAMILY MEDICINE,11,0.6861098748963181,0.2183277827863575,0.9447695980395053
2025,5,AMER PHYSIOLOGICAL SOC,123,0.29839029272990764,0.19135057029255945,0.4332283366315375
2025,5,AMER SOC CLINICAL INVESTIGATION INC,75,0.27357462206681094,0.13811693687922788,0.4695119288068434
2025,5,ANNUAL REVIEWS,67,0.17759114039470844,0.06656629731639409,0.39536014050949503
2025,5,BENTHAM SCIENCE PUBL LTD,12,0.0,0.0,0.32455739026639296
2025,5,BIOSCIENTIFICA LTD,14,0.0,0.0,0.4314351449425236
2025,5,ASIAN-AUSTRALASIAN ASSOC ANIMAL PRODUCTION SOC,22,0.14069102672113754,0.03094340983589972,0.4563708005272418
2025,5,AMER ASSOC ADVANCEMENT SCIENCE,411,0.08984217275488972,0.050075460290444525,0.15600275325457277
2025,5,AMER SPEECH-LANGUAGE-HEARING ASSOC,54,0.11671118672231752,0.025311122128834945,0.40202726261881055
2025,5,ASCE-AMER SOC CIVIL ENGINEERS,95,0.20478203803016543,0.11083866797135127,0.3472527429352273
2025,5,ASSOC RESEARCH VISION OPHTHALMOLOGY INC,39,0.17630223987011798,0.051703519838953015,0.45659294182299465
2025,5,AMER SOC MICROBIOLOGY,110,0.2709934709358373,0.17271344512363707,0.39827480549343436
2025,5,ACADEMIC PRESS INC ELSEVIER SCIENCE,729,0.23859494217237115,0.19440667559036437,0.2892211898377294
2025,5,AIP Publishing,399,0.06666506041460003,0.03514375790806604,0.12285859150365384
2025,5,AMER PSYCHOLOGICAL ASSOC,126,0.08860303313130713,0.03712858001532279,0.19685117274620287
2025,5,ASSOC COMPUTING MACHINERY,156,0.18176739017404056,0.1043539000787981,0.29753151563457114
2025,5,BRITISH INST RADIOLOGY,14,0.19861830386606324,0.04022419193619868,0.5944340379473504
2025,5,BRITISH EDITORIAL SOC BONE & JOINT SURGERY,48,0.004158137965374721,7.566415523626968e-13,0.9999999566016582
2025,3,MDPI,7479,0.2363673325096695,0.2215338443948898,0.251872685945055
2025,4,SPRINGER,1698,0.17062807434442973,0.1449587924013653,0.19978080768094392
2025,5,AMER GEOPHYSICAL UNION,411,0.09576523794378151,0.056568137166231616,0.15758599773192333
2025,5,AMER MEDICAL ASSOC,358,0.03307380282439906,0.012704823500978546,0.08334259917610451
2025,5,COMPANY BIOLOGISTS LTD,25,0.1945699620706332,0.03500290521362321,0.6166905993876995
2025,5,"COLD SPRING HARBOR LAB PRESS, PUBLICATIONS DEPT",35,0.009705029412936194,1.0750077044187774e-12,0.999999988806987
2025,5,CURRENT MEDICINE GROUP,11,0.179589587733099,0.010010444777270346,0.825750471338238
2025,5,CHURCHILL LIVINGSTONE,102,0.27289067925865534,0.15759544973877807,0.4295267950874619
2025,5,CURRENT BIOLOGY LTD,56,0.1713968571898599,0.057215688117258204,0.41350127339431536
2025,5,DOVE MEDICAL PRESS LTD,122,0.30112829555075066,0.19077159145001593,0.4405679944822496
2025,5,EDUCATIONAL PUBLISHING FOUNDATION-AMERICAN PSYCHOLOGICAL ASSOC,33,0.08645066039362935,0.013911038703846973,0.3883001326492118
2025,5,CAMBRIDGE UNIV PRESS,91,0.03910104642226253,0.0066684718500592995,0.19785319775769883
2025,5,CHURCHILL LIVINGSTONE INC MEDICAL PUBLISHERS,107,0.15826572797093685,0.08030702383951327,0.2881891758772977
2025,5,CELL PRESS,554,0.29481765987243214,0.22617372082930606,0.37422008080062025
2025,5,ELSEVIER ESPANA SLU,22,0.0,0.0,0.39829408803631233
2025,5,ELSEVIER INC,28,0.1553226444583387,0.040685594952332566,0.4436021184203706
2025,5,ELSEVIER ADVANCED TECHNOLOGY,53,0.4671806219864639,0.2845102944670708,0.6590951950290385
2025,5,"ELSEVIER MASSON, CORP OFF",11,0.0,0.0,0.7411244109304003
2025,5,ELSEVIER GMBH,79,0.5241635737518723,0.3428982965083881,0.6992784381089087
2025,5,ELSEVIER FRANCE-EDITIONS SCIENTIFIQUES MEDICALES ELSEVIER,119,0.11861329109429403,0.04785872973970674,0.264872383080887
2025,4,OXFORD UNIV PRESS,1971,0.09831126502019698,0.08000226650109632,0.12026265213930531
2025,5,AMER PHYSICAL SOC,790,0.09253178960329714,0.06518639837299896,0.1297561840995507
2025,5,ELSEVIER SCIENCE LONDON,21,0.0,0.0,0.3218206077874674
2025,4,AMER ASSOC CANCER RESEARCH,6457,0.2111767809959984,0.19745259963295123,0.22558674351660263
2025,5,ELSEVIER SCIENCE SA,13,0.2714194380369137,0.04991035929836977,0.7254108249234511
2025,5,EUROPEAN RESPIRATORY SOC JOURNALS LTD,13,0.0,0.0,0.8137443800073754
2025,5,ENDOCRINE SOC,45,0.0,0.0,0.14090634051827025
2025,5,EUR CENTRE DIS PREVENTION & CONTROL,14,0.0,0.0,0.41097730178042635
2025,5,EXCERPTA MEDICA INC-ELSEVIER SCIENCE INC,16,0.30382685378734625,0.0867772371044688,0.6671570352684453
2025,5,FERRATA STORTI FOUNDATION,26,0.1793339266553389,0.023170081714214315,0.6681250811561411
2025,5,ELSEVIER TAIWAN,23,0.12802969150097307,0.03256214700279143,0.3904346316035031
2025,5,GEORG THIEME VERLAG KG,18,0.0,0.0,0.4408106920311202
2025,5,EUROPEAN MATHEMATICAL SOC-EMS,52,0.03567229679909402,0.005099676279102213,0.21071048858691163
2025,5,HARBORSIDE PRESS,11,0.0,0.0,0.37337747085873846
2025,5,FUTURE MEDICINE LTD,22,0.3453722842350211,0.1180181082726973,0.67534177662284
2025,5,"GEOLOGICAL SOC AMER, INC",22,0.05643445348753298,0.002226750297448374,0.6158122634637907
2025,5,IGI GLOBAL,11,0.1766776906988121,0.006576387448653133,0.874311525384391
2025,5,INFORMS,70,0.0,0.0,0.08608561161763285
2025,5,IEEE-INST ELECTRICAL ELECTRONICS ENGINEERS INC,35,0.16311806022359931,0.037520726480576014,0.4935507318575629
2025,5,BMJ PUBLISHING GROUP,601,0.11712058381275207,0.0805032630124626,0.16736192064895958
2025,5,INT SOC GLOBAL HEALTH,30,0.2371876854084131,0.0834279098091735,0.5150797459680361
2025,5,JOHN WILEY & SONS INC,10,0.28207196009524854,0.01648520369737149,0.9020537455790207
2025,4,WILEY-V C H VERLAG GMBH,2590,0.2772595898024233,0.25127513391605405,0.30483709297423606
2025,5,KOREAN DIABETES ASSOC,12,0.0,0.0,0.6209311263404949
2025,5,IOP Publishing Ltd,81,0.12318216837497874,0.04573642748566231,0.2916828082752675
2025,5,JOHN WILEY & SONS LTD,107,0.32336142505650445,0.2035945332724771,0.4718410246340502
2025,5,"JMIR PUBLICATIONS, INC",109,0.19595360516715685,0.11433545379825251,0.31510566560171743
2025,5,MASSACHUSETTS MEDICAL SOC,21,0.0,0.0,0.21021333137745316
2025,5,ELSEVIER IRELAND LTD,510,0.2587601369553389,0.20295516180054962,0.32367809852934476
2025,5,"MARY ANN LIEBERT, INC",107,0.05071790139399367,0.012024119224612148,0.18998456927890725
2025,3,WILEY,7436,0.14343820938767018,0.13116507356098914,0.15665268571173016
2025,5,FRONTIERS MEDIA SA,659,0.24997804261070206,0.20313482618488404,0.30350908061123955
2025,5,ELSEVIER SCI LTD,943,0.26868977683520356,0.2256802709008905,0.3165450964402
2025,5,MICROBIOLOGY SOC,13,0.1440469589852343,0.01962787943175675,0.5858483867014295
2025,5,MIT PRESS,41,0.21155435914404208,0.09041604723653776,0.42004286552031356
2025,5,NIHR JOURNALS LIBRARY,10,0.0,0.0,0.37436387558866113
2025,5,NATURE PUBL GROUP,15,0.26013850553716666,0.051397250371327044,0.6952771447366574
2025,5,NATL ACAD SCIENCES,272,0.06045874456180748,0.028787589054861555,0.1225758844220627
2025,5,ELSEVIER SCIENCE INC,1159,0.1419196841032364,0.11183349936512021,0.17847339979388935
2025,5,MOSBY-ELSEVIER,319,0.06588650010854182,0.033053135025903714,0.12704954837519133
2025,5,PEERJ INC,34,0.4277720676971055,0.22268840472729742,0.6610941668659078
2025,5,PORTLAND PRESS LTD,12,0.6186167449856589,0.15939271594214183,0.9327748111860636
2025,5,PROJECT HOPE,15,0.1729020331356421,0.026701391078297006,0.6143368970920384
2025,5,AMER CHEMICAL SOC,3978,0.2557676243967038,0.2347845354601139,0.27794485494901267
2025,5,BMC,2700,0.21733963772023476,0.19501876073362487,0.24144897434441545
2025,5,ROCKEFELLER UNIV PRESS,27,0.40528251794822256,0.14470035388337205,0.7329776102338091
2025,5,RADIOLOGICAL SOC NORTH AMERICA (RSNA),46,0.314240192621477,0.09149101930352202,0.6758630529794479
2025,4,NATURE PORTFOLIO,5542,0.2276843459581333,0.2104890414936616,0.24584695371714363
2025,5,SOC BRASIL PEDIATRIA,11,0.0,0.0,0.6868123418346899
2025,5,SCIPOST FOUNDATION,22,0.060174294830223456,0.0006591116998253639,0.8614111002498718
2025,5,ROYAL COLL GENERAL PRACTITIONERS,75,0.29056855113618996,0.1642825954243033,0.4604462550045915
2025,5,SHANGHAI JIAO TONG UNIV PRESS,33,0.31243778779739906,0.14719987155660774,0.544690411493397
2025,5,SCIENCE PRESS,27,0.4169393703311228,0.1738448718691615,0.7084604333234681
2025,5,SOC PETROLEUM ENG,29,0.0,0.0,0.32309701659328
2025,5,SOC EXPLORATION GEOPHYSICISTS - SEG,22,0.3082067745423927,0.10487994093384535,0.6288086213599229
2025,5,SOC NUCLEAR MEDICINE INC,17,0.03820608484901825,8.114910968248098e-05,0.9510855081334184
2025,5,SPIE-SOC PHOTO-OPTICAL INSTRUMENTATION ENGINEERS,10,0.3973214279371031,0.11068759876519708,0.7773794706885564
2025,5,SPANDIDOS PUBL LTD,26,0.0019794180758339257,6.622437301689301e-26,1.0
2025,5,SOC NEUROSCIENCE,43,0.11217145299145356,0.028860763703056447,0.349437331933499
2025,5,SPRINGER INT PUBL AG,14,0.3713131203038253,0.12916625114319757,0.7016516898263492
2025,5,SPRINGER BASEL AG,62,0.36208198515988604,0.20689010791722603,0.5525788464393264
2025,5,SPRINGER LONDON LTD,39,0.11939047517835277,0.03171412092920497,0.35947018473593884
2025,5,SPRINGER JAPAN KK,40,0.09508208570919185,0.010002347115832049,0.522154354182944
2025,5,SPRINGER WIEN,68,0.3498969453175085,0.20981026028087452,0.5217575113549623
2025,5,TAYLOR & FRANCIS AS,13,0.0,0.0,0.4692559014616996
2025,5,ROYAL SOC,214,0.05554056092625916,0.017201418559103742,0.1649862605326494
2025,5,SPRINGER-VERLAG ITALIA SRL,73,0.056033636917590765,0.011390329240785577,0.23420067449374285
2025,5,SIAM PUBLICATIONS,112,0.026120231370152038,0.004390922754772468,0.1402349290667499
2025,5,TERMEDIA PUBLISHING HOUSE LTD,12,0.5708654672473645,0.2373647608129849,0.8504262403620867
2025,5,LIPPINCOTT WILLIAMS & WILKINS,1484,0.11247117485496655,0.08965820068510887,0.14019484352888886
2025,5,TSINGHUA UNIV PRESS,13,0.361442367182513,0.07432669540101951,0.7996058154349927
2025,5,THIEME MEDICAL PUBL INC,13,0.27875965089119165,0.04924217041259013,0.7425498730424199
2025,5,US DEPT HEALTH HUMAN SCIENCES PUBLIC HEALTH SCIENCE,29,0.2819541146425789,0.11553107772355732,0.5413725752631261
2025,5,VEREIN FORDERUNG OPEN ACCESS PUBLIZIERENS QUANTENWISSENSCHAF,32,0.03352199281983282,0.0012931732765278168,0.48162041792009097
2025,5,SAGE PUBLICATIONS INC,574,0.09309867155600444,0.061102809096541505,0.13936197301477465
2025,5,WAGENINGEN ACADEMIC PUBLISHERS,36,0.036540581936405324,0.0005082775397400658,0.738803836728246
2025,5,WALTER DE GRUYTER GMBH,60,0.07086327797998902,0.013235096649697494,0.3024944792091715
2025,5,W B SAUNDERS CO-ELSEVIER INC,132,0.18652216088113607,0.10316659628233706,0.31367103889853265
2025,5,ELSEVIER,2848,0.2859923662825567,0.26037805223637045,0.3130599074716056
2025,5,SAGE PUBLICATIONS LTD,425,0.05954261254534714,0.030284089376234134,0.11375287210787419
2025,5,W B SAUNDERS CO LTD,119,0.1731814795202207,0.0876970853303474,0.31337087132825747
2025,5,SPRINGER/PLENUM PUBLISHERS,114,0.05897223549473152,0.013886002052985494,0.21807477384225257
2025,5,SPRINGER HEIDELBERG,304,0.12881280702285844,0.08124251409090072,0.19822746799551433
2025,5,TAYLOR & FRANCIS INC,379,0.19481492287928334,0.1384794229801895,0.26696671247679016
2025,5,"WILEY PERIODICALS, INC",22,0.4841758449890647,0.18165303113507872,0.7987584147215121
2025,5,"ROUTLEDGE JOURNALS, TAYLOR & FRANCIS LTD",1041,0.11338943144339067,0.08067415274792848,0.15710435229538378
2025,5,WORLD SCIENTIFIC PUBL CO PTE LTD,24,0.049290975605795144,0.000321852098106054,0.8930386654699686
2025,5,WOLTERS KLUWER MEDKNOW PUBLICATIONS,41,0.305912753126713,0.1505705599974449,0.5228684365886802
2025,6,"ADAM MICKIEWICZ UNIV, KALISZ",11,0.0,0.0,0.6267680768180134
2025,5,SPRINGERNATURE,724,0.25189527164094067,0.20514411123762838,0.30520969376564994
2025,6,AME PUBLISHING COMPANY,32,0.2762106088582748,0.03593565418897314,0.7962070079515865
2025,6,AKADEMIAI KIADO ZRT,12,0.11824706535375651,0.01360440081031504,0.5659614928765307
2025,6,AMER ACAD PEDIATRICS,37,0.010073576487039118,3.58377907540722e-07,0.9965511093974373
2025,6,ADIS INT LTD,80,0.1125042864454402,0.029456686050823987,0.34617628638970993
2025,5,eLIFE SCIENCES PUBL LTD,105,0.09579680878924321,0.03566043434408792,0.23285716401688702
2025,6,ACOUSTICAL SOC AMER AMER INST PHYSICS,60,0.04670965514160099,0.008230183787761063,0.22439167807514937
2025,4,MDPI,7366,0.232932934592662,0.21802511597764493,0.24853611919176258
2025,6,AMER ASSOC NEUROLOGICAL SURGEONS,49,0.031801662606405684,0.00454124501539203,0.19126145848156295
2025,6,AMER ASSOC CANCER RESEARCH,128,0.15429572934822525,0.07421452019057877,0.2934027536641276
2025,5,TAYLOR & FRANCIS LTD,821,0.22198045924231716,0.17998219186805994,0.270545555414108
2025,6,AMER COLL PHYSICIANS,36,0.0,0.0,0.6695053934271217
2025,5,PERGAMON-ELSEVIER SCIENCE LTD,1085,0.24683038356806872,0.20934753626481636,0.28857492676473484
2025,6,ACADEMIC PRESS LTD- ELSEVIER SCIENCE LTD,360,0.26656668535776146,0.20101934366249882,0.3442776752988386
2025,6,AMER ECONOMIC ASSOC,43,0.0,0.0,0.21398977316503998
2025,6,AMER INST AERONAUTICS ASTRONAUTICS,11,0.193453389407014,0.003949418867818232,0.9355219298571187
2025,6,"AMER OCCUPATIONAL THERAPY ASSOC, INC",15,0.43846008707232487,0.16347757780768524,0.7572661766750095
2025,6,ACADEMIC PRESS INC ELSEVIER SCIENCE,657,0.34301370425360467,0.2888369981295169,0.40161357618082233
2025,6,AMER ASSOC ADVANCEMENT SCIENCE,422,0.0766342351647346,0.03996200750512245,0.14198265929522338
2025,6,AIP Publishing,452,0.09709200679487773,0.0608579084111048,0.15142112224615809
2025,6,AMER PUBLIC HEALTH ASSOC INC,20,0.050772022428435495,6.437025034858805e-05,0.9779939816478664
2025,6,AMER SOC NEURORADIOLOGY,31,0.0,0.0,0.5231491264621383
2025,6,AMER METEOROLOGICAL SOC,88,0.08002373977803429,0.028130244150997012,0.20723514158774609
2025,6,AMER SOC PHARMACOLOGY EXPERIMENTAL THERAPEUTICS,12,0.27141578523973975,0.06859842136851169,0.6532868157213328
2025,6,AMER SOC HEMATOLOGY,36,0.19472435825429524,0.0630221220727271,0.4650507418794147
2025,6,AMER PHYSIOLOGICAL SOC,98,0.20644073748644715,0.08883174472747447,0.4097385813001792
2025,6,AMER SOC CLINICAL INVESTIGATION INC,107,0.2670175806701502,0.1441178019850929,0.44075149395036556
2025,6,AMER PHYTOPATHOLOGICAL SOC,79,0.10127457377568945,0.03664805974030869,0.25026000957674965
2025,6,AMER THORACIC SOC,37,0.15938974147990204,0.04765160389102912,0.4181100178072599
2025,6,AMER SOC NEPHROLOGY,54,0.20992897802500707,0.08579706631664667,0.42931673990345165
2025,6,ASIAN-AUSTRALASIAN ASSOC ANIMAL PRODUCTION SOC,34,0.12546051879115383,0.033241141434944596,0.37443152342771063
2025,6,AMER SPEECH-LANGUAGE-HEARING ASSOC,60,0.1579445501100022,0.05915157480382046,0.35881183362427255
2025,6,ASCE-AMER SOC CIVIL ENGINEERS,55,0.42072756885727497,0.24089765434481902,0.6243820028591696
2025,6,BENTHAM SCIENCE PUBL LTD,14,0.09673953291646435,0.0022772844684944317,0.8340371598682229
2025,6,ASSOC RESEARCH VISION OPHTHALMOLOGY INC,80,0.11527957234588773,0.011547125714103332,0.5923965548288738
2025,6,BAISHIDENG PUBLISHING GROUP INC,74,0.356093332380232,0.20591476070556297,0.5411583225371489
2025,6,AMER SOC MICROBIOLOGY,161,0.1932375826422205,0.12060877781821401,0.29493400760076166
2025,6,ANNUAL REVIEWS,90,0.040762137808255494,0.007612980794289701,0.19053888248991244
2025,5,SPRINGER,1665,0.1709866627795998,0.14528385453905437,0.20017172956656218
2025,6,AMER PSYCHOLOGICAL ASSOC,134,0.05905938752572355,0.020384825179761288,0.15918508377636814
2025,6,ASSOC COMPUTING MACHINERY,201,0.21655117813035757,0.13397751521372525,0.33058978099910613
2025,6,BRILL,25,0.0,0.0,0.26154439622973774
2025,6,CANADIAN OPHTHAL SOC,12,0.1684096595140102,0.022367582680042103,0.6419045578551412
2025,6,CAMBRIDGE UNIV PRESS,99,0.050115182149743774,0.006866492254376733,0.28703631397277657
2025,6,COLL AMER PATHOLOGISTS,10,0.0,0.0,0.8379600276913775
2025,6,BRITISH EDITORIAL SOC BONE & JOINT SURGERY,53,0.05737177679202688,0.009833807757010512,0.2716648147117263
2025,6,CURRENT MEDICINE GROUP,13,0.4344466257901997,0.14391013711300094,0.7782889910331392
2025,6,AMER MEDICAL ASSOC,406,0.06345485310142285,0.03462925352419122,0.11345509256867145
2025,6,COMPANY BIOLOGISTS LTD,33,0.11388167084320265,0.015524688779337938,0.5115719620796422
2025,6,"COLD SPRING HARBOR LAB PRESS, PUBLICATIONS DEPT",31,0.07919416504614674,0.0033574398493912755,0.6870836863601412
2025,6,DUKE UNIV PRESS,23,0.013969292418165547,1.178878197824611e-09,0.9999941264800388
2025,6,CHURCHILL LIVINGSTONE,87,0.267347068414295,0.13268886061592775,0.4653411669761274
2025,6,EDIZIONI MINERVA MEDICA,23,0.33857442997287296,0.06066973966217101,0.8022497441738137
2025,6,EDP SCIENCES S A,14,0.19633194274111873,0.046349985229537524,0.551149630511098
2025,6,CURRENT BIOLOGY LTD,44,0.08964509929368977,0.008847457987462101,0.5206847586434863
2025,6,AMER GEOPHYSICAL UNION,525,0.07542259929670718,0.04350609055654826,0.12762911441048974
2025,6,EDUCATIONAL PUBLISHING FOUNDATION-AMERICAN PSYCHOLOGICAL ASSOC,38,0.14536053642716382,0.02915228351233878,0.49067888175034846
2025,6,CHURCHILL LIVINGSTONE INC MEDICAL PUBLISHERS,67,0.03136113352726127,0.0023377947474774955,0.309076913662239
2025,6,DOVE MEDICAL PRESS LTD,184,0.5031301140923483,0.34499932422356216,0.6606371925473715
2025,6,AMER DIABETES ASSOC,743,0.1558418106799328,0.11887806092666044,0.2016684240246591
2025,6,ELSEVIER INC,15,0.1192219331217458,0.01627142653138652,0.5255531022518679
2025,6,"ELSEVIER MASSON, CORP OFF",14,0.0,0.0,0.5559891156297231
2025,6,ELSEVIER ADVANCED TECHNOLOGY,56,0.5776886874922881,0.3866701164374145,0.747989042946361
2025,5,WILEY-V C H VERLAG GMBH,2049,0.2542710338466082,0.22633504408774793,0.2843876360329244
2025,6,ELSEVIER GMBH,98,0.34250846371186067,0.19939201301773005,0.5214437321288358
2025,6,CELL PRESS,760,0.2398223001098915,0.18686623795846719,0.3022080282060267
2025,6,ELSEVIER FRANCE-EDITIONS SCIENTIFIQUES MEDICALES ELSEVIER,167,0.40343337268954005,0.29068570310385267,0.5273967663013817
2025,6,ELSEVIER SCIENCE LONDON,14,0.47834503318069177,0.09608396717882825,0.8877703453867842
2025,6,EUROPEAN RESPIRATORY SOC JOURNALS LTD,16,0.0,0.0,0.7728476021440223
2025,6,ELSEVIER SCIENCE SA,19,0.39443099503700846,0.10370043575888362,0.7857204757480908
2025,6,EUR CENTRE DIS PREVENTION & CONTROL,14,0.04437013158483009,2.1069387141537845e-07,0.9999022745794176
2025,6,ELSEVIER TAIWAN,34,0.4175320979341683,0.10966790112203675,0.8066382482207983
2025,6,EXCERPTA MEDICA INC-ELSEVIER SCIENCE INC,16,0.10004949242813818,0.0012660098413912477,0.9069768724265608
2025,6,FERRATA STORTI FOUNDATION,50,0.025817982022833842,2.204613260001059e-05,0.9695662744453104
2025,6,EMERALD GROUP PUBLISHING LTD,32,0.14892720152095534,0.039171954646407124,0.4289232256365377
2025,6,EUROPEAN MATHEMATICAL SOC-EMS,38,0.03458572908055922,0.003669830859648416,0.25840039106037527
2025,6,ENDOCRINE SOC,48,0.0814901916624838,0.014002446750931702,0.35660776974989183
2025,5,PUBLIC LIBRARY SCIENCE,1945,0.1791140433640624,0.15471451986576545,0.20642184791240714
2025,6,GEOSCIENCEWORLD,11,0.33812646425049914,0.05436451587475907,0.8194811903167281
2025,6,"GEOLOGICAL SOC AMER, INC",52,0.0,0.0,0.2209870623798916
2025,6,ELSEVIER IRELAND LTD,423,0.21209474922741273,0.15045497201070684,0.2903566799002075
2025,6,GEORG THIEME VERLAG KG,33,0.18565678795078014,0.042743168942531655,0.5379016510493548
2025,6,HARBORSIDE PRESS,19,0.0,0.0,0.5774899141572059
2025,6,HUMANA PRESS INC,10,0.15756554188173258,0.0026056703236774434,0.9305098428885633
2025,6,HUMAN KINETICS PUBL INC,18,0.12020330267282439,0.010861168498787906,0.6296295893852567
2025,5,OXFORD UNIV PRESS INC,2312,0.11521614000881056,0.09793405693264977,0.13509121521569456
2025,6,BMJ PUBLISHING GROUP,737,0.1342063549409981,0.10064987225970054,0.17675176373662121
2025,6,INST MATHEMATICAL STATISTICS-IMS,14,0.0,0.0,0.5995371183487086
2025,6,IGI GLOBAL,22,0.47074933316625356,0.16565886327738144,0.7993824101352688
2025,6,"INST MATERIA MEDICA, CHINESE ACAD MEDICAL SCIENCES",16,0.42813542183498604,0.12175425256566329,0.8017068361022935
2025,6,INFORMS,44,0.0,0.0,0.28716846168012594
2025,6,INT SOC GLOBAL HEALTH,44,0.2990520160675334,0.06705950736235788,0.7168984862549136
2025,6,INT UNION CRYSTALLOGRAPHY,23,0.05569529566566174,0.0014937266171869577,0.6992817452867668
2025,6,INT RHINOLOGIC SOC,10,0.3053003193295681,0.051817595528688386,0.779447527790952
2025,6,IEEE COMPUTER SOC,162,0.2032739791637216,0.11933102374334903,0.3245078526163671
2025,6,JOHN WILEY & SONS INC,12,0.0,0.0,0.6331203745168137
2025,6,JOHN BENJAMINS PUBLISHING CO,13,0.10064151397637389,0.006546645422672441,0.6552055547775689
2025,5,NATURE PORTFOLIO,4844,0.20256267044800486,0.18486917756893365,0.22148943710220284
2025,6,IOP Publishing Ltd,91,0.16755818172219178,0.07982058414838764,0.3183688361017807
2025,6,KARGER,14,0.0,0.0,0.8935046329267873
2025,6,IVYSPRING INT PUBL,121,0.3381755119815373,0.21578686475693074,0.4868827396228137
2025,6,KEAI PUBLISHING LTD,61,0.25278233245005033,0.10928831574068953,0.4826009732648963
2025,6,KOREAN SPINAL NEUROSURGERY SOC,17,0.28194984918814586,0.07146766893649056,0.6670204520942057
2025,6,LIFE SCIENCE ALLIANCE LLC,15,0.19047717010530482,0.010927824619519683,0.8336375388897138
2025,6,JOHN WILEY & SONS LTD,153,0.27307326260050757,0.17667795945879602,0.39671959860600586
2025,5,OXFORD UNIV PRESS,2830,0.11729026180786672,0.10075136763803265,0.13613310301727657
2025,6,MANAGED CARE & HEALTHCARE COMMUNICATIONS LLC,11,0.43968615619202445,0.01826157957707962,0.9706779166423255
2025,6,MASSACHUSETTS MEDICAL SOC,31,0.19908595883561028,0.015926407014901008,0.7924386697127046
2025,6,"JMIR PUBLICATIONS, INC",217,0.22319136262822292,0.1547040315931154,0.31084838723168584
2025,6,BMC,1594,0.2517128617205962,0.21765037992997271,0.2891360246509763
2025,6,ELSEVIER SCI LTD,1060,0.2412548210691689,0.1992892746437531,0.28886923874717557
2025,6,"MARY ANN LIEBERT, INC",128,0.10662359923459623,0.04680114445759225,0.22487312656063024
2025,4,WILEY,6399,0.16454706244254655,0.15054256877831262,0.17957893329473387
2025,6,AMER PHYSICAL SOC,827,0.03127868312707198,0.016785583989353522,0.05755299496167049
2025,6,IEEE-INST ELECTRICAL ELECTRONICS ENGINEERS INC,714,0.25377303408000307,0.20532823704209566,0.3092004984260892
2025,6,ELSEVIER SCIENCE INC,972,0.1694077878714888,0.1317878151636233,0.21510605316479858
2025,6,MICROBIOLOGY SOC,21,0.0,0.0,0.33492371198322846
2025,6,Medical Journal Sweden AB,11,0.06303142942358254,0.0013544173154445827,0.7694123679904142
2025,6,NATURE PUBL GROUP,19,0.40773458299176746,0.1536735271462966,0.7230012389031552
2025,6,MOSBY-ELSEVIER,233,0.12490594540636761,0.06874725855506306,0.21628527058751587
2025,6,NATL ACAD SCIENCES,324,0.09185948003770252,0.05389633752151486,0.1522594584305709
2025,6,FRONTIERS MEDIA SA,1865,0.24411871065545288,0.21461196519570588,0.2762553329003776
2025,6,PACINI EDITORE,12,0.0,0.0,0.8232411413399799
2025,6,Optica Publishing Group,12,0.09990555268286298,0.001916212051818208,0.8651731170798789
2025,6,PEERJ INC,54,0.5734677142519639,0.3560686768559436,0.7657551626546417
2025,6,PORTLAND PRESS LTD,12,0.4040038095236453,0.1010842287309435,0.8033895391120311
2025,6,ROCKEFELLER UNIV PRESS,39,0.0,0.0,0.30319475156164266
2025,6,RADIOLOGICAL SOC NORTH AMERICA (RSNA),51,0.1245070854009162,0.009049429340290108,0.6889283683146865
2025,6,ROYAL COLL GENERAL PRACTITIONERS,20,0.11968250266188088,0.008379597382726641,0.6862531404334373
2025,5,MDPI,5925,0.23206131169279,0.21547866712186498,0.24951423443556114
2025,6,SCIENCE PRESS,34,0.3873652390275032,0.18139841006557816,0.6433880664497067
2025,6,SHANGHAI JIAO TONG UNIV PRESS,28,0.751495966846981,0.39975307162220725,0.9321192087671443
2025,6,SCIPOST FOUNDATION,39,0.006063879194994378,5.60106669031656e-09,0.9998495399287146
2025,6,LIPPINCOTT WILLIAMS & WILKINS,1298,0.1309182953060774,0.1055588432852351,0.1612716231881836
2025,6,SIAM PUBLICATIONS,39,0.0,0.0,0.4196377866838179
2025,6,SOC EXPLORATION GEOPHYSICISTS - SEG,35,0.29023385411764535,0.11268831897336647,0.5683379994556577
2025,6,SPANDIDOS PUBL LTD,15,0.2258471973553228,0.043339239468990036,0.6526185055639617
2025,6,SOC NEUROSCIENCE,39,0.06522439390105043,0.003455324108413787,0.5840524872514725
2025,6,ELSEVIER,3049,0.2538015691901287,0.22793548779113493,0.28153258268818054
2025,6,SOC PETROLEUM ENG,40,0.1439816407677651,0.04150804880325927,0.39514445739348214
2025,6,ROYAL SOC,220,0.0499420284908851,0.017839668788023434,0.1320457901926593
2025,6,SPRINGER JAPAN KK,15,0.0,0.0,0.6867793390577667
2025,6,SPRINGER INT PUBL AG,20,0.259445627406466,0.05911441406504803,0.6614232042108791
2025,6,SPRINGER BASEL AG,62,0.38445038462912623,0.20170338446144906,0.6068953195703153
2025,6,SPRINGER LONDON LTD,57,0.20773523334574817,0.06440753117956285,0.49967171129410143
2025,6,TAYLOR & FRANCIS AS,12,0.2122938562745943,0.015824527809312594,0.818755079671645
2025,6,SPRINGER WIEN,81,0.19997641650038558,0.10550034413501634,0.34630223061593635
2025,6,SPRINGER-VERLAG ITALIA SRL,49,0.15848963098181265,0.05374465231992717,0.3844387340051947
2025,6,SPRINGER/PLENUM PUBLISHERS,99,0.17676538287088375,0.08767523206846357,0.3242125648396457
2025,6,THIEME MEDICAL PUBL INC,10,0.3356549282411048,0.06423803790621439,0.7880697630678167
2025,6,US DEPT HEALTH HUMAN SCIENCES PUBLIC HEALTH SCIENCE,30,0.0,0.0,0.4888476738814056
2025,6,TERMEDIA PUBLISHING HOUSE LTD,45,0.4015844799901824,0.18353247790644373,0.6670473203062325
2025,6,VILNIUS GEDIMINAS TECH UNIV,14,0.2266071105485478,0.03028512466319061,0.7332561993589535
2025,6,VEREIN FORDERUNG OPEN ACCESS PUBLIZIERENS QUANTENWISSENSCHAF,24,0.022404772865561206,0.00011195366583384314,0.8242874824403238
2025,6,OXFORD UNIV PRESS INC,836,0.12818660092069759,0.09617066140943299,0.16886950594687775
2025,6,W B SAUNDERS CO LTD,84,0.3253346929006678,0.17462797637701882,0.5235954263029138
2025,6,WAGENINGEN ACADEMIC PUBLISHERS,17,0.2729883899184722,0.053508355201243835,0.71379714484402
2025,6,PERGAMON-ELSEVIER SCIENCE LTD,947,0.2660045489384023,0.22349849423812088,0.3133325693127371
2025,6,W B SAUNDERS CO-ELSEVIER INC,154,0.20950904190110348,0.11767767342747609,0.34498289630669626
2025,6,SPRINGER HEIDELBERG,271,0.1519189760148796,0.09560003195174484,0.23287299529632463
2025,6,TAYLOR & FRANCIS INC,306,0.2380786921497667,0.17105058762857217,0.321195267061992
2025,6,WALTER DE GRUYTER GMBH,75,0.12544527284680235,0.051517365093164756,0.2747318291862716
2025,6,"ROUTLEDGE JOURNALS, TAYLOR & FRANCIS LTD",767,0.142144479828139,0.1026012621067316,0.1936394068284719
2025,6,SAGE PUBLICATIONS LTD,637,0.13901356139163273,0.10117054247893502,0.1880503109253231
2025,6,SPRINGERNATURE,565,0.18333813199784818,0.13643531997655167,0.2418492205197651
2025,6,NATURE PORTFOLIO,1985,0.22600910647264344,0.19749203829905637,0.25732357237340947
2025,6,"WILEY PERIODICALS, INC",21,0.26226612542929734,0.060163409903783514,0.6637821772669802
2025,6,TAYLOR & FRANCIS LTD,890,0.2828317876955839,0.22922008776561517,0.34339619681121814
2025,6,SAGE PUBLICATIONS INC,890,0.09158114262141229,0.06439916867676322,0.12865852239572276
2025,6,"ZAGREB UNIV, FAC FORESTRY",12,0.5295753629822624,0.21557490407086546,0.8217899744161786
2025,6,WROCLAW MEDICAL UNIV,21,0.0,0.0,0.7075245652628506
2025,6,ZHEJIANG UNIV PRESS,14,0.280381435122693,0.07217838196784679,0.6611802403888103
2025,6,WORLD SCIENTIFIC PUBL CO PTE LTD,41,0.06861401800623636,0.004708039847511885,0.5342987049453074
2025,6,WOLTERS KLUWER MEDKNOW PUBLICATIONS,78,0.26789532517569553,0.1465233823584685,0.4381875088312626
2025,6,eLIFE SCIENCES PUBL LTD,128,0.12209312686881038,0.055713150870041285,0.24688429295209668
2025,6,AMER CHEMICAL SOC,4428,0.22883281035499273,0.209645591459814,0.24922234825289752
2025,6,SPRINGER,1483,0.13745972520582353,0.11128948692077839,0.1686163984366839
2025,5,WILEY,5882,0.14838628431438347,0.1342007343796996,0.16378764100377194
2025,6,PUBLIC LIBRARY SCIENCE,2184,0.1711096014864772,0.14792725884064906,0.1970846369758529
2025,6,WILEY-V C H VERLAG GMBH,2304,0.27691611730618443,0.24954623419329613,0.3060636058055077
2025,6,OXFORD UNIV PRESS,3963,0.11130568762943854,0.09723254057102615,0.12712890022585913
2025,6,MDPI,7404,0.20256512437289687,0.18828392461808222,0.21763910782992077
2025,6,WILEY,6674,0.15176670357350233,0.13813507447539883,0.1664836964201141
