q1_name,df_id,df_name,is_oa
CA-A CANCER JOURNAL FOR CLINICIANS,https://openalex.org/S126094547,CA A Cancer Journal for Clinicians,True
NATURE REVIEWS DRUG DISCOVERY,https://openalex.org/S186543748,Nature Reviews Drug Discovery,False
LANCET,https://openalex.org/S49861241,The Lancet,False
NEW ENGLAND JOURNAL OF MEDICINE,https://openalex.org/S62468778,New England Journal of Medicine,False
NATURE REVIEWS MOLECULAR CELL BIOLOGY,https://openalex.org/S196724125,Nature Reviews Molecular Cell Biology,False
Nature Reviews Clinical Oncology,https://openalex.org/S41981144,Nature Reviews Clinical Oncology,False
Nature Reviews Materials,https://openalex.org/S2764917516,Nature Reviews Materials,False
Nature Reviews Disease Primers,https://openalex.org/S4210201506,Nature Reviews Disease Primers,False
NATURE REVIEWS CANCER,https://openalex.org/S160464432,Nature reviews. Cancer,False
MMWR Recommendations and Reports,https://openalex.org/S4210169956,MMWR Recommendations and Reports,True
NATURE REVIEWS MICROBIOLOGY,https://openalex.org/S56802129,Nature Reviews Microbiology,False
NATURE REVIEWS IMMUNOLOGY,https://openalex.org/S93373720,Nature reviews. Immunology,False
Foundations and Trends in Machine Learning,https://openalex.org/S4210188176,Foundations and Trends® in Machine Learning,False
JAMA-JOURNAL OF THE AMERICAN MEDICAL ASSOCIATION,https://openalex.org/S172573765,JAMA,False
World Psychiatry,https://openalex.org/S183644930,World Psychiatry,False
NATURE MEDICINE,https://openalex.org/S203256638,Nature Medicine,False
ANNALS OF ONCOLOGY,https://openalex.org/S41454044,Annals of Oncology,False
CHEMICAL REVIEWS,https://openalex.org/S41143188,Chemical Reviews,False
NATURE,https://openalex.org/S137773608,Nature,False
Nature Reviews Methods Primers,https://openalex.org/S4210231269,Nature Reviews Methods Primers,False
Nature Energy,https://openalex.org/S2764528046,Nature Energy,False
Nature Reviews Earth & Environment,https://openalex.org/S4210178125,Nature Reviews Earth & Environment,False
CANCER CELL,https://openalex.org/S25671836,Cancer Cell,False
LANCET NEUROLOGY,https://openalex.org/S70053155,The Lancet Neurology,False
Nature Reviews Gastroenterology & Hepatology,https://openalex.org/S120397320,Nature Reviews Gastroenterology & Hepatology,False
REVIEWS OF MODERN PHYSICS,https://openalex.org/S73260565,Reviews of Modern Physics,False
CELL,https://openalex.org/S110447773,Cell,False
SCIENCE,https://openalex.org/S3880285,Science,False
Nature Reviews Physics,https://openalex.org/S4210234670,Nature Reviews Physics,False
Lancet Diabetes & Endocrinology,https://openalex.org/S2529869117,The Lancet Diabetes & Endocrinology,False
eScience,https://openalex.org/S4210209524,eScience,True
Nature Catalysis,https://openalex.org/S4210229375,Nature Catalysis,False
JOURNAL OF CLINICAL ONCOLOGY,https://openalex.org/S15137598,Journal of Clinical Oncology,False
Nature Reviews Cardiology,https://openalex.org/S62674001,Nature Reviews Cardiology,False
LANCET ONCOLOGY,https://openalex.org/S116900674,The Lancet Oncology,False
Signal Transduction and Targeted Therapy,https://openalex.org/S2739142469,Signal Transduction and Targeted Therapy,True
CHEMICAL SOCIETY REVIEWS,https://openalex.org/S316438,Chemical Society Reviews,False
NATURE REVIEWS GENETICS,https://openalex.org/S8553189,Nature Reviews Genetics,False
Lancet Respiratory Medicine,https://openalex.org/S4210192742,The Lancet Respiratory Medicine,False
Joule,https://openalex.org/S2898305631,Joule,False
EUROPEAN HEART JOURNAL,https://openalex.org/S181568219,European Heart Journal,False
Nature Nanotechnology,https://openalex.org/S7822423,Nature Nanotechnology,False
Nature Reviews Chemistry,https://openalex.org/S4210174246,Nature Reviews Chemistry,False
MMWR Surveillance Summaries,https://openalex.org/S4210189843,MMWR Surveillance Summaries,True
NATURE MATERIALS,https://openalex.org/S103895331,Nature Materials,False
LANCET INFECTIOUS DISEASES,https://openalex.org/S23772524,The Lancet Infectious Diseases,False
NATURE METHODS,https://openalex.org/S127827428,Nature Methods,False
CIRCULATION,https://openalex.org/S116251202,Circulation,False
ADVANCES IN PHYSICS,https://openalex.org/S137691401,Advances In Physics,False
Nature Electronics,https://openalex.org/S4210239724,Nature Electronics,False
PROGRESS IN MATERIALS SCIENCE,https://openalex.org/S88404446,Progress in Materials Science,False
Physiological Reviews,https://openalex.org/S203035050,Physiological Reviews,False
Innovation,https://openalex.org/S4210236180,The Innovation,True
NATURE BIOTECHNOLOGY,https://openalex.org/S106963461,Nature Biotechnology,False
Energy & Environmental Science,https://openalex.org/S117082959,Energy & Environmental Science,False
Nature Photonics,https://openalex.org/S120392215,Nature Photonics,False
PROGRESS IN ENERGY AND COMBUSTION SCIENCE,https://openalex.org/S65236890,Progress in Energy and Combustion Science,False
NATURE GENETICS,https://openalex.org/S137905309,Nature Genetics,False
Nano-Micro Letters,https://openalex.org/S9070373,Nano-Micro Letters,True
MATERIALS SCIENCE & ENGINEERING R-REPORTS,https://openalex.org/S1018252914,Materials Science and Engineering R Reports,False
Nature Reviews Endocrinology,https://openalex.org/S116269268,Nature Reviews Endocrinology,False
Lancet Psychiatry,https://openalex.org/S2531556786,The Lancet Psychiatry,False
Cancer Discovery,https://openalex.org/S2486275289,Cancer Discovery,False
Nature Climate Change,https://openalex.org/S183584863,Nature Climate Change,False
Journal of Hematology & Oncology,https://openalex.org/S46507181,Journal of Hematology & Oncology,True
INTENSIVE CARE MEDICINE,https://openalex.org/S198804558,Intensive Care Medicine,False
Nature Reviews Rheumatology,https://openalex.org/S78310130,Nature Reviews Rheumatology,False
Advanced Powder Materials,https://openalex.org/S4210231862,Advanced Powder Materials,True
Nature Reviews Nephrology,https://openalex.org/S18618073,Nature Reviews Nephrology,False
NATURE REVIEWS NEUROSCIENCE,https://openalex.org/S26843219,Nature reviews. Neuroscience,False
Electrochemical Energy Reviews,https://openalex.org/S4210169386,Electrochemical Energy Reviews,False
Annual Review of Pathology-Mechanisms of Disease,https://openalex.org/S188288600,Annual Review of Pathology Mechanisms of Disease,False
Nature Reviews Neurology,https://openalex.org/S22232893,Nature Reviews Neurology,False
CELL RESEARCH,https://openalex.org/S128296271,Cell Research,False
NATURE IMMUNOLOGY,https://openalex.org/S41063453,Nature Immunology,False
ASTRONOMY AND ASTROPHYSICS REVIEW,https://openalex.org/S982342581,The Astronomy and Astrophysics Review,False
Nature Biomedical Engineering,https://openalex.org/S2764624792,Nature Biomedical Engineering,False
Cell Metabolism,https://openalex.org/S177533077,Cell Metabolism,False
Molecular Cancer,https://openalex.org/S132829192,Molecular Cancer,True
ADVANCED MATERIALS,https://openalex.org/S99352657,Advanced Materials,False
eLight,https://openalex.org/S4210205584,eLight,False
Annual Review of Immunology,https://openalex.org/S109088427,Annual Review of Immunology,False
JOURNAL OF HEPATOLOGY,https://openalex.org/S83651209,Journal of Hepatology,False
Gastroenterology,https://openalex.org/S143352558,Gastroenterology,False
Living Reviews in Relativity,https://openalex.org/S110783047,Living Reviews in Relativity,True
Annual Review of Astronomy and Astrophysics,https://openalex.org/S29882555,Annual Review of Astronomy and Astrophysics,False
Nature Sustainability,https://openalex.org/S4210188283,Nature Sustainability,False
Science Robotics,https://openalex.org/S4210213233,Science Robotics,False
PROGRESS IN POLYMER SCIENCE,https://openalex.org/S119685760,Progress in Polymer Science,False
Immunity,https://openalex.org/S199671312,Immunity,False
Lancet Public Health,https://openalex.org/S2764808104,The Lancet Public Health,True
Annual Review of Fluid Mechanics,https://openalex.org/S169493037,Annual Review of Fluid Mechanics,False
EUROPEAN UROLOGY,https://openalex.org/S96871409,European Urology,False
REVIEWS OF GEOPHYSICS,https://openalex.org/S129102366,Reviews of Geophysics,False
Advances in Optics and Photonics,https://openalex.org/S191306374,Advances in Optics and Photonics,False
JAMA Pediatrics,https://openalex.org/S14226812,JAMA Pediatrics,False
FUNGAL DIVERSITY,https://openalex.org/S150033744,Fungal Diversity,False
Interdisciplinary Materials,https://openalex.org/S4210196679,Interdisciplinary materials,True
Advanced Energy Materials,https://openalex.org/S2502627819,Advanced Energy Materials,False
PHYSICS REPORTS-REVIEW SECTION OF PHYSICS LETTERS,https://openalex.org/S48633963,Physics Reports,False
ACM COMPUTING SURVEYS,https://openalex.org/S157921468,ACM Computing Surveys,False
iMeta,https://openalex.org/S4220650979,iMeta,True
Annual Review of Psychology,https://openalex.org/S90670110,Annual Review of Psychology,False
Nature Food,https://openalex.org/S4210207988,Nature Food,False
Nature Cancer,https://openalex.org/S4210236562,Nature Cancer,False
PROCEEDINGS OF THE IEEE,https://openalex.org/S68686220,Proceedings of the IEEE,False
Advanced Composites and Hybrid Materials,https://openalex.org/S4210207107,Advanced Composites and Hybrid Materials,False
GUT,https://openalex.org/S3251770,Gut,False
Living Reviews in Solar Physics,https://openalex.org/S36812265,Living Reviews in Solar Physics,True
InfoMat,https://openalex.org/S4210212605,InfoMat,True
JAMA Psychiatry,https://openalex.org/S2495708506,JAMA Psychiatry,False
Nature Human Behaviour,https://openalex.org/S2764866340,Nature Human Behaviour,False
JAMA Oncology,https://openalex.org/S2756165422,JAMA Oncology,False
JAMA Internal Medicine,https://openalex.org/S65364685,JAMA Internal Medicine,False
EnergyChem,https://openalex.org/S4210219518,EnergyChem,False
ENDOCRINE REVIEWS,https://openalex.org/S13493133,Endocrine Reviews,False
Cellular & Molecular Immunology,https://openalex.org/S19143454,Cellular and Molecular Immunology,False
JOURNAL OF THE AMERICAN COLLEGE OF CARDIOLOGY,https://openalex.org/S60865174,Journal of the American College of Cardiology,False
Annual Review of Public Health,https://openalex.org/S113591250,Annual Review of Public Health,False
Annual Review of Plant Biology,https://openalex.org/S176558078,Annual Review of Plant Biology,False
NATURE NEUROSCIENCE,https://openalex.org/S2298632,Nature Neuroscience,False
Journal of Thoracic Oncology,https://openalex.org/S90745127,Journal of Thoracic Oncology,False
BLOOD,https://openalex.org/S200071133,Blood,False
Materials Today,https://openalex.org/S63322718,Materials Today,False
MMWR-MORBIDITY AND MORTALITY WEEKLY REPORT,https://openalex.org/S183158886,MMWR Morbidity and Mortality Weekly Report,True
JAMA Neurology,https://openalex.org/S164389565,JAMA Neurology,False
IEEE TRANSACTIONS ON PATTERN ANALYSIS AND MACHINE INTELLIGENCE,https://openalex.org/S199944782,IEEE Transactions on Pattern Analysis and Machine Intelligence,False
Cell Host & Microbe,https://openalex.org/S207313999,Cell Host & Microbe,False
Light-Science & Applications,https://openalex.org/S2498964232,Light Science & Applications,True
Advanced Photonics,https://openalex.org/S4363605674,Advanced Photonics,False
Nature Microbiology,https://openalex.org/S2764926557,Nature Microbiology,False
ANNALS OF THE RHEUMATIC DISEASES,https://openalex.org/S25650217,Annals of the Rheumatic Diseases,False
Applied Catalysis B-Environment and Energy,https://openalex.org/S134307298,Applied Catalysis B Environment and Energy,False
COORDINATION CHEMISTRY REVIEWS,https://openalex.org/S117186765,Coordination Chemistry Reviews,False
Journal of Bioresources and Bioproducts,https://openalex.org/S4210174242,Journal of Bioresources and Bioproducts,True
INTERNATIONAL JOURNAL OF INFORMATION MANAGEMENT,https://openalex.org/S189354248,International Journal of Information Management,False
Cancer Communications,https://openalex.org/S4210240675,Cancer Communications,True
Lancet Global Health,https://openalex.org/S4210176958,The Lancet Global Health,True
Lancet Child & Adolescent Health,https://openalex.org/S2898345135,The Lancet Child & Adolescent Health,False
Cell Stem Cell,https://openalex.org/S128124174,Cell stem cell,False
ANNALS OF INTERNAL MEDICINE,https://openalex.org/S119722071,Annals of Internal Medicine,False
ACS Energy Letters,https://openalex.org/S2764414965,ACS Energy Letters,False
Carbon Energy,https://openalex.org/S4210201120,Carbon Energy,True
Kidney International Supplements,https://openalex.org/S4210177655,Kidney International Supplements,False
AMERICAN JOURNAL OF RESPIRATORY AND CRITICAL CARE MEDICINE,https://openalex.org/S93356601,American Journal of Respiratory and Critical Care Medicine,False
ACADEMY OF MANAGEMENT REVIEW,https://openalex.org/S46763546,Academy of Management Review,False
PHARMACOLOGICAL REVIEWS,https://openalex.org/S161680845,Pharmacological Reviews,False
Nature Metabolism,https://openalex.org/S4210232714,Nature Metabolism,False
Nature Chemistry,https://openalex.org/S202193212,Nature Chemistry,False
CLINICAL MICROBIOLOGY REVIEWS,https://openalex.org/S112662651,Clinical Microbiology Reviews,False
Chem,https://openalex.org/S2898106599,Chem,False
REPORTS ON PROGRESS IN PHYSICS,https://openalex.org/S105282323,Reports on Progress in Physics,False
Energy Storage Materials,https://openalex.org/S2764728150,Energy storage materials,False
Nature Machine Intelligence,https://openalex.org/S2912241403,Nature Machine Intelligence,False
Science Bulletin,https://openalex.org/S4210187383,Science Bulletin,False
PROGRESS IN RETINAL AND EYE RESEARCH,https://openalex.org/S138587161,Progress in Retinal and Eye Research,False
SusMat,https://openalex.org/S4210220548,SusMat,True
Journal of Advanced Ceramics,https://openalex.org/S2764962576,Journal of Advanced Ceramics,True
ADVANCED FUNCTIONAL MATERIALS,https://openalex.org/S135204980,Advanced Functional Materials,False
Matter,https://openalex.org/S4210178557,Matter,False
Psychological Science in the Public Interest,https://openalex.org/S1025063068,Psychological Science in the Public Interest,False
Nature Physics,https://openalex.org/S156274416,Nature Physics,False
Bioactive Materials,https://openalex.org/S2898508902,Bioactive Materials,True
Annual Review of Clinical Psychology,https://openalex.org/S87014875,Annual Review of Clinical Psychology,False
Science Immunology,https://openalex.org/S2764653179,Science Immunology,False
PERIODONTOLOGY 2000,https://openalex.org/S43912546,Periodontology 2000,False
Nature Synthesis,https://openalex.org/S4210215815,Nature Synthesis,False
TRENDS IN PLANT SCIENCE,https://openalex.org/S201780205,Trends in Plant Science,False
PSYCHOLOGICAL BULLETIN,https://openalex.org/S75627607,Psychological Bulletin,False
Computational Visual Media,https://openalex.org/S2487656537,Computational Visual Media,True
NATURE CELL BIOLOGY,https://openalex.org/S151741590,Nature Cell Biology,False
Advanced Fiber Materials,https://openalex.org/S4210182575,Advanced Fiber Materials,False
IEEE Reviews in Biomedical Engineering,https://openalex.org/S203619773,IEEE Reviews in Biomedical Engineering,False
Molecular Plant,https://openalex.org/S150334665,Molecular Plant,False
AMERICAN JOURNAL OF BIOETHICS,https://openalex.org/S41709181,The American Journal of Bioethics,False
EUROPEAN RESPIRATORY JOURNAL,https://openalex.org/S4210207896,European Respiratory Journal,False
Nature Aging,https://openalex.org/S4210214063,Nature Aging,False
EUROPEAN JOURNAL OF HEART FAILURE,https://openalex.org/S87609158,European Journal of Heart Failure,False
Nature Reviews Psychology,https://openalex.org/S4210237610,Nature Reviews Psychology,False
Nano Energy,https://openalex.org/S2497301991,Nano Energy,False
Wiley Interdisciplinary Reviews-Computational Molecular Science,https://openalex.org/S136120998,Wiley Interdisciplinary Reviews Computational Molecular Science,False
INTERNATIONAL MATERIALS REVIEWS,https://openalex.org/S69687699,International Materials Reviews,False
NUCLEIC ACIDS RESEARCH,https://openalex.org/S134668137,Nucleic Acids Research,True
Military Medical Research,https://openalex.org/S2739160569,Military Medical Research,True
TRENDS IN COGNITIVE SCIENCES,https://openalex.org/S192051125,Trends in Cognitive Sciences,False
TRENDS IN ECOLOGY & EVOLUTION,https://openalex.org/S79131028,Trends in Ecology & Evolution,False
ACCOUNTS OF CHEMICAL RESEARCH,https://openalex.org/S145378405,Accounts of Chemical Research,False
BEHAVIORAL AND BRAIN SCIENCES,https://openalex.org/S59628311,Behavioral and Brain Sciences,False
CIRCULATION RESEARCH,https://openalex.org/S10652568,Circulation Research,False
NEURO-ONCOLOGY,https://openalex.org/S106908163,Neuro-Oncology,False
ACTA NUMERICA,https://openalex.org/S124973578,Acta Numerica,False
PSYCHOTHERAPY AND PSYCHOSOMATICS,https://openalex.org/S184803288,Psychotherapy and Psychosomatics,False
National Science Review,https://openalex.org/S2734413303,National Science Review,True
JOURNAL OF THE ROYAL SOCIETY OF MEDICINE,https://openalex.org/S49645005,Journal of the Royal Society of Medicine,False
RENEWABLE & SUSTAINABLE ENERGY REVIEWS,https://openalex.org/S68497187,Renewable and Sustainable Energy Reviews,False
IEEE Geoscience and Remote Sensing Magazine,https://openalex.org/S2491948244,IEEE Geoscience and Remote Sensing Magazine,False
ANGEWANDTE CHEMIE-INTERNATIONAL EDITION,https://openalex.org/S67393510,Angewandte Chemie International Edition,False
International Journal of Extreme Manufacturing,https://openalex.org/S4210231351,International Journal of Extreme Manufacturing,True
ADVANCES IN COLLOID AND INTERFACE SCIENCE,https://openalex.org/S28247071,Advances in Colloid and Interface Science,False
JAMA Surgery,https://openalex.org/S86924810,JAMA Surgery,False
Nature Plants,https://openalex.org/S2764671299,Nature Plants,False
Science Translational Medicine,https://openalex.org/S24207032,Science Translational Medicine,False
Journal of Magnesium and Alloys,https://openalex.org/S2764981684,Journal of Magnesium and Alloys,True
Annual Review of Physiology,https://openalex.org/S196366644,Annual Review of Physiology,False
DRUG RESISTANCE UPDATES,https://openalex.org/S47159833,Drug Resistance Updates,False
ACS Nano,https://openalex.org/S145476921,ACS Nano,False
Nature Geoscience,https://openalex.org/S48977010,Nature Geoscience,False
PhotoniX,https://openalex.org/S3035551292,PhotoniX,True
Chinese Journal of Catalysis,https://openalex.org/S165997068,CHINESE JOURNAL OF CATALYSIS (CHINESE VERSION),False
Advances in Methods and Practices in Psychological Science,https://openalex.org/S4210173062,Advances in Methods and Practices in Psychological Science,True
Journal of Innovation & Knowledge,https://openalex.org/S2898307581,Journal of Innovation & Knowledge,True
Journal of Extracellular Vesicles,https://openalex.org/S2764464234,Journal of Extracellular Vesicles,True
Annual Review of Environment and Resources,https://openalex.org/S5491134,Annual Review of Environment and Resources,True
Lancet Haematology,https://openalex.org/S2531671668,The Lancet Haematology,False
Opto-Electronic Advances,https://openalex.org/S2883262519,Opto-Electronic Advances,True
IEEE-CAA Journal of Automatica Sinica,https://openalex.org/S2484288132,IEEE/CAA Journal of Automatica Sinica,False
SmartMat,https://openalex.org/S4210207049,SmartMat,True
ADVANCED DRUG DELIVERY REVIEWS,https://openalex.org/S114437232,Advanced Drug Delivery Reviews,False
AMERICAN JOURNAL OF PSYCHIATRY,https://openalex.org/S116025658,American Journal of Psychiatry,False
Molecular Neurodegeneration,https://openalex.org/S40861184,Molecular Neurodegeneration,True
TRENDS IN FOOD SCIENCE & TECHNOLOGY,https://openalex.org/S89023782,Trends in Food Science & Technology,False
eTransportation,https://openalex.org/S4210225447,eTransportation,False
Annual Review of Medicine,https://openalex.org/S16909082,Annual Review of Medicine,False
One Earth,https://openalex.org/S4210191196,One Earth,False
Lancet Rheumatology,https://openalex.org/S4210233594,The Lancet Rheumatology,False
Annual Review of Entomology,https://openalex.org/S92576693,Annual Review of Entomology,False
Environmental Chemistry Letters,https://openalex.org/S88719806,Environmental Chemistry Letters,False
Energy Material Advances,https://openalex.org/S4210231836,Energy Material Advances,True
KIDNEY INTERNATIONAL,https://openalex.org/S97303050,Kidney International,False
DIABETES CARE,https://openalex.org/S49878492,Diabetes Care,False
HUMAN REPRODUCTION UPDATE,https://openalex.org/S19450991,Human Reproduction Update,False
Acta Pharmaceutica Sinica B,https://openalex.org/S2736993989,Acta Pharmaceutica Sinica B,True
Information Fusion,https://openalex.org/S7560371,Information Fusion,False
Journal of the National Comprehensive Cancer Network,https://openalex.org/S935620192,Journal of the National Comprehensive Cancer Network,False
JAMA Cardiology,https://openalex.org/S2765015654,JAMA Cardiology,False
Neuron,https://openalex.org/S45757444,Neuron,False
Nature Communications,https://openalex.org/S64187185,Nature Communications,True
TRENDS IN NEUROSCIENCES,https://openalex.org/S114966740,Trends in Neurosciences,False
Autophagy,https://openalex.org/S102544370,Autophagy,False
Journal of the American Chemical Society,https://openalex.org/S111155417,Journal of the American Chemical Society,False
Molecular Cell,https://openalex.org/S156208185,Molecular Cell,False
PROGRESS IN PARTICLE AND NUCLEAR PHYSICS,https://openalex.org/S37308595,Progress in Particle and Nuclear Physics,False
Biofuel Research Journal-BRJ,https://openalex.org/S4210226539,Biofuel Research Journal,True
Annual Review of Organizational Psychology and Organizational Behavior,https://openalex.org/S4210200923,Annual Review of Organizational Psychology and Organizational Behavior,False
Academy of Management Annals,https://openalex.org/S27614628,Academy of Management Annals,False
Bone Research,https://openalex.org/S2764590364,Bone Research,True
JOURNAL OF INFECTION,https://openalex.org/S19579164,Journal of Infection,False
Annual Review of Marine Science,https://openalex.org/S43203325,Annual Review of Marine Science,False
EDUCATIONAL PSYCHOLOGIST,https://openalex.org/S168863630,Educational Psychologist,False
Trends in Cancer,https://openalex.org/S2765069123,Trends in cancer,False
Advanced Science,https://openalex.org/S2737737698,Advanced Science,True
TRENDS IN BIOTECHNOLOGY,https://openalex.org/S147849156,Trends in biotechnology,False
Annual Review of Condensed Matter Physics,https://openalex.org/S185750702,Annual Review of Condensed Matter Physics,False
STUDIES IN MYCOLOGY,https://openalex.org/S128934584,Studies in Mycology,True
Nature Ecology & Evolution,https://openalex.org/S2764884935,Nature Ecology & Evolution,False
Environmental Science and Ecotechnology,https://openalex.org/S4210228708,Environmental Science and Ecotechnology,True
INTERNATIONAL JOURNAL OF MACHINE TOOLS & MANUFACTURE,https://openalex.org/S154368109,International Journal of Machine Tools and Manufacture,False
IEEE Transactions on Intelligent Vehicles,https://openalex.org/S4210199657,IEEE Transactions on Intelligent Vehicles,False
Accounts of Materials Research,https://openalex.org/S4210211377,Accounts of Materials Research,False
Clinical and Molecular Hepatology,https://openalex.org/S2764482685,Clinical and Molecular Hepatology,True
Journal of Energy Chemistry,https://openalex.org/S2500128275,Journal of Energy Chemistry,False
PROGRESS IN LIPID RESEARCH,https://openalex.org/S108758393,Progress in Lipid Research,False
TRENDS IN MICROBIOLOGY,https://openalex.org/S587692,Trends in Microbiology,False
Trends in Chemistry,https://openalex.org/S4210210487,Trends in Chemistry,False
TRENDS IN PHARMACOLOGICAL SCIENCES,https://openalex.org/S31167473,Trends in Pharmacological Sciences,False
Small Structures,https://openalex.org/S4210224134,Small Structures,True
Aggregate,https://openalex.org/S4210197658,Aggregate,False
IEEE JOURNAL ON SELECTED AREAS IN COMMUNICATIONS,https://openalex.org/S90422530,IEEE Journal on Selected Areas in Communications,False
Microbiome,https://openalex.org/S3004984423,Microbiome,True
CLINICAL PSYCHOLOGY REVIEW,https://openalex.org/S4632444,Clinical Psychology Review,False
CELL DEATH AND DIFFERENTIATION,https://openalex.org/S152938505,Cell Death and Differentiation,False
Physics of Life Reviews,https://openalex.org/S78119372,Physics of Life Reviews,False
TRENDS IN GENETICS,https://openalex.org/S139283865,Trends in Genetics,False
Lancet Regional Health-Europe,https://openalex.org/S4210196034,The Lancet Regional Health - Europe,True
Energy Economics,https://openalex.org/S94499970,Energy Economics,False
JACC: CardioOncology,https://openalex.org/S4210214127,JACC CardioOncology,True
Protein & Cell,https://openalex.org/S126440360,Protein & Cell,True
Nano Convergence,https://openalex.org/S2738500204,Nano Convergence,True
Lancet Healthy Longevity,https://openalex.org/S4210210722,The Lancet Healthy Longevity,True
Chemical Engineering Journal,https://openalex.org/S149937609,Chemical Engineering Journal,False
JOURNAL OF CLINICAL INVESTIGATION,https://openalex.org/S114430552,Journal of Clinical Investigation,True
Nature Astronomy,https://openalex.org/S2764494557,Nature Astronomy,False
Computer Science Review,https://openalex.org/S73121659,Computer Science Review,False
OPHTHALMOLOGY,https://openalex.org/S207341048,Ophthalmology,False
Nano Today,https://openalex.org/S183222223,Nano Today,False
Nature Protocols,https://openalex.org/S109387254,Nature Protocols,False
Alzheimers & Dementia,https://openalex.org/S108427512,Alzheimer s & Dementia,True
ACS Central Science,https://openalex.org/S2765035057,ACS Central Science,True
Biochar,https://openalex.org/S4210190674,Biochar,True
Advances in Applied Energy,https://openalex.org/S4210186815,Advances in Applied Energy,True
TRENDS IN IMMUNOLOGY,https://openalex.org/S84926904,Trends in Immunology,False
HEPATOLOGY,https://openalex.org/S156174673,Hepatology,False
DRUGS,https://openalex.org/S4436492,Drugs,False
Nature Chemical Biology,https://openalex.org/S51309854,Nature Chemical Biology,False
Journal of Ocean Engineering and Science,https://openalex.org/S2898412997,Journal of Ocean Engineering and Science,True
Cell Discovery,https://openalex.org/S2764388416,Cell Discovery,True
Small,https://openalex.org/S94619837,Small,False
TRENDS IN CELL BIOLOGY,https://openalex.org/S118628157,Trends in Cell Biology,False
CANADIAN MEDICAL ASSOCIATION JOURNAL,https://openalex.org/S4362743,Canadian Medical Association Journal,True
TECHNOLOGICAL FORECASTING AND SOCIAL CHANGE,https://openalex.org/S39307421,Technological Forecasting and Social Change,False
Blood Cancer Journal,https://openalex.org/S2496263508,Blood Cancer Journal,True
Med,https://openalex.org/S4210167770,Med,False
JOURNAL OF THE AMERICAN ACADEMY OF DERMATOLOGY,https://openalex.org/S58727509,Journal of the American Academy of Dermatology,False
JACC-Cardiovascular Imaging,https://openalex.org/S195556561,JACC. Cardiovascular imaging,False
JOURNAL OF EXPERIMENTAL MEDICINE,https://openalex.org/S22947807,The Journal of Experimental Medicine,False
BIOMATERIALS,https://openalex.org/S163807576,Biomaterials,False
Lancet HIV,https://openalex.org/S2531945440,The Lancet HIV,False
LEUKEMIA,https://openalex.org/S149476849,Leukemia,False
TRENDS IN MOLECULAR MEDICINE,https://openalex.org/S64855341,Trends in Molecular Medicine,False
Annual Review of Biomedical Engineering,https://openalex.org/S171268996,Annual Review of Biomedical Engineering,False
JOURNAL OF PHOTOCHEMISTRY AND PHOTOBIOLOGY C-PHOTOCHEMISTRY REVIEWS,https://openalex.org/S143106029,Journal of Photochemistry and Photobiology C Photochemistry Reviews,False
COMPOSITES PART B-ENGINEERING,https://openalex.org/S112674977,Composites Part B Engineering,False
ALLERGY,https://openalex.org/S68090385,Allergy,False
Nano Materials Science,https://openalex.org/S4210230927,Nano Materials Science,True
Annual Review of Nutrition,https://openalex.org/S160110530,Annual Review of Nutrition,False
International Journal of Surgery,https://openalex.org/S67965910,International Journal of Surgery,False
Analytic Methods in Accident Research,https://openalex.org/S2898450762,Analytic Methods in Accident Research,False
NATURE STRUCTURAL & MOLECULAR BIOLOGY,https://openalex.org/S139253143,Nature Structural & Molecular Biology,False
Communications in Transportation Research,https://openalex.org/S4210178498,Communications in Transportation Research,True
Business Strategy and the Environment,https://openalex.org/S205793605,Business Strategy and the Environment,False
CANCER RESEARCH,https://openalex.org/S168522863,Cancer Research,False
AGEING RESEARCH REVIEWS,https://openalex.org/S117312820,Ageing Research Reviews,False
AMERICAN PSYCHOLOGIST,https://openalex.org/S80146597,American Psychologist,False
npj Digital Medicine,https://openalex.org/S4210195431,npj Digital Medicine,True
Theranostics,https://openalex.org/S2482500137,Theranostics,True
Resources Environment and Sustainability,https://openalex.org/S4210199161,Resources Environment and Sustainability,True
Applied Computing and Informatics,https://openalex.org/S2737635154,Applied Computing and Informatics,True
npj Flexible Electronics,https://openalex.org/S4210223376,npj Flexible Electronics,True
JOURNAL OF MANUFACTURING SYSTEMS,https://openalex.org/S201698446,Journal of Manufacturing Systems,False
Gut Microbes,https://openalex.org/S2764770702,Gut Microbes,True
JOURNAL OF HAZARDOUS MATERIALS,https://openalex.org/S145089992,Journal of Hazardous Materials,False
Materials Horizons,https://openalex.org/S2764386229,Materials Horizons,False
Applied Mechanics Reviews,https://openalex.org/S83146831,Applied Mechanics Reviews,False
CURRENT OPINION IN SOLID STATE & MATERIALS SCIENCE,https://openalex.org/S7637673,Current Opinion in Solid State and Materials Science,False
RADIOLOGY,https://openalex.org/S50280174,Radiology,False
SEMINARS IN CANCER BIOLOGY,https://openalex.org/S154149207,Seminars in Cancer Biology,False
Nature Reviews Urology,https://openalex.org/S67216020,Nature Reviews Urology,False
MOLECULAR THERAPY,https://openalex.org/S51596929,Molecular Therapy,False
Annual Review of Neuroscience,https://openalex.org/S131371711,Annual Review of Neuroscience,False
Annual Review of Biochemistry,https://openalex.org/S53860259,Annual Review of Biochemistry,False
BIOTECHNOLOGY ADVANCES,https://openalex.org/S160877137,Biotechnology Advances,False
Nature Computational Science,https://openalex.org/S4210228084,Nature Computational Science,False
PHARMACOLOGY & THERAPEUTICS,https://openalex.org/S83493678,Pharmacology & Therapeutics,False
Materials Futures,https://openalex.org/S4210236739,Materials Futures,True
COMPREHENSIVE REVIEWS IN FOOD SCIENCE AND FOOD SAFETY,https://openalex.org/S336866,Comprehensive Reviews in Food Science and Food Safety,False
BRAIN,https://openalex.org/S118357697,Brain,False
Journal of Hospitality Marketing & Management,https://openalex.org/S118298121,Journal of Hospitality Marketing & Management,False
Applied Physics Reviews,https://openalex.org/S4210229136,Applied Physics Reviews,False
HemaSphere,https://openalex.org/S4210211592,HemaSphere,True
BRITISH JOURNAL OF SPORTS MEDICINE,https://openalex.org/S136578784,British Journal of Sports Medicine,False
GigaScience,https://openalex.org/S2735135405,GigaScience,True
TRAC-TRENDS IN ANALYTICAL CHEMISTRY,https://openalex.org/S64920681,TrAC Trends in Analytical Chemistry,False
Energy Materials,https://openalex.org/S4210212614,Energy Materials,False
International Journal of Mining Science and Technology,https://openalex.org/S2764755457,International Journal of Mining Science and Technology,True
Qualitative Psychology,https://openalex.org/S4210170719,Qualitative Psychology,False
JACC-Cardiovascular Interventions,https://openalex.org/S117995063,КАРДИОЛОГИЯ УЗБЕКИСТАНА,False
IEEE TRANSACTIONS ON EVOLUTIONARY COMPUTATION,https://openalex.org/S93787993,IEEE Transactions on Evolutionary Computation,False
Science Advances,https://openalex.org/S2737427234,Science Advances,True
Blood Cancer Discovery,https://openalex.org/S4210239195,Blood Cancer Discovery,True
IEEE Transactions on Industrial Informatics,https://openalex.org/S184777250,IEEE Transactions on Industrial Informatics,False
Cell Reports Medicine,https://openalex.org/S4210207453,Cell Reports Medicine,True
NEW ASTRONOMY REVIEWS,https://openalex.org/S108771763,New Astronomy Reviews,False
ACS Catalysis,https://openalex.org/S37391459,ACS Catalysis,False
TRENDS IN BIOCHEMICAL SCIENCES,https://openalex.org/S136233269,Trends in Biochemical Sciences,False
Annual Review of Physical Chemistry,https://openalex.org/S136526455,Annual Review of Physical Chemistry,False
Physical Review X,https://openalex.org/S137042341,Physical Review X,True
INTERNATIONAL JOURNAL OF COMPUTER VISION,https://openalex.org/S25538012,International Journal of Computer Vision,False
Clinical Gastroenterology and Hepatology,https://openalex.org/S6642600,Clinical Gastroenterology and Hepatology,False
Liver Cancer,https://openalex.org/S2764970739,Liver Cancer,True
JAMA Dermatology,https://openalex.org/S146641495,JAMA Dermatology,False
JOURNAL OF ECONOMIC LITERATURE,https://openalex.org/S127708089,Journal of Economic Literature,False
ENDOSCOPY,https://openalex.org/S195182175,Endoscopy,False
Industrial and Organizational Psychology-Perspectives on Science and Practice,https://openalex.org/S187239619,Industrial and Organizational Psychology,False
JOURNAL OF MARKETING,https://openalex.org/S142990027,Journal of Marketing,False
WATER RESEARCH,https://openalex.org/S52566953,Water Research,False
GENOMICS PROTEOMICS & BIOINFORMATICS,https://openalex.org/S155547894,Genomics Proteomics & Bioinformatics,True
Chem Catalysis,https://openalex.org/S4210217284,Chem Catalysis,False
PROGRESS IN AEROSPACE SCIENCES,https://openalex.org/S166193747,Progress in Aerospace Sciences,False
Progress in Energy,https://openalex.org/S4210235888,Progress in Energy,False
Arthritis & Rheumatology,https://openalex.org/S4210186158,Arthritis & Rheumatology,False
Journal of Advanced Research,https://openalex.org/S57607125,Journal of Advanced Research,True
JOURNAL OF ALLERGY AND CLINICAL IMMUNOLOGY,https://openalex.org/S108525051,Journal of Allergy and Clinical Immunology,False
JOURNAL OF EXPERIMENTAL & CLINICAL CANCER RESEARCH,https://openalex.org/S4393915158,Journal of experimental & clinical cancer research,False
TRENDS IN ENDOCRINOLOGY AND METABOLISM,https://openalex.org/S93802863,Trends in Endocrinology and Metabolism,False
Annual Review of Cell and Developmental Biology,https://openalex.org/S93285647,Annual Review of Cell and Developmental Biology,False
CRITICAL REVIEWS IN ENVIRONMENTAL SCIENCE AND TECHNOLOGY,https://openalex.org/S207935976,Critical Reviews in Environmental Science and Technology,False
ENDOCRINE PATHOLOGY,https://openalex.org/S53004546,Endocrine Pathology,False
Annual Review of Earth and Planetary Sciences,https://openalex.org/S135981667,Annual Review of Earth and Planetary Sciences,False
Earth System Science Data,https://openalex.org/S106909380,Earth system science data,True
Journal of Materials Science & Technology,https://openalex.org/S135187643,Journal of Material Science and Technology,False
PLANT BIOTECHNOLOGY JOURNAL,https://openalex.org/S36510773,Plant Biotechnology Journal,True
Annual Review of Control Robotics and Autonomous Systems,https://openalex.org/S4210191328,Annual Review of Control Robotics and Autonomous Systems,False
Annual Review of Pharmacology and Toxicology,https://openalex.org/S163849586,The Annual Review of Pharmacology and Toxicology,False
Journal of Business Logistics,https://openalex.org/S38350834,Journal of Business Logistics,False
SLEEP MEDICINE REVIEWS,https://openalex.org/S28482811,Sleep Medicine Reviews,False
RESOURCES CONSERVATION AND RECYCLING,https://openalex.org/S18051569,Resources Conservation and Recycling,False
Small Science,https://openalex.org/S4210233464,Small Science,True
Annual Review of Ecology Evolution and Systematics,https://openalex.org/S119405978,Annual Review of Ecology Evolution and Systematics,False
QUARTERLY JOURNAL OF ECONOMICS,https://openalex.org/S203860005,The Quarterly Journal of Economics,False
COMMUNICATIONS OF THE ACM,https://openalex.org/S103482838,Communications of the ACM,False
TECHNOVATION,https://openalex.org/S70698675,Technovation,False
Cell Genomics,https://openalex.org/S4210194377,Cell Genomics,True
REMOTE SENSING OF ENVIRONMENT,https://openalex.org/S141808269,Remote Sensing of Environment,False
Trends in Environmental Analytical Chemistry,https://openalex.org/S2898140573,Trends in Environmental Analytical Chemistry,False
Polymer Reviews,https://openalex.org/S166852190,Polymer Reviews,False
Statistics Surveys,https://openalex.org/S147498506,Statistics Surveys,True
BRITISH JOURNAL OF DERMATOLOGY,https://openalex.org/S45720283,British Journal of Dermatology,False
BIOLOGICAL REVIEWS,https://openalex.org/S86137544,Biological reviews/Biological reviews of the Cambridge Philosophical Society,False
MOLECULAR BIOLOGY AND EVOLUTION,https://openalex.org/S57552105,Molecular Biology and Evolution,True
Journal of Retailing and Consumer Services,https://openalex.org/S25235501,Journal of Retailing and Consumer Services,False
FOOD HYDROCOLLOIDS,https://openalex.org/S168584722,Food Hydrocolloids,False
Tourism Management,https://openalex.org/S6814119,Tourism Management,False
IEEE WIRELESS COMMUNICATIONS,https://openalex.org/S146764194,IEEE Wireless Communications,False
CLINICAL MICROBIOLOGY AND INFECTION,https://openalex.org/S71414007,Clinical Microbiology and Infection,False
Sustainable Production and Consumption,https://openalex.org/S2764749963,Sustainable Production and Consumption,False
METABOLISM-CLINICAL AND EXPERIMENTAL,https://openalex.org/S119661813,Metabolism,False
CEMENT AND CONCRETE RESEARCH,https://openalex.org/S186020892,Cement and Concrete Research,False
MEDICINAL RESEARCH REVIEWS,https://openalex.org/S22382660,Medicinal Research Reviews,False
ENVIRONMENTAL SCIENCE & TECHNOLOGY,https://openalex.org/S13479253,Environmental Science & Technology,False
International Journal of Oral Science,https://openalex.org/S44743489,International Journal of Oral Science,True
SIAM REVIEW,https://openalex.org/S160107561,SIAM Review,False
ISME Journal,https://openalex.org/S149218730,The ISME Journal,True
GLOBAL CHANGE BIOLOGY,https://openalex.org/S74970393,Global Change Biology,False
Translational Neurodegeneration,https://openalex.org/S2764798395,Translational Neurodegeneration,True
THORAX,https://openalex.org/S106546978,Thorax,False
IEEE TRANSACTIONS ON IMAGE PROCESSING,https://openalex.org/S4210173141,IEEE Transactions on Image Processing,False
EARTH-SCIENCE REVIEWS,https://openalex.org/S40187045,Earth-Science Reviews,False
CEMENT & CONCRETE COMPOSITES,https://openalex.org/S123887920,Cement and Concrete Composites,False
Journal of Materials Chemistry A,https://openalex.org/S2764437742,Journal of Materials Chemistry A,False
ACTA PHYSICO-CHIMICA SINICA,https://openalex.org/S138757394,Acta Physico-Chimica Sinica,False
IEEE TRANSACTIONS ON FUZZY SYSTEMS,https://openalex.org/S134177497,IEEE Transactions on Fuzzy Systems,False
MEDICAL IMAGE ANALYSIS,https://openalex.org/S116571295,Medical Image Analysis,False
DEVELOPMENTAL CELL,https://openalex.org/S83804233,Developmental Cell,False
BIOSENSORS & BIOELECTRONICS,https://openalex.org/S156181945,Biosensors and Bioelectronics,False
Carbohydrate Polymers,https://openalex.org/S64311837,Carbohydrate Polymers,False
Asian Journal of Pharmaceutical Sciences,https://openalex.org/S2764650913,Asian Journal of Pharmaceutical Sciences,True
Redox Biology,https://openalex.org/S2764928002,Redox Biology,True
MedComm,https://openalex.org/S4210236862,MedComm,True
Green Energy & Environment,https://openalex.org/S2898348030,Green Energy & Environment,True
ARTIFICIAL INTELLIGENCE REVIEW,https://openalex.org/S122814990,Artificial Intelligence Review,False
EcoMat,https://openalex.org/S4210174281,EcoMat,True
Small Methods,https://openalex.org/S4210232622,Small Methods,False
ISPRS JOURNAL OF PHOTOGRAMMETRY AND REMOTE SENSING,https://openalex.org/S173339282,ISPRS Journal of Photogrammetry and Remote Sensing,False
JOURNAL OF NANOBIOTECHNOLOGY,https://openalex.org/S41231013,Journal of Nanobiotechnology,True
Annual Review of Food Science and Technology,https://openalex.org/S4210185937,Annual Review of Food Science and Technology,False
Annual Review of Materials Research,https://openalex.org/S165210498,Annual Review of Materials Research,False
AMERICAN ECONOMIC REVIEW,https://openalex.org/S23254222,American Economic Review,False
Perspectives on Psychological Science,https://openalex.org/S27228949,Perspectives on Psychological Science,False
JAMA Network Open,https://openalex.org/S4210217848,JAMA Network Open,True
PLOS MEDICINE,https://openalex.org/S197939330,PLoS Medicine,True
International Journal of Transgender Health,https://openalex.org/S4210237279,International Journal of Transgender Health,False
Journal of Business Research,https://openalex.org/S93284759,Journal of Business Research,False
JOURNAL OF CONTROLLED RELEASE,https://openalex.org/S161954266,Journal of Controlled Release,False
Sustainable Cities and Society,https://openalex.org/S163634330,Sustainable Cities and Society,False
Cyborg and Bionic Systems,https://openalex.org/S4210209220,Cyborg and Bionic Systems,True
CARBON,https://openalex.org/S188605413,Carbon,False
npj Clean Water,https://openalex.org/S4210171286,npj Clean Water,True
ANNALS OF TOURISM RESEARCH,https://openalex.org/S51885707,Annals of Tourism Research,False
Genome Medicine,https://openalex.org/S149201819,Genome Medicine,True
JOURNAL OF FINANCIAL ECONOMICS,https://openalex.org/S149240962,Journal of Financial Economics,False
CARDIOVASCULAR RESEARCH,https://openalex.org/S91067379,Cardiovascular Research,False
CLINICAL CANCER RESEARCH,https://openalex.org/S183149254,Clinical Cancer Research,False
Journal of Industrial Information Integration,https://openalex.org/S2898195457,Journal of Industrial Information Integration,False
Pulmonology,https://openalex.org/S2898275119,Pulmonology,True
Annual Review of Biophysics,https://openalex.org/S4157722,Annual Review of Biophysics,False
Science China-Chemistry,https://openalex.org/S147836164,Science China Chemistry,False
Carbon Capture Science & Technology,https://openalex.org/S4210236580,Carbon Capture Science & Technology,True
JOURNAL OF THE AMERICAN SOCIETY OF NEPHROLOGY,https://openalex.org/S115693375,Journal of the American Society of Nephrology,False
JACC-Heart Failure,https://openalex.org/S2764825379,JACC Heart Failure,False
Journal for ImmunoTherapy of Cancer,https://openalex.org/S2754803477,Journal for ImmunoTherapy of Cancer,True
Additive Manufacturing,https://openalex.org/S2764842179,Additive manufacturing,False
ENVIRONMENT INTERNATIONAL,https://openalex.org/S143381477,Environment International,True
IEEE Computational Intelligence Magazine,https://openalex.org/S104797584,IEEE Computational Intelligence Magazine,False
IEEE Transactions on Neural Networks and Learning Systems,https://openalex.org/S4210175523,IEEE Transactions on Neural Networks and Learning Systems,False
Journal of Supply Chain Management,https://openalex.org/S97320426,Journal of Supply Chain Management,False
Virtual and Physical Prototyping,https://openalex.org/S152936027,Virtual and Physical Prototyping,True
NATURAL PRODUCT REPORTS,https://openalex.org/S18855311,Natural Product Reports,False
Journal of High Energy Astrophysics,https://openalex.org/S2898380114,Journal of High Energy Astrophysics,False
TECHNOLOGY IN SOCIETY,https://openalex.org/S149100181,Technology in Society,False
Engineering,https://openalex.org/S4210192142,Engineering,True
GENOME BIOLOGY,https://openalex.org/S81160022,Genome biology,True
EDUCATIONAL PSYCHOLOGY REVIEW,https://openalex.org/S187318745,Educational Psychology Review,False
ENVIRONMENTAL HEALTH PERSPECTIVES,https://openalex.org/S10446503,Environmental Health Perspectives,True
European Review of Social Psychology,https://openalex.org/S201273009,European Review of Social Psychology,False
Facta Universitatis-Series Mechanical Engineering,https://openalex.org/S4210175206,Facta Universitatis Series Mechanical Engineering,True
AMERICAN JOURNAL OF HEMATOLOGY,https://openalex.org/S199810014,American Journal of Hematology,False
JOURNAL OF PRODUCT INNOVATION MANAGEMENT,https://openalex.org/S93630570,Journal of Product Innovation Management,False
APPLIED ENERGY,https://openalex.org/S109565702,Applied Energy,False
FEMS MICROBIOLOGY REVIEWS,https://openalex.org/S7317325,FEMS Microbiology Reviews,False
Mycosphere,https://openalex.org/S2739093061,Mycosphere,True
Eurosurveillance,https://openalex.org/S50690046,Eurosurveillance,True
International Journal of Hospitality Management,https://openalex.org/S148599315,International Journal of Hospitality Management,False
PLANT CELL,https://openalex.org/S48849333,The Plant Cell,False
JNCI-Journal of the National Cancer Institute,https://openalex.org/S98010888,JNCI Journal of the National Cancer Institute,False
Materials Today Physics,https://openalex.org/S2898609469,Materials Today Physics,False
FRONTIERS IN ECOLOGY AND THE ENVIRONMENT,https://openalex.org/S144797041,Frontiers in Ecology and the Environment,False
Molecular Horticulture,https://openalex.org/S4210204502,Molecular Horticulture,True
Advanced Healthcare Materials,https://openalex.org/S2500736452,Advanced Healthcare Materials,False
CLINICAL NUCLEAR MEDICINE,https://openalex.org/S1118231,Clinical Nuclear Medicine,False
Autism in Adulthood,https://openalex.org/S4210230365,Autism in Adulthood,False
Journal of Econometrics,https://openalex.org/S127742747,Journal of Econometrics,False
SUSTAINABLE DEVELOPMENT,https://openalex.org/S165666656,Sustainable Development,False
ENERGY CONVERSION AND MANAGEMENT,https://openalex.org/S105637730,Energy Conversion and Management,False
ACS Materials Letters,https://openalex.org/S4210213087,ACS Materials Letters,False
Advanced Industrial and Engineering Polymer Research,https://openalex.org/S4210184591,Advanced Industrial and Engineering Polymer Research,True
Family Business Review,https://openalex.org/S196919950,Family Business Review,False
SOIL BIOLOGY & BIOCHEMISTRY,https://openalex.org/S62391475,Soil Biology and Biochemistry,False
Environmental Impact Assessment Review,https://openalex.org/S167829764,Environmental Impact Assessment Review,False
INTERNATIONAL JOURNAL OF PRODUCTION ECONOMICS,https://openalex.org/S184816971,International Journal of Production Economics,False
JOURNAL OF SERVICE RESEARCH,https://openalex.org/S125608309,Journal of Service Research,False
Laser & Photonics Reviews,https://openalex.org/S95928045,Laser & Photonics Review,False
Global Food Security-Agriculture Policy Economics and Environment,https://openalex.org/S2764561087,Global Food Security,False
Journal of Cleaner Production,https://openalex.org/S58516903,Journal of Cleaner Production,False
BMJ Evidence-Based Medicine,https://openalex.org/S4210227606,BMJ evidence-based medicine,False
Annual Review of Political Science,https://openalex.org/S8194976,Annual Review of Political Science,False
Journal of Physiotherapy,https://openalex.org/S99546260,Journal of physiotherapy,True
Journal of Sport and Health Science,https://openalex.org/S2485047394,Journal of sport and health science/Journal of Sport and Health Science,True
EBioMedicine,https://openalex.org/S2531685872,EBioMedicine,True
Radiologia Medica,https://openalex.org/S197311665,La radiologia medica,False
AMERICAN JOURNAL OF PUBLIC HEALTH,https://openalex.org/S168049282,American Journal of Public Health,False
BIORESOURCE TECHNOLOGY,https://openalex.org/S21442059,Bioresource Technology,False
BIOCHIMICA ET BIOPHYSICA ACTA-REVIEWS ON CANCER,https://openalex.org/S4210180990,Biochimica et Biophysica Acta (BBA) - Reviews on Cancer,False
ARCHIVES OF COMPUTATIONAL METHODS IN ENGINEERING,https://openalex.org/S65486112,Archives of Computational Methods in Engineering,False
VIEW,https://openalex.org/S4210197018,View,True
Educational Research Review,https://openalex.org/S43764696,Educational Research Review,False
EClinicalMedicine,https://openalex.org/S2898347799,EClinicalMedicine,True
IEEE Transactions on Affective Computing,https://openalex.org/S104780363,IEEE Transactions on Affective Computing,False
MOLECULAR PSYCHIATRY,https://openalex.org/S71149355,Molecular Psychiatry,False
Biological Psychiatry,https://openalex.org/S205482884,Biological Psychiatry,False
Journal of Research in Interactive Marketing,https://openalex.org/S45224653,Journal of Research in Interactive Marketing,False
AUTOMATION IN CONSTRUCTION,https://openalex.org/S172073041,Automation in Construction,False
JAMA Health Forum,https://openalex.org/S4210223698,JAMA Health Forum,True
NANO LETTERS,https://openalex.org/S143846845,Nano Letters,False
Nano Research,https://openalex.org/S173461644,Nano Research,False
CANCER TREATMENT REVIEWS,https://openalex.org/S49831067,Cancer Treatment Reviews,False
RARE METALS,https://openalex.org/S172552266,Rare Metals,False
Energy and AI,https://openalex.org/S4210241048,Energy and AI,True
PERSOONIA,https://openalex.org/S148105046,Persoonia - Molecular Phylogeny and Evolution of Fungi,False
ACADEMY OF MANAGEMENT JOURNAL,https://openalex.org/S117778295,Academy of Management Journal,False
CHEST,https://openalex.org/S76900504,CHEST Journal,False
JOURNAL OF THE ACADEMY OF MARKETING SCIENCE,https://openalex.org/S92522684,Journal of the Academy of Marketing Science,False
JHEP Reports,https://openalex.org/S4210202621,JHEP Reports,True
Journal of Family Business Strategy,https://openalex.org/S118119388,Journal of Family Business Strategy,False
Current Obesity Reports,https://openalex.org/S2764420670,Current Obesity Reports,False
EMBO JOURNAL,https://openalex.org/S127916151,The EMBO Journal,True
EXPERIMENTAL AND MOLECULAR MEDICINE,https://openalex.org/S57588113,Experimental & Molecular Medicine,True
Biomarker Research,https://openalex.org/S2764853569,Biomarker Research,True
TRANSPORT REVIEWS,https://openalex.org/S194388667,Transport Reviews,False
AMERICAN JOURNAL OF KIDNEY DISEASES,https://openalex.org/S18197459,American Journal of Kidney Diseases,False
IEEE SIGNAL PROCESSING MAGAZINE,https://openalex.org/S120977877,IEEE Signal Processing Magazine,False
Nature Cardiovascular Research,https://openalex.org/S4210241135,Nature Cardiovascular Research,False
JOURNAL OF APPLIED PSYCHOLOGY,https://openalex.org/S166002381,Journal of Applied Psychology,False
MONOGRAPHS OF THE SOCIETY FOR RESEARCH IN CHILD DEVELOPMENT,https://openalex.org/S24859740,Monographs of the Society for Research in Child Development,False
PROCEEDINGS OF THE NATIONAL ACADEMY OF SCIENCES OF THE UNITED STATES OF AMERICA,https://openalex.org/S125754415,Proceedings of the National Academy of Sciences,False
Journal of International Financial Management & Accounting,https://openalex.org/S83262020,Journal of International Financial Management and Accounting,False
INTERNATIONAL JOURNAL OF PLASTICITY,https://openalex.org/S10186584,International Journal of Plasticity,False
Journal of Rock Mechanics and Geotechnical Engineering,https://openalex.org/S2764891560,Journal of Rock Mechanics and Geotechnical Engineering,True
IEEE Transactions on Cybernetics,https://openalex.org/S4210191041,IEEE Transactions on Cybernetics,False
Journal of Cachexia Sarcopenia and Muscle,https://openalex.org/S173726759,Journal of Cachexia Sarcopenia and Muscle,True
CCS Chemistry,https://openalex.org/S4210239486,CCS Chemistry,True
IEEE Transactions on Robotics,https://openalex.org/S144620930,IEEE Transactions on Robotics,False
Current Climate Change Reports,https://openalex.org/S4210219499,Current Climate Change Reports,False
Plant Communications,https://openalex.org/S4210223803,Plant Communications,True
RELIABILITY ENGINEERING & SYSTEM SAFETY,https://openalex.org/S202403813,Reliability Engineering & System Safety,False
Acta Biomaterialia,https://openalex.org/S173145877,Acta Biomaterialia,False
CHINESE CHEMICAL LETTERS,https://openalex.org/S167919573,Chinese Chemical Letters,False
JOURNAL OF COLLOID AND INTERFACE SCIENCE,https://openalex.org/S204609040,Journal of Colloid and Interface Science,False
npj Computational Materials,https://openalex.org/S4210232664,npj Computational Materials,True
Wiley Interdisciplinary Reviews-Climate Change,https://openalex.org/S205538080,Wiley Interdisciplinary Reviews Climate Change,False
CATALYSIS REVIEWS-SCIENCE AND ENGINEERING,https://openalex.org/S72781473,Catalysis Reviews,False
ANESTHESIOLOGY,https://openalex.org/S124035732,Anesthesiology,False
ACTA NEUROPATHOLOGICA,https://openalex.org/S198620474,Acta Neuropathologica,False
PRX Quantum,https://openalex.org/S4210195673,PRX Quantum,True
SPORTS MEDICINE,https://openalex.org/S137994755,Sports Medicine,False
JOURNAL OF MANAGEMENT,https://openalex.org/S122767448,Journal of Management,False
Energy Policy,https://openalex.org/S175056054,Energy Policy,False
Journal of Integrative Plant Biology,https://openalex.org/S58990993,Journal of Integrative Plant Biology,False
Journal of Neuroinflammation,https://openalex.org/S199572710,Journal of Neuroinflammation,True
GREEN CHEMISTRY,https://openalex.org/S55009144,Green Chemistry,False
Current Opinion in Green and Sustainable Chemistry,https://openalex.org/S4210195801,Current Opinion in Green and Sustainable Chemistry,False
CYTOKINE & GROWTH FACTOR REVIEWS,https://openalex.org/S194552188,Cytokine & Growth Factor Reviews,False
Journal of Educational Evaluation for Health Professions,https://openalex.org/S30317932,Journal of Educational Evaluation for Health Professions,True
JOURNAL OF THE AMERICAN ACADEMY OF CHILD AND ADOLESCENT PSYCHIATRY,https://openalex.org/S60711021,Journal of the American Academy of Child & Adolescent Psychiatry,False
ANGIOGENESIS,https://openalex.org/S143701222,Angiogenesis,False
CELLULAR & MOLECULAR BIOLOGY LETTERS,https://openalex.org/S97575921,Cellular & Molecular Biology Letters,True
npj 2D Materials and Applications,https://openalex.org/S4210185653,npj 2D Materials and Applications,True
AUTOIMMUNITY REVIEWS,https://openalex.org/S12874817,Autoimmunity Reviews,False
JOURNAL OF NUCLEAR MEDICINE,https://openalex.org/S129397763,Journal of Nuclear Medicine,False
BRITISH JOURNAL OF ANAESTHESIA,https://openalex.org/S33418846,British Journal of Anaesthesia,False
International Journal of Contemporary Hospitality Management,https://openalex.org/S125977778,International Journal of Contemporary Hospitality Management,False
LEADERSHIP QUARTERLY,https://openalex.org/S152304618,The Leadership Quarterly,False
PHARMACOLOGICAL RESEARCH,https://openalex.org/S54485712,Pharmacological Research,True
ROBOTICS AND COMPUTER-INTEGRATED MANUFACTURING,https://openalex.org/S118216261,Robotics and Computer-Integrated Manufacturing,False
npj Urban Sustainability,https://openalex.org/S4210223291,npj Urban Sustainability,True
CANCER LETTERS,https://openalex.org/S106234763,Cancer Letters,False
Circulation-Arrhythmia and Electrophysiology,https://openalex.org/S28979613,Circulation Arrhythmia and Electrophysiology,False
JOURNAL OF TRAVEL MEDICINE,https://openalex.org/S31999364,Journal of Travel Medicine,False
Annual Review of Nuclear and Particle Science,https://openalex.org/S112282628,Annual Review of Nuclear and Particle Science,False
SPACE SCIENCE REVIEWS,https://openalex.org/S10873449,Space Science Reviews,False
Annual Review of Phytopathology,https://openalex.org/S165675472,Annual Review of Phytopathology,False
Green Chemical Engineering,https://openalex.org/S4210218186,Green Chemical Engineering,True
Frontiers of Engineering Management,https://openalex.org/S2764515337,Frontiers of Engineering Management,False
PROGRESS IN SOLID STATE CHEMISTRY,https://openalex.org/S185988428,Progress in Solid State Chemistry,False
HARVARD BUSINESS REVIEW,https://openalex.org/S41416626,Harvard business review,False
COMPUTERS IN HUMAN BEHAVIOR,https://openalex.org/S204030396,Computers in Human Behavior,False
Current Forestry Reports,https://openalex.org/S4210178031,Current Forestry Reports,False
China Finance Review International,https://openalex.org/S2764509274,China Finance Review International,False
EMBO Molecular Medicine,https://openalex.org/S163075119,EMBO Molecular Medicine,True
Satellite Navigation,https://openalex.org/S3035671286,Satellite Navigation,True
JOURNAL OF INTERNAL MEDICINE,https://openalex.org/S29157290,Journal of Internal Medicine,False
European Respiratory Review,https://openalex.org/S168221024,European Respiratory Review,True
Environmental Chemistry and Ecotoxicology,https://openalex.org/S4210226396,Environmental Chemistry and Ecotoxicology,True
Energy,https://openalex.org/S2497375143,Energy,False
Cell Systems,https://openalex.org/S2764739556,Cell Systems,False
Renewable Energy,https://openalex.org/S815301,Renewable Energy,False
JOURNAL OF BIOMEDICAL SCIENCE,https://openalex.org/S52607827,Journal of Biomedical Science,True
Materials Today Energy,https://openalex.org/S2898308537,Materials Today Energy,False
Advances in Geo-Energy Research,https://openalex.org/S4210176496,ADVANCES IN GEO-ENERGY RESEARCH,True
Battery Energy,https://openalex.org/S4210239249,Battery energy,True
REVIEWS IN MEDICAL VIROLOGY,https://openalex.org/S163174342,Reviews in Medical Virology,False
Mental Illness,https://openalex.org/S19507835,Mental Illness,True
Annual Review of Sociology,https://openalex.org/S61274580,Annual Review of Sociology,False
COMPUTERS & EDUCATION,https://openalex.org/S4210172634,Computers & Education,False
AMERICAN JOURNAL OF TRANSPLANTATION,https://openalex.org/S182625382,American Journal of Transplantation,False
IEEE TRANSACTIONS ON KNOWLEDGE AND DATA ENGINEERING,https://openalex.org/S30698027,IEEE Transactions on Knowledge and Data Engineering,False
IEEE TRANSACTIONS ON MEDICAL IMAGING,https://openalex.org/S58069681,IEEE Transactions on Medical Imaging,False
IEEE TRANSACTIONS ON WIRELESS COMMUNICATIONS,https://openalex.org/S63459445,IEEE Transactions on Wireless Communications,False
ORGANIZATIONAL RESEARCH METHODS,https://openalex.org/S133599136,Organizational Research Methods,False
Journal of Destination Marketing & Management,https://openalex.org/S2764801966,Journal of Destination Marketing & Management,False
PSYCHOLOGY & MARKETING,https://openalex.org/S102896891,Psychology and Marketing,False
Current Opinion in Food Science,https://openalex.org/S2764555239,Current Opinion in Food Science,False
JOURNAL OF WORLD BUSINESS,https://openalex.org/S143995394,Journal of World Business,False
Environmental Science & Technology Letters,https://openalex.org/S2764476807,Environmental Science & Technology Letters,False
Journal of Energy Storage,https://openalex.org/S2764865925,Journal of Energy Storage,False
JOURNAL OF NEUROLOGY NEUROSURGERY AND PSYCHIATRY,https://openalex.org/S134773490,Journal of Neurology Neurosurgery & Psychiatry,False
Implementation Science,https://openalex.org/S76880069,Implementation Science,True
BRAIN BEHAVIOR AND IMMUNITY,https://openalex.org/S102243518,Brain Behavior and Immunity,False
BRITISH JOURNAL OF PSYCHIATRY,https://openalex.org/S127936299,The British Journal of Psychiatry,False
Reviews in Aquaculture,https://openalex.org/S60775588,Reviews in Aquaculture,False
CRITICAL CARE,https://openalex.org/S191417626,Critical Care,True
Astrophysical Journal Letters,https://openalex.org/S4210175824,The Astrophysical Journal Letters,True
Cochrane Database of Systematic Reviews,https://openalex.org/S71429176,Cochrane database of systematic reviews,False
Journal of Remote Sensing,https://openalex.org/S4210236127,Journal of Remote Sensing,True
Annual Review of Animal Biosciences,https://openalex.org/S2491293328,Annual Review of Animal Biosciences,False
AMERICAN JOURNAL OF OBSTETRICS AND GYNECOLOGY,https://openalex.org/S122347013,American Journal of Obstetrics and Gynecology,False
British Journal of Surgery,https://openalex.org/S61740008,British journal of surgery,False
WORLD BANK RESEARCH OBSERVER,https://openalex.org/S117685085,The World Bank Research Observer,False
ULTRASONICS SONOCHEMISTRY,https://openalex.org/S130447213,Ultrasonics Sonochemistry,True
IEEE Journal of Selected Topics in Signal Processing,https://openalex.org/S42167783,IEEE Journal of Selected Topics in Signal Processing,False
JOURNAL OF STRATEGIC INFORMATION SYSTEMS,https://openalex.org/S6144335,The Journal of Strategic Information Systems,False
IEEE Transactions on Sustainable Energy,https://openalex.org/S201762130,IEEE Transactions on Sustainable Energy,False
Materials Today Bio,https://openalex.org/S4210219546,Materials Today Bio,True
Protection and Control of Modern Power Systems,https://openalex.org/S2737292043,Protection and Control of Modern Power Systems,True
Sustainable Materials and Technologies,https://openalex.org/S2898501196,Sustainable materials and technologies,False
ARCHIVOS DE BRONCONEUMOLOGIA,https://openalex.org/S198888318,Archivos de Bronconeumología,False
MOLECULAR ASPECTS OF MEDICINE,https://openalex.org/S61794117,Molecular Aspects of Medicine,False
Annual Review of Genetics,https://openalex.org/S92134727,Annual Review of Genetics,False
PROGRESS IN SURFACE SCIENCE,https://openalex.org/S98443392,Progress in Surface Science,False
International Journal of Educational Technology in Higher Education,https://openalex.org/S4210201537,International Journal of Educational Technology in Higher Education,True
HEALTH AFFAIRS,https://openalex.org/S135745533,Health Affairs,False
EUROPEAN JOURNAL OF NUCLEAR MEDICINE AND MOLECULAR IMAGING,https://openalex.org/S191349260,European Journal of Nuclear Medicine and Molecular Imaging,False
AMERICAN JOURNAL OF CLINICAL DERMATOLOGY,https://openalex.org/S71020152,American Journal of Clinical Dermatology,False
GLOBAL ENVIRONMENTAL CHANGE-HUMAN AND POLICY DIMENSIONS,https://openalex.org/S130750583,Global Environmental Change,False
IEEE Transactions on Smart Grid,https://openalex.org/S59604973,IEEE Transactions on Smart Grid,False
ASTROPHYSICAL JOURNAL SUPPLEMENT SERIES,https://openalex.org/S183686791,The Astrophysical Journal Supplement Series,True
European Journal of Preventive Cardiology,https://openalex.org/S201064403,European Journal of Preventive Cardiology,False
IEEE Transactions on Systems Man Cybernetics-Systems,https://openalex.org/S4210209078,IEEE Transactions on Systems Man and Cybernetics Systems,False
Journal of Big Data,https://openalex.org/S2737955091,Journal Of Big Data,True
JOURNAL OF INTERNATIONAL BUSINESS STUDIES,https://openalex.org/S38024979,Journal of International Business Studies,False
JACS Au,https://openalex.org/S4210207119,JACS Au,True
Materials Research Letters,https://openalex.org/S2764759833,Materials Research Letters,True
International Journal of Consumer Studies,https://openalex.org/S173807628,International Journal of Consumer Studies,False
Journal of Nanostructure in Chemistry,https://openalex.org/S2764590048,Journal of nanostructure in chemistry,False
NPG Asia Materials,https://openalex.org/S46371784,NPG Asia Materials,True
REVIEWS IN ENVIRONMENTAL SCIENCE AND BIO-TECHNOLOGY,https://openalex.org/S4210175777,Reviews in Environmental Science and Bio/Technology,False
Clinical Journal of the American Society of Nephrology,https://openalex.org/S184267533,Clinical Journal of the American Society of Nephrology,False
Geoscience Frontiers,https://openalex.org/S2764860519,Geoscience Frontiers,True
Cardiovascular Diabetology,https://openalex.org/S12095120,Cardiovascular Diabetology,True
AMERICAN JOURNAL OF GASTROENTEROLOGY,https://openalex.org/S66441642,The American Journal of Gastroenterology,False
JOURNAL OF THE EUROPEAN ACADEMY OF DERMATOLOGY AND VENEREOLOGY,https://openalex.org/S137740113,Journal of the European Academy of Dermatology and Venereology,False
npj Climate and Atmospheric Science,https://openalex.org/S4210224503,npj Climate and Atmospheric Science,True
Food Packaging and Shelf Life,https://openalex.org/S2764480744,Food Packaging and Shelf Life,False
JPAD-Journal of Prevention of Alzheimers Disease,https://openalex.org/S4210234663,The Journal of Prevention of Alzheimer s Disease,False
Food Chemistry,https://openalex.org/S98026630,Food Chemistry,False
COMPUTER-AIDED CIVIL AND INFRASTRUCTURE ENGINEERING,https://openalex.org/S206927758,Computer-Aided Civil and Infrastructure Engineering,False
Molecular Systems Biology,https://openalex.org/S200893805,Molecular Systems Biology,True
Research,https://openalex.org/S4210227195,Research,False
ACS Applied Materials & Interfaces,https://openalex.org/S164001016,ACS Applied Materials & Interfaces,False
Pneumonia,https://openalex.org/S4210187308,Pneumonia,True
Annual Review of Microbiology,https://openalex.org/S82779230,Annual Review of Microbiology,False
Optica,https://openalex.org/S4210197940,Optica,True
Emerging Microbes & Infections,https://openalex.org/S2764760790,Emerging Microbes & Infections,True
NEUROLOGY,https://openalex.org/S79704628,Neurology,False
IEEE TRANSACTIONS ON MULTIMEDIA,https://openalex.org/S137030581,IEEE Transactions on Multimedia,False
JACC-Basic to Translational Science,https://openalex.org/S2898156683,JACC Basic to Translational Science,True
DIABETOLOGIA,https://openalex.org/S104375418,Diabetologia,False
DESALINATION,https://openalex.org/S86512602,Desalination,False
CLINICAL REVIEWS IN ALLERGY & IMMUNOLOGY,https://openalex.org/S120080025,Clinical Reviews in Allergy & Immunology,False
JOURNAL OF MEMBRANE SCIENCE,https://openalex.org/S119469986,Journal of Membrane Science,False
BULLETIN OF THE WORLD HEALTH ORGANIZATION,https://openalex.org/S22004576,Bulletin of the World Health Organization,True
Journal of Materiomics,https://openalex.org/S2764607427,Journal of Materiomics,True
CAAI Transactions on Intelligence Technology,https://openalex.org/S2898415742,CAAI Transactions on Intelligence Technology,True
REVIEW OF EDUCATIONAL RESEARCH,https://openalex.org/S92895470,Review of Educational Research,False
Foundations and Trends in Information Retrieval,https://openalex.org/S197106261,Foundations and Trends® in Information Retrieval,False
Human Reproduction Open,https://openalex.org/S2735273115,Human Reproduction Open,True
JOURNAL OF PINEAL RESEARCH,https://openalex.org/S114728194,Journal of Pineal Research,False
IEEE COMMUNICATIONS MAGAZINE,https://openalex.org/S158797327,IEEE Communications Magazine,False
European Urology Oncology,https://openalex.org/S2898501490,European Urology Oncology,False
Neurology-Neuroimmunology & Neuroinflammation,https://openalex.org/S2764892302,Neurology Neuroimmunology & Neuroinflammation,True
IEEE TRANSACTIONS ON CIRCUITS AND SYSTEMS FOR VIDEO TECHNOLOGY,https://openalex.org/S115173108,IEEE Transactions on Circuits and Systems for Video Technology,False
TRANSPORTATION RESEARCH PART E-LOGISTICS AND TRANSPORTATION REVIEW,https://openalex.org/S173966628,Transportation Research Part E Logistics and Transportation Review,False
Critical Perspectives on Accounting,https://openalex.org/S66510378,Critical Perspectives on Accounting,False
NEW PHYTOLOGIST,https://openalex.org/S58631098,New Phytologist,False
ADMINISTRATIVE SCIENCE QUARTERLY,https://openalex.org/S143668711,Administrative Science Quarterly,False
ACTA MATERIALIA,https://openalex.org/S64016596,Acta Materialia,False
AGU Advances,https://openalex.org/S4210240585,AGU Advances,True
Corporate Social Responsibility and Environmental Management,https://openalex.org/S12818680,Corporate Social Responsibility and Environmental Management,False
Journal of Crohns & Colitis,https://openalex.org/S2735960814,Journal of Crohn s and Colitis,False
ACS Sensors,https://openalex.org/S2764631046,ACS Sensors,False
COMPOSITES SCIENCE AND TECHNOLOGY,https://openalex.org/S52442148,Composites Science and Technology,False
Green Synthesis and Catalysis,https://openalex.org/S4210174164,Green Synthesis and Catalysis,True
CURRENT OPINION IN PLANT BIOLOGY,https://openalex.org/S69957782,Current Opinion in Plant Biology,False
INTERNATIONAL ORGANIZATION,https://openalex.org/S160686149,International Organization,False
INFORMATION & MANAGEMENT,https://openalex.org/S38883057,Information & Management,False
Dialogues in Human Geography,https://openalex.org/S2764787812,Dialogues in Human Geography,False
IEEE Internet of Things Journal,https://openalex.org/S2480266640,IEEE Internet of Things Journal,False
CLINICAL INFECTIOUS DISEASES,https://openalex.org/S72350973,Clinical Infectious Diseases,False
HUMAN RESOURCE MANAGEMENT REVIEW,https://openalex.org/S185253248,Human Resource Management Review,False
Underground Space,https://openalex.org/S2764981141,Underground Space,True
Journal of Travel & Tourism Marketing,https://openalex.org/S132310603,Journal of Travel & Tourism Marketing,False
Swarm and Evolutionary Computation,https://openalex.org/S2764346689,Swarm and Evolutionary Computation,False
HAEMATOLOGICA,https://openalex.org/S2752781272,Haematologica,True
International Journal of Biological Sciences,https://openalex.org/S26312460,International Journal of Biological Sciences,True
Annual Review of Virology,https://openalex.org/S2764917282,Annual Review of Virology,False
Artificial Intelligence in Agriculture,https://openalex.org/S4210228435,Artificial Intelligence in Agriculture,True
Biofabrication,https://openalex.org/S26035906,Biofabrication,False
COMPUTERS IN INDUSTRY,https://openalex.org/S60779006,Computers in Industry,False
Science of The Total Environment,https://openalex.org/S86852077,The Science of The Total Environment,False
Journal of Allergy and Clinical Immunology-In Practice,https://openalex.org/S2754868259,The Journal of Allergy and Clinical Immunology In Practice,False
SEPARATION AND PURIFICATION TECHNOLOGY,https://openalex.org/S69753523,Separation and Purification Technology,False
Materials Today Nano,https://openalex.org/S2898515921,Materials Today Nano,False
Cell Communication and Signaling,https://openalex.org/S138104925,Cell Communication and Signaling,True
CRITICAL REVIEWS IN BIOTECHNOLOGY,https://openalex.org/S28635856,Critical Reviews in Biotechnology,False
SURFACE SCIENCE REPORTS,https://openalex.org/S120139636,Surface Science Reports,False
ANNALS OF NEUROLOGY,https://openalex.org/S114530997,Annals of Neurology,False
American Economic Review-Insights,https://openalex.org/S4210174288,American Economic Review Insights,False
AMERICAN JOURNAL OF HUMAN GENETICS,https://openalex.org/S134425043,The American Journal of Human Genetics,False
PHYSICAL REVIEW LETTERS,https://openalex.org/S24807848,Physical Review Letters,False
BIOSCIENCE,https://openalex.org/S121830084,BioScience,False
Cancer Immunology Research,https://openalex.org/S2765010658,Cancer Immunology Research,False
Radiology-Artificial Intelligence,https://openalex.org/S4210219523,Radiology Artificial Intelligence,False
Communications Earth & Environment,https://openalex.org/S4210221880,Communications Earth & Environment,True
CURRENT BIOLOGY,https://openalex.org/S128425624,Current Biology,False
Chemosphere,https://openalex.org/S203465130,Chemosphere,False
COMPOSITES PART A-APPLIED SCIENCE AND MANUFACTURING,https://openalex.org/S96365333,Composites Part A Applied Science and Manufacturing,False
Materials Today Advances,https://openalex.org/S4210206330,Materials Today Advances,True
Materials Science & Engineering C-Materials for Biological Applications,https://openalex.org/S43139658,Materials Science and Engineering C,False
JOURNAL OF POWER SOURCES,https://openalex.org/S177147899,Journal of Power Sources,False
Biomaterials Research,https://openalex.org/S2737714521,Biomaterials Research,True
Energy Nexus,https://openalex.org/S4210238917,Energy Nexus,True
Mucosal Immunology,https://openalex.org/S68384121,Mucosal Immunology,False
Cell Death & Disease,https://openalex.org/S185208586,Cell Death and Disease,True
Bio-Design and Manufacturing,https://openalex.org/S4210218682,Bio-Design and Manufacturing,False
INTERNATIONAL JOURNAL OF HYDROGEN ENERGY,https://openalex.org/S48860480,International Journal of Hydrogen Energy,False
CRITICAL REVIEWS IN SOLID STATE AND MATERIALS SCIENCES,https://openalex.org/S72003023,Critical reviews in solid state and materials sciences/CRC critical reviews in solid state and materials sciences,False
JAMA Ophthalmology,https://openalex.org/S68724622,JAMA Ophthalmology,False
Alzheimers Research & Therapy,https://openalex.org/S140755874,Alzheimer s Research & Therapy,True
Journal of Travel Research,https://openalex.org/S157485431,Journal of Travel Research,False
ADVANCED ENGINEERING INFORMATICS,https://openalex.org/S112141509,Advanced Engineering Informatics,False
JACC-Clinical Electrophysiology,https://openalex.org/S2898168182,JACC. Clinical electrophysiology,False
Science China-Life Sciences,https://openalex.org/S45795350,Science China Life Sciences,False
SENSORS AND ACTUATORS B-CHEMICAL,https://openalex.org/S98455728,Sensors and Actuators B Chemical,False
JOURNAL OF RETAILING,https://openalex.org/S159120381,Journal of Retailing,False
Advanced Optical Materials,https://openalex.org/S108229257,Advanced Optical Materials,False
Geography and Sustainability,https://openalex.org/S4210214386,Geography and sustainability,True
Bottom Line,https://openalex.org/S85785479,The Bottom Line Managing Library Finances,False
AGING CELL,https://openalex.org/S174672550,Aging Cell,True
Obesity Reviews,https://openalex.org/S132049688,Obesity Reviews,False
Journal of Environmental Management,https://openalex.org/S44455300,Journal of Environmental Management,False
PROGRESS IN PHOTOVOLTAICS,https://openalex.org/S148178125,Progress in Photovoltaics Research and Applications,False
Current Opinion in Chemical Engineering,https://openalex.org/S2764724535,Current Opinion in Chemical Engineering,False
Advances in Nutrition,https://openalex.org/S2491932416,Advances in Nutrition,False
Energy Strategy Reviews,https://openalex.org/S2764911704,Energy Strategy Reviews,True
Nanoscale Horizons,https://openalex.org/S4210181981,Nanoscale Horizons,False
MICROBIOLOGY AND MOLECULAR BIOLOGY REVIEWS,https://openalex.org/S187187948,Microbiology and Molecular Biology Reviews,False
Qualitative Research in Sport Exercise and Health,https://openalex.org/S2764513707,Qualitative Research in Sport Exercise and Health,False
ANNALS OF SURGERY,https://openalex.org/S157664895,Annals of Surgery,False
Economic Analysis and Policy,https://openalex.org/S2898574612,Economic Analysis and Policy,False
LANDSCAPE AND URBAN PLANNING,https://openalex.org/S104597489,Landscape and Urban Planning,False
VETERINARY QUARTERLY,https://openalex.org/S159297636,Veterinary Quarterly,True
MECHANICAL SYSTEMS AND SIGNAL PROCESSING,https://openalex.org/S128368299,Mechanical Systems and Signal Processing,False
STROKE,https://openalex.org/S62532593,Stroke,False
Circulation-Heart Failure,https://openalex.org/S8311976,Circulation Heart Failure,False
IEEE TRANSACTIONS ON INTELLIGENT TRANSPORTATION SYSTEMS,https://openalex.org/S144771191,IEEE Transactions on Intelligent Transportation Systems,False
Earth System Dynamics,https://openalex.org/S163739988,Earth System Dynamics,True
JOURNAL OF AUTOIMMUNITY,https://openalex.org/S187826688,Journal of Autoimmunity,False
EUROPACE,https://openalex.org/S46732370,EP Europace,False
SUPPLY CHAIN MANAGEMENT-AN INTERNATIONAL JOURNAL,https://openalex.org/S59007373,Supply Chain Management An International Journal,False
Clinical and Translational Medicine,https://openalex.org/S2765071679,Clinical and Translational Medicine,True
Cell Reports Physical Science,https://openalex.org/S4210216867,Cell Reports Physical Science,True
Seminars in Immunopathology,https://openalex.org/S54848071,Seminars in Immunopathology,False
IEEE Open Journal of Industry Applications,https://openalex.org/S4210202277,IEEE Open Journal of Industry Applications,True
Current Opinion in Electrochemistry,https://openalex.org/S2764372282,Current Opinion in Electrochemistry,False
CURRENT OPINION IN COLLOID & INTERFACE SCIENCE,https://openalex.org/S974056801,Current Opinion in Colloid & Interface Science,False
GOVERNMENT INFORMATION QUARTERLY,https://openalex.org/S201710173,Government Information Quarterly,False
ACM TRANSACTIONS ON GRAPHICS,https://openalex.org/S185367456,ACM Transactions on Graphics,False
PLOS BIOLOGY,https://openalex.org/S154343897,PLoS Biology,True
Journal of Service Management,https://openalex.org/S107183665,Journal of service management,False
EuroIntervention,https://openalex.org/S104576203,EuroIntervention,False
npj Biofilms and Microbiomes,https://openalex.org/S4210229179,npj Biofilms and Microbiomes,True
INDUSTRIAL MARKETING MANAGEMENT,https://openalex.org/S31748134,Industrial Marketing Management,False
Review of Environmental Economics and Policy,https://openalex.org/S140842003,Review of Environmental Economics and Policy,False
Cold Spring Harbor Perspectives in Medicine,https://openalex.org/S2479837110,Cold Spring Harbor Perspectives in Medicine,False
ENTREPRENEURSHIP THEORY AND PRACTICE,https://openalex.org/S187626162,Entrepreneurship Theory and Practice,False
Review of Managerial Science,https://openalex.org/S203071086,Review of Managerial Science,False
EUROPEAN JOURNAL OF EPIDEMIOLOGY,https://openalex.org/S48690275,European Journal of Epidemiology,False
PERSONALITY AND SOCIAL PSYCHOLOGY REVIEW,https://openalex.org/S37739784,Personality and Social Psychology Review,False
IEEE TRANSACTIONS ON MOBILE COMPUTING,https://openalex.org/S69141925,IEEE Transactions on Mobile Computing,False
Big Data Mining and Analytics,https://openalex.org/S4210209060,Big Data Mining and Analytics,True
COMPUTERS AND ELECTRONICS IN AGRICULTURE,https://openalex.org/S116775814,Computers and Electronics in Agriculture,False
Information Processing in Agriculture,https://openalex.org/S2898269329,Information Processing in Agriculture,True
ENVIRONMENTAL RESEARCH,https://openalex.org/S173943867,Environmental Research,False
Conservation Letters,https://openalex.org/S133530468,Conservation Letters,True
CRITICAL CARE MEDICINE,https://openalex.org/S108732581,Critical Care Medicine,False
JOURNAL OF BUSINESS VENTURING,https://openalex.org/S66201313,Journal of Business Venturing,False
JOURNAL OF NETWORK AND COMPUTER APPLICATIONS,https://openalex.org/S30128005,Journal of Network and Computer Applications,False
International Journal of Biological Macromolecules,https://openalex.org/S83853393,International Journal of Biological Macromolecules,False
PROCEEDINGS OF THE NUTRITION SOCIETY,https://openalex.org/S4210187764,Proceedings of The Nutrition Society,False
Annual Review of Genomics and Human Genetics,https://openalex.org/S8095556,Annual Review of Genomics and Human Genetics,False
CANCER AND METASTASIS REVIEWS,https://openalex.org/S114927911,Cancer and Metastasis Reviews,False
Advances in Physics-X,https://openalex.org/S4210225969,Advances in Physics X,True
European Journal of Psychology Applied to Legal Context,https://openalex.org/S4210176254,The European Journal of Psychology Applied to Legal Context,True
PSYCHOLOGICAL METHODS,https://openalex.org/S45419345,Psychological Methods,False
REVIEW OF ECONOMICS AND STATISTICS,https://openalex.org/S180061323,The Review of Economics and Statistics,False
Oeconomia Copernicana,https://openalex.org/S2738677470,Oeconomia Copernicana,True
JOURNAL OF FINANCE,https://openalex.org/S5353659,The Journal of Finance,False
TELEMATICS AND INFORMATICS,https://openalex.org/S25720340,Telematics and Informatics,False
Horticulture Research,https://openalex.org/S2764753230,Horticulture Research,True
Journal of the National Cancer Center,https://openalex.org/S4210221649,Journal of the National Cancer Center,True
ECOLOGY LETTERS,https://openalex.org/S80967739,Ecology Letters,False
Journal of Hospitality and Tourism Management,https://openalex.org/S187788904,Journal of Hospitality and Tourism Management,False
Brain Stimulation,https://openalex.org/S177350161,Brain stimulation,True
Plant Phenomics,https://openalex.org/S4210217755,Plant Phenomics,True
TRANSPORTATION RESEARCH PART C-EMERGING TECHNOLOGIES,https://openalex.org/S64511102,Transportation Research Part C Emerging Technologies,False
EUROPEAN JOURNAL OF CANCER,https://openalex.org/S16731738,European Journal of Cancer,False
International Journal of Applied Earth Observation and Geoinformation,https://openalex.org/S4210179989,International Journal of Applied Earth Observation and Geoinformation,True
ENVIRONMENTAL POLLUTION,https://openalex.org/S201530359,Environmental Pollution,False
NEUROSCIENCE AND BIOBEHAVIORAL REVIEWS,https://openalex.org/S170052170,Neuroscience & Biobehavioral Reviews,False
Chemical Science,https://openalex.org/S184645833,Chemical Science,True
MATERIALS & DESIGN,https://openalex.org/S8792693,Materials & Design,True
Annual Review of Chemical and Biomolecular Engineering,https://openalex.org/S161759566,Annual Review of Chemical and Biomolecular Engineering,False
ANAESTHESIA,https://openalex.org/S7689096,Anaesthesia,False
INTERNATIONAL JOURNAL OF NURSING STUDIES,https://openalex.org/S56493663,International Journal of Nursing Studies,False
International Review of Financial Analysis,https://openalex.org/S145572626,International Review of Financial Analysis,False
IEEE Transactions on Big Data,https://openalex.org/S2491400915,IEEE Transactions on Big Data,False
BASIC RESEARCH IN CARDIOLOGY,https://openalex.org/S133907260,Basic Research in Cardiology,False
IEEE TRANSACTIONS ON INDUSTRIAL ELECTRONICS,https://openalex.org/S58031724,IEEE Transactions on Industrial Electronics,False
NBER Macroeconomics Annual,https://openalex.org/S127060114,NBER Macroeconomics Annual,False
INTERNATIONAL JOURNAL OF ROBOTICS RESEARCH,https://openalex.org/S73484101,The International Journal of Robotics Research,False
IEEE TRANSACTIONS ON GEOSCIENCE AND REMOTE SENSING,https://openalex.org/S111326731,IEEE Transactions on Geoscience and Remote Sensing,False
GENES & DEVELOPMENT,https://openalex.org/S168778273,Genes & Development,True
RESEARCH POLICY,https://openalex.org/S9731383,Research Policy,False
ENGINEERING APPLICATIONS OF ARTIFICIAL INTELLIGENCE,https://openalex.org/S900972176,Engineering Applications of Artificial Intelligence,False
Digital Communications and Networks,https://openalex.org/S2495769766,Digital Communications and Networks,True
European Management Journal,https://openalex.org/S105567970,European Management Journal,False
EXPERT SYSTEMS WITH APPLICATIONS,https://openalex.org/S13144211,Expert Systems with Applications,False
PATTERN RECOGNITION,https://openalex.org/S414566,Pattern Recognition,False
INTERNATIONAL JOURNAL OF MANAGEMENT REVIEWS,https://openalex.org/S87745625,International Journal of Management Reviews,False
CHINESE MEDICAL JOURNAL,https://openalex.org/S22240167,Chinese Medical Journal,True
Cell Reports,https://openalex.org/S169236886,Cell Reports,True
Communications Materials,https://openalex.org/S4210233566,Communications Materials,True
ChemSusChem,https://openalex.org/S193447295,ChemSusChem,False
Applied Surface Science Advances,https://openalex.org/S4210213426,Applied Surface Science Advances,True
CURRENT OPINION IN PSYCHIATRY,https://openalex.org/S15258550,Current Opinion in Psychiatry,False
IMMUNOLOGICAL REVIEWS,https://openalex.org/S133112385,Immunological Reviews,False
ACS ES&T Engineering,https://openalex.org/S4210211913,ACS ES&T Engineering,True
Annual Review of Statistics and Its Application,https://openalex.org/S4210217375,Annual Review of Statistics and Its Application,False
Finance Research Letters,https://openalex.org/S88577320,Finance research letters,False
CURRENT DIRECTIONS IN PSYCHOLOGICAL SCIENCE,https://openalex.org/S114020440,Current Directions in Psychological Science,False
INFORMATION PROCESSING & MANAGEMENT,https://openalex.org/S174847851,Information Processing & Management,False
LONG RANGE PLANNING,https://openalex.org/S9435936,Long Range Planning,False
SERVICE INDUSTRIES JOURNAL,https://openalex.org/S49331332,Service Industries Journal,False
IEEE Transactions on Cognitive Communications and Networking,https://openalex.org/S2484188435,IEEE Transactions on Cognitive Communications and Networking,False
Current Environmental Health Reports,https://openalex.org/S2764659263,Current Environmental Health Reports,False
MOVEMENT DISORDERS,https://openalex.org/S163027424,Movement Disorders,False
ARTERIOSCLEROSIS THROMBOSIS AND VASCULAR BIOLOGY,https://openalex.org/S3485792,Arteriosclerosis Thrombosis and Vascular Biology,False
Blood Advances,https://openalex.org/S2764683450,Blood Advances,True
INTERNATIONAL JOURNAL OF PROJECT MANAGEMENT,https://openalex.org/S69872077,International Journal of Project Management,False
CORROSION SCIENCE,https://openalex.org/S96167972,Corrosion Science,False
TRANSPORTATION RESEARCH PART D-TRANSPORT AND ENVIRONMENT,https://openalex.org/S45181156,Transportation Research Part D Transport and Environment,False
Journal of Enterprise Information Management,https://openalex.org/S141478581,Journal of Enterprise Information Management,False
CNS DRUGS,https://openalex.org/S153913659,CNS Drugs,False
Construction and Building Materials,https://openalex.org/S29980478,Construction and Building Materials,False
Food Frontiers,https://openalex.org/S4210228674,Food Frontiers,True
BRITISH MEDICAL BULLETIN,https://openalex.org/S163102221,British Medical Bulletin,False
Business & Information Systems Engineering,https://openalex.org/S27339233,Business & Information Systems Engineering,False
Journal of Traffic and Transportation Engineering-English Edition,https://openalex.org/S4210170470,Journal of Traffic and Transportation Engineering (English Edition),True
Journal of Environmental Chemical Engineering,https://openalex.org/S2764859491,Journal of environmental chemical engineering,False
SCIENCE AND TECHNOLOGY OF ADVANCED MATERIALS,https://openalex.org/S154646843,Science and Technology of Advanced Materials,True
PROGRESS IN QUANTUM ELECTRONICS,https://openalex.org/S83014014,Progress in Quantum Electronics,False
SEMINARS IN IMMUNOLOGY,https://openalex.org/S161731549,Seminars in Immunology,False
TRENDS IN CARDIOVASCULAR MEDICINE,https://openalex.org/S37062379,Trends in Cardiovascular Medicine,False
EUROPEAN JOURNAL OF INFORMATION SYSTEMS,https://openalex.org/S116712389,European Journal of Information Systems,False
JOURNAL OF CLINICAL EPIDEMIOLOGY,https://openalex.org/S64418186,Journal of Clinical Epidemiology,False
JOURNAL OF HEADACHE AND PAIN,https://openalex.org/S143427143,The Journal of Headache and Pain,True
Tourism Management Perspectives,https://openalex.org/S2764590662,Tourism Management Perspectives,False
PHYTOCHEMISTRY REVIEWS,https://openalex.org/S125094086,Phytochemistry Reviews,False
Tourism Review,https://openalex.org/S41803262,Tourism Review,False
Earths Future,https://openalex.org/S2764782578,Earth s Future,True
International Soil and Water Conservation Research,https://openalex.org/S2764733428,International Soil and Water Conservation Research,True
ENGINEERING WITH COMPUTERS,https://openalex.org/S89333158,Engineering With Computers,False
Science China-Information Sciences,https://openalex.org/S4210218743,Science China Information Sciences,False
Microsystems & Nanoengineering,https://openalex.org/S2739050901,Microsystems & Nanoengineering,True
Journal of Manufacturing Technology Management,https://openalex.org/S144472306,Journal of Manufacturing Technology Management,False
QJM-AN INTERNATIONAL JOURNAL OF MEDICINE,https://openalex.org/S139075330,QJM,False
JOURNAL OF CELL BIOLOGY,https://openalex.org/S96410829,The Journal of Cell Biology,False
CRITICAL REVIEWS IN FOOD SCIENCE AND NUTRITION,https://openalex.org/S70620193,Critical Reviews in Food Science and Nutrition,False
PROGRESS IN NUCLEAR MAGNETIC RESONANCE SPECTROSCOPY,https://openalex.org/S11006672,Progress in Nuclear Magnetic Resonance Spectroscopy,False
ANNUAL REVIEWS IN CONTROL,https://openalex.org/S54761077,Annual Reviews in Control,False
Research Integrity and Peer Review,https://openalex.org/S4210167556,Research Integrity and Peer Review,True
GENDER & SOCIETY,https://openalex.org/S113116626,Gender & Society,False
International Forum of Allergy & Rhinology,https://openalex.org/S2506670899,International Forum of Allergy & Rhinology,False
Social Issues and Policy Review,https://openalex.org/S108587369,Social Issues and Policy Review,False
Osteoarthritis and Cartilage,https://openalex.org/S13054843,Osteoarthritis and Cartilage,False
Particle and Fibre Toxicology,https://openalex.org/S189275214,Particle and Fibre Toxicology,True
Academy of Management Perspectives,https://openalex.org/S33741590,Academy of Management Perspectives,False
ECONOMIC GEOGRAPHY,https://openalex.org/S38825547,Economic Geography,False
IEEE TRANSACTIONS ON COMMUNICATIONS,https://openalex.org/S196647941,IEEE Transactions on Communications,False
Gondwana Research,https://openalex.org/S158567263,Gondwana Research,False
HYPERTENSION,https://openalex.org/S67880631,Hypertension,False
JOURNAL OF CORPORATE FINANCE,https://openalex.org/S152282257,Journal of Corporate Finance,False
COMPUTER PHYSICS COMMUNICATIONS,https://openalex.org/S142305363,Computer Physics Communications,False
EMERGING INFECTIOUS DISEASES,https://openalex.org/S189281586,Emerging infectious diseases,True
IEEE Transactions on Transportation Electrification,https://openalex.org/S4306422867,IEEE Transactions on Transportation Electrification,False
Petroleum Exploration and Development,https://openalex.org/S142630227,Petroleum Exploration and Development,True
International Journal of Logistics Management,https://openalex.org/S97048498,The International Journal of Logistics Management,False
PSYCHOLOGICAL INQUIRY,https://openalex.org/S16647404,Psychological Inquiry,False
MAYO CLINIC PROCEEDINGS,https://openalex.org/S58241369,Mayo Clinic Proceedings,False
APPLIED SOFT COMPUTING,https://openalex.org/S140556538,Applied Soft Computing,False
Applied Materials Today,https://openalex.org/S2764609219,Applied Materials Today,False
KNOWLEDGE-BASED SYSTEMS,https://openalex.org/S10169007,Knowledge-Based Systems,False
JOURNAL OF CLINICAL IMMUNOLOGY,https://openalex.org/S57504206,Journal of Clinical Immunology,False
CHEMISTRY OF MATERIALS,https://openalex.org/S66104727,Chemistry of Materials,False
EUROPEAN PSYCHIATRY,https://openalex.org/S87202501,European Psychiatry,True
Future Foods,https://openalex.org/S4210190877,Future Foods,True
Water Research X,https://openalex.org/S4210208646,Water Research X,True
Journal of CO2 Utilization,https://openalex.org/S4210172371,Journal of CO2 Utilization,True
ACM Transactions on Intelligent Systems and Technology,https://openalex.org/S2492086750,ACM Transactions on Intelligent Systems and Technology,False
FUEL PROCESSING TECHNOLOGY,https://openalex.org/S112051168,Fuel Processing Technology,True
QUARTERLY REVIEWS OF BIOPHYSICS,https://openalex.org/S148645025,Quarterly Reviews of Biophysics,False
AMERICAN SOCIOLOGICAL REVIEW,https://openalex.org/S157620343,American Sociological Review,False
CLINICAL CHEMISTRY,https://openalex.org/S139212996,Clinical Chemistry,False
MODERN PATHOLOGY,https://openalex.org/S33606366,Modern Pathology,False
Photoacoustics,https://openalex.org/S2898295080,Photoacoustics,True
BMC Medicine,https://openalex.org/S135560524,BMC Medicine,True
INTERNATIONAL JOURNAL OF MECHANICAL SCIENCES,https://openalex.org/S72716621,International Journal of Mechanical Sciences,False
INTERNATIONAL JOURNAL OF OPERATIONS & PRODUCTION MANAGEMENT,https://openalex.org/S164321952,International Journal of Operations & Production Management,False
Cellular and Molecular Gastroenterology and Hepatology,https://openalex.org/S2764889447,Cellular and Molecular Gastroenterology and Hepatology,True
ECOLOGICAL MONOGRAPHS,https://openalex.org/S201386569,Ecological Monographs,False
European Research on Management and Business Economics,https://openalex.org/S2898275063,European Research on Management and Business Economics,True
BMJ Global Health,https://openalex.org/S2764928273,BMJ Global Health,True
FREE RADICAL BIOLOGY AND MEDICINE,https://openalex.org/S128018148,Free Radical Biology and Medicine,False
Journal of Cheminformatics,https://openalex.org/S180838163,Journal of Cheminformatics,True
COMPUTERS ENVIRONMENT AND URBAN SYSTEMS,https://openalex.org/S60115552,Computers Environment and Urban Systems,False
Electronic Markets,https://openalex.org/S137519996,Electronic Markets,False
ESMO Open,https://openalex.org/S4210217024,ESMO Open,True
Stem Cell Research & Therapy,https://openalex.org/S2061155,Stem Cell Research & Therapy,True
Energy Conversion and Management-X,https://openalex.org/S4210191901,Energy Conversion and Management X,True
ACS Sustainable Chemistry & Engineering,https://openalex.org/S2502047864,ACS Sustainable Chemistry & Engineering,False
BUILDING AND ENVIRONMENT,https://openalex.org/S56464651,Building and Environment,False
Sustainable Energy Technologies and Assessments,https://openalex.org/S2764877105,Sustainable Energy Technologies and Assessments,False
Materials Today Sustainability,https://openalex.org/S4210183045,Materials Today Sustainability,False
Waste Management,https://openalex.org/S19266977,Waste Management,False
CURRENT OPINION IN BIOTECHNOLOGY,https://openalex.org/S23939942,Current Opinion in Biotechnology,False
Topics in Current Chemistry,https://openalex.org/S106859309,Topics in Current Chemistry,False
Lancet Regional Health-Americas,https://openalex.org/S4210194528,The Lancet Regional Health - Americas,True
IEEE Transactions on Dependable and Secure Computing,https://openalex.org/S133795288,IEEE Transactions on Dependable and Secure Computing,False
INVESTIGATIVE RADIOLOGY,https://openalex.org/S136338150,Investigative Radiology,False
INTERNATIONAL JOURNAL OF ROCK MECHANICS AND MINING SCIENCES,https://openalex.org/S129124101,International Journal of Rock Mechanics and Mining Sciences,False
COMPUTERS IN BIOLOGY AND MEDICINE,https://openalex.org/S44278595,Computers in Biology and Medicine,False
Ecological Indicators,https://openalex.org/S194154261,Ecological Indicators,True
Annual Review of Biomedical Data Science,https://openalex.org/S4210232080,Annual Review of Biomedical Data Science,False
Molecular Metabolism,https://openalex.org/S2764545133,Molecular Metabolism,True
MIS QUARTERLY,https://openalex.org/S57293258,MIS Quarterly,False
Smart Cities,https://openalex.org/S4210184358,Smart Cities,True
JOURNAL OF MANAGEMENT STUDIES,https://openalex.org/S151705444,Journal of Management Studies,False
npj Vaccines,https://openalex.org/S4210235625,npj Vaccines,True
FOOD RESEARCH INTERNATIONAL,https://openalex.org/S38919146,Food Research International,False
Journal of the Association for Information Systems,https://openalex.org/S30879505,Journal of the Association for Information Systems,False
Aging and Disease,https://openalex.org/S2738790859,Aging and Disease,True
INTERNATIONAL JOURNAL OF PRODUCTION RESEARCH,https://openalex.org/S65690446,International Journal of Production Research,False
TRENDS IN PARASITOLOGY,https://openalex.org/S182404557,Trends in Parasitology,False
CHEMICAL RECORD,https://openalex.org/S134994606,The Chemical Record,False
Chinese Journal of Cancer Research,https://openalex.org/S26659863,Chinese Journal of Cancer Research,True
Journal of Physics-Energy,https://openalex.org/S4210231992,Journal of Physics Energy,True
RUSSIAN CHEMICAL REVIEWS,https://openalex.org/S91809018,Russian Chemical Reviews,False
JOURNAL OF POLITICAL ECONOMY,https://openalex.org/S95323914,Journal of Political Economy,False
INTERNATIONAL JOURNAL OF FORECASTING,https://openalex.org/S39841227,International Journal of Forecasting,False
JOURNAL OF ECONOMIC PERSPECTIVES,https://openalex.org/S72880728,The Journal of Economic Perspectives,True
Financial Innovation,https://openalex.org/S3034727917,Financial Innovation,True
COMPUTER METHODS IN APPLIED MECHANICS AND ENGINEERING,https://openalex.org/S40006715,Computer Methods in Applied Mechanics and Engineering,False
JOURNAL OF MEDICINAL CHEMISTRY,https://openalex.org/S162030435,Journal of Medicinal Chemistry,False
ENGINEERING GEOLOGY,https://openalex.org/S65957803,Engineering Geology,False
Operations Management Research,https://openalex.org/S62905163,Operations Management Research,False
Blockchain-Research and Applications,https://openalex.org/S4210227578,Blockchain Research and Applications,True
INFORMATION SYSTEMS FRONTIERS,https://openalex.org/S181659395,Information Systems Frontiers,False
IEEE Journal of Microwaves,https://openalex.org/S4210184428,IEEE Journal of Microwaves,True
International Journal of Coal Science & Technology,https://openalex.org/S2738503445,International Journal of Coal Science & Technology,True
Journal of Sustainable Tourism,https://openalex.org/S167854760,Journal of Sustainable Tourism,False
BULLETIN OF THE AMERICAN METEOROLOGICAL SOCIETY,https://openalex.org/S140302479,Bulletin of the American Meteorological Society,False
BIOMEDICINE & PHARMACOTHERAPY,https://openalex.org/S15111687,Biomedicine & Pharmacotherapy,True
REVIEWS IN ENDOCRINE & METABOLIC DISORDERS,https://openalex.org/S4210219483,Reviews in Endocrine and Metabolic Disorders,False
Cleaner Logistics and Supply Chain,https://openalex.org/S4210223519,Cleaner Logistics and Supply Chain,False
Energy Research & Social Science,https://openalex.org/S2764593084,Energy Research & Social Science,False
ONCOGENE,https://openalex.org/S128439998,Oncogene,False
ACTA PHARMACOLOGICA SINICA,https://openalex.org/S4210186974,Acta Pharmacologica Sinica,False
JOURNAL OF GASTROENTEROLOGY,https://openalex.org/S41046285,Journal of Gastroenterology,False
ARCHIVES OF PHARMACAL RESEARCH,https://openalex.org/S119001223,Archives of Pharmacal Research,False
Cold Spring Harbor Perspectives in Biology,https://openalex.org/S160223955,Cold Spring Harbor Perspectives in Biology,False
CSEE Journal of Power and Energy Systems,https://openalex.org/S2764607435,CSEE Journal of Power and Energy Systems,True
Genes & Diseases,https://openalex.org/S2764642421,Genes & Diseases,True
BLOOD REVIEWS,https://openalex.org/S169446993,Blood Reviews,False
MASS SPECTROMETRY REVIEWS,https://openalex.org/S69764086,Mass Spectrometry Reviews,False
PROCESS SAFETY AND ENVIRONMENTAL PROTECTION,https://openalex.org/S166351637,Process Safety and Environmental Protection,False
CURRENT OPINION IN CHEMICAL BIOLOGY,https://openalex.org/S35563517,Current Opinion in Chemical Biology,False
Wiley Interdisciplinary Reviews-Nanomedicine and Nanobiotechnology,https://openalex.org/S132212666,Wiley Interdisciplinary Reviews Nanomedicine and Nanobiotechnology,False
Alcohol Research-Current Reviews,https://openalex.org/S4393917488,Alcohol research & health,False
REVIEW OF FINANCIAL STUDIES,https://openalex.org/S170137484,Review of Financial Studies,False
JOURNAL OF INTERACTIVE MARKETING,https://openalex.org/S92709572,Journal of Interactive Marketing,False
Annual Review of Economics,https://openalex.org/S196715598,Annual Review of Economics,False
BRIEFINGS IN BIOINFORMATICS,https://openalex.org/S91767247,Briefings in Bioinformatics,True
IEEE NETWORK,https://openalex.org/S186584794,IEEE Network,False
FOOD POLICY,https://openalex.org/S63571384,Food Policy,False
METABOLIC ENGINEERING,https://openalex.org/S173328182,Metabolic Engineering,False
ANALYTICAL CHEMISTRY,https://openalex.org/S191963794,Analytical Chemistry,False
BRITISH JOURNAL OF PHARMACOLOGY,https://openalex.org/S55107261,British Journal of Pharmacology,False
Journal of Ginseng Research,https://openalex.org/S195727172,Journal of Ginseng Research,True
JOURNAL OF MEDICAL VIROLOGY,https://openalex.org/S49828768,Journal of Medical Virology,False
Plant Stress,https://openalex.org/S4210194692,Plant Stress,True
Annals of the American Thoracic Society,https://openalex.org/S128617280,Proceedings of the American Thoracic Society,False
npj Precision Oncology,https://openalex.org/S4210211538,npj Precision Oncology,True
Journal of Purchasing and Supply Management,https://openalex.org/S55239356,Journal of Purchasing and Supply Management,False
Diabetes & Metabolism Journal,https://openalex.org/S2737757294,Diabetes & Metabolism Journal,True
Journal of Xenobiotics,https://openalex.org/S4210179895,Journal of Xenobiotics,True
Science Signaling,https://openalex.org/S155937366,Science Signaling,False
Science China-Materials,https://openalex.org/S2764782236,Science China Materials,False
International Journal of Bioprinting,https://openalex.org/S4210170791,International Journal of Bioprinting,True
Child and Adolescent Mental Health,https://openalex.org/S8329894,Child and Adolescent Mental Health,False
Advanced Intelligent Systems,https://openalex.org/S4210212817,Advanced Intelligent Systems,True
Wiley Interdisciplinary Reviews-Water,https://openalex.org/S2764490608,Wiley Interdisciplinary Reviews Water,False
Geochemical Perspectives,https://openalex.org/S2485902663,Geochemical Perspectives,True
Journal of the American Nutrition Association,https://openalex.org/S4210233975,Journal of the American Nutrition Association,False
BRITISH JOURNAL OF EDUCATIONAL TECHNOLOGY,https://openalex.org/S110346167,British Journal of Educational Technology,False
Smart Learning Environments,https://openalex.org/S2494786546,Smart Learning Environments,True
IEEE Transactions on Network Science and Engineering,https://openalex.org/S2484352698,IEEE Transactions on Network Science and Engineering,False
PHYTOMEDICINE,https://openalex.org/S180051340,Phytomedicine,False
GENETICS IN MEDICINE,https://openalex.org/S187186932,Genetics in Medicine,False
IEEE Journal of Biomedical and Health Informatics,https://openalex.org/S2495854775,IEEE Journal of Biomedical and Health Informatics,False
npj Parkinsons Disease,https://openalex.org/S2737664142,npj Parkinson s Disease,True
European Heart Journal-Cardiovascular Imaging,https://openalex.org/S64942916,European Heart Journal - Cardiovascular Imaging,False
Current Opinion in Environmental Science & Health,https://openalex.org/S2898239524,Current Opinion in Environmental Science & Health,False
OMEGA-INTERNATIONAL JOURNAL OF MANAGEMENT SCIENCE,https://openalex.org/S4210190151,Omega,False
GASTROINTESTINAL ENDOSCOPY,https://openalex.org/S28527816,Gastrointestinal Endoscopy,False
Journal of Tissue Engineering,https://openalex.org/S197468583,Journal of Tissue Engineering,True
TUNNELLING AND UNDERGROUND SPACE TECHNOLOGY,https://openalex.org/S139192911,Tunnelling and Underground Space Technology,False
JOURNAL OF CARDIAC FAILURE,https://openalex.org/S67869649,Journal of Cardiac Failure,False
DECISION SUPPORT SYSTEMS,https://openalex.org/S11479521,Decision Support Systems,False
Journal of Building Engineering,https://openalex.org/S2764478331,Journal of Building Engineering,False
R & D MANAGEMENT,https://openalex.org/S43637407,R and D Management,False
International Journal of Nanomedicine,https://openalex.org/S101287785,International Journal of Nanomedicine,True
Computers & Industrial Engineering,https://openalex.org/S196821226,Computers & Industrial Engineering,False
International Journal of Optomechatronics,https://openalex.org/S34211549,International Journal of Optomechatronics,True
MEDICAL JOURNAL OF AUSTRALIA,https://openalex.org/S13978405,The Medical Journal of Australia,False
Environmental Technology & Innovation,https://openalex.org/S2764865870,Environmental Technology & Innovation,True
JOURNAL OF MATERIALS PROCESSING TECHNOLOGY,https://openalex.org/S127530304,Journal of Materials Processing Technology,False
Materials Today Chemistry,https://openalex.org/S2898120712,Materials Today Chemistry,False
CLINICAL SCIENCE,https://openalex.org/S206649051,Clinical Science,False
Patterns,https://openalex.org/S4210198061,Patterns,True
PROGRESS IN NEUROBIOLOGY,https://openalex.org/S69289175,Progress in Neurobiology,False
Fuel,https://openalex.org/S164770093,Fuel,False
Journal of Science-Advanced Materials and Devices,https://openalex.org/S2764990209,Journal of Science Advanced Materials and Devices,True
JOURNAL OF INVESTIGATIONAL ALLERGOLOGY AND CLINICAL IMMUNOLOGY,https://openalex.org/S5906035,Journal of Investigational Allergology and Clinical Immunology,True
TRANSACTIONS OF TIANJIN UNIVERSITY,https://openalex.org/S110358141,Transactions of Tianjin University,False
ACS Environmental Au,https://openalex.org/S4210212071,ACS Environmental Au,True
ECONOMETRICA,https://openalex.org/S95464858,Econometrica,False
FERTILITY AND STERILITY,https://openalex.org/S45445671,Fertility and Sterility,False
Photonics Research,https://openalex.org/S2764698263,Photonics Research,False
PLANT PHYSIOLOGY,https://openalex.org/S42294715,PLANT PHYSIOLOGY,False
EPILEPSIA,https://openalex.org/S203153751,Epilepsia,False
Journal of Knowledge Management,https://openalex.org/S50631486,Journal of Knowledge Management,False
npj Quantum Information,https://openalex.org/S2738600312,npj Quantum Information,True
ALIMENTARY PHARMACOLOGY & THERAPEUTICS,https://openalex.org/S158079644,Alimentary Pharmacology & Therapeutics,False
IEEE TRANSACTIONS ON POWER ELECTRONICS,https://openalex.org/S29875816,IEEE Transactions on Power Electronics,False
Health Psychology Review,https://openalex.org/S111502347,Health Psychology Review,False
ACM TRANSACTIONS ON SOFTWARE ENGINEERING AND METHODOLOGY,https://openalex.org/S142627899,ACM Transactions on Software Engineering and Methodology,False
Journal of Behavioral Addictions,https://openalex.org/S2764456207,Journal of Behavioral Addictions,True
ECOLOGICAL ECONOMICS,https://openalex.org/S136211407,Ecological Economics,False
NEUROPSYCHOPHARMACOLOGY,https://openalex.org/S175030738,Neuropsychopharmacology,False
CLINICAL NUTRITION,https://openalex.org/S102860386,Clinical Nutrition,False
Evidence-Based Mental Health,https://openalex.org/S160517820,Evidence-Based Mental Health,False
Cell Chemical Biology,https://openalex.org/S4210231961,Cell chemical biology,False
RESPIROLOGY,https://openalex.org/S125119059,Respirology,False
npj Breast Cancer,https://openalex.org/S4210207747,npj Breast Cancer,True
CRITICAL REVIEWS IN CLINICAL LABORATORY SCIENCES,https://openalex.org/S76837745,Critical Reviews in Clinical Laboratory Sciences,False
ENERGY AND BUILDINGS,https://openalex.org/S6846437,Energy and Buildings,False
Journal of Genetics and Genomics,https://openalex.org/S54145736,Journal of genetics and genomics/Journal of Genetics and Genomics,False
International Journal of Neural Systems,https://openalex.org/S197665576,International Journal of Neural Systems,False
npj Materials Degradation,https://openalex.org/S4210234193,npj Materials Degradation,True
Current Opinion in Environmental Sustainability,https://openalex.org/S153840704,Current Opinion in Environmental Sustainability,False
APL Bioengineering,https://openalex.org/S4210206319,APL Bioengineering,True
Journal of Hazardous Materials Letters,https://openalex.org/S4210224131,Journal of Hazardous Materials Letters,True
CURRENT OPINION IN IMMUNOLOGY,https://openalex.org/S170047187,Current Opinion in Immunology,False
NEW CARBON MATERIALS,https://openalex.org/S131385101,New Carbon Materials,False
Big Data & Society,https://openalex.org/S2736409588,Big Data & Society,True
SOCIOLOGICAL METHODS & RESEARCH,https://openalex.org/S9536269,Sociological Methods & Research,False
IEEE TRANSACTIONS ON SOFTWARE ENGINEERING,https://openalex.org/S8351582,IEEE Transactions on Software Engineering,False
DRUG DELIVERY,https://openalex.org/S70174254,Drug Delivery,True
RESUSCITATION,https://openalex.org/S128507546,Resuscitation,False
INFORMATION SYSTEMS JOURNAL,https://openalex.org/S92260147,Information Systems Journal,False
Molecular Therapy Nucleic Acids,https://openalex.org/S2764969478,Molecular Therapy — Nucleic Acids,True
Circulation-Cardiovascular Imaging,https://openalex.org/S110626636,Circulation Cardiovascular Imaging,False
IEEE TRANSACTIONS ON POWER SYSTEMS,https://openalex.org/S201921491,IEEE Transactions on Power Systems,False
HABITAT INTERNATIONAL,https://openalex.org/S4210229294,Habitat International,False
JOURNAL OF CHILD PSYCHOLOGY AND PSYCHIATRY,https://openalex.org/S177929781,Journal of Child Psychology and Psychiatry,False
AMERICAN JOURNAL OF CLINICAL NUTRITION,https://openalex.org/S71285955,American Journal of Clinical Nutrition,False
Deutsches Arzteblatt International,https://openalex.org/S40230991,Deutsches Ärzteblatt international,False
STRATEGIC MANAGEMENT JOURNAL,https://openalex.org/S102949365,Strategic Management Journal,False
INTERNATIONAL JOURNAL OF SUSTAINABLE DEVELOPMENT AND WORLD ECOLOGY,https://openalex.org/S139505848,International Journal of Sustainable Development & World Ecology,False
SMALL BUSINESS ECONOMICS,https://openalex.org/S41869786,Small Business Economics,False
Food Chemistry-X,https://openalex.org/S4210189394,Food Chemistry X,True
ACS Photonics,https://openalex.org/S135184319,ACS Photonics,False
Case Studies in Construction Materials,https://openalex.org/S2764881959,Case Studies in Construction Materials,True
JOURNAL OF OPERATIONS MANAGEMENT,https://openalex.org/S142306484,Journal of Operations Management,False
OncoImmunology,https://openalex.org/S2497914550,OncoImmunology,True
Frontiers of Physics,https://openalex.org/S118523878,Frontiers of Physics,False
ADVANCES IN ATMOSPHERIC SCIENCES,https://openalex.org/S63270775,Advances in Atmospheric Sciences,False
Georisk-Assessment and Management of Risk for Engineered Systems and Geohazards,https://openalex.org/S186986228,Georisk Assessment and Management of Risk for Engineered Systems and Geohazards,False
PROGRESS IN ORGANIC COATINGS,https://openalex.org/S41155759,Progress in Organic Coatings,False
Nanophotonics,https://openalex.org/S2737520951,Nanophotonics,True
Sensors and Actuators Reports,https://openalex.org/S4210203583,Sensors and Actuators Reports,True
Composites Communications,https://openalex.org/S2898189939,Composites Communications,False
EMBO REPORTS,https://openalex.org/S57252141,EMBO Reports,True
JOURNAL OF CATALYSIS,https://openalex.org/S1959426,Journal of Catalysis,False
FRONTIERS IN NEUROENDOCRINOLOGY,https://openalex.org/S178650970,Frontiers in Neuroendocrinology,False
DRUG DISCOVERY TODAY,https://openalex.org/S152068293,Drug Discovery Today,False
Advanced Sustainable Systems,https://openalex.org/S4210217307,Advanced Sustainable Systems,False
Biotechnology and Genetic Engineering Reviews,https://openalex.org/S59925033,Biotechnology and Genetic Engineering Reviews,False
HLA,https://openalex.org/S2925925584,HLA,False
Internet and Higher Education,https://openalex.org/S166850901,The Internet and Higher Education,False
JOURNAL OF PERSONALITY AND SOCIAL PSYCHOLOGY,https://openalex.org/S29984966,Journal of Personality and Social Psychology,False
JOURNAL OF UROLOGY,https://openalex.org/S30525748,The Journal of Urology,False
Translational Research,https://openalex.org/S122935314,Translational research,False
JOURNAL OF HEART AND LUNG TRANSPLANTATION,https://openalex.org/S42270594,The Journal of Heart and Lung Transplantation,False
POSTHARVEST BIOLOGY AND TECHNOLOGY,https://openalex.org/S70397842,Postharvest Biology and Technology,False
INTERNATIONAL JOURNAL OF EPIDEMIOLOGY,https://openalex.org/S13389975,International Journal of Epidemiology,False
eLife,https://openalex.org/S1336409049,eLife,True
Science China-Physics Mechanics & Astronomy,https://openalex.org/S4210185936,Science China Physics Mechanics and Astronomy,False
Soft Robotics,https://openalex.org/S2764443376,Soft Robotics,False
INTERNATIONAL COMMUNICATIONS IN HEAT AND MASS TRANSFER,https://openalex.org/S118246204,International Communications in Heat and Mass Transfer,False
INTERNATIONAL JOURNAL OF RADIATION ONCOLOGY BIOLOGY PHYSICS,https://openalex.org/S110533041,International Journal of Radiation Oncology*Biology*Physics,False
BRITISH JOURNAL OF CANCER,https://openalex.org/S62966998,British Journal of Cancer,False
Machine Intelligence Research,https://openalex.org/S4210224602,Machine Intelligence Research,False
Case Studies in Thermal Engineering,https://openalex.org/S2764363796,Case Studies in Thermal Engineering,True
Current Pollution Reports,https://openalex.org/S4210191720,Current Pollution Reports,False
npj Regenerative Medicine,https://openalex.org/S2736947229,npj Regenerative Medicine,True
Reviews in Fisheries Science & Aquaculture,https://openalex.org/S4210174131,Reviews in Fisheries Science & Aquaculture,False
Advances in Climate Change Research,https://openalex.org/S2764744304,Advances in Climate Change Research,True
International Review of Sport and Exercise Psychology,https://openalex.org/S115649667,International Review of Sport and Exercise Psychology,False
Agronomy for Sustainable Development,https://openalex.org/S17425584,Agronomy for Sustainable Development,False
Advanced Materials Technologies,https://openalex.org/S2765038284,Advanced Materials Technologies,False
MUTATION RESEARCH-REVIEWS IN MUTATION RESEARCH,https://openalex.org/S155491289,Mutation Research/Reviews in Mutation Research,False
Carbon Resources Conversion,https://openalex.org/S2898119963,Carbon Resources Conversion,True
JOURNAL OF TOXICOLOGY AND ENVIRONMENTAL HEALTH-PART B-CRITICAL REVIEWS,https://openalex.org/S96923654,Journal of Toxicology and Environmental Health Part B,False
Wiley Interdisciplinary Reviews-Data Mining and Knowledge Discovery,https://openalex.org/S2505707916,Wiley Interdisciplinary Reviews Data Mining and Knowledge Discovery,False
Wiley Interdisciplinary Reviews-RNA,https://openalex.org/S122939334,Wiley Interdisciplinary Reviews - RNA,False
Annual Review of Criminology,https://openalex.org/S4210217772,Annual Review of Criminology,False
Communication Methods and Measures,https://openalex.org/S193040567,Communication Methods and Measures,False
PROGRESS IN HUMAN GEOGRAPHY,https://openalex.org/S193412822,Progress in Human Geography,False
Journal of Animal Science and Biotechnology,https://openalex.org/S2764950793,Journal of Animal Science and Biotechnology/Journal of animal science and biotechnology,True
Burns & Trauma,https://openalex.org/S4210197389,Burns & Trauma,False
Borsa Istanbul Review,https://openalex.org/S2764882396,Borsa Istanbul Review,True
Information Technology & Tourism,https://openalex.org/S184463352,Information Technology & Tourism,False
JOURNAL OF HEALTH AND SOCIAL BEHAVIOR,https://openalex.org/S122290859,Journal of Health and Social Behavior,False
ISA TRANSACTIONS,https://openalex.org/S89543202,ISA Transactions,False
Research in International Business and Finance,https://openalex.org/S8133038,Research in International Business and Finance,False
CALIFORNIA MANAGEMENT REVIEW,https://openalex.org/S172782825,California Management Review,False
JCI Insight,https://openalex.org/S2764964142,JCI Insight,True
Transport Policy,https://openalex.org/S186558940,Transport Policy,False
American Economic Journal-Macroeconomics,https://openalex.org/S170166683,American Economic Journal Macroeconomics,False
IEEE Transactions on Information Forensics and Security,https://openalex.org/S61310614,IEEE Transactions on Information Forensics and Security,False
GLOBAL ECOLOGY AND BIOGEOGRAPHY,https://openalex.org/S169694011,Global Ecology and Biogeography,False
Travel Medicine and Infectious Disease,https://openalex.org/S121550340,Travel Medicine and Infectious Disease,True
Methods in Ecology and Evolution,https://openalex.org/S1131227,Methods in Ecology and Evolution,True
TRANSPORTATION RESEARCH PART A-POLICY AND PRACTICE,https://openalex.org/S159637997,Transportation Research Part A Policy and Practice,False
Environmental Microbiome,https://openalex.org/S4210205086,Environmental Microbiome,True
International Journal of Stroke,https://openalex.org/S150089136,International Journal of Stroke,False
CLINICAL PHARMACOLOGY & THERAPEUTICS,https://openalex.org/S159852663,Clinical Pharmacology & Therapeutics,False
IEEE Open Journal of the Communications Society,https://openalex.org/S4210202420,IEEE Open Journal of the Communications Society,True
Friction,https://openalex.org/S2736340094,Friction,True
Innovative Food Science & Emerging Technologies,https://openalex.org/S130676932,Innovative Food Science & Emerging Technologies,False
NEOPLASIA,https://openalex.org/S20008548,Neoplasia,True
FOREIGN AFFAIRS,https://openalex.org/S7015929,Foreign Affairs,False
Journal of Environmental Informatics,https://openalex.org/S114355575,Journal of Environmental Informatics,False
Current Opinion in Psychology,https://openalex.org/S2764746430,Current Opinion in Psychology,False
POLYMER DEGRADATION AND STABILITY,https://openalex.org/S10124807,Polymer Degradation and Stability,False
COMPOSITE STRUCTURES,https://openalex.org/S52363224,Composite Structures,False
SOLAR ENERGY MATERIALS AND SOLAR CELLS,https://openalex.org/S166040772,Solar Energy Materials and Solar Cells,False
APPLIED SURFACE SCIENCE,https://openalex.org/S42323631,Applied Surface Science,False
npj Science of Food,https://openalex.org/S4210241007,npj Science of Food,True
Machine Learning-Science and Technology,https://openalex.org/S4210200687,Machine Learning Science and Technology,True
International Journal of Bank Marketing,https://openalex.org/S170810187,International Journal of Bank Marketing,False
Review of Communication Research,https://openalex.org/S4210238488,Review of Communication Research,True
Journal of Water Process Engineering,https://openalex.org/S2764434589,Journal of Water Process Engineering,False
Smart Agricultural Technology,https://openalex.org/S4210238883,Smart Agricultural Technology,True
Frontiers of Environmental Science & Engineering,https://openalex.org/S4210193712,Frontiers of Environmental Science & Engineering,False
CLINICAL AND EXPERIMENTAL ALLERGY,https://openalex.org/S17239246,Clinical & Experimental Allergy,False
Molecular Biomedicine,https://openalex.org/S4210227457,Molecular Biomedicine,True
Systematic Reviews,https://openalex.org/S82452678,Systematic Reviews,True
PEDIATRICS,https://openalex.org/S77494981,PEDIATRICS,False
Alexandria Engineering Journal,https://openalex.org/S2764413287,Alexandria Engineering Journal,True
SOCIO-ECONOMIC PLANNING SCIENCES,https://openalex.org/S153485742,Socio-Economic Planning Sciences,False
Future Generation Computer Systems-The International Journal of eScience,https://openalex.org/S186357190,Future Generation Computer Systems,False
PLANT JOURNAL,https://openalex.org/S67862205,The Plant Journal,False
GENOME RESEARCH,https://openalex.org/S43092948,Genome Research,False
Acta Neuropathologica Communications,https://openalex.org/S2764650462,Acta Neuropathologica Communications,True
DIABETES,https://openalex.org/S129060628,Diabetes,False
IEEE TRANSACTIONS ON AUTOMATIC CONTROL,https://openalex.org/S184954342,IEEE Transactions on Automatic Control,False
ECOTOXICOLOGY AND ENVIRONMENTAL SAFETY,https://openalex.org/S13733787,Ecotoxicology and Environmental Safety,True
Molecular Autism,https://openalex.org/S1216394,Molecular Autism,True
Circulation-Cardiovascular Quality and Outcomes,https://openalex.org/S52278559,Circulation Cardiovascular Quality and Outcomes,False
JOURNAL OF ORGANIZATIONAL BEHAVIOR,https://openalex.org/S160573970,Journal of Organizational Behavior,False
Current Research in Food Science,https://openalex.org/S4210236938,Current Research in Food Science,True
Journal of Materials Research and Technology-JMR&T,https://openalex.org/S2765010971,Journal of Materials Research and Technology,True
Progress of Theoretical and Experimental Physics,https://openalex.org/S4210202364,Progress of Theoretical and Experimental Physics,True
Developments in the Built Environment,https://openalex.org/S4210169634,Developments in the Built Environment,True
Journal of Intellectual Capital,https://openalex.org/S191556934,Journal of Intellectual Capital,False
International Entrepreneurship and Management Journal,https://openalex.org/S36547454,International Entrepreneurship and Management Journal,False
Digital Discovery,https://openalex.org/S4210202120,Digital Discovery,True
ALLERGOLOGY INTERNATIONAL,https://openalex.org/S116585092,Allergology International,True
SEMINARS IN CELL & DEVELOPMENTAL BIOLOGY,https://openalex.org/S105347553,Seminars in Cell and Developmental Biology,False
CELLULAR AND MOLECULAR LIFE SCIENCES,https://openalex.org/S60362788,Cellular and Molecular Life Sciences,True
Carbohydrate Polymer Technologies and Applications,https://openalex.org/S4210218043,Carbohydrate Polymer Technologies and Applications,True
ChemBioEng Reviews,https://openalex.org/S4210181929,ChemBioEng Reviews,False
ImmunoTargets and Therapy,https://openalex.org/S4210174637,ImmunoTargets and Therapy,True
Advanced Energy and Sustainability Research,https://openalex.org/S4210231858,Advanced Energy and Sustainability Research,True
CRITICAL REVIEWS IN BIOCHEMISTRY AND MOLECULAR BIOLOGY,https://openalex.org/S55210418,Critical Reviews in Biochemistry and Molecular Biology,False
JOURNAL OF COMMUNICATION,https://openalex.org/S107737141,Journal of Communication,False
JAMA Otolaryngology-Head & Neck Surgery,https://openalex.org/S4210189130,JAMA Otolaryngology–Head & Neck Surgery,False
Animal Nutrition,https://openalex.org/S2764806997,Animal nutrition,True
PUBLIC ADMINISTRATION REVIEW,https://openalex.org/S76877748,Public Administration Review,False
ULTRASOUND IN OBSTETRICS & GYNECOLOGY,https://openalex.org/S22881060,Ultrasound in Obstetrics and Gynecology,False
Journal of Pharmaceutical Analysis,https://openalex.org/S2765050281,Journal of Pharmaceutical Analysis,True
AGRICULTURAL SYSTEMS,https://openalex.org/S157560195,Agricultural Systems,False
Inorganic Chemistry Frontiers,https://openalex.org/S2764402489,Inorganic Chemistry Frontiers,False
JOURNAL OF ENVIRONMENTAL PSYCHOLOGY,https://openalex.org/S32271328,Journal of Environmental Psychology,False
Systematic Biology,https://openalex.org/S65478581,Systematic Biology,False
PLANT PHYSIOLOGY AND BIOCHEMISTRY,https://openalex.org/S115455909,Plant Physiology and Biochemistry,False
JOURNAL OF CLINICAL MICROBIOLOGY,https://openalex.org/S53087977,Journal of Clinical Microbiology,False
PLANT CELL AND ENVIRONMENT,https://openalex.org/S170036492,Plant Cell & Environment,False
Tribology International,https://openalex.org/S24284137,Tribology International,False
Journal of Financial Stability,https://openalex.org/S121634618,Journal of Financial Stability,False
DIABETES RESEARCH AND CLINICAL PRACTICE,https://openalex.org/S171311646,Diabetes Research and Clinical Practice,False
MOLECULAR & CELLULAR PROTEOMICS,https://openalex.org/S104550190,Molecular & Cellular Proteomics,True
Circulation-Cardiovascular Interventions,https://openalex.org/S177226689,Circulation Cardiovascular Interventions,False
Weather and Climate Extremes,https://openalex.org/S2764450071,Weather and Climate Extremes,True
IEEE-ASME TRANSACTIONS ON MECHATRONICS,https://openalex.org/S13961689,IEEE/ASME Transactions on Mechatronics,False
Journal of Translational Medicine,https://openalex.org/S142026636,Journal of Translational Medicine,True
SOIL & TILLAGE RESEARCH,https://openalex.org/S1666925,Soil and Tillage Research,False
IEEE TRANSACTIONS ON VEHICULAR TECHNOLOGY,https://openalex.org/S10936095,IEEE Transactions on Vehicular Technology,False
Current Opinion in Toxicology,https://openalex.org/S2898549711,Current Opinion in Toxicology,False
Ecosystem Services,https://openalex.org/S2764388848,Ecosystem Services,False
BREAST CANCER RESEARCH,https://openalex.org/S42140187,Breast Cancer Research,True
APPLIED THERMAL ENGINEERING,https://openalex.org/S129676613,Applied Thermal Engineering,False
BEST PRACTICE & RESEARCH CLINICAL ENDOCRINOLOGY & METABOLISM,https://openalex.org/S63781308,Best Practice & Research Clinical Endocrinology & Metabolism,False
Artificial Intelligence in Medicine,https://openalex.org/S42468263,Artificial Intelligence in Medicine,False
CANCER,https://openalex.org/S126033908,Cancer,False
EUROPEAN NEUROPSYCHOPHARMACOLOGY,https://openalex.org/S168041952,European Neuropsychopharmacology,False
PHYTOTHERAPY RESEARCH,https://openalex.org/S206789554,Phytotherapy Research,False
Bioengineering & Translational Medicine,https://openalex.org/S4210212656,Bioengineering & Translational Medicine,True
MICROBIOLOGICAL RESEARCH,https://openalex.org/S106450229,Microbiological Research,False
LAB ON A CHIP,https://openalex.org/S116836101,Lab on a Chip,False
PRODUCTION PLANNING & CONTROL,https://openalex.org/S165057322,Production Planning & Control,False
MATERIALS SCIENCE AND ENGINEERING A-STRUCTURAL MATERIALS PROPERTIES MICROSTRUCTURE AND PROCESSING,https://openalex.org/S154732359,Materials Science and Engineering A,False
CURRENT OPINION IN STRUCTURAL BIOLOGY,https://openalex.org/S175155502,Current Opinion in Structural Biology,False
Journal of Manufacturing Processes,https://openalex.org/S120037611,Journal of Manufacturing Processes,False
Hepatobiliary Surgery and Nutrition,https://openalex.org/S2764661443,HepatoBiliary Surgery and Nutrition,True
IEEE ROBOTICS & AUTOMATION MAGAZINE,https://openalex.org/S132261465,IEEE Robotics & Automation Magazine,False
Progress in Electromagnetics Research-PIER,https://openalex.org/S4210208108,Electromagnetic waves,True
Biotechnology for Biofuels,https://openalex.org/S137860580,Biotechnology for Biofuels,True
Building Simulation,https://openalex.org/S153850590,Building Simulation,False
Cell Death Discovery,https://openalex.org/S2764515074,Cell Death Discovery,True
Journal of Materials Chemistry B,https://openalex.org/S2479884170,Journal of Materials Chemistry B,False
Nanotechnology Reviews,https://openalex.org/S4210182563,Nanotechnology Reviews,True
Cleaner Environmental Systems,https://openalex.org/S4210214064,Cleaner Environmental Systems,True
INFECTIOUS DISEASE CLINICS OF NORTH AMERICA,https://openalex.org/S6458377,Infectious Disease Clinics of North America,False
APOPTOSIS,https://openalex.org/S120502300,APOPTOSIS,False
ChemistryMethods,https://openalex.org/S4210208565,Chemistry - Methods,True
Reviews of Environmental Contamination and Toxicology,https://openalex.org/S142997639,Reviews of Environmental Contamination and Toxicology,False
Chemical Physics Reviews,https://openalex.org/S4210232899,Chemical Physics Reviews,True
Publications Mathematiques de l IHES,https://openalex.org/S25010850,Publications mathématiques de l IHÉS,False
Computer Assisted Language Learning,https://openalex.org/S100649693,Computer Assisted Language Learning,False
World Journal of Emergency Surgery,https://openalex.org/S120070924,World Journal of Emergency Surgery,True
Ocular Surface,https://openalex.org/S100849232,The Ocular Surface,False
HUMAN REPRODUCTION,https://openalex.org/S127900037,Human Reproduction,False
International Journal of Management Education,https://openalex.org/S135394783,The International Journal of Management Education,False
Ain Shams Engineering Journal,https://openalex.org/S2764993483,Ain Shams Engineering Journal,True
JOURNAL OF ORTHOPAEDIC & SPORTS PHYSICAL THERAPY,https://openalex.org/S7609525,Journal of Orthopaedic and Sports Physical Therapy,False
CITIES,https://openalex.org/S137445289,Cities,False
Results in Engineering,https://openalex.org/S4210226253,Results in Engineering,True
BMJ Medicine,https://openalex.org/S4282813161,BMJ Medicine,True
Crop Journal,https://openalex.org/S2736600276,The Crop Journal,True
URBAN FORESTRY & URBAN GREENING,https://openalex.org/S99909709,Urban forestry & urban greening,False
EUROPEAN CHILD & ADOLESCENT PSYCHIATRY,https://openalex.org/S159275680,European Child & Adolescent Psychiatry,False
AGRICULTURE ECOSYSTEMS & ENVIRONMENT,https://openalex.org/S185297315,Agriculture Ecosystems & Environment,False
HUMAN RESOURCE MANAGEMENT,https://openalex.org/S134094273,Human Resource Management,False
GIScience & Remote Sensing,https://openalex.org/S7804318,GIScience & Remote Sensing,True
THYROID,https://openalex.org/S27569427,Thyroid,False
Circulation-Genomic and Precision Medicine,https://openalex.org/S4210202128,Circulation Genomic and Precision Medicine,False
NEURAL NETWORKS,https://openalex.org/S123019304,Neural Networks,False
LAND USE POLICY,https://openalex.org/S80485027,Land Use Policy,False
Gastric Cancer,https://openalex.org/S145569942,Gastric Cancer,False
EUROPEAN JOURNAL OF MEDICINAL CHEMISTRY,https://openalex.org/S4210169613,European Journal of Medicinal Chemistry,False
LIVER INTERNATIONAL,https://openalex.org/S206392846,Liver International,False
Journal of Stroke,https://openalex.org/S2764395037,Journal of Stroke,True
AGE AND AGEING,https://openalex.org/S31768639,Age and Ageing,False
EUROPEAN JOURNAL OF OPERATIONAL RESEARCH,https://openalex.org/S103321696,European Journal of Operational Research,False
LWT-FOOD SCIENCE AND TECHNOLOGY,https://openalex.org/S26760650,LWT,True
Urban Climate,https://openalex.org/S2764899123,Urban Climate,False
EPMA Journal,https://openalex.org/S191919004,The EPMA Journal,False
Internet of Things,https://openalex.org/S4210174276,Internet of Things,False
Petroleum Science,https://openalex.org/S177501576,Petroleum Science,True
Science China-Earth Sciences,https://openalex.org/S203062545,Science China Earth Sciences,False
Antioxidants,https://openalex.org/S2737566431,Antioxidants,True
MOLECULAR MEDICINE,https://openalex.org/S6769275,Molecular Medicine,True
Cancer & Metabolism,https://openalex.org/S2764743094,Cancer & Metabolism,True
Environmental Sciences Europe,https://openalex.org/S100566859,Environmental Sciences Europe,True
Solar RRL,https://openalex.org/S4210176222,Solar RRL,False
Materials Chemistry Frontiers,https://openalex.org/S2765048856,Materials Chemistry Frontiers,False
CRITICAL REVIEWS IN PLANT SCIENCES,https://openalex.org/S85888571,Critical Reviews in Plant Sciences,False
Expert Opinion on Drug Discovery,https://openalex.org/S142541038,Expert Opinion on Drug Discovery,False
CRITICAL REVIEWS IN MICROBIOLOGY,https://openalex.org/S6081579,Critical Reviews in Microbiology,False
AMERICAN POLITICAL SCIENCE REVIEW,https://openalex.org/S176007004,American Political Science Review,False
Journal of Orthopaedic Translation,https://openalex.org/S2764689464,Journal of Orthopaedic Translation,True
Annual Review of Analytical Chemistry,https://openalex.org/S171259723,Annual Review of Analytical Chemistry,False
PSYCHOLOGICAL MEDICINE,https://openalex.org/S71144982,Psychological Medicine,False
JOURNAL OF INVESTIGATIVE DERMATOLOGY,https://openalex.org/S28607811,Journal of Investigative Dermatology,False
TELECOMMUNICATIONS POLICY,https://openalex.org/S120991925,Telecommunications Policy,False
PAIN,https://openalex.org/S140848990,Pain,False
Globalization and Health,https://openalex.org/S112714904,Globalization and Health,True
Agricultural Water Management,https://openalex.org/S104641133,Agricultural Water Management,True
REVIEW OF ECONOMIC STUDIES,https://openalex.org/S88935262,The Review of Economic Studies,False
JOURNAL OF BUSINESS ETHICS,https://openalex.org/S76633192,Journal of Business Ethics,False
BMJ Quality & Safety,https://openalex.org/S152101599,BMJ Quality & Safety,False
Engineering Applications of Computational Fluid Mechanics,https://openalex.org/S15260174,Engineering Applications of Computational Fluid Mechanics,True
Ecological Informatics,https://openalex.org/S195809937,Ecological Informatics,True
IEEE Vehicular Technology Magazine,https://openalex.org/S98855836,IEEE Vehicular Technology Magazine,False
JOURNAL OF ECONOMIC SURVEYS,https://openalex.org/S124549413,Journal of Economic Surveys,False
Journal of Occupational Health Psychology,https://openalex.org/S3481703,Journal of Occupational Health Psychology,False
Fluids and Barriers of the CNS,https://openalex.org/S135377911,Fluids and Barriers of the CNS,True
Epidemiology and Psychiatric Sciences,https://openalex.org/S2481255041,Epidemiology and Psychiatric Sciences,True
JOURNAL OF MANAGEMENT INFORMATION SYSTEMS,https://openalex.org/S9954729,Journal of Management Information Systems,False
Journal of International Management,https://openalex.org/S960608072,Journal of International Management,False
Journal of Hydrology,https://openalex.org/S55737203,Journal of Hydrology,False
Hepatology International,https://openalex.org/S94180312,Hepatology International,False
INTERNATIONAL JOURNAL OF PHYSICAL DISTRIBUTION & LOGISTICS MANAGEMENT,https://openalex.org/S41302103,International Journal of Physical Distribution & Logistics Management,False
European Stroke Journal,https://openalex.org/S4210181306,European Stroke Journal,False
Journal of Environmental Sciences,https://openalex.org/S35825460,Journal of Environmental Sciences,False
LAB ANIMAL,https://openalex.org/S166518670,Lab Animal,False
CHINESE JOURNAL OF STRUCTURAL CHEMISTRY,https://openalex.org/S51842380,Chinese Journal of Structural Chemistry,False
International Business Review,https://openalex.org/S23343376,International Business Review,False
REVIEWS IN FISH BIOLOGY AND FISHERIES,https://openalex.org/S140103977,Reviews in Fish Biology and Fisheries,False
INTERNATIONAL JOURNAL OF RESEARCH IN MARKETING,https://openalex.org/S11810700,International Journal of Research in Marketing,False
Oncogenesis,https://openalex.org/S4210239318,Oncogenesis,True
European Journal of Internal Medicine,https://openalex.org/S138083468,European Journal of Internal Medicine,False
Internet Research,https://openalex.org/S63576417,Internet Research,False
JOURNAL OF INTELLIGENT MANUFACTURING,https://openalex.org/S161464388,Journal of Intelligent Manufacturing,False
AMERICAN JOURNAL OF RESPIRATORY CELL AND MOLECULAR BIOLOGY,https://openalex.org/S171155024,American Journal of Respiratory Cell and Molecular Biology,False
Electronic Commerce Research and Applications,https://openalex.org/S187709482,Electronic Commerce Research and Applications,False
Biofilm,https://openalex.org/S4210237754,Biofilm,True
Environmental Research Letters,https://openalex.org/S139338987,Environmental Research Letters,True
ANTIOXIDANTS & REDOX SIGNALING,https://openalex.org/S88052261,Antioxidants and Redox Signaling,False
Stem Cell Reports,https://openalex.org/S2764425922,Stem Cell Reports,True
IEEE Transactions on Automation Science and Engineering,https://openalex.org/S34881539,IEEE Transactions on Automation Science and Engineering,False
Global Change Biology Bioenergy,https://openalex.org/S192395394,GCB Bioenergy,True
Journal of International Business Policy,https://openalex.org/S4210186510,Journal of International Business Policy,False
Neural Regeneration Research,https://openalex.org/S80372421,Neural Regeneration Research,True
Neuroscience Bulletin,https://openalex.org/S123288037,Neuroscience Bulletin,False
Communications Chemistry,https://openalex.org/S4210191625,Communications Chemistry,True
Journal of Saudi Chemical Society,https://openalex.org/S77754710,Journal of Saudi Chemical Society,True
Non-coding RNA Research,https://openalex.org/S2898601998,Non-coding RNA Research,True
Journal of Industrial and Engineering Chemistry,https://openalex.org/S145420111,Journal of Industrial and Engineering Chemistry,False
FlatChem,https://openalex.org/S2898578437,FlatChem,False
NUTRITION REVIEWS,https://openalex.org/S38078933,Nutrition Reviews,False
CURRENT OPINION IN MICROBIOLOGY,https://openalex.org/S106299656,Current Opinion in Microbiology,False
RIVISTA DEL NUOVO CIMENTO,https://openalex.org/S136874437,Rivista Del Nuovo Cimento,False
Journal of Lipids,https://openalex.org/S186247793,Journal of Lipids,True
JOURNAL OF CLINICAL PERIODONTOLOGY,https://openalex.org/S61859066,Journal Of Clinical Periodontology,False
OBSTETRICS AND GYNECOLOGY,https://openalex.org/S139838620,Obstetrics and Gynecology,False
Journal of Tourism Futures,https://openalex.org/S4210217827,Journal of Tourism Futures,True
Current Opinion in Insect Science,https://openalex.org/S2764908915,Current Opinion in Insect Science,False
BRAIN PATHOLOGY,https://openalex.org/S9094144,Brain Pathology,True
Scientific Data,https://openalex.org/S2607323502,Scientific Data,True
JOURNAL OF MEDICAL INTERNET RESEARCH,https://openalex.org/S17147534,Journal of Medical Internet Research,True
Landslides,https://openalex.org/S2645077,Landslides,False
Translational Psychiatry,https://openalex.org/S163345920,Translational Psychiatry,True
BUSINESS HORIZONS,https://openalex.org/S113237667,Business Horizons,False
TRANSPORTATION RESEARCH PART B-METHODOLOGICAL,https://openalex.org/S96305778,Transportation Research Part B Methodological,False
INTEGRATED COMPUTER-AIDED ENGINEERING,https://openalex.org/S107631664,Integrated Computer-Aided Engineering,False
Marine Life Science & Technology,https://openalex.org/S4210210781,Marine Life Science & Technology,False
Vehicular Communications,https://openalex.org/S2480748589,Vehicular Communications,False
JOURNAL OF EXPERIMENTAL BOTANY,https://openalex.org/S32610980,Journal of Experimental Botany,False
Advances in Wound Care,https://openalex.org/S2764409288,Advances in Wound Care,False
CANADIAN JOURNAL OF CARDIOLOGY,https://openalex.org/S126162762,Canadian Journal of Cardiology,False
Journal of the European Ceramic Society,https://openalex.org/S158447136,Journal of the European Ceramic Society,False
EPJ Quantum Technology,https://openalex.org/S2737382968,EPJ Quantum Technology,True
Soil,https://openalex.org/S4210190384,SOIL,True
Combustion and Flame,https://openalex.org/S32869529,Combustion and Flame,False
Journal of Alloys and Compounds,https://openalex.org/S67716761,Journal of Alloys and Compounds,False
United European Gastroenterology Journal,https://openalex.org/S2764702794,United European Gastroenterology Journal,True
EUROPEAN POLYMER JOURNAL,https://openalex.org/S135472351,European Polymer Journal,False
JOURNAL OF INFORMATION TECHNOLOGY,https://openalex.org/S135086714,Journal of Information Technology,False
Neuromorphic Computing and Engineering,https://openalex.org/S4210212933,Neuromorphic Computing and Engineering,True
JOURNAL OF ANALYTICAL AND APPLIED PYROLYSIS,https://openalex.org/S58603569,Journal of Analytical and Applied Pyrolysis,False
BIOMASS & BIOENERGY,https://openalex.org/S171918450,Biomass and Bioenergy,False
Environmental Science-Nano,https://openalex.org/S2764968653,Environmental Science Nano,False
Epilepsy Currents,https://openalex.org/S76379409,Epiliepsy currents/Epilepsy currents,True
Nanoscale,https://openalex.org/S23181512,Nanoscale,False
Biomaterials Science,https://openalex.org/S2494179437,Biomaterials Science,False
APPLIED RHEOLOGY,https://openalex.org/S154928554,Applied Rheology,True
AMBIO,https://openalex.org/S46982553,AMBIO,False
ANNALS OF MATHEMATICS,https://openalex.org/S45918994,Annals of Mathematics,False
Policy and Society,https://openalex.org/S129664799,Policy and Society,True
JOURNAL OF DENTAL RESEARCH,https://openalex.org/S62865007,Journal of Dental Research,False
JOURNAL OF URBAN ECONOMICS,https://openalex.org/S147692640,Journal of Urban Economics,False
INTERNATIONAL JOURNAL OF ENGINEERING SCIENCE,https://openalex.org/S102630943,International Journal of Engineering Science,False
ACCIDENT ANALYSIS AND PREVENTION,https://openalex.org/S188336720,Accident Analysis & Prevention,False
EUROPEAN JOURNAL OF VASCULAR AND ENDOVASCULAR SURGERY,https://openalex.org/S138569045,European Journal of Vascular and Endovascular Surgery,False
Journal of Transport Geography,https://openalex.org/S80150607,Journal of Transport Geography,False
Horticultural Plant Journal,https://openalex.org/S2898116287,Horticultural Plant Journal,True
Current Issues in Tourism,https://openalex.org/S171183513,Current Issues in Tourism,False
DEVELOPMENTAL REVIEW,https://openalex.org/S122700532,Developmental Review,False
Kidney International Reports,https://openalex.org/S2764478277,Kidney International Reports,True
STRUCTURAL HEALTH MONITORING-AN INTERNATIONAL JOURNAL,https://openalex.org/S46950560,Structural Health Monitoring,False
Journal of Risk Finance,https://openalex.org/S61561007,The Journal of Risk Finance,False
BREAST,https://openalex.org/S181123643,The Breast,True
Japanese Dental Science Review,https://openalex.org/S2789086,Japanese Dental Science Review,True
Biological Psychiatry-Cognitive Neuroscience and Neuroimaging,https://openalex.org/S2898601774,Biological Psychiatry Cognitive Neuroscience and Neuroimaging,False
Information and Organization,https://openalex.org/S35363033,Information and Organization,False
THIN-WALLED STRUCTURES,https://openalex.org/S205118121,Thin-Walled Structures,False
Analytica Chimica Acta,https://openalex.org/S192559872,Analytica Chimica Acta,False
HYDROLOGY AND EARTH SYSTEM SCIENCES,https://openalex.org/S93121129,Hydrology and earth system sciences,True
Journal of Modern Power Systems and Clean Energy,https://openalex.org/S4210194934,Journal of Modern Power Systems and Clean Energy,True
BioScience Trends,https://openalex.org/S2497878305,BioScience Trends,True
Diabetes Technology & Therapeutics,https://openalex.org/S67495602,Diabetes Technology & Therapeutics,False
International Journal of Fatigue,https://openalex.org/S71623918,International Journal of Fatigue,False
Annals of Intensive Care,https://openalex.org/S113872774,Annals of Intensive Care,True
Current Rheumatology Reports,https://openalex.org/S115623491,Current Rheumatology Reports,False
MEAT SCIENCE,https://openalex.org/S9483105,Meat Science,False
Drug Delivery and Translational Research,https://openalex.org/S2764352022,Drug Delivery and Translational Research,False
IEEE Open Journal of the Computer Society,https://openalex.org/S4210176459,IEEE Open Journal of the Computer Society,True
JOURNAL OF AGRICULTURAL AND FOOD CHEMISTRY,https://openalex.org/S134644764,Journal of Agricultural and Food Chemistry,False
Applied Water Science,https://openalex.org/S2764931087,Applied Water Science,True
Global Strategy Journal,https://openalex.org/S2765008422,Global Strategy Journal,False
Journal of Chemical Information and Modeling,https://openalex.org/S167262187,Journal of Chemical Information and Modeling,False
Science of Remote Sensing,https://openalex.org/S4210173871,Science of Remote Sensing,True
Biology Direct,https://openalex.org/S42110715,Biology Direct,True
Environmental Innovation and Societal Transitions,https://openalex.org/S2764720322,Environmental Innovation and Societal Transitions,False
STRUCTURAL SAFETY,https://openalex.org/S1507157,Structural Safety,False
JOURNAL OF CONSUMER RESEARCH,https://openalex.org/S145429826,Journal of Consumer Research,False
Journal of Chemical Theory and Computation,https://openalex.org/S189701308,Journal of Chemical Theory and Computation,False
INTERNATIONAL JOURNAL OF CANCER,https://openalex.org/S5382288,International Journal of Cancer,False
Surfaces and Interfaces,https://openalex.org/S2764987357,Surfaces and Interfaces,False
INTERNATIONAL JOURNAL OF MOLECULAR MEDICINE,https://openalex.org/S192722082,International Journal of Molecular Medicine,False
Current Opinion in Virology,https://openalex.org/S2489902859,Current Opinion in Virology,False
Journal of Materials Chemistry C,https://openalex.org/S2500738039,Journal of Materials Chemistry C,False
Fundamental Research,https://openalex.org/S4210177083,Fundamental Research,True
Journal of Biological Engineering,https://openalex.org/S156566788,Journal of Biological Engineering,True
Fungal Biology Reviews,https://openalex.org/S154213423,Fungal Biology Reviews,False
Current Atherosclerosis Reports,https://openalex.org/S129765729,Current Atherosclerosis Reports,False
Frontiers in Immunology,https://openalex.org/S2595292759,Frontiers in Immunology,True
Regenerative Biomaterials,https://openalex.org/S2735234564,Regenerative Biomaterials,True
CRITICAL REVIEWS IN TOXICOLOGY,https://openalex.org/S78069630,Critical Reviews in Toxicology,False
International Journal of STEM Education,https://openalex.org/S2738571837,International Journal of STEM Education,True
ENTOMOLOGIA GENERALIS,https://openalex.org/S42867496,Entomologia Generalis,False
FISH AND FISHERIES,https://openalex.org/S103284624,Fish and Fisheries,False
JOURNAL OF EDUCATIONAL PSYCHOLOGY,https://openalex.org/S61703936,Journal of Educational Psychology,False
FIELD CROPS RESEARCH,https://openalex.org/S148071443,Field Crops Research,False
AGRICULTURAL AND FOREST METEOROLOGY,https://openalex.org/S17729819,Agricultural and Forest Meteorology,False
JOURNAL OF PATHOLOGY,https://openalex.org/S4394736614,The Journal of Pathology,False
American Economic Journal-Economic Policy,https://openalex.org/S158011328,American Economic Journal Economic Policy,False
Review of Finance,https://openalex.org/S131117787,Review of Finance,False
Quantum Science and Technology,https://openalex.org/S4210177720,Quantum Science and Technology,False
International Journal of Behavioral Nutrition and Physical Activity,https://openalex.org/S182748528,International Journal of Behavioral Nutrition and Physical Activity,True
Acta Physiologica,https://openalex.org/S204890612,Acta Physiologica,False
IEEE TRANSACTIONS ON PARALLEL AND DISTRIBUTED SYSTEMS,https://openalex.org/S97130795,IEEE Transactions on Parallel and Distributed Systems,False
IRBM,https://openalex.org/S68802660,IRBM,False
Food Science and Human Wellness,https://openalex.org/S2764902628,Food Science and Human Wellness,True
Emerging Markets Review,https://openalex.org/S197112600,Emerging Markets Review,False
HEART RHYTHM,https://openalex.org/S163651451,Heart Rhythm,False
Cambridge Journal of Regions Economy and Society,https://openalex.org/S97316453,Cambridge Journal of Regions Economy and Society,False
TALANTA,https://openalex.org/S124795565,Talanta,False
Acta Geotechnica,https://openalex.org/S106535470,Acta Geotechnica,False
IEEE Industrial Electronics Magazine,https://openalex.org/S32918732,IEEE Industrial Electronics Magazine,False
INDUSTRIAL CROPS AND PRODUCTS,https://openalex.org/S178362034,Industrial Crops and Products,False
Geoderma,https://openalex.org/S201473135,Geoderma,True
JOURNAL OF ENZYME INHIBITION AND MEDICINAL CHEMISTRY,https://openalex.org/S192603849,Journal of Enzyme Inhibition and Medicinal Chemistry,True
Neurotherapeutics,https://openalex.org/S75519821,Neurotherapeutics,False
IEEE TRANSACTIONS ON INSTRUMENTATION AND MEASUREMENT,https://openalex.org/S10892749,IEEE Transactions on Instrumentation and Measurement,False
JOURNAL DER DEUTSCHEN DERMATOLOGISCHEN GESELLSCHAFT,https://openalex.org/S4210169996,JDDG Journal der Deutschen Dermatologischen Gesellschaft,False
mAbs,https://openalex.org/S169123381,mAbs,True
IEEE INTELLIGENT SYSTEMS,https://openalex.org/S114241109,IEEE Intelligent Systems,False
WORK AND STRESS,https://openalex.org/S141527467,Work & Stress,False
FOOD CONTROL,https://openalex.org/S119525064,Food Control,False
ENGINEERING STRUCTURES,https://openalex.org/S165454098,Engineering Structures,False
IEEE Circuits and Systems Magazine,https://openalex.org/S163901751,IEEE Circuits and Systems Magazine,False
FORTSCHRITTE DER PHYSIK-PROGRESS OF PHYSICS,https://openalex.org/S4210238095,Fortschritte der Physik,False
Food Security,https://openalex.org/S73449225,Food Security,False
Hepatology Communications,https://openalex.org/S4210228550,Hepatology Communications,True
International Journal of Minerals Metallurgy and Materials,https://openalex.org/S64301127,International Journal of Minerals Metallurgy and Materials,False
Rice Science,https://openalex.org/S154879107,Rice Science,True
INTERNATIONAL JOURNAL OF COAL GEOLOGY,https://openalex.org/S6747076,International Journal of Coal Geology,False
Superconductivity,https://openalex.org/S4220651294,Superconductivity,True
Cancer Biology & Medicine,https://openalex.org/S2764796312,Cancer Biology and Medicine,True
Food Structure-Netherlands,https://openalex.org/S4210196434,Food Structure,False
PROGRESS IN CARDIOVASCULAR DISEASES,https://openalex.org/S192202259,Progress in Cardiovascular Diseases,False
Radiology-Imaging Cancer,https://openalex.org/S4210183954,Radiology Imaging Cancer,True
Tungsten,https://openalex.org/S4210176523,Tungsten,False
Essays in Biochemistry,https://openalex.org/S30084617,Essays in Biochemistry,False
IEEE Transactions on Services Computing,https://openalex.org/S204223317,IEEE Transactions on Services Computing,False
ANNALS OF EMERGENCY MEDICINE,https://openalex.org/S116012647,Annals of Emergency Medicine,False
JOURNAL OF THROMBOSIS AND HAEMOSTASIS,https://openalex.org/S164469042,Journal of Thrombosis and Haemostasis,False
Social Media + Society,https://openalex.org/S2764570952,Social Media + Society,True
Journal of Adolescent Health,https://openalex.org/S101177023,Journal of Adolescent Health,False
HARMFUL ALGAE,https://openalex.org/S26186121,Harmful Algae,False
American Economic Journal-Applied Economics,https://openalex.org/S42893225,American Economic Journal Applied Economics,False
Global Finance Journal,https://openalex.org/S150702451,Global Finance Journal,False
Dialogues in Clinical Neuroscience,https://openalex.org/S3206652469,Dialogues in Clinical Neuroscience,False
ECONOMIC GEOLOGY,https://openalex.org/S4210182989,Economic Geology,False
TRANSPLANTATION,https://openalex.org/S11564597,Transplantation,False
Journal of Cardiovascular Computed Tomography,https://openalex.org/S331060,Journal of cardiovascular computed tomography,False
ROCK MECHANICS AND ROCK ENGINEERING,https://openalex.org/S39260535,Rock Mechanics and Rock Engineering,False
British Accounting Review,https://openalex.org/S197396629,The British Accounting Review,False
Molecular Ecology Resources,https://openalex.org/S64961995,Molecular Ecology Resources,False
PLoS Pathogens,https://openalex.org/S2004986,PLoS Pathogens,True
CLINICAL CHILD AND FAMILY PSYCHOLOGY REVIEW,https://openalex.org/S10577759,Clinical Child and Family Psychology Review,False
BIOMACROMOLECULES,https://openalex.org/S11629336,Biomacromolecules,False
Green Finance,https://openalex.org/S4210209416,Green Finance,True
JOURNAL OF ENVIRONMENTAL ECONOMICS AND MANAGEMENT,https://openalex.org/S200872515,Journal of Environmental Economics and Management,False
Asia Pacific Management Review,https://openalex.org/S2764726166,Asia Pacific Management Review,False
Foundations and Trends in Systems and Control,https://openalex.org/S4210220164,Foundations and Trends® in Systems and Control,False
Virus Evolution,https://openalex.org/S2734951655,Virus Evolution,True
Corporate Governance-The International Journal of Business in Society,https://openalex.org/S173789977,Corporate Governance,False
International Journal of Retail & Distribution Management,https://openalex.org/S65353606,International Journal of Retail & Distribution Management,False
ELECTROCHIMICA ACTA,https://openalex.org/S198339081,Electrochimica Acta,False
NEUROCOMPUTING,https://openalex.org/S45693802,Neurocomputing,False
Sustainable Chemistry and Pharmacy,https://openalex.org/S2898513339,Sustainable Chemistry and Pharmacy,False
Journal of Analysis and Testing,https://openalex.org/S4210168667,Journal of Analysis and Testing,False
MEDICAL MICROBIOLOGY AND IMMUNOLOGY,https://openalex.org/S182878189,Medical Microbiology and Immunology,False
Virulence,https://openalex.org/S2484688887,Virulence,True
CRITICAL REVIEWS IN ONCOLOGY HEMATOLOGY,https://openalex.org/S185233701,Critical Reviews in Oncology/Hematology,False
Journal of the Taiwan Institute of Chemical Engineers,https://openalex.org/S156280905,Journal of the Taiwan Institute of Chemical Engineers,False
BioChip Journal,https://openalex.org/S134953222,BioChip Journal,False
Current Psychiatry Reports,https://openalex.org/S124600697,Current Psychiatry Reports,False
Nanoscale Research Letters,https://openalex.org/S55093224,Nanoscale Research Letters,True
Expert Review of Vaccines,https://openalex.org/S163950488,Expert Review of Vaccines,True
FEBS Journal,https://openalex.org/S37672443,FEBS Journal,False
Journal of Hazardous Materials Advances,https://openalex.org/S4210197718,Journal of Hazardous Materials Advances,True
Chemical Engineering Journal Advances,https://openalex.org/S4210233595,Chemical Engineering Journal Advances,True
Educational Researcher,https://openalex.org/S55175622,Educational Researcher,False
Journal of Computer-Mediated Communication,https://openalex.org/S30594836,Journal of Computer-Mediated Communication,True
INTERNATIONAL ENDODONTIC JOURNAL,https://openalex.org/S50094856,International Endodontic Journal,False
PRECISION AGRICULTURE,https://openalex.org/S42419699,Precision Agriculture,False
WORLD DEVELOPMENT,https://openalex.org/S85457386,World Development,False
Journal of Statistical Software,https://openalex.org/S167961193,Journal of Statistical Software,True
Emergencias,https://openalex.org/S2480469109,Emergencias,False
JOURNAL OF ACCOUNTING & ECONOMICS,https://openalex.org/S62142384,Journal of Accounting and Economics,False
European Heart Journal-Cardiovascular Pharmacotherapy,https://openalex.org/S2735768669,European Heart Journal - Cardiovascular Pharmacotherapy,False
JOURNAL OF ADVERTISING,https://openalex.org/S103311983,Journal of Advertising,False
PHYSIOLOGIA PLANTARUM,https://openalex.org/S185046733,Physiologia Plantarum,False
Journal of Healthcare Informatics Research,https://openalex.org/S4210196546,Journal of Healthcare Informatics Research,False
Journal of International Financial Markets Institutions & Money,https://openalex.org/S82743730,Journal of International Financial Markets Institutions and Money,False
Journal of Management Science and Engineering,https://openalex.org/S4210176257,Journal of Management Science and Engineering,True
COMPUTERIZED MEDICAL IMAGING AND GRAPHICS,https://openalex.org/S198823948,Computerized Medical Imaging and Graphics,False
ACM TRANSACTIONS ON INFORMATION SYSTEMS,https://openalex.org/S4394735545,ACM Transactions on Information Systems,False
APL Photonics,https://openalex.org/S4210226744,APL Photonics,True
CATENA,https://openalex.org/S44098145,CATENA,False
Journal of Cystic Fibrosis,https://openalex.org/S147774598,Journal of Cystic Fibrosis,False
JOURNAL OF THE AMERICAN SOCIETY OF ECHOCARDIOGRAPHY,https://openalex.org/S185321339,Journal of the American Society of Echocardiography,False
GLIA,https://openalex.org/S147407642,Glia,False
Communications Physics,https://openalex.org/S4210200995,Communications Physics,True
PHILOSOPHICAL TRANSACTIONS OF THE ROYAL SOCIETY B-BIOLOGICAL SCIENCES,https://openalex.org/S91660768,Philosophical Transactions of the Royal Society B Biological Sciences,False
Propulsion and Power Research,https://openalex.org/S2764907551,Propulsion and Power Research,True
npj Aging and Mechanisms of Disease,https://openalex.org/S4210219967,npj Aging and Mechanisms of Disease,True
ECOGRAPHY,https://openalex.org/S25093289,Ecography,True
Human Resource Management Journal,https://openalex.org/S113497174,Human Resource Management Journal,False
Trauma Violence & Abuse,https://openalex.org/S170515770,Trauma Violence & Abuse,False
JOURNAL OF ECOLOGY,https://openalex.org/S11271929,Journal of Ecology,False
DIABETES OBESITY & METABOLISM,https://openalex.org/S148394532,Diabetes Obesity and Metabolism,False
ASTRONOMY & ASTROPHYSICS,https://openalex.org/S205231332,Astronomy and Astrophysics,False
MICROCHIMICA ACTA,https://openalex.org/S12065667,Microchimica Acta,False
Communications Medicine,https://openalex.org/S4210167893,Communications Medicine,True
npj Quantum Materials,https://openalex.org/S4210221747,npj Quantum Materials,True
Strategic Entrepreneurship Journal,https://openalex.org/S31690342,Strategic Entrepreneurship Journal,False
JMIR mHealth and uHealth,https://openalex.org/S2764493120,JMIR mhealth and uhealth,True
Stem Cells Translational Medicine,https://openalex.org/S2494728167,Stem Cells Translational Medicine,True
Current Plant Biology,https://openalex.org/S2898426492,Current Plant Biology,True
GLOBAL BIOGEOCHEMICAL CYCLES,https://openalex.org/S32973720,Global Biogeochemical Cycles,False
Environmental Health,https://openalex.org/S191320764,Environmental Health,True
MOLECULAR CANCER THERAPEUTICS,https://openalex.org/S48437117,Molecular Cancer Therapeutics,False
Sensing and Bio-Sensing Research,https://openalex.org/S2764350490,Sensing and Bio-Sensing Research,True
INFECTION,https://openalex.org/S119914596,Infection,False
SURFACE & COATINGS TECHNOLOGY,https://openalex.org/S76010543,Surface and Coatings Technology,False
CONTROL ENGINEERING PRACTICE,https://openalex.org/S105928092,Control Engineering Practice,False
COLLOIDS AND SURFACES B-BIOINTERFACES,https://openalex.org/S22793308,Colloids and Surfaces B Biointerfaces,False
BIODRUGS,https://openalex.org/S143194599,BioDrugs,False
Resources Conservation & Recycling Advances,https://openalex.org/S4210240235,Resources Conservation & Recycling Advances,True
GIANT,https://openalex.org/S4210199024,Giant,True
Environmental and Sustainability Indicators,https://openalex.org/S4210231789,Environmental and Sustainability Indicators,True
EXPERT OPINION ON THERAPEUTIC PATENTS,https://openalex.org/S3784663,Expert Opinion on Therapeutic Patents,False
NEUROPSYCHOLOGY REVIEW,https://openalex.org/S51877618,Neuropsychology Review,False
APPLIED SPECTROSCOPY REVIEWS,https://openalex.org/S169580768,Applied Spectroscopy Reviews,False
CURRENT ALLERGY AND ASTHMA REPORTS,https://openalex.org/S10734860,Current Allergy and Asthma Reports,False
Asian Economic Papers,https://openalex.org/S4210209722,Asian Economic Papers,False
BRITISH JOURNAL OF GENERAL PRACTICE,https://openalex.org/S92370695,British Journal of General Practice,False
IEEE Transactions on Cloud Computing,https://openalex.org/S2492498579,IEEE Transactions on Cloud Computing,False
CHAOS SOLITONS & FRACTALS,https://openalex.org/S70718007,Chaos Solitons & Fractals,False
JOURNAL OF HUMAN RESOURCES,https://openalex.org/S62957338,The Journal of Human Resources,False
International Journal of Clinical and Health Psychology,https://openalex.org/S135453612,International Journal of Clinical and Health Psychology,True
ACADEMIC MEDICINE,https://openalex.org/S19793444,Academic Medicine,False
Chinese Journal of Aeronautics,https://openalex.org/S42274841,Chinese Journal of Aeronautics,False
CLIMATE POLICY,https://openalex.org/S113876312,Climate Policy,False
International Journal of Pharmaceutics,https://openalex.org/S131016564,International Journal of Pharmaceutics,False
Marine Pollution Bulletin,https://openalex.org/S101229256,Marine Pollution Bulletin,False
JOURNAL OF SMALL BUSINESS MANAGEMENT,https://openalex.org/S78792899,Journal of Small Business Management,False
GeroScience,https://openalex.org/S4210237251,GeroScience,False
Journal of Cosmology and Astroparticle Physics,https://openalex.org/S120662888,Journal of Cosmology and Astroparticle Physics,False
IEEE Transactions on Green Communications and Networking,https://openalex.org/S4210192662,IEEE Transactions on Green Communications and Networking,False
International Journal of Advertising,https://openalex.org/S19358283,International Journal of Advertising,False
SCHIZOPHRENIA BULLETIN,https://openalex.org/S117485531,Schizophrenia Bulletin,False
Autism Research,https://openalex.org/S191399632,Autism Research,False
PROGRESS IN NEURO-PSYCHOPHARMACOLOGY & BIOLOGICAL PSYCHIATRY,https://openalex.org/S142279999,Progress in Neuro-Psychopharmacology and Biological Psychiatry,False
BIOCHEMICAL PHARMACOLOGY,https://openalex.org/S185534594,Biochemical Pharmacology,False
INTERNATIONAL JOURNAL OF HUMAN-COMPUTER STUDIES,https://openalex.org/S4210190811,International Journal of Human-Computer Studies,False
Journal of Hospitality and Tourism Technology,https://openalex.org/S87112736,Journal of Hospitality and Tourism Technology,False
MULTIVARIATE BEHAVIORAL RESEARCH,https://openalex.org/S64250036,Multivariate Behavioral Research,False
Earth Systems and Environment,https://openalex.org/S4210191187,Earth Systems and Environment,False
SLEEP,https://openalex.org/S42921845,SLEEP,False
COMPUTERS AND GEOTECHNICS,https://openalex.org/S106576117,Computers and Geotechnics,False
Chinese Medicine,https://openalex.org/S103976430,Chinese Medicine,True
HEADACHE,https://openalex.org/S96331937,Headache The Journal of Head and Face Pain,False
EUROPEAN JOURNAL OF ENDOCRINOLOGY,https://openalex.org/S4210218062,European Journal of Endocrinology,False
JOURNAL OF MANAGEMENT IN ENGINEERING,https://openalex.org/S144495243,Journal of Management in Engineering,False
Molecular Therapy Oncolytics,https://openalex.org/S2898235705,Molecular Therapy — Oncolytics,True
Business & Society,https://openalex.org/S44376543,Business & Society,False
Emerging Contaminants,https://openalex.org/S2898204233,Emerging contaminants,True
Food Engineering Reviews,https://openalex.org/S161939520,Food Engineering Reviews,False
ACTA PSYCHIATRICA SCANDINAVICA,https://openalex.org/S199498439,Acta Psychiatrica Scandinavica,False
Biocybernetics and Biomedical Engineering,https://openalex.org/S137309422,Journal of Applied Biomedicine,False
JOURNAL OF MOLECULAR LIQUIDS,https://openalex.org/S189140625,Journal of Molecular Liquids,False
APPLIED CLAY SCIENCE,https://openalex.org/S37411791,Applied Clay Science,False
International Journal of Hydromechatronics,https://openalex.org/S4210207026,International Journal of Hydromechatronics,False
General Psychiatry,https://openalex.org/S4210225740,General Psychiatry,True
CELL BIOLOGY AND TOXICOLOGY,https://openalex.org/S31257671,Cell Biology and Toxicology,False
Food and Bioprocess Technology,https://openalex.org/S181365921,Food and Bioprocess Technology,False
WEAR,https://openalex.org/S16737290,Wear,False
Cancer Cell International,https://openalex.org/S130214813,Cancer Cell International,True
IEEE Open Journal of Vehicular Technology,https://openalex.org/S4210201067,IEEE Open Journal of Vehicular Technology,True
PLANT CELL REPORTS,https://openalex.org/S196783408,Plant Cell Reports,False
Journal of Pharmaceutical Investigation,https://openalex.org/S70884739,Journal of Pharmaceutical Investigation,False
SCRIPTA MATERIALIA,https://openalex.org/S105962883,Scripta Materialia,False
JOURNAL OF FOOD ENGINEERING,https://openalex.org/S137362610,Journal of Food Engineering,False
JCO Precision Oncology,https://openalex.org/S4210227748,JCO Precision Oncology,False
PHYSIOLOGY,https://openalex.org/S88977973,Physiology,False
APL Materials,https://openalex.org/S150722692,APL Materials,True
MECHANISMS OF AGEING AND DEVELOPMENT,https://openalex.org/S6761461,Mechanisms of Ageing and Development,False
IEEE Transactions on Emerging Topics in Computational Intelligence,https://openalex.org/S4210210251,IEEE Transactions on Emerging Topics in Computational Intelligence,False
PROCEEDINGS OF THE COMBUSTION INSTITUTE,https://openalex.org/S4210174958,Proceedings of the Combustion Institute,False
Advanced Electronic Materials,https://openalex.org/S2765003236,Advanced Electronic Materials,True
ANNALS OF ALLERGY ASTHMA & IMMUNOLOGY,https://openalex.org/S153558830,Annals of Allergy Asthma & Immunology,False
International Journal of Precision Engineering and Manufacturing-Green Technology,https://openalex.org/S2764410448,International Journal of Precision Engineering and Manufacturing-Green Technology,False
Cleaner Engineering and Technology,https://openalex.org/S4210217486,Cleaner Engineering and Technology,True
Biologics-Targets & Therapy,https://openalex.org/S177732258,Biologics,True
FOOD REVIEWS INTERNATIONAL,https://openalex.org/S106123072,Food Reviews International,False
YALE LAW JOURNAL,https://openalex.org/S161895660,The Yale Law Journal,False
Anatomical Sciences Education,https://openalex.org/S121323410,Anatomical Sciences Education,False
Digital Journalism,https://openalex.org/S2764497610,Digital Journalism,False
JOURNAL OF PUBLIC ADMINISTRATION RESEARCH AND THEORY,https://openalex.org/S169433491,Journal of Public Administration Research and Theory,False
Journal of King Saud University-Computer and Information Sciences,https://openalex.org/S2764955546,Journal of King Saud University - Computer and Information Sciences,True
CHINA ECONOMIC REVIEW,https://openalex.org/S19645890,China Economic Review,False
JOURNAL OF VOCATIONAL BEHAVIOR,https://openalex.org/S25746158,Journal of Vocational Behavior,False
Limnology and Oceanography Letters,https://openalex.org/S4210223211,Limnology and Oceanography Letters,True
JOURNAL OF APPLIED CRYSTALLOGRAPHY,https://openalex.org/S79162954,Journal of Applied Crystallography,False
Body Image,https://openalex.org/S177391433,Body Image,False
TSINGHUA SCIENCE AND TECHNOLOGY,https://openalex.org/S24978797,Tsinghua Science & Technology,True
ENVIRONMENTAL POLITICS,https://openalex.org/S123005105,Environmental Politics,False
Chemical and Biological Technologies in Agriculture,https://openalex.org/S2737334311,Chemical and Biological Technologies in Agriculture,True
IMA Fungus,https://openalex.org/S4210170475,IMA Fungus,True
MEASUREMENT,https://openalex.org/S147767848,Measurement,False
International Journal of Pharmaceutics-X,https://openalex.org/S4210204060,International Journal of Pharmaceutics X,True
Communications Biology,https://openalex.org/S4210225776,Communications Biology,True
ACM Transactions on Multimedia Computing Communications and Applications,https://openalex.org/S19610489,ACM Transactions on Multimedia Computing Communications and Applications,False
AUTISM,https://openalex.org/S1824407,Autism,False
RADIOGRAPHICS,https://openalex.org/S26381749,Radiographics,False
Journal of NeuroEngineering and Rehabilitation,https://openalex.org/S2299478,Journal of NeuroEngineering and Rehabilitation,True
Psoriasis-Targets and Therapy,https://openalex.org/S2737822855,Psoriasis Targets and Therapy,True
LIFE SCIENCES,https://openalex.org/S175775512,Life Sciences,False
SURVEY OF OPHTHALMOLOGY,https://openalex.org/S88857351,Survey of Ophthalmology,False
NONLINEAR DYNAMICS,https://openalex.org/S138681734,Nonlinear Dynamics,False
Revista de Psiquiatria y Salud Mental,https://openalex.org/S2898614270,Revista de Psiquiatría y Salud Mental,False
ADDICTION,https://openalex.org/S70513841,Addiction,False
ACS Macro Letters,https://openalex.org/S75495113,ACS Macro Letters,False
CONSERVATION BIOLOGY,https://openalex.org/S98137347,Conservation Biology,False
High Power Laser Science and Engineering,https://openalex.org/S2764641825,High Power Laser Science and Engineering,True
ENVIRONMENT AND BEHAVIOR,https://openalex.org/S136896044,Environment and Behavior,False
PEDOSPHERE,https://openalex.org/S205679754,Pedosphere,False
ISME Communications,https://openalex.org/S4210240812,ISME Communications,True
ATMOSPHERIC CHEMISTRY AND PHYSICS,https://openalex.org/S162708223,Atmospheric chemistry and physics,True
Vaccines,https://openalex.org/S4210226234,Vaccines,True
Immunity & Ageing,https://openalex.org/S183475463,Immunity & Ageing,True
Sustainability Accounting Management and Policy Journal,https://openalex.org/S183939566,Sustainability Accounting Management and Policy Journal,False
Advances in Sample Preparation,https://openalex.org/S4210235378,Advances in Sample Preparation,True
AMYLOID-JOURNAL OF PROTEIN FOLDING DISORDERS,https://openalex.org/S25535963,Amyloid,False
IEEE TRANSACTIONS ON CIRCUITS AND SYSTEMS I-REGULAR PAPERS,https://openalex.org/S116977442,IEEE Transactions on Circuits and Systems I Regular Papers,False
Journal of Neuroimmune Pharmacology,https://openalex.org/S137872405,Journal of Neuroimmune Pharmacology,False
IEEE Open Journal of the Industrial Electronics Society,https://openalex.org/S4210227635,IEEE Open Journal of the Industrial Electronics Society,True
Journal of Product and Brand Management,https://openalex.org/S58171247,Journal of Product & Brand Management,False
OBSTETRICAL & GYNECOLOGICAL SURVEY,https://openalex.org/S115789314,Obstetrical & Gynecological Survey,False
REDOX REPORT,https://openalex.org/S183535129,Redox Report,True
Strategic Organization,https://openalex.org/S11394615,Strategic Organization,False
Journal of Future Foods,https://openalex.org/S4210207565,Journal of Future Foods,True
JOURNAL OF RARE EARTHS,https://openalex.org/S139187495,Journal of Rare Earths,False
CATALYSIS TODAY,https://openalex.org/S117279562,Catalysis Today,False
CURRENT OPINION IN RHEUMATOLOGY,https://openalex.org/S31702427,Current Opinion in Rheumatology,False
SEPARATION AND PURIFICATION REVIEWS,https://openalex.org/S4210218972,Separation and Purification Reviews,False
EPIDEMIOLOGIC REVIEWS,https://openalex.org/S136459416,Epidemiologic Reviews,False
NUTRITION RESEARCH REVIEWS,https://openalex.org/S37491271,Nutrition Research Reviews,False
Current Diabetes Reports,https://openalex.org/S92651206,Current Diabetes Reports,False
ENERGY & FUELS,https://openalex.org/S186935893,Energy & Fuels,False
Comunicar,https://openalex.org/S98708256,Comunicar,True
JOURNAL OF COMPUTER ASSISTED LEARNING,https://openalex.org/S5743915,Journal of Computer Assisted Learning,False
PSYCHOLOGICAL REVIEW,https://openalex.org/S35223124,Psychological Review,False
Child Development Perspectives,https://openalex.org/S79535635,Child Development Perspectives,False
Behavioural Public Policy,https://openalex.org/S4210205184,Behavioural Public Policy,False
IEEE Transactions on Emerging Topics in Computing,https://openalex.org/S2496326734,IEEE Transactions on Emerging Topics in Computing,False
Engineering Science and Technology-An International Journal-JESTECH,https://openalex.org/S2764510487,Engineering Science and Technology an International Journal,True
REGIONAL ANESTHESIA AND PAIN MEDICINE,https://openalex.org/S3341432,Regional Anesthesia & Pain Medicine,False
Journal of Rural Studies,https://openalex.org/S28036099,Journal of Rural Studies,False
JOURNAL OF DEVELOPMENT ECONOMICS,https://openalex.org/S101209419,Journal of Development Economics,False
LABORATORY INVESTIGATION,https://openalex.org/S137146891,Laboratory Investigation,False
RMD Open,https://openalex.org/S2738706341,RMD Open,True
ACS Pharmacology & Translational Science,https://openalex.org/S4210207642,ACS Pharmacology & Translational Science,False
IEEE TRANSACTIONS ON AEROSPACE AND ELECTRONIC SYSTEMS,https://openalex.org/S193624734,IEEE Transactions on Aerospace and Electronic Systems,False
NEUROBIOLOGY OF DISEASE,https://openalex.org/S35878148,Neurobiology of Disease,True
HEART,https://openalex.org/S191565391,Heart,False
Information Technology for Development,https://openalex.org/S119528808,Information Technology for Development,False
JOURNAL OF BONE AND MINERAL RESEARCH,https://openalex.org/S128199769,Journal of Bone and Mineral Research,False
LIVER TRANSPLANTATION,https://openalex.org/S205547219,Liver Transplantation,False
Quantum,https://openalex.org/S4210226432,Quantum,True
mBio,https://openalex.org/S4210201176,mBio,True
INTERNATIONAL JOURNAL OF IMPACT ENGINEERING,https://openalex.org/S9070569,International Journal of Impact Engineering,False
Ceramics International,https://openalex.org/S106928643,Ceramics International,False
PROSTATE CANCER AND PROSTATIC DISEASES,https://openalex.org/S107943385,Prostate Cancer and Prostatic Diseases,False
Travel Behaviour and Society,https://openalex.org/S2764874763,Travel Behaviour and Society,False
BIOLOGY AND FERTILITY OF SOILS,https://openalex.org/S99756463,Biology and Fertility of Soils,False
Function,https://openalex.org/S4210215692,Function,True
Water Biology and Security,https://openalex.org/S4210177841,Water Biology and Security,True
MACROMOLECULES,https://openalex.org/S177196338,Macromolecules,False
ASTRONOMICAL JOURNAL,https://openalex.org/S100695177,The Astronomical Journal,True
Data Science and Engineering,https://openalex.org/S2486411021,Data Science and Engineering,True
Journal of Theoretical and Applied Electronic Commerce Research,https://openalex.org/S27967161,Journal of theoretical and applied electronic commerce research,True
Precision Clinical Medicine,https://openalex.org/S3012681668,Precision Clinical Medicine,True
Food & Function,https://openalex.org/S2483688756,Food & Function,False
JOURNAL OF MARKETING RESEARCH,https://openalex.org/S119950638,Journal of Marketing Research,False
ADVANCES IN ANATOMIC PATHOLOGY,https://openalex.org/S3815926,Advances in Anatomic Pathology,False
BULLETIN OF THE AMERICAN MUSEUM OF NATURAL HISTORY,https://openalex.org/S72004196,Bulletin of the American Museum of Natural History,False
Project Management Journal,https://openalex.org/S196205230,Project Management Journal,False
Thermal Science and Engineering Progress,https://openalex.org/S4210220034,Thermal Science and Engineering Progress,False
European Transport Research Review,https://openalex.org/S106956883,European Transport Research Review,True
JOURNAL OF PUBLIC POLICY & MARKETING,https://openalex.org/S37376905,Journal of Public Policy & Marketing,False
BRITISH JOURNAL OF HAEMATOLOGY,https://openalex.org/S153015021,British Journal of Haematology,False
Sustainability Science,https://openalex.org/S135086837,Sustainability Science,False
American Journal of Medicine,https://openalex.org/S186920367,The American Journal of Medicine,False
Tissue Engineering Part B-Reviews,https://openalex.org/S13647896,Tissue Engineering Part B Reviews,False
ARTIFICIAL INTELLIGENCE,https://openalex.org/S196139623,Artificial Intelligence,False
Substance Abuse and Rehabilitation,https://openalex.org/S2764396930,Substance Abuse and Rehabilitation,True
Lung Cancer-Targets and Therapy,https://openalex.org/S4210234644,Lung Cancer Targets and Therapy,True
JOURNAL OF SECOND LANGUAGE WRITING,https://openalex.org/S192107914,Journal of Second Language Writing,False
Asian Journal of Social Health and Behavior,https://openalex.org/S4210215553,Asian Journal of Social Health and Behavior,True
AMERICAN JOURNAL OF POLITICAL SCIENCE,https://openalex.org/S90314269,American Journal of Political Science,False
Research Synthesis Methods,https://openalex.org/S205768342,Research Synthesis Methods,False
Aerospace Science and Technology,https://openalex.org/S61564791,Aerospace Science and Technology,False
Structural Change and Economic Dynamics,https://openalex.org/S67638930,Structural Change and Economic Dynamics,False
Journal of Clinical Anesthesia,https://openalex.org/S155967237,Journal of Clinical Anesthesia,False
Defence Technology,https://openalex.org/S2736621015,Defence Technology,True
Equilibrium-Quarterly Journal of Economics and Economic Policy,https://openalex.org/S2738413198,Equilibrium Quarterly Journal of Economics and Economic Policy,True
INVESTIGATIVE OPHTHALMOLOGY & VISUAL SCIENCE,https://openalex.org/S76304953,Investigative Ophthalmology & Visual Science,True
IEEE TRANSACTIONS ON RELIABILITY,https://openalex.org/S87725633,IEEE Transactions on Reliability,False
Digestive Endoscopy,https://openalex.org/S192766619,Digestive Endoscopy,False
CLINICAL AND EXPERIMENTAL OPHTHALMOLOGY,https://openalex.org/S95018974,Clinical and Experimental Ophthalmology,False
Public Management Review,https://openalex.org/S37623806,Public Management Review,False
INFORMATION SYSTEMS RESEARCH,https://openalex.org/S202812398,Information Systems Research,False
JOURNAL OF INFECTIOUS DISEASES,https://openalex.org/S54542293,The Journal of Infectious Diseases,False
CEPHALALGIA,https://openalex.org/S141866484,Cephalalgia,False
JOURNAL OF HIGH ENERGY PHYSICS,https://openalex.org/S187585107,Journal of High Energy Physics,True
JOURNAL OF APPLIED ECOLOGY,https://openalex.org/S82098733,Journal of Applied Ecology,False
Journal of the American Heart Association,https://openalex.org/S2489920150,Journal of the American Heart Association,True
THEORETICAL AND APPLIED FRACTURE MECHANICS,https://openalex.org/S179906512,Theoretical and Applied Fracture Mechanics,False
POLYMER TESTING,https://openalex.org/S157859649,Polymer Testing,True
Lancet Regional Health - Southeast Asia,https://openalex.org/S4393919553,The Lancet Regional Health - Southeast Asia,True
AMERICAN JOURNAL OF EPIDEMIOLOGY,https://openalex.org/S170967050,American Journal of Epidemiology,False
INTERNATIONAL JOURNAL OF ELECTRICAL POWER & ENERGY SYSTEMS,https://openalex.org/S168377509,International Journal of Electrical Power & Energy Systems,False
Journal of Geovisualization and Spatial Analysis,https://openalex.org/S4210196386,Journal of Geovisualization and Spatial Analysis,False
JOURNAL OF CLINICAL ENDOCRINOLOGY & METABOLISM,https://openalex.org/S205775358,The Journal of Clinical Endocrinology & Metabolism,False
Molecular Oncology,https://openalex.org/S80282989,Molecular Oncology,True
IEEE Transactions on Cognitive and Developmental Systems,https://openalex.org/S2488537894,IEEE Transactions on Cognitive and Developmental Systems,False
INTERNATIONAL JOURNAL OF FOOD MICROBIOLOGY,https://openalex.org/S132626406,International Journal of Food Microbiology,False
INTERNATIONAL JOURNAL OF HEAT AND MASS TRANSFER,https://openalex.org/S90999920,International Journal of Heat and Mass Transfer,False
Physics of the Dark Universe,https://openalex.org/S2898356015,Physics of the Dark Universe,False
PROGRESS IN PLANNING,https://openalex.org/S47767497,Progress in Planning,False
Egyptian Informatics Journal,https://openalex.org/S97403527,Egyptian Informatics Journal,True
JMIR Aging,https://openalex.org/S4210211124,JMIR Aging,True
Annual Review of Financial Economics,https://openalex.org/S4210170931,Annual Review of Financial Economics,False
AMERICAN JOURNAL OF PHYSIOLOGY-CELL PHYSIOLOGY,https://openalex.org/S62704344,AJP Cell Physiology,False
mSystems,https://openalex.org/S4210181942,mSystems,True
THROMBOSIS AND HAEMOSTASIS,https://openalex.org/S206235894,Thrombosis and Haemostasis,False
Photonic Sensors,https://openalex.org/S2764527509,Photonic Sensors,True
Journal of Leadership & Organizational Studies,https://openalex.org/S64831726,Journal of Leadership & Organizational Studies,False
PSYCHIATRY AND CLINICAL NEUROSCIENCES,https://openalex.org/S111042112,Psychiatry and Clinical Neurosciences,False
JOURNAL OF LIPID RESEARCH,https://openalex.org/S11400418,Journal of Lipid Research,True
European Journal of Innovation Management,https://openalex.org/S90149737,European Journal of Innovation Management,False
JOURNAL OF THE MECHANICS AND PHYSICS OF SOLIDS,https://openalex.org/S105775785,Journal of the Mechanics and Physics of Solids,False
Gels,https://openalex.org/S2737559645,Gels,True
IEEE TRANSACTIONS ON ENERGY CONVERSION,https://openalex.org/S64770346,IEEE Transactions on Energy Conversion,False
BIPOLAR DISORDERS,https://openalex.org/S58085280,Bipolar Disorders,False
SEMINARS IN HEMATOLOGY,https://openalex.org/S56632351,Seminars in Hematology,False
AAPS Journal,https://openalex.org/S74983066,The AAPS Journal,False
Expert Opinion on Drug Delivery,https://openalex.org/S51663496,Expert Opinion on Drug Delivery,False
Annual Review of Vision Science,https://openalex.org/S4210222997,Annual Review of Vision Science,False
INTERNATIONAL JOURNAL OF INTELLIGENT SYSTEMS,https://openalex.org/S57950554,International Journal of Intelligent Systems,True
BME Frontiers,https://openalex.org/S4210233487,BME Frontiers,True
Complex & Intelligent Systems,https://openalex.org/S3035462843,Complex & Intelligent Systems,True
Inflammation and Regeneration,https://openalex.org/S143716263,Inflammation and Regeneration,True
Journal of Functional Biomaterials,https://openalex.org/S86392829,Journal of Functional Biomaterials,True
BIOFACTORS,https://openalex.org/S75531928,BioFactors,False
IEEE Open Journal of Power Electronics,https://openalex.org/S4210221189,IEEE Open Journal of Power Electronics,True
GENES AND IMMUNITY,https://openalex.org/S151760177,Genes and Immunity,False
Applications in Energy and Combustion Science,https://openalex.org/S4210188498,Applications in Energy and Combustion Science,True
SOIL USE AND MANAGEMENT,https://openalex.org/S121608518,Soil Use and Management,False
Progress in Biomedical Engineering,https://openalex.org/S2764347021,Progress in Biomedical Engineering,False
ENVIRONMENT,https://openalex.org/S75298943,Environment Science and Policy for Sustainable Development,False
ACTA MATHEMATICA,https://openalex.org/S113542759,Acta Mathematica,True
SYSTEM,https://openalex.org/S130873806,System,False
COMMUNICATION RESEARCH,https://openalex.org/S28604305,Communication Research,False
International Journal of Antimicrobial Agents,https://openalex.org/S5248501,International Journal of Antimicrobial Agents,False
JOURNAL OF PUBLIC ECONOMICS,https://openalex.org/S199447588,Journal of Public Economics,False
Intensive and Critical Care Nursing,https://openalex.org/S73565813,Intensive and Critical Care Nursing,False
Bone & Joint Journal,https://openalex.org/S4210239958,The Bone & Joint Journal,False
JOURNAL OF THORACIC AND CARDIOVASCULAR SURGERY,https://openalex.org/S127437062,Journal of Thoracic and Cardiovascular Surgery,False
European Urology Focus,https://openalex.org/S2764909046,European Urology Focus,False
Animal Microbiome,https://openalex.org/S4210239186,Animal Microbiome,True
Spine Journal,https://openalex.org/S112180307,The Spine Journal,False
MEDICAL EDUCATION,https://openalex.org/S54816476,Medical Education,False
SOCIAL SCIENCE & MEDICINE,https://openalex.org/S106822843,Social Science & Medicine,False
APPLIED PSYCHOLOGY-AN INTERNATIONAL REVIEW-PSYCHOLOGIE APPLIQUEE-REVUE INTERNATIONALE,https://openalex.org/S47864991,Applied Psychology,False
Computers in Human Behavior Reports,https://openalex.org/S4210198611,Computers in Human Behavior Reports,True
ORGANIC LETTERS,https://openalex.org/S201989124,Organic Letters,False
CELLULOSE,https://openalex.org/S130536152,Cellulose,False
JOURNAL OF EPIDEMIOLOGY AND COMMUNITY HEALTH,https://openalex.org/S156988948,Journal of Epidemiology & Community Health,False
European Heart Journal-Quality of Care and Clinical Outcomes,https://openalex.org/S2735811053,European Heart Journal - Quality of Care and Clinical Outcomes,False
Minerva Urology and Nephrology,https://openalex.org/S4210177000,Minerva Urology and Nephrology,False
JOURNAL OF AFFECTIVE DISORDERS,https://openalex.org/S113871862,Journal of Affective Disorders,False
JOURNAL OF ACCOUNTING RESEARCH,https://openalex.org/S111116695,Journal of Accounting Research,False
Biology of Sex Differences,https://openalex.org/S184776610,Biology of Sex Differences,True
RADIOTHERAPY AND ONCOLOGY,https://openalex.org/S144507673,Radiotherapy and Oncology,False
VALUE IN HEALTH,https://openalex.org/S678965,Value in Health,False
Diagnostic and Interventional Imaging,https://openalex.org/S2764583368,Diagnostic and Interventional Imaging,False
Current Opinion in Behavioral Sciences,https://openalex.org/S2764598273,Current Opinion in Behavioral Sciences,False
Contemporary Political Theory,https://openalex.org/S113281486,Contemporary Political Theory,False
Information Technology & People,https://openalex.org/S185256354,Information Technology and People,False
JOURNAL OF CEREBRAL BLOOD FLOW AND METABOLISM,https://openalex.org/S89339265,Journal of Cerebral Blood Flow & Metabolism,False
ANNALS OF MEDICINE,https://openalex.org/S203391715,Annals of Medicine,True
Alzheimers & Dementia-Translational Research & Clinical Interventions,https://openalex.org/S2898321583,Alzheimer s & Dementia Translational Research & Clinical Interventions,True
BIOLOGICAL CONSERVATION,https://openalex.org/S80660208,Biological Conservation,False
MINERALS ENGINEERING,https://openalex.org/S181849944,Minerals Engineering,False
JOURNAL OF OCCUPATIONAL AND ORGANIZATIONAL PSYCHOLOGY,https://openalex.org/S87328381,Journal of Occupational and Organizational Psychology,False
Pharmaceutics,https://openalex.org/S30283931,Pharmaceutics,True
Marine Drugs,https://openalex.org/S146563757,Marine Drugs,True
Computer Methods and Programs in Biomedicine,https://openalex.org/S138959710,Computer Methods and Programs in Biomedicine,False
Transportation Geotechnics,https://openalex.org/S2764755947,Transportation Geotechnics,False
ATHEROSCLEROSIS,https://openalex.org/S206830620,Atherosclerosis,False
Food Quality and Preference,https://openalex.org/S194662844,Food Quality and Preference,False
MICROCHEMICAL JOURNAL,https://openalex.org/S151030190,Microchemical Journal,False
ORGANIZATION STUDIES,https://openalex.org/S28882882,Organization Studies,False
CELLULAR ONCOLOGY,https://openalex.org/S4210230201,Cellular Oncology,False
INTERNATIONAL JOURNAL OF THERMAL SCIENCES,https://openalex.org/S128740003,International Journal of Thermal Sciences,False
INTERNATIONAL JOURNAL OF HUMAN RESOURCE MANAGEMENT,https://openalex.org/S184846731,The International Journal of Human Resource Management,False
IEEE TRANSACTIONS ON CONTROL SYSTEMS TECHNOLOGY,https://openalex.org/S133363738,IEEE Transactions on Control Systems Technology,False
SURVEYS IN GEOPHYSICS,https://openalex.org/S194739432,Surveys in Geophysics,False
Asia Pacific Journal of Management,https://openalex.org/S107036887,Asia Pacific Journal of Management,False
Biomedical Signal Processing and Control,https://openalex.org/S8427965,Biomedical Signal Processing and Control,False
JOURNAL OF MOLECULAR AND CELLULAR CARDIOLOGY,https://openalex.org/S111163638,Journal of Molecular and Cellular Cardiology,False
ACS ES&T Water,https://openalex.org/S4210201235,ACS ES&T Water,False
ORGANIZATION SCIENCE,https://openalex.org/S206124708,Organization Science,False
EXPERT OPINION ON INVESTIGATIONAL DRUGS,https://openalex.org/S131064935,Expert Opinion on Investigational Drugs,False
Journal of Bionic Engineering,https://openalex.org/S33108253,Journal of Bionic Engineering,False
Journal of Physical Chemistry Letters,https://openalex.org/S123480357,The Journal of Physical Chemistry Letters,False
EXERCISE AND SPORT SCIENCES REVIEWS,https://openalex.org/S101036573,Exercise and Sport Sciences Reviews,False
ENVIRONMENTAL SCIENCE & POLICY,https://openalex.org/S39803240,Environmental Science & Policy,False
Groundwater for Sustainable Development,https://openalex.org/S2898504426,Groundwater for Sustainable Development,False
INTERNATIONAL JOURNAL OF SYSTEMS SCIENCE,https://openalex.org/S129640837,International Journal of Systems Science,False
Pathogens and Global Health,https://openalex.org/S2505153014,Pathogens and Global Health,False
JOURNAL OF INTERNATIONAL MARKETING,https://openalex.org/S119908498,Journal of International Marketing,False
Bayesian Analysis,https://openalex.org/S127898559,Bayesian Analysis,True
Innovation in Aging,https://openalex.org/S2735557189,Innovation in Aging,True
Frontiers in Genome Editing,https://openalex.org/S4210236911,Frontiers in Genome Editing,True
JOURNAL OF INDUSTRIAL ECOLOGY,https://openalex.org/S203731762,Journal of Industrial Ecology,False
Biophysical Reviews,https://openalex.org/S18736814,Biophysical Reviews,False
Journal of Natural Gas Science and Engineering,https://openalex.org/S125705681,Journal of Natural Gas Science and Engineering,False
INTERNATIONAL JOURNAL OF MOLECULAR SCIENCES,https://openalex.org/S10623703,International Journal of Molecular Sciences,True
Journal of Membrane Science Letters,https://openalex.org/S4210204796,Journal of Membrane Science Letters,True
INTERNATIONAL JOURNAL OF LIFE CYCLE ASSESSMENT,https://openalex.org/S108239708,The International Journal of Life Cycle Assessment,False
International Journal of Engineering Business Management,https://openalex.org/S2764773172,International Journal of Engineering Business Management,True
REVIEWS IN CHEMICAL ENGINEERING,https://openalex.org/S186775512,Reviews in Chemical Engineering,False
GEOLOGY,https://openalex.org/S56162041,Geology,False
RHINOLOGY,https://openalex.org/S94555171,Rhinology Journal,False
Education and Information Technologies,https://openalex.org/S166722454,Education and Information Technologies,False
INTERNATIONAL SECURITY,https://openalex.org/S99767407,International Security,False
PSYCHOLOGICAL SCIENCE,https://openalex.org/S58854535,Psychological Science,False
MILBANK QUARTERLY,https://openalex.org/S1650206,Milbank Quarterly,False
JOURNAL OF ANXIETY DISORDERS,https://openalex.org/S110204754,Journal of Anxiety Disorders,False
JOURNAL OF DENTISTRY,https://openalex.org/S191726168,Journal of Dentistry,False
BJOG-AN INTERNATIONAL JOURNAL OF OBSTETRICS AND GYNAECOLOGY,https://openalex.org/S4210173111,BJOG An International Journal of Obstetrics & Gynaecology,False
Journal of Hospitality Leisure Sport & Tourism Education,https://openalex.org/S137554564,Journal of Hospitality Leisure Sport & Tourism Education,False
NEPHROLOGY DIALYSIS TRANSPLANTATION,https://openalex.org/S186113128,Nephrology Dialysis Transplantation,False
Academy of Management Learning & Education,https://openalex.org/S45682993,Academy of Management Learning and Education,False
Technological and Economic Development of Economy,https://openalex.org/S115091506,Technological and Economic Development of Economy,True
Infectious Diseases of Poverty,https://openalex.org/S2737837740,Infectious Diseases of Poverty,True
JOURNALS OF GERONTOLOGY SERIES B-PSYCHOLOGICAL SCIENCES AND SOCIAL SCIENCES,https://openalex.org/S2735447094,The Journals of Gerontology Series B,False
IEEE TRANSACTIONS ON NEURAL SYSTEMS AND REHABILITATION ENGINEERING,https://openalex.org/S98183460,IEEE Transactions on Neural Systems and Rehabilitation Engineering,True
AMERICAN JOURNAL OF CHINESE MEDICINE,https://openalex.org/S118315377,The American Journal of Chinese Medicine,False
Rice,https://openalex.org/S39864733,Rice,True
INTERNATIONAL JOURNAL OF INFECTIOUS DISEASES,https://openalex.org/S35071406,International Journal of Infectious Diseases,True
EARTH AND PLANETARY SCIENCE LETTERS,https://openalex.org/S119230507,Earth and Planetary Science Letters,False
CLINICAL ORAL IMPLANTS RESEARCH,https://openalex.org/S122069063,Clinical Oral Implants Research,False
JOURNAL OF ETHNOPHARMACOLOGY,https://openalex.org/S29564236,Journal of Ethnopharmacology,False
OCEAN & COASTAL MANAGEMENT,https://openalex.org/S8178725,Ocean & Coastal Management,False
CURRENT OPINION IN NEUROBIOLOGY,https://openalex.org/S120775027,Current Opinion in Neurobiology,False
International Review of Economics & Finance,https://openalex.org/S168273071,International Review of Economics & Finance,False
Journal of Computational Design and Engineering,https://openalex.org/S2485147958,Journal of Computational Design and Engineering,True
Pacific-Basin Finance Journal,https://openalex.org/S29049940,Pacific-Basin Finance Journal,False
Natural Resources Research,https://openalex.org/S2764600758,Natural Resources Research,False
Clinical Psychological Science,https://openalex.org/S2764897075,Clinical Psychological Science,False
MOLECULAR PLANT PATHOLOGY,https://openalex.org/S207933444,Molecular Plant Pathology,True
JOURNAL OF NEUROLOGY,https://openalex.org/S175814247,Journal of Neurology,False
COMPUTERS & SECURITY,https://openalex.org/S12529635,Computers & Security,False
Multiple Sclerosis Journal,https://openalex.org/S136332993,Multiple Sclerosis Journal,False
Neurophotonics,https://openalex.org/S2764541242,Neurophotonics,True
REVIEW OF ACCOUNTING STUDIES,https://openalex.org/S11853582,Review of Accounting Studies,False
Perspectives on Medical Education,https://openalex.org/S2764699106,Perspectives on Medical Education,True
TOXICOLOGY,https://openalex.org/S128555845,Toxicology,False
CNS Neuroscience & Therapeutics,https://openalex.org/S84392608,CNS Neuroscience & Therapeutics,True
AUTOMATICA,https://openalex.org/S51360982,Automatica,False
International Immunopharmacology,https://openalex.org/S158377717,International Immunopharmacology,False
Journal of Hospitality and Tourism Insights,https://openalex.org/S4210226067,Journal of Hospitality and Tourism Insights,False
ARCHIVES OF TOXICOLOGY,https://openalex.org/S87018847,Archives of Toxicology,False
Journal of Agriculture and Food Research,https://openalex.org/S4210201734,Journal of Agriculture and Food Research,True
JMIR Mental Health,https://openalex.org/S2764449704,JMIR Mental Health,True
APPLIED SOIL ECOLOGY,https://openalex.org/S148244296,Applied Soil Ecology,False
BIOELECTROCHEMISTRY,https://openalex.org/S99498898,Bioelectrochemistry,False
M&SOM-Manufacturing & Service Operations Management,https://openalex.org/S81410195,Manufacturing & Service Operations Management,False
JOURNAL OF CLIMATE,https://openalex.org/S80591372,Journal of Climate,False
MATERIALS CHARACTERIZATION,https://openalex.org/S53842986,Materials Characterization,False
Matter and Radiation at Extremes,https://openalex.org/S2898486120,Matter and Radiation at Extremes,True
Social and Personality Psychology Compass,https://openalex.org/S146984626,Social and Personality Psychology Compass,False
Clinical Epigenetics,https://openalex.org/S200416800,Clinical Epigenetics,True
Antimicrobial Resistance and Infection Control,https://openalex.org/S2737606590,Antimicrobial Resistance and Infection Control,True
ASTROPHYSICAL JOURNAL,https://openalex.org/S1980519,The Astrophysical Journal,True
CANCER GENE THERAPY,https://openalex.org/S157451995,Cancer Gene Therapy,False
CONTACT DERMATITIS,https://openalex.org/S19710621,Contact Dermatitis,False
JOURNAL OF NUTRITIONAL BIOCHEMISTRY,https://openalex.org/S548917,The Journal of Nutritional Biochemistry,False
Journal of Pipeline Science and Engineering,https://openalex.org/S4210223785,Journal of Pipeline Science and Engineering,True
Food Bioscience,https://openalex.org/S2764726840,Food Bioscience,False
ACS Polymers Au,https://openalex.org/S4210227641,ACS Polymers Au,True
Automotive Innovation,https://openalex.org/S4210183804,Automotive Innovation,False
HYDROMETALLURGY,https://openalex.org/S143946080,Hydrometallurgy,False
Climate Risk Management,https://openalex.org/S2764943563,Climate Risk Management,True
Microbial Biotechnology,https://openalex.org/S4210238104,Microbial Biotechnology,True
MONTHLY NOTICES OF THE ROYAL ASTRONOMICAL SOCIETY,https://openalex.org/S195663288,Monthly Notices of the Royal Astronomical Society,True
Nutrients,https://openalex.org/S4306521253,Nutrients (Web),False
ONCOLOGIST,https://openalex.org/S15523509,The Oncologist,True
Sustainable Energy Grids & Networks,https://openalex.org/S2493549543,Sustainable Energy Grids and Networks,False
ACM Transactions on Computer-Human Interaction,https://openalex.org/S89276529,ACM Transactions on Computer-Human Interaction,False
Current Research in Microbial Sciences,https://openalex.org/S4210236417,Current Research in Microbial Sciences,True
ENDOCRINOLOGY AND METABOLISM CLINICS OF NORTH AMERICA,https://openalex.org/S151814236,Endocrinology and Metabolism Clinics of North America,False
PRODUCTION AND OPERATIONS MANAGEMENT,https://openalex.org/S149070780,Production and Operations Management,False
Environmental Epigenetics,https://openalex.org/S58136343,Current Zoology,True
CLIMATIC CHANGE,https://openalex.org/S204799461,Climatic Change,False
JOURNAL OF MOLECULAR MEDICINE-JMM,https://openalex.org/S114689480,Journal of Molecular Medicine,False
Fuzzy Optimization and Decision Making,https://openalex.org/S93986401,Fuzzy Optimization and Decision Making,False
ENVIRONMENTAL MODELLING & SOFTWARE,https://openalex.org/S113611870,Environmental Modelling & Software,False
INTERNATIONAL MARKETING REVIEW,https://openalex.org/S35673206,International Marketing Review,False
Natural Products and Bioprospecting,https://openalex.org/S2764440545,Natural Products and Bioprospecting,True
Current Neurology and Neuroscience Reports,https://openalex.org/S136388143,Current Neurology and Neuroscience Reports,False
Current Neuropharmacology,https://openalex.org/S85221069,Current Neuropharmacology,False
POLYMER COMPOSITES,https://openalex.org/S156806727,Polymer Composites,False
Liquid Crystals Reviews,https://openalex.org/S4210232346,Liquid Crystals Reviews,False
Microporous and Mesoporous Materials,https://openalex.org/S52195378,Microporous and Mesoporous Materials,False
Biomolecules,https://openalex.org/S4210236520,Biomolecules,True
CHINA JOURNAL,https://openalex.org/S18131899,The China Journal,False
LEARNING AND INSTRUCTION,https://openalex.org/S78398831,Learning and Instruction,False
POLITICAL ANALYSIS,https://openalex.org/S29331042,Political Analysis,False
MODERN LANGUAGE JOURNAL,https://openalex.org/S72851247,Modern Language Journal,False
COMMUNICATION THEORY,https://openalex.org/S103253184,Communication Theory,False
AMERICAN JOURNAL OF PATHOLOGY,https://openalex.org/S145577119,American Journal Of Pathology,False
SYSTEMATIC ENTOMOLOGY,https://openalex.org/S40752542,Systematic Entomology,False
Best Practice & Research-Clinical Anaesthesiology,https://openalex.org/S202824945,Best Practice & Research Clinical Anaesthesiology,False
DEPRESSION AND ANXIETY,https://openalex.org/S192592622,Depression and Anxiety,True
Paediatric Respiratory Reviews,https://openalex.org/S98953465,Paediatric Respiratory Reviews,False
POLITICAL GEOGRAPHY,https://openalex.org/S202534398,Political Geography,False
Studies in Science Education,https://openalex.org/S39205391,Studies in Science Education,False
EUROPEAN RADIOLOGY,https://openalex.org/S4819472,European Radiology,False
AMERICAN JOURNAL OF ROENTGENOLOGY,https://openalex.org/S161085503,American Journal of Roentgenology,False
IEEE TRANSACTIONS ON VISUALIZATION AND COMPUTER GRAPHICS,https://openalex.org/S84775595,IEEE Transactions on Visualization and Computer Graphics,False
NEUROIMAGE,https://openalex.org/S103225281,NeuroImage,True
JOURNAL OF THE AMERICAN MEDICAL INFORMATICS ASSOCIATION,https://openalex.org/S129839026,Journal of the American Medical Informatics Association,False
Bone & Joint Research,https://openalex.org/S2765027627,Bone and Joint Research,True
Journal of Infection and Public Health,https://openalex.org/S53706017,Journal of Infection and Public Health,True
Journal of Insects as Food and Feed,https://openalex.org/S4210238745,Journal of Insects as Food and Feed,False
JOURNAL OF PHYSIOLOGY-LONDON,https://openalex.org/S2090548,The Journal of Physiology,False
GEOTEXTILES AND GEOMEMBRANES,https://openalex.org/S146462558,Geotextiles and Geomembranes,False
Therapeutic Advances in Neurological Disorders,https://openalex.org/S7261370,Therapeutic Advances in Neurological Disorders,True
INTERNATIONAL JOURNAL OF EATING DISORDERS,https://openalex.org/S74080386,International Journal of Eating Disorders,False
npj Genomic Medicine,https://openalex.org/S2737523697,npj Genomic Medicine,True
RHEUMATOLOGY,https://openalex.org/S183989336,Lara D. Veeken,False
RESPIRATORY RESEARCH,https://openalex.org/S186153782,Respiratory Research,True
PERSONNEL PSYCHOLOGY,https://openalex.org/S84664706,Personnel Psychology,False
IEEE Transactions on Network and Service Management,https://openalex.org/S173527311,IEEE Transactions on Network and Service Management,False
Plant Methods,https://openalex.org/S184470774,Plant Methods,True
Journal of Hydrology-Regional Studies,https://openalex.org/S2898247721,Journal of Hydrology Regional Studies,True
Adolescent Research Review,https://openalex.org/S4210224063,Adolescent Research Review,False
CLINICAL PSYCHOLOGY-SCIENCE AND PRACTICE,https://openalex.org/S82332189,Clinical Psychology Science and Practice,False
EPIDEMIOLOGY,https://openalex.org/S15470582,Epidemiology,False
Health Information Science and Systems,https://openalex.org/S4210178793,Health Information Science and Systems,False
SCANDINAVIAN JOURNAL OF WORK ENVIRONMENT & HEALTH,https://openalex.org/S6931765,Scandinavian Journal of Work Environment & Health,True
ENGINEERING FRACTURE MECHANICS,https://openalex.org/S17983605,Engineering Fracture Mechanics,False
Tumour Virus Research,https://openalex.org/S4210224416,Tumour Virus Research,True
CHEMICO-BIOLOGICAL INTERACTIONS,https://openalex.org/S34460812,Chemico-Biological Interactions,False
Behavioral and Brain Functions,https://openalex.org/S202417740,Behavioral and Brain Functions,True
JOURNAL OF COMPUTING IN CIVIL ENGINEERING,https://openalex.org/S176637136,Journal of Computing in Civil Engineering,False
ARCHIVES OF MEDICAL RESEARCH,https://openalex.org/S157833918,Archives of Medical Research,False
IEEE Journal of Selected Topics in Applied Earth Observations and Remote Sensing,https://openalex.org/S117727964,IEEE Journal of Selected Topics in Applied Earth Observations and Remote Sensing,True
Mobile DNA,https://openalex.org/S927508,Mobile DNA,True
Drug Design Development and Therapy,https://openalex.org/S2496126384,Drug Design Development and Therapy,True
BIOINORGANIC CHEMISTRY AND APPLICATIONS,https://openalex.org/S113299162,Bioinorganic Chemistry and Applications,True
JOURNAL OF PETROLEUM SCIENCE AND ENGINEERING,https://openalex.org/S19016632,Journal of Petroleum Science and Engineering,False
Foods,https://openalex.org/S2737939966,Foods,True
SAFETY SCIENCE,https://openalex.org/S123149298,Safety Science,False
TRANSACTIONS OF NONFERROUS METALS SOCIETY OF CHINA,https://openalex.org/S4210194876,Transactions of Nonferrous Metals Society of China,True
Infectious Diseases and Therapy,https://openalex.org/S2739130986,Infectious Diseases and Therapy,True
JOURNAL OF MOLECULAR BIOLOGY,https://openalex.org/S46058472,Journal of Molecular Biology,False
Polymers,https://openalex.org/S4306522809,Polymers (Web),False
Frontiers of Mechanical Engineering,https://openalex.org/S4210199849,Frontiers of Mechanical Engineering,False
Journal of Obesity & Metabolic Syndrome,https://openalex.org/S4210201552,Journal of Obesity & Metabolic Syndrome,True
Elementa-Science of the Anthropocene,https://openalex.org/S4210174983,Elementa Science of the Anthropocene,True
JCO Oncology Practice,https://openalex.org/S4210202425,JCO Oncology Practice,False
Annual Review of Cancer Biology,https://openalex.org/S4210178937,Annual Review of Cancer Biology,False
Acta Ecologica Sinica,https://openalex.org/S4394735489,Acta Ecologica Sinica,False
Chinese Herbal Medicines,https://openalex.org/S2764755576,Chinese Herbal Medicines,True
International Journal of Artificial Intelligence in Education,https://openalex.org/S171267539,International Journal of Artificial Intelligence in Education,False
JOURNAL OF POLYMERS AND THE ENVIRONMENT,https://openalex.org/S193665811,Journal of Polymers and the Environment,False
Journal of Sustainable Cement-Based Materials,https://openalex.org/S2764549728,Journal of Sustainable Cement-Based Materials,False
Journal of Zhejiang University-SCIENCE B,https://openalex.org/S47715536,Journal of Zhejiang University SCIENCE B,False
Current Oncology Reports,https://openalex.org/S83206718,Current Oncology Reports,False
Journal of Translational Internal Medicine,https://openalex.org/S2736799783,Journal of Translational Internal Medicine,False
Nanomedicine,https://openalex.org/S4210216406,Nanomedicine,False
Polysaccharides,https://openalex.org/S4210221811,Polysaccharides,True
ReCALL,https://openalex.org/S29746465,ReCALL,False
Qualitative Research in Psychology,https://openalex.org/S51001188,Qualitative Research in Psychology,False
Journal of Chinese Political Science,https://openalex.org/S66163274,Journal of Chinese Political Science,False
Applied and Computational Mathematics,https://openalex.org/S42204978,Applied and Computational Mathematics,False
BRITISH JOURNAL OF POLITICAL SCIENCE,https://openalex.org/S95691132,British Journal of Political Science,False
CRIMINOLOGY,https://openalex.org/S67613863,Criminology,False
SCIENCE COMMUNICATION,https://openalex.org/S30803906,Science Communication,False
EDUCATIONAL TECHNOLOGY & SOCIETY,https://openalex.org/S187377680,Educational Technology & Society,True
POLITICAL COMMUNICATION,https://openalex.org/S27211427,Political Communication,False
JOURNAL OF PEASANT STUDIES,https://openalex.org/S112914683,The Journal of Peasant Studies,False
ETHICS,https://openalex.org/S184849641,Ethics,False
ANESTHESIA AND ANALGESIA,https://openalex.org/S104698359,Anesthesia & Analgesia,False
POPULATION AND DEVELOPMENT REVIEW,https://openalex.org/S32314625,Population and Development Review,False
JOURNAL OF EUROPEAN PUBLIC POLICY,https://openalex.org/S22371039,Journal of European Public Policy,False
CBE-Life Sciences Education,https://openalex.org/S94345546,CBE—Life Sciences Education,True
EVOLUTIONARY ANTHROPOLOGY,https://openalex.org/S172508320,Evolutionary Anthropology Issues News and Reviews,False
JOURNAL OF RESEARCH ON ADOLESCENCE,https://openalex.org/S166148025,Journal of Research on Adolescence,False
DENTAL MATERIALS,https://openalex.org/S40121896,Dental Materials,False
Behavior Research Methods,https://openalex.org/S137478622,Behavior Research Methods,False
GERONTOLOGIST,https://openalex.org/S130337233,The Gerontologist,False
DIABETES-METABOLISM RESEARCH AND REVIEWS,https://openalex.org/S83251063,Diabetes/Metabolism Research and Reviews,False
SciPost Physics,https://openalex.org/S4210195687,SciPost Physics,True
IEEE Transactions on Radiation and Plasma Medical Sciences,https://openalex.org/S4210231342,IEEE Transactions on Radiation and Plasma Medical Sciences,False
Journal of Integrative Agriculture,https://openalex.org/S2491286908,Journal of Integrative Agriculture,True
APPETITE,https://openalex.org/S126804734,Appetite,False
Exposure and Health,https://openalex.org/S4210194204,Exposure and Health,False
INTERNATIONAL JOURNAL OF MANPOWER,https://openalex.org/S201037040,International Journal of Manpower,False
Developmental Cognitive Neuroscience,https://openalex.org/S176508836,Developmental Cognitive Neuroscience,True
IEEE Journal of Emerging and Selected Topics in Power Electronics,https://openalex.org/S2764857692,IEEE Journal of Emerging and Selected Topics in Power Electronics,False
CHINESE JOURNAL OF PHYSICS,https://openalex.org/S169735585,Chinese Journal of Physics,False
IEEE Wireless Communications Letters,https://openalex.org/S2500830676,IEEE Wireless Communications Letters,False
Plant Diversity,https://openalex.org/S2764486155,Plant Diversity,True
INTERNATIONAL PSYCHOGERIATRICS,https://openalex.org/S175287009,International Psychogeriatrics,False
DIABETES & METABOLISM,https://openalex.org/S49871393,Diabetes & Metabolism,False
Ocean Engineering,https://openalex.org/S76910236,Ocean Engineering,False
GEOPHYSICAL RESEARCH LETTERS,https://openalex.org/S36624081,Geophysical Research Letters,True
SEMINARS IN NUCLEAR MEDICINE,https://openalex.org/S6997661,Seminars in Nuclear Medicine,False
DIVERSITY AND DISTRIBUTIONS,https://openalex.org/S11703781,Diversity and Distributions,True
IEEE TRANSACTIONS ON ANTENNAS AND PROPAGATION,https://openalex.org/S85738991,IEEE Transactions on Antennas and Propagation,False
MOLECULAR NEUROBIOLOGY,https://openalex.org/S194681035,Molecular Neurobiology,False
Environment and Planning A-Economy and Space,https://openalex.org/S87933477,Environment and Planning A Economy and Space,False
Organic Chemistry Frontiers,https://openalex.org/S2764884854,Organic Chemistry Frontiers,False
Research in Transportation Economics,https://openalex.org/S39263009,Research in Transportation Economics,False
FUNCTIONAL ECOLOGY,https://openalex.org/S174303711,Functional Ecology,False
IEEE TRANSACTIONS ON ENGINEERING MANAGEMENT,https://openalex.org/S154533451,IEEE Transactions on Engineering Management,False
OPTICS AND LASER TECHNOLOGY,https://openalex.org/S112574528,Optics & Laser Technology,False
WATER RESOURCES RESEARCH,https://openalex.org/S204847658,Water Resources Research,True
IEEE JOURNAL OF SOLID-STATE CIRCUITS,https://openalex.org/S83637746,IEEE Journal of Solid-State Circuits,False
Accounting Auditing & Accountability Journal,https://openalex.org/S4210224324,Accounting Auditing & Accountability Journal,False
IEEE TRANSACTIONS ON SIGNAL PROCESSING,https://openalex.org/S168680287,IEEE Transactions on Signal Processing,False
SEMINARS IN ARTHRITIS AND RHEUMATISM,https://openalex.org/S140349950,Seminars in Arthritis and Rheumatism,False
JOURNAL OF URBAN TECHNOLOGY,https://openalex.org/S36975478,Journal of Urban Technology,False
NEUROPHARMACOLOGY,https://openalex.org/S160566677,Neuropharmacology,False
PHYSICAL REVIEW D,https://openalex.org/S4210238307,Physical review. D/Physical review. D.,False
EXPERIMENTAL NEUROLOGY,https://openalex.org/S165592611,Experimental Neurology,False
Journal of Ecohydraulics,https://openalex.org/S4210169531,Journal of Ecohydraulics,False
Nutrition & Diabetes,https://openalex.org/S2478262152,Nutrition and Diabetes,True
MANAGEMENT SCIENCE,https://openalex.org/S33323087,Management Science,False
Algal Research-Biomass Biofuels and Bioproducts,https://openalex.org/S2502055758,Algal Research,False
CLINICAL PHARMACOKINETICS,https://openalex.org/S69290020,Clinical Pharmacokinetics,False
LUNG,https://openalex.org/S104471971,Lung,False
Structural Control & Health Monitoring,https://openalex.org/S4210219247,Structural Control and Health Monitoring,True
INFLAMMOPHARMACOLOGY,https://openalex.org/S77466329,Inflammopharmacology,False
Mineral Processing and Extractive Metallurgy Review,https://openalex.org/S146233897,Mineral Processing and Extractive Metallurgy Review,False
Management of Environmental Quality,https://openalex.org/S112460912,Management of Environmental Quality An International Journal,False
iScience,https://openalex.org/S2898358376,iScience,True
CANCER IMMUNOLOGY IMMUNOTHERAPY,https://openalex.org/S203303425,Cancer Immunology Immunotherapy,False
China Geology,https://openalex.org/S4210231296,China Geology,True
Current Nutrition Reports,https://openalex.org/S2765064044,Current Nutrition Reports,False
EVOLUTIONARY COMPUTATION,https://openalex.org/S38677346,Evolutionary Computation,False
GENE THERAPY,https://openalex.org/S65405509,Gene Therapy,False
Mycology-An International Journal On Fungal Biology,https://openalex.org/S134592498,Mycology&#58 An International Journal on Fungal Biology,True
ACS Measurement Science Au,https://openalex.org/S4210196245,ACS Measurement Science Au,True
Ecological Processes,https://openalex.org/S2764395403,Ecological Processes,True
Accounting in Europe,https://openalex.org/S31181851,Accounting in Europe,False
JOURNAL OF TECHNOLOGY TRANSFER,https://openalex.org/S185905316,The Journal of Technology Transfer,False
Annals of Clinical Microbiology and Antimicrobials,https://openalex.org/S14661945,Annals of Clinical Microbiology and Antimicrobials,True
Quality Assurance and Safety of Crops & Foods,https://openalex.org/S80669454,Quality Assurance and Safety of Crops & Foods,False
CORPORATE GOVERNANCE-AN INTERNATIONAL REVIEW,https://openalex.org/S77308338,Corporate Governance An International Review,False
Human Resource Development Review,https://openalex.org/S37660120,Human Resource Development Review,False
Frontiers in Cellular and Infection Microbiology,https://openalex.org/S2506667490,Frontiers in Cellular and Infection Microbiology,True
IEEE Open Journal of Intelligent Transportation Systems,https://openalex.org/S4210239405,IEEE Open Journal of Intelligent Transportation Systems,True
Journal of Physics-Photonics,https://openalex.org/S4210198424,Journal of Physics Photonics,True
Frontiers in Cell and Developmental Biology,https://openalex.org/S2596924766,Frontiers in Cell and Developmental Biology,True
mLife,https://openalex.org/S4387278920,mLife,True
Publications,https://openalex.org/S4306472687,IFS (Publications) eBooks,False
Global Sustainability,https://openalex.org/S4210211597,Global Sustainability,True
Journal of the International AIDS Society,https://openalex.org/S66330005,Journal of the International AIDS Society,True
EXPERT OPINION ON THERAPEUTIC TARGETS,https://openalex.org/S149756942,Expert Opinion on Therapeutic Targets,False
Chinese Journal of Mechanical Engineering,https://openalex.org/S4220650901,Chinese Journal of Mechanical Engineering,True
BIOCHIMICA ET BIOPHYSICA ACTA-MOLECULAR CELL RESEARCH,https://openalex.org/S4210226410,Biochimica et Biophysica Acta (BBA) - Molecular Cell Research,False
Food Hydrocolloids for Health,https://openalex.org/S4210235965,Food Hydrocolloids for Health,True
aBIOTECH,https://openalex.org/S4210188184,aBIOTECH,False
Cancer Drug Resistance,https://openalex.org/S4210236929,Cancer Drug Resistance,True
Journal of Computing in Higher Education,https://openalex.org/S55310782,Journal of Computing in Higher Education,False
WORLD POLITICS,https://openalex.org/S143110675,World Politics,False
AMERICAN JOURNAL OF SURGICAL PATHOLOGY,https://openalex.org/S37879208,The American Journal of Surgical Pathology,False
WEST EUROPEAN POLITICS,https://openalex.org/S179028992,West European Politics,False
Journal of Research on Technology in Education,https://openalex.org/S4210183620,Journal of Research on Technology in Education,False
NEW MEDIA & SOCIETY,https://openalex.org/S88603889,New Media & Society,False
HUMAN RELATIONS,https://openalex.org/S61446109,Human Relations,False
Journal of NeuroInterventional Surgery,https://openalex.org/S66405466,Journal of NeuroInterventional Surgery,False
ANTIVIRAL RESEARCH,https://openalex.org/S137372404,Antiviral Research,False
APPLIED MATHEMATICS AND MECHANICS-ENGLISH EDITION,https://openalex.org/S144595962,Applied Mathematics and Mechanics,False
EUROPEAN JOURNAL OF AGRONOMY,https://openalex.org/S129843401,European Journal of Agronomy,False
JOURNAL OF CONSULTING AND CLINICAL PSYCHOLOGY,https://openalex.org/S118719888,Journal of Consulting and Clinical Psychology,False
Review of International Organizations,https://openalex.org/S71858213,The Review of International Organizations,False
CHILD MALTREATMENT,https://openalex.org/S125441779,Child Maltreatment,False
GEOCHIMICA ET COSMOCHIMICA ACTA,https://openalex.org/S7538555,Geochimica et Cosmochimica Acta,False
Asian Economic Policy Review,https://openalex.org/S23010633,Asian Economic Policy Review,False
Journal of Global Information Management,https://openalex.org/S83591844,Journal of Global Information Management,True
ECONOMIC POLICY,https://openalex.org/S99606308,Economic Policy,False
JOURNAL OF DRUG DELIVERY SCIENCE AND TECHNOLOGY,https://openalex.org/S97205441,Journal of Drug Delivery Science and Technology,False
INTERNATIONAL JOURNAL OF HYGIENE AND ENVIRONMENTAL HEALTH,https://openalex.org/S83450999,International Journal of Hygiene and Environmental Health,False
Gynecologic Oncology,https://openalex.org/S2574783,Gynecologic Oncology,False
EUROPEAN JOURNAL OF NEUROLOGY,https://openalex.org/S162635963,European Journal of Neurology,True
MECHANISM AND MACHINE THEORY,https://openalex.org/S6785741,Mechanism and Machine Theory,False
New Biotechnology,https://openalex.org/S139345353,New Biotechnology,True
JOURNAL OF MICROBIOLOGY IMMUNOLOGY AND INFECTION,https://openalex.org/S7766676,Journal of Microbiology Immunology and Infection,True
JOURNAL OF PSYCHOPHARMACOLOGY,https://openalex.org/S136368880,Journal of Psychopharmacology,False
NEW TECHNOLOGY WORK AND EMPLOYMENT,https://openalex.org/S175747132,New Technology Work and Employment,False
MOLECULAR PHARMACEUTICS,https://openalex.org/S204562082,Molecular Pharmaceutics,False
Atmospheric Research,https://openalex.org/S171488675,Atmospheric Research,False
COMPUTER COMMUNICATIONS,https://openalex.org/S115004586,Computer Communications,False
International Journal for Equity in Health,https://openalex.org/S167257428,International Journal for Equity in Health,True
Journal of the International Society of Sports Nutrition,https://openalex.org/S3207227496,Journal of the International Society of Sports Nutrition,True
ENVIRONMENTAL AND EXPERIMENTAL BOTANY,https://openalex.org/S202986090,Environmental and Experimental Botany,False
FOOD MICROBIOLOGY,https://openalex.org/S50630504,Food Microbiology,False
International Journal of Logistics-Research and Applications,https://openalex.org/S4210220312,International Journal of Logistics Research and Applications,False
MOLECULAR ECOLOGY,https://openalex.org/S22454499,Molecular Ecology,False
BIOORGANIC CHEMISTRY,https://openalex.org/S165482960,Bioorganic Chemistry,False
INTERNATIONAL JOURNAL OF GYNECOLOGICAL CANCER,https://openalex.org/S41026820,International Journal of Gynecological Cancer,False
INTERNATIONAL JOURNAL OF NEUROPSYCHOPHARMACOLOGY,https://openalex.org/S199972112,The International Journal of Neuropsychopharmacology,True
JOURNAL OF CLINICAL PSYCHIATRY,https://openalex.org/S17992710,The Journal of Clinical Psychiatry,False
INFORMATION ECONOMICS AND POLICY,https://openalex.org/S169221615,Information Economics and Policy,False
LUNG CANCER,https://openalex.org/S100767427,Lung Cancer,False
GM Crops & Food-Biotechnology in Agriculture and the Food Chain,https://openalex.org/S4210174397,GM crops & food,True
PROTEIN SCIENCE,https://openalex.org/S156919612,Protein Science,False
Benchmarking-An International Journal,https://openalex.org/S20489460,Benchmarking An International Journal,False
Geomatics Natural Hazards & Risk,https://openalex.org/S83752769,Geomatics Natural Hazards and Risk,True
BEST PRACTICE & RESEARCH IN CLINICAL RHEUMATOLOGY,https://openalex.org/S1036238847,Best Practice & Research Clinical Rheumatology,False
HEART FAILURE REVIEWS,https://openalex.org/S82077098,Heart Failure Reviews,False
Translational Oncology,https://openalex.org/S106638657,Translational Oncology,True
AGRICULTURAL ECONOMICS,https://openalex.org/S154775064,Agricultural Economics,False
BRITISH JOURNAL OF MANAGEMENT,https://openalex.org/S184126201,British Journal of Management,False
INTERNATIONAL JOURNAL OF ENTREPRENEURIAL BEHAVIOR & RESEARCH,https://openalex.org/S170231156,International Journal of Entrepreneurial Behaviour & Research,False
MATRIX BIOLOGY,https://openalex.org/S125651130,Matrix Biology,False
Artificial Cells Nanomedicine and Biotechnology,https://openalex.org/S2489428960,Artificial Cells Nanomedicine and Biotechnology,True
CANCER SCIENCE,https://openalex.org/S175946340,Cancer Science,True
Journal of Vacation Marketing,https://openalex.org/S83271458,Journal Of Vacation Marketing,False
PUBLICATIONS OF THE ASTRONOMICAL SOCIETY OF AUSTRALIA,https://openalex.org/S126256729,Publications of the Astronomical Society of Australia,False
Water Resources and Industry,https://openalex.org/S2898124245,Water Resources and Industry,True
INFLAMMATORY BOWEL DISEASES,https://openalex.org/S45123234,Inflammatory Bowel Diseases,False
JOURNAL OF CELLULAR PHYSIOLOGY,https://openalex.org/S43643205,Journal of Cellular Physiology,False
Soil Ecology Letters,https://openalex.org/S4210176820,Soil Ecology Letters,False
MOLECULAR NUTRITION & FOOD RESEARCH,https://openalex.org/S27638457,Molecular Nutrition & Food Research,False
INTERNATIONAL JOURNAL OF ONCOLOGY,https://openalex.org/S169822654,International Journal of Oncology,False
Computational and Structural Biotechnology Journal,https://openalex.org/S2764539591,Computational and Structural Biotechnology Journal,True
IEEE Transactions on Computational Social Systems,https://openalex.org/S2490693980,IEEE Transactions on Computational Social Systems,False
Applied Food Research,https://openalex.org/S4210228229,Applied Food Research,True
Journal of Global Health,https://openalex.org/S2736978234,Journal of Global Health,True
ACS Applied Polymer Materials,https://openalex.org/S4210221646,ACS Applied Polymer Materials,False
Cancers,https://openalex.org/S168415115,Cancers,True
GPS SOLUTIONS,https://openalex.org/S173595373,GPS Solutions,False
BONE MARROW TRANSPLANTATION,https://openalex.org/S183182149,Bone Marrow Transplantation,False
Business Process Management Journal,https://openalex.org/S2508752,Business Process Management Journal,False
HUMAN-COMPUTER INTERACTION,https://openalex.org/S2481449237,Human-Computer Interaction,False
REACTIVE & FUNCTIONAL POLYMERS,https://openalex.org/S205957783,Reactive and Functional Polymers,False
Cancer Nanotechnology,https://openalex.org/S22207501,Cancer Nanotechnology,True
INTERNATIONAL JOURNAL OF MEDICAL MICROBIOLOGY,https://openalex.org/S41453107,International Journal of Medical Microbiology,True
PROGRESS IN CRYSTAL GROWTH AND CHARACTERIZATION OF MATERIALS,https://openalex.org/S118960844,Progress in Crystal Growth and Characterization of Materials,False
Open Biology,https://openalex.org/S80033963,Open Biology,True
EXPERT REVIEWS IN MOLECULAR MEDICINE,https://openalex.org/S207438450,Expert Reviews in Molecular Medicine,False
Current Opinion in HIV and AIDS,https://openalex.org/S106953758,Current Opinion in HIV and AIDS,False
ANNALS OF FAMILY MEDICINE,https://openalex.org/S105068684,The Annals of Family Medicine,True
Women and Birth,https://openalex.org/S162983661,Women and Birth,False
Earth System Governance,https://openalex.org/S4210220330,Earth System Governance,True
CLINICAL ORTHOPAEDICS AND RELATED RESEARCH,https://openalex.org/S191421250,Clinical Orthopaedics and Related Research,False
HUMAN COMMUNICATION RESEARCH,https://openalex.org/S195553305,Human Communication Research,False
JOURNAL OF BONE AND JOINT SURGERY-AMERICAN VOLUME,https://openalex.org/S128848949,Journal of Bone and Joint Surgery,False
Ophthalmology Retina,https://openalex.org/S2764728514,Ophthalmology Retina,False
Journal of Public Relations Research,https://openalex.org/S75775641,Journal of Public Relations Research,False
AMERICAN JOURNAL OF SOCIOLOGY,https://openalex.org/S122471516,American Journal of Sociology,False
ARTHROSCOPY-THE JOURNAL OF ARTHROSCOPIC AND RELATED SURGERY,https://openalex.org/S107905979,Arthroscopy The Journal of Arthroscopic and Related Surgery,False
MATHEMATICS AND COMPUTERS IN SIMULATION,https://openalex.org/S32114090,Mathematics and Computers in Simulation,False
AMERICAN JOURNAL OF GERIATRIC PSYCHIATRY,https://openalex.org/S182891740,American Journal of Geriatric Psychiatry,False
China Agricultural Economic Review,https://openalex.org/S171031257,China Agricultural Economic Review,False
WORK AND OCCUPATIONS,https://openalex.org/S51211322,Work and Occupations,False
Stroke and Vascular Neurology,https://openalex.org/S4210190156,Stroke and Vascular Neurology,True
BIOINFORMATICS,https://openalex.org/S52395412,Bioinformatics,True
APPLIED MATHEMATICAL MODELLING,https://openalex.org/S153281200,Applied Mathematical Modelling,False
ARCHIVES OF DISEASE IN CHILDHOOD,https://openalex.org/S207294652,Archives of Disease in Childhood,False
MINERALIUM DEPOSITA,https://openalex.org/S30657385,Mineralium Deposita,False
HUMAN DEVELOPMENT,https://openalex.org/S79397681,Human Development,False
Journal of Competitiveness,https://openalex.org/S4210186250,Journal of Competitiveness,True
EUROPEAN JOURNAL OF PHARMACEUTICS AND BIOPHARMACEUTICS,https://openalex.org/S122302516,European Journal of Pharmaceutics and Biopharmaceutics,False
INTERNATIONAL JOURNAL OF DRUG POLICY,https://openalex.org/S60503757,International Journal of Drug Policy,False
KOREAN JOURNAL OF RADIOLOGY,https://openalex.org/S75759149,Korean Journal of Radiology,False
ACCOUNTING REVIEW,https://openalex.org/S160506855,The Accounting Review,False
Annals of Clinical and Translational Neurology,https://openalex.org/S2764382054,Annals of Clinical and Translational Neurology,True
BMC BIOLOGY,https://openalex.org/S25903957,BMC Biology,True
Cryosphere,https://openalex.org/S169796457,The cryosphere,True
Journal of Advances in Modeling Earth Systems,https://openalex.org/S185824406,Journal of Advances in Modeling Earth Systems,True
JOURNAL OF NEUROSCIENCE,https://openalex.org/S5555990,Journal of Neuroscience,False
THEORETICAL AND APPLIED GENETICS,https://openalex.org/S96685181,Theoretical and Applied Genetics,False
ARTHRITIS RESEARCH & THERAPY,https://openalex.org/S149170128,Arthritis Research & Therapy,True
Engineering Failure Analysis,https://openalex.org/S152303250,Engineering Failure Analysis,False
INORGANIC CHEMISTRY COMMUNICATIONS,https://openalex.org/S166634186,Inorganic Chemistry Communications,False
BIOSYSTEMS ENGINEERING,https://openalex.org/S65230043,Biosystems Engineering,False
PHARMACOECONOMICS,https://openalex.org/S43019230,PharmacoEconomics,False
ECOLOGY,https://openalex.org/S35917800,Ecology,False
Computer Networks,https://openalex.org/S63392143,Computer Networks,False
Frontiers in Pharmacology,https://openalex.org/S4306510940,Frontiers in Pharmacology (Web),False
STRUCTURE,https://openalex.org/S7112016,Structure,False
Ad Hoc Networks,https://openalex.org/S4210177528,Ad Hoc Networks,False
DRUG METABOLISM AND DISPOSITION,https://openalex.org/S145039780,Drug Metabolism and Disposition,False
Results in Physics,https://openalex.org/S2764941219,Results in Physics,True
EJNMMI Radiopharmacy and Chemistry,https://openalex.org/S3035136591,EJNMMI Radiopharmacy and Chemistry,True
EUROPEAN JOURNAL OF MECHANICS A-SOLIDS,https://openalex.org/S197285952,European Journal of Mechanics - A/Solids,False
ENVIRONMENTAL TOXICOLOGY,https://openalex.org/S172436580,Environmental Toxicology,False
Probiotics and Antimicrobial Proteins,https://openalex.org/S163406742,Probiotics and Antimicrobial Proteins,False
REGIONAL STUDIES,https://openalex.org/S175672440,Regional Studies,False
Synthetic and Systems Biotechnology,https://openalex.org/S2898462621,Synthetic and Systems Biotechnology,True
Advanced Quantum Technologies,https://openalex.org/S4210190593,Advanced Quantum Technologies,False
Enterprise Information Systems,https://openalex.org/S24861202,Enterprise Information Systems,False
NPJ Microgravity,https://openalex.org/S4210211936,npj Microgravity,True
Science China-Technological Sciences,https://openalex.org/S162583102,Science China Technological Sciences,False
COMPUTERS & STRUCTURES,https://openalex.org/S111482492,Computers & Structures,False
GeoHealth,https://openalex.org/S4210174605,GeoHealth,True
Archives of Civil and Mechanical Engineering,https://openalex.org/S74158711,Archives of Civil and Mechanical Engineering,False
BIOGERONTOLOGY,https://openalex.org/S85312528,Biogerontology,False
Gut Pathogens,https://openalex.org/S116933238,Gut Pathogens,True
Preventing Chronic Disease,https://openalex.org/S2475403985,Preventing Chronic Disease,True
ANNALS OF OPERATIONS RESEARCH,https://openalex.org/S57667410,Annals of Operations Research,False
EUROPEAN JOURNAL OF CLINICAL INVESTIGATION,https://openalex.org/S153084679,European Journal of Clinical Investigation,False
PRESLIA,https://openalex.org/S63092396,Preslia,True
Drones,https://openalex.org/S4210193350,Drones,True
Wiley Interdisciplinary Reviews-Computational Statistics,https://openalex.org/S206848516,Wiley Interdisciplinary Reviews Computational Statistics,False
ADVANCED SYNTHESIS & CATALYSIS,https://openalex.org/S36069537,Advanced Synthesis & Catalysis,False
High Voltage,https://openalex.org/S4210222834,High Voltage,True
Nutrition Journal,https://openalex.org/S134899435,Nutrition Journal,True
Weather and Climate Dynamics,https://openalex.org/S4210178013,Weather and Climate Dynamics,True
Geo-Spatial Information Science,https://openalex.org/S36798160,Geo-spatial Information Science,True
TRANSPORTATION SCIENCE,https://openalex.org/S130252234,Transportation Science,False
American Journal of Preventive Cardiology,https://openalex.org/S4210223033,American Journal of Preventive Cardiology,True
Journal of Hospitality & Tourism Research,https://openalex.org/S42678134,Journal of Hospitality & Tourism Research,False
ACS Applied Electronic Materials,https://openalex.org/S4210217399,ACS Applied Electronic Materials,False
FASEB JOURNAL,https://openalex.org/S25293849,The FASEB Journal,False
Journal of Environmental Planning and Management,https://openalex.org/S92470662,Journal of Environmental Planning and Management,False
NEUROCHEMISTRY INTERNATIONAL,https://openalex.org/S53315755,Neurochemistry International,False
VIRTUAL REALITY,https://openalex.org/S2495878607,Virtual Reality,False
INTERMETALLICS,https://openalex.org/S38855548,Intermetallics,False
JOURNAL OF PHYSICAL AND CHEMICAL REFERENCE DATA,https://openalex.org/S57461170,Journal of Physical and Chemical Reference Data,False
Endoscopic Ultrasound,https://openalex.org/S2764482045,Endoscopic Ultrasound,False
PATHOLOGICA,https://openalex.org/S19103007,Pathologica,True
PLANT DISEASE,https://openalex.org/S135458494,Plant Disease,False
GLOBAL CHALLENGES,https://openalex.org/S4210214099,Global Challenges,True
Intelligent Medicine,https://openalex.org/S4210178142,Intelligent Medicine,True
PROCEEDINGS OF THE JAPAN ACADEMY SERIES B-PHYSICAL AND BIOLOGICAL SCIENCES,https://openalex.org/S4210197794,Proceedings of the Japan Academy Series B,True
Journal of Computers in Education,https://openalex.org/S4210189435,Journal of Computers in Education,False
Human Behavior and Emerging Technologies,https://openalex.org/S4210211861,Human Behavior and Emerging Technologies,True
JOURNAL OF PEST SCIENCE,https://openalex.org/S34015784,Journal of Pest Science,False
WILDLIFE MONOGRAPHS,https://openalex.org/S124985173,Wildlife Monographs,False
JOURNAL OF PROSTHETIC DENTISTRY,https://openalex.org/S136026792,Journal of Prosthetic Dentistry,False
JOURNAL OF DEMOCRACY,https://openalex.org/S151119180,Journal of democracy,False
Diabetes & Metabolic Syndrome-Clinical Research & Reviews,https://openalex.org/S125677163,Diabetes & Metabolic Syndrome Clinical Research & Reviews,False
SPECTROCHIMICA ACTA PART A-MOLECULAR AND BIOMOLECULAR SPECTROSCOPY,https://openalex.org/S96873385,Spectrochimica Acta Part A Molecular and Biomolecular Spectroscopy,False
POLICY AND POLITICS,https://openalex.org/S17167983,Policy & Politics,False
Journal of Behavioral and Experimental Finance,https://openalex.org/S2764372386,Journal of Behavioral and Experimental Finance,False
PUBLIC ADMINISTRATION,https://openalex.org/S201221823,Public Administration,False
Mathematical Programming Computation,https://openalex.org/S173077093,Mathematical Programming Computation,False
Comparative Migration Studies,https://openalex.org/S2738228134,Comparative Migration Studies,True
COMPREHENSIVE PSYCHIATRY,https://openalex.org/S110368005,Comprehensive Psychiatry,True
INORGANIC CHEMISTRY,https://openalex.org/S171072222,Inorganic Chemistry,False
JOURNAL OF URBAN HEALTH-BULLETIN OF THE NEW YORK ACADEMY OF MEDICINE,https://openalex.org/S52340619,Journal of Urban Health,False
Social Psychological and Personality Science,https://openalex.org/S138235560,Social Psychological and Personality Science,False
EFORT Open Reviews,https://openalex.org/S4210207058,EFORT Open Reviews,True
INTERNATIONAL JOURNAL OF GEOGRAPHICAL INFORMATION SCIENCE,https://openalex.org/S111872859,International Journal of Geographical Information Science,False
AMERICAN JOURNAL OF NEPHROLOGY,https://openalex.org/S106979888,American Journal of Nephrology,False
AMERICAN JOURNAL OF PREVENTIVE MEDICINE,https://openalex.org/S195759676,American Journal of Preventive Medicine,False
COGNITIVE BEHAVIOUR THERAPY,https://openalex.org/S94622921,Cognitive Behaviour Therapy,False
JOURNALS OF GERONTOLOGY SERIES A-BIOLOGICAL SCIENCES AND MEDICAL SCIENCES,https://openalex.org/S969433497,The Journals of Gerontology Series A,False
EUROPEAN JOURNAL OF PHARMACEUTICAL SCIENCES,https://openalex.org/S119477091,European Journal of Pharmaceutical Sciences,True
PHYSICS LETTERS B,https://openalex.org/S173952182,Physics Letters B,True
IEEE JOURNAL OF SELECTED TOPICS IN QUANTUM ELECTRONICS,https://openalex.org/S192705446,IEEE Journal of Selected Topics in Quantum Electronics,False
APPLIED OCEAN RESEARCH,https://openalex.org/S19503097,Applied Ocean Research,False
BMC PLANT BIOLOGY,https://openalex.org/S6444338,BMC Plant Biology,True
JOURNAL OF GENERAL INTERNAL MEDICINE,https://openalex.org/S116608325,Journal of General Internal Medicine,False
JOURNAL OF MONETARY ECONOMICS,https://openalex.org/S6711363,Journal of Monetary Economics,False
JOURNAL OF NON-EQUILIBRIUM THERMODYNAMICS,https://openalex.org/S201183278,Journal of Non-Equilibrium Thermodynamics,False
BIOLOGICAL RESEARCH,https://openalex.org/S186646444,Biological Research,True
Journal of Geographical Sciences,https://openalex.org/S49345018,Journal of Geographical Sciences,False
JOURNAL OF THE AMERICAN GERIATRICS SOCIETY,https://openalex.org/S204183829,Journal of the American Geriatrics Society,False
JOURNAL OF SOUND AND VIBRATION,https://openalex.org/S99182027,Journal of Sound and Vibration,False
Asia-Pacific Journal of Ophthalmology,https://openalex.org/S2764926402,Asia-Pacific journal of ophthalmology,False
INTERNATIONAL JOURNAL OF ENERGY RESEARCH,https://openalex.org/S32776067,International Journal of Energy Research,True
Neurobiology of Stress,https://openalex.org/S2898353726,Neurobiology of Stress,True
Preventive Medicine,https://openalex.org/S8081180,Preventive Medicine,False
IEEE Intelligent Transportation Systems Magazine,https://openalex.org/S131000621,IEEE Intelligent Transportation Systems Magazine,False
IEEE TRANSACTIONS ON CONSUMER ELECTRONICS,https://openalex.org/S126824455,IEEE Transactions on Consumer Electronics,False
Asia Pacific Journal of Tourism Research,https://openalex.org/S171614947,Asia Pacific Journal of Tourism Research,False
ECOLOGICAL APPLICATIONS,https://openalex.org/S166870025,Ecological Applications,False
Journal of Nutrition Health & Aging,https://openalex.org/S94854268,The journal of nutrition health & aging,False
Pharmaceuticals,https://openalex.org/S16322639,Pharmaceuticals,True
EARTHQUAKE ENGINEERING & STRUCTURAL DYNAMICS,https://openalex.org/S194562448,Earthquake Engineering & Structural Dynamics,False
Antibiotics-Basel,https://openalex.org/S2736332253,Antibiotics,True
PEDIATRIC ALLERGY AND IMMUNOLOGY,https://openalex.org/S191932905,Pediatric Allergy and Immunology,False
Cognitive Computation,https://openalex.org/S133078663,Cognitive Computation,False
Extreme Mechanics Letters,https://openalex.org/S2764369487,Extreme Mechanics Letters,False
MAMMAL REVIEW,https://openalex.org/S175935889,Mammal Review,False
PHILOSOPHICAL TRANSACTIONS OF THE ROYAL SOCIETY A-MATHEMATICAL PHYSICAL AND ENGINEERING SCIENCES,https://openalex.org/S99517592,Philosophical Transactions of the Royal Society A Mathematical Physical and Engineering Sciences,False
Microbial Cell Factories,https://openalex.org/S171368329,Microbial Cell Factories,True
IEEE SENSORS JOURNAL,https://openalex.org/S189694085,IEEE Sensors Journal,False
China CDC Weekly,https://openalex.org/S4210197603,China CDC Weekly,True
ARCHIV DER PHARMAZIE,https://openalex.org/S174911965,Archiv der Pharmazie,False
JOURNAL OF DRUG TARGETING,https://openalex.org/S100629371,Journal of drug targeting,False
Civil Engineering Journal-Tehran,https://openalex.org/S3021962178,Civil Engineering Journal,True
HYPERTENSION RESEARCH,https://openalex.org/S67902008,Hypertension Research,False
JOURNAL OF MACHINE LEARNING RESEARCH,https://openalex.org/S118988714,Journal of Machine Learning Research,False
ERJ Open Research,https://openalex.org/S2738738902,ERJ Open Research,True
HELICOBACTER,https://openalex.org/S45434965,Helicobacter,False
COMPUTER VISION AND IMAGE UNDERSTANDING,https://openalex.org/S185008460,Computer Vision and Image Understanding,False
INDOOR AIR,https://openalex.org/S12992298,Indoor Air,True
ROBOTICS AND AUTONOMOUS SYSTEMS,https://openalex.org/S133768115,Robotics and Autonomous Systems,False
Bioresources and Bioprocessing,https://openalex.org/S2736711265,Bioresources and Bioprocessing,True
Environmental Science-Processes & Impacts,https://openalex.org/S6640965,Environmental Science Processes & Impacts,False
Frontiers in Bioengineering and Biotechnology,https://openalex.org/S2595131146,Frontiers in Bioengineering and Biotechnology,True
Influenza and Other Respiratory Viruses,https://openalex.org/S93534766,Influenza and Other Respiratory Viruses,True
Cell Reports Methods,https://openalex.org/S4210214705,Cell Reports Methods,True
Regional Sustainability,https://openalex.org/S4210184424,Regional Sustainability,True
Journal of Civil Engineering and Management,https://openalex.org/S61418348,Journal of Civil Engineering and Management,True
WORLD JOURNAL OF GASTROENTEROLOGY,https://openalex.org/S181459644,World Journal of Gastroenterology,False
Water Reuse,https://openalex.org/S4387288869,Water Reuse,True
World Journal of Traditional Chinese Medicine,https://openalex.org/S4210237877,World Journal of Traditional Chinese Medicine,True
SEMINARS IN LIVER DISEASE,https://openalex.org/S176130430,Seminars in Liver Disease,False
ANIMAL HEALTH RESEARCH REVIEWS,https://openalex.org/S2111646,Animal Health Research Reviews,False
Journal of Teaching and Learning,https://openalex.org/S4210205440,Journal of Teaching and Learning,True
Transactions of the Association for Computational Linguistics,https://openalex.org/S2729999759,Transactions of the Association for Computational Linguistics,True
STANFORD LAW REVIEW,https://openalex.org/S161743634,Stanford Law Review,False
JOURNAL OF ARCHAEOLOGICAL RESEARCH,https://openalex.org/S101328740,Journal of Archaeological Research,False
STUDIES IN SECOND LANGUAGE ACQUISITION,https://openalex.org/S84027950,Studies in Second Language Acquisition,False
Assessing Writing,https://openalex.org/S146239864,Assessing Writing,False
BIOLOGY OF SPORT,https://openalex.org/S48088588,Biology of Sport,True
Journal of New Approaches in Educational Research,https://openalex.org/S2738710002,Journal of New Approaches in Educational Research,True
COMPARATIVE POLITICAL STUDIES,https://openalex.org/S105556297,Comparative Political Studies,False
Comprehensive Physiology,https://openalex.org/S18747983,Comprehensive physiology,False
International Journal of Computer-Supported Collaborative Learning,https://openalex.org/S64184962,International Journal of Computer-Supported Collaborative Learning,False
JOURNAL OF PERIODONTOLOGY,https://openalex.org/S58498366,Journal of Periodontology,False
AMERICAN JOURNAL OF SPORTS MEDICINE,https://openalex.org/S154904565,The American Journal of Sports Medicine,False
Information Communication & Society,https://openalex.org/S70010600,Information Communication & Society,False
PSYCHIATRY RESEARCH,https://openalex.org/S84074229,Psychiatry Research,False
Eye and Vision,https://openalex.org/S4210190797,Eye and Vision,True
Annual Review of Resource Economics,https://openalex.org/S76844451,Annual Review of Resource Economics,False
Review of Public Personnel Administration,https://openalex.org/S51277951,Review of Public Personnel Administration,False
EUROPEAN JOURNAL OF ANAESTHESIOLOGY,https://openalex.org/S108768312,European Journal of Anaesthesiology,False
JOURNAL OF CARDIOVASCULAR MAGNETIC RESONANCE,https://openalex.org/S144688638,Journal of Cardiovascular Magnetic Resonance,True
Pesticide Biochemistry and Physiology,https://openalex.org/S9324707,Pesticide Biochemistry and Physiology,False
BEHAVIOUR RESEARCH AND THERAPY,https://openalex.org/S186589312,Behaviour Research and Therapy,False
Journal of Integrative Medicine-JIM,https://openalex.org/S129942055,Journal of Integrative Medicine,False
Cyberpsychology Behavior and Social Networking,https://openalex.org/S118036144,Cyberpsychology Behavior and Social Networking,False
ECONOMIC MODELLING,https://openalex.org/S141184754,Economic Modelling,False
GEOTECHNIQUE,https://openalex.org/S170199316,Géotechnique,False
Journal of Nursing Regulation,https://openalex.org/S2764586361,Journal of Nursing Regulation,False
ENGINEERING ANALYSIS WITH BOUNDARY ELEMENTS,https://openalex.org/S5226199,Engineering Analysis with Boundary Elements,False
Korean Journal of Anesthesiology,https://openalex.org/S7962169,Korean journal of anesthesiology,True
People and Nature,https://openalex.org/S4210220774,People and Nature,True
AMERICAN JOURNAL OF AGRICULTURAL ECONOMICS,https://openalex.org/S91754907,American Journal of Agricultural Economics,False
AMERICAN JOURNAL OF PHYSIOLOGY-ENDOCRINOLOGY AND METABOLISM,https://openalex.org/S196637695,AJP Endocrinology and Metabolism,False
Journal of Addiction Medicine,https://openalex.org/S107832660,Journal of Addiction Medicine,False
European Journal of Pharmacology,https://openalex.org/S187816532,European Journal of Pharmacology,False
METHODS,https://openalex.org/S73539393,Methods,False
IEEE TRANSACTIONS ON INDUSTRY APPLICATIONS,https://openalex.org/S192268925,IEEE Transactions on Industry Applications,False
Obesity,https://openalex.org/S29918858,Obesity,False
JOURNAL OF CLINICAL CHILD AND ADOLESCENT PSYCHOLOGY,https://openalex.org/S108595589,Journal of Clinical Child & Adolescent Psychology,False
European Journal of Psychotraumatology,https://openalex.org/S2737785665,European journal of psychotraumatology,True
Journal of Current Issues and Research In Advertising,https://openalex.org/S4210232136,Journal of Current Issues & Research in Advertising,False
Reproductive Biology and Endocrinology,https://openalex.org/S140121985,Reproductive Biology and Endocrinology,True
COASTAL ENGINEERING,https://openalex.org/S71934726,Coastal Engineering,False
IMAGE AND VISION COMPUTING,https://openalex.org/S177430994,Image and Vision Computing,False
SOIL DYNAMICS AND EARTHQUAKE ENGINEERING,https://openalex.org/S99356198,Soil Dynamics and Earthquake Engineering,False
URBAN STUDIES,https://openalex.org/S50366009,Urban Studies,False
International Journal of Disaster Risk Reduction,https://openalex.org/S2764830010,International Journal of Disaster Risk Reduction,False
JOURNAL OF WIND ENGINEERING AND INDUSTRIAL AERODYNAMICS,https://openalex.org/S22685659,Journal of Wind Engineering and Industrial Aerodynamics,False
Journal of Fungi,https://openalex.org/S2737643958,Journal of Fungi,True
Epigenetics & Chromatin,https://openalex.org/S155115555,Epigenetics & Chromatin,True
Environmental Toxicology and Pharmacology,https://openalex.org/S108944336,Environmental Toxicology and Pharmacology,False
Experimental and Computational Multiphase Flow,https://openalex.org/S4210182905,Experimental and Computational Multiphase Flow,False
INTERNATIONAL JOURNAL OF OBESITY,https://openalex.org/S103428141,International Journal of Obesity,False
INTERNATIONAL JOURNAL OF ELECTRONIC COMMERCE,https://openalex.org/S18436875,International Journal of Electronic Commerce,False
PLANT SCIENCE,https://openalex.org/S167743172,Plant Science,False
Management Accounting Research,https://openalex.org/S114140714,Management Accounting Research,False
Big Earth Data,https://openalex.org/S4210215966,Big Earth Data,True
NATURAL HAZARDS AND EARTH SYSTEM SCIENCES,https://openalex.org/S70708404,Natural hazards and earth system sciences,True
ATMOSPHERIC ENVIRONMENT,https://openalex.org/S4210198353,Atmospheric Environment,False
JOURNAL OF INHERITED METABOLIC DISEASE,https://openalex.org/S186577254,Journal of Inherited Metabolic Disease,False
Remote Sensing,https://openalex.org/S43295729,Remote Sensing,True
BIOCHIMICA ET BIOPHYSICA ACTA-MOLECULAR BASIS OF DISEASE,https://openalex.org/S4210173099,Biochimica et Biophysica Acta (BBA) - Molecular Basis of Disease,False
PLANT BIOLOGY,https://openalex.org/S104414929,Plant Biology,False
OSTEOPOROSIS INTERNATIONAL,https://openalex.org/S170889201,Osteoporosis International,False
Technologies,https://openalex.org/S2738348041,Technologies,True
Ecosystem Health and Sustainability,https://openalex.org/S4210203890,Ecosystem health and sustainability,True
INDUSTRIAL MANAGEMENT & DATA SYSTEMS,https://openalex.org/S37320504,Industrial Management & Data Systems,False
INTERNATIONAL JOURNAL OF REFRACTORY METALS & HARD MATERIALS,https://openalex.org/S179369505,International Journal of Refractory Metals and Hard Materials,False
ASTROPARTICLE PHYSICS,https://openalex.org/S202958571,Astroparticle Physics,False
Cardiac Failure Review,https://openalex.org/S4210170523,Cardiac failure review,True
COMPUTERS & GEOSCIENCES,https://openalex.org/S61699894,Computers & Geosciences,False
Talanta Open,https://openalex.org/S4210239167,Talanta Open,True
Journal of Clinical and Translational Endocrinology,https://openalex.org/S2764518032,Journal of Clinical & Translational Endocrinology,True
Expert Review of Anti-Infective Therapy,https://openalex.org/S185628608,Expert Review of Anti-infective Therapy,False
World Journal of Diabetes,https://openalex.org/S9864596,World Journal of Diabetes,True
Current Osteoporosis Reports,https://openalex.org/S16145879,Current Osteoporosis Reports,False
CRITICAL REVIEWS IN ANALYTICAL CHEMISTRY,https://openalex.org/S93754354,Critical Reviews in Analytical Chemistry,False
Tourism Geographies,https://openalex.org/S116072112,Tourism Geographies,False
SOCIOLOGICAL THEORY,https://openalex.org/S60621485,Sociological Theory,False
Policy and Internet,https://openalex.org/S2170549,Policy & Internet,False
NURSING OUTLOOK,https://openalex.org/S163228481,Nursing Outlook,False
AMERICAN JOURNAL OF OPHTHALMOLOGY,https://openalex.org/S50016660,American Journal of Ophthalmology,False
International Journal of Press-Politics,https://openalex.org/S161861253,The International Journal of Press/Politics,False
Assessment & Evaluation in Higher Education,https://openalex.org/S142259175,Assessment & Evaluation in Higher Education,False
POLICY STUDIES JOURNAL,https://openalex.org/S119514724,Policy Studies Journal,False
MEDICINE & SCIENCE IN SPORTS & EXERCISE,https://openalex.org/S14544163,Medicine & Science in Sports & Exercise,False
Contact Lens & Anterior Eye,https://openalex.org/S137552098,Contact Lens and Anterior Eye,False
FISH & SHELLFISH IMMUNOLOGY,https://openalex.org/S185787987,Fish & Shellfish Immunology,False
MYCOSES,https://openalex.org/S80731565,Mycoses,False
Quantitative Science Studies,https://openalex.org/S4210195326,Quantitative Science Studies,True
JOURNAL OF MICROPALAEONTOLOGY,https://openalex.org/S90051289,Journal of Micropalaeontology,True
Review of Economics of the Household,https://openalex.org/S120253869,Review of Economics of the Household,False
AQUATIC TOXICOLOGY,https://openalex.org/S183233548,Aquatic Toxicology,False
Pediatric Critical Care Medicine,https://openalex.org/S180821644,Pediatric Critical Care Medicine,False
PUBLIC RELATIONS REVIEW,https://openalex.org/S193575162,Public Relations Review,False
Avicenna,https://openalex.org/S4210214206,Avicenna,False
IEEE-ACM Transactions on Audio Speech and Language Processing,https://openalex.org/S4210169297,IEEE/ACM Transactions on Audio Speech and Language Processing,False
Journal of Evidence-Based Dental Practice,https://openalex.org/S199347942,Journal of Evidence Based Dental Practice,False
Sports Medicine-Open,https://openalex.org/S2736513330,Sports Medicine - Open,True
NDT & E INTERNATIONAL,https://openalex.org/S4210233251,NDT & E International,False
PHYSICS OF FLUIDS,https://openalex.org/S22862804,Physics of Fluids,False
AMERICAN JOURNAL OF PHYSIOLOGY-HEART AND CIRCULATORY PHYSIOLOGY,https://openalex.org/S87338489,AJP Heart and Circulatory Physiology,False
ANTIMICROBIAL AGENTS AND CHEMOTHERAPY,https://openalex.org/S47215897,Antimicrobial Agents and Chemotherapy,False
International Journal of Critical Infrastructure Protection,https://openalex.org/S133117437,International Journal of Critical Infrastructure Protection,False
Brain Communications,https://openalex.org/S4210235363,Brain Communications,True
JOURNAL OF LIGHTWAVE TECHNOLOGY,https://openalex.org/S2307745,Journal of Lightwave Technology,False
COMPUTER STANDARDS & INTERFACES,https://openalex.org/S119630662,Computer Standards & Interfaces,False
Computers and Education Open,https://openalex.org/S4210232537,Computers and Education Open,True
Insights into Imaging,https://openalex.org/S44632665,Insights into Imaging,True
POLITICS & SOCIETY,https://openalex.org/S49968029,Politics & Society,False
ICT Express,https://openalex.org/S2898368220,ICT Express,True
GENERAL HOSPITAL PSYCHIATRY,https://openalex.org/S45708651,General Hospital Psychiatry,False
International Journal for Parasitology-Drugs and Drug Resistance,https://openalex.org/S2502194167,International Journal for Parasitology Drugs and Drug Resistance,True
Journal of Neurodevelopmental Disorders,https://openalex.org/S206192428,Journal of Neurodevelopmental Disorders,True
Perspectives in Ecology and Conservation,https://openalex.org/S2898175082,Perspectives in Ecology and Conservation,True
Frontiers in Plant Science,https://openalex.org/S2493613807,Frontiers in Plant Science,True
One Health,https://openalex.org/S2898245483,One Health,True
Journal of Network and Systems Management,https://openalex.org/S67072002,Journal of Network and Systems Management,False
ACS Infectious Diseases,https://openalex.org/S2764646616,ACS Infectious Diseases,False
Journal of Marine Engineering and Technology,https://openalex.org/S4210212097,Journal of Marine Engineering & Technology,False
International Journal on Semantic Web and Information Systems,https://openalex.org/S181240966,International Journal on Semantic Web and Information Systems,True
International Journal of Tourism Research,https://openalex.org/S172501620,International Journal of Tourism Research,False
Journal of Exposure Science and Environmental Epidemiology,https://openalex.org/S87749278,Journal of Exposure Science & Environmental Epidemiology,False
SENSORS AND ACTUATORS A-PHYSICAL,https://openalex.org/S16945967,Sensors and Actuators A Physical,False
International Journal of Accounting Information Systems,https://openalex.org/S38901890,International Journal of Accounting Information Systems,False
JOURNAL OF PSYCHIATRY & NEUROSCIENCE,https://openalex.org/S141047287,Journal of Psychiatry and Neuroscience,True
Ocean Science,https://openalex.org/S152701455,Ocean science,True
DYES AND PIGMENTS,https://openalex.org/S137084839,Dyes and Pigments,False
HUMAN GENE THERAPY,https://openalex.org/S39730559,Human Gene Therapy,False
Current Addiction Reports,https://openalex.org/S2764348729,Current Addiction Reports,False
Journal of Cannabis Research,https://openalex.org/S4210239512,Journal of Cannabis Research,True
Botanical Studies,https://openalex.org/S94373075,Botanical studies,True
ANNALS OF THE NEW YORK ACADEMY OF SCIENCES,https://openalex.org/S8802318,Annals of the New York Academy of Sciences,False
EvoDevo,https://openalex.org/S128203929,EvoDevo,True
Journal of Earth Science,https://openalex.org/S107690564,Journal of Earth Science,False
Molecular Diagnosis & Therapy,https://openalex.org/S206038947,Molecular Diagnosis & Therapy,False
Pain and Therapy,https://openalex.org/S4210201874,Pain and Therapy,True
JOURNAL OF CONSTRUCTION ENGINEERING AND MANAGEMENT,https://openalex.org/S2764777209,Journal of Construction Engineering and Management,False
Journal of Electroanalytical Chemistry,https://openalex.org/S143604795,Journal of Electroanalytical Chemistry,False
COMPUTERS & OPERATIONS RESEARCH,https://openalex.org/S173256270,Computers & Operations Research,False
BMJ Health & Care Informatics,https://openalex.org/S4210217889,BMJ Health & Care Informatics,True
Neuroscience of Consciousness,https://openalex.org/S2735251646,Neuroscience of Consciousness,True
CURRENT OPINION IN NEUROLOGY,https://openalex.org/S177945262,Current Opinion in Neurology,False
SSM-Mental Health,https://openalex.org/S4210190706,SSM - Mental Health,True
REVIEWS IN INORGANIC CHEMISTRY,https://openalex.org/S993292003,Reviews in Inorganic Chemistry,False
Contemporary Security Policy,https://openalex.org/S41834288,Contemporary Security Policy,False
Language Teaching,https://openalex.org/S114504424,Language Teaching,False
JOURNAL OF EDUCATIONAL COMPUTING RESEARCH,https://openalex.org/S127795871,Journal of Educational Computing Research,False
ZOOLOGICAL RESEARCH,https://openalex.org/S118634233,动物学研究,True
Perspectives on Politics,https://openalex.org/S173657377,Perspectives on Politics,False
Learning Media and Technology,https://openalex.org/S144725990,Learning Media and Technology,False
TEACHING AND TEACHER EDUCATION,https://openalex.org/S94618750,Teaching and Teacher Education,False
Critical Studies in Education,https://openalex.org/S164701809,Critical Studies in Education,False
Dermatitis,https://openalex.org/S196442619,Dermatitis,False
Animal,https://openalex.org/S66388299,animal,True
APPLIED GEOGRAPHY,https://openalex.org/S115443327,Applied Geography,False
Annals of Laboratory Medicine,https://openalex.org/S4210169500,Annals of Laboratory Medicine,True
Campbell Systematic Reviews,https://openalex.org/S2739193000,Campbell Systematic Reviews,True
POLITICAL PSYCHOLOGY,https://openalex.org/S141683002,Political Psychology,False
JOURNAL OF SOCIAL ISSUES,https://openalex.org/S168863142,Journal of Social Issues,False
ECONOMY AND SOCIETY,https://openalex.org/S25250876,Economy and Society,False
TOBACCO CONTROL,https://openalex.org/S149729710,Tobacco Control,False
World Journal of Mens Health,https://openalex.org/S2764675658,The World Journal of Men s Health,True
Agricultural and Food Economics,https://openalex.org/S3034372847,Agricultural and Food Economics,True
Harm Reduction Journal,https://openalex.org/S150411170,Harm Reduction Journal,True
CURRENT OPINION IN PHARMACOLOGY,https://openalex.org/S13215328,Current Opinion in Pharmacology,False
Forest Policy and Economics,https://openalex.org/S95823145,Forest Policy and Economics,False
Geoscientific Model Development,https://openalex.org/S60406085,Geoscientific model development,True
Global Health Research and Policy,https://openalex.org/S3012771251,Global Health Research and Policy,True
INTERNATIONAL JOURNAL OF NUMERICAL METHODS FOR HEAT & FLUID FLOW,https://openalex.org/S116405997,International Journal of Numerical Methods for Heat &amp Fluid Flow,False
Journal of Optical Communications and Networking,https://openalex.org/S180088163,Journal of Optical Communications and Networking,False
PLoS Genetics,https://openalex.org/S103870658,PLoS Genetics,True
NEUROPATHOLOGY AND APPLIED NEUROBIOLOGY,https://openalex.org/S148217029,Neuropathology and Applied Neurobiology,False
Biological Psychiatry: Global Open Science,https://openalex.org/S4210179861,Biological Psychiatry Global Open Science,True
ORAL ONCOLOGY,https://openalex.org/S102916872,Oral Oncology,False
ACM Transactions on Knowledge Discovery from Data,https://openalex.org/S41523882,ACM Transactions on Knowledge Discovery from Data,False
ADVANCES IN ENGINEERING SOFTWARE,https://openalex.org/S16540516,Advances in Engineering Software,False
Journal of the Knowledge Economy,https://openalex.org/S60370010,Journal of the Knowledge Economy,False
"Alzheimer's & Dementia: Diagnosis, Assessment & Disease Monitoring",https://openalex.org/S2898482455,Alzheimer s & Dementia Diagnosis Assessment & Disease Monitoring,True
International Journal of Neonatal Screening,https://openalex.org/S2737512014,International Journal of Neonatal Screening,True
MARINE STRUCTURES,https://openalex.org/S97691390,Marine Structures,False
ADVANCES IN WATER RESOURCES,https://openalex.org/S145524021,Advances in Water Resources,False
Annals of Tourism Research Empirical Insights,https://openalex.org/S4210171974,Annals of Tourism Research Empirical Insights,True
GROUP PROCESSES & INTERGROUP RELATIONS,https://openalex.org/S81071032,Group Processes & Intergroup Relations,False
JOURNAL OF PAIN,https://openalex.org/S194302669,Journal of Pain,False
Economic Change and Restructuring,https://openalex.org/S4210193400,Economic Change and Restructuring,False
Journal of the American College of Radiology,https://openalex.org/S8481965,Journal of the American College of Radiology,False
LANDSCAPE ECOLOGY,https://openalex.org/S104292366,Landscape Ecology,False
Neurology and Therapy,https://openalex.org/S2736361170,Neurology and Therapy,True
BioData Mining,https://openalex.org/S84409260,BioData Mining,True
IEEE Geoscience and Remote Sensing Letters,https://openalex.org/S126920919,IEEE Geoscience and Remote Sensing Letters,False
GROUP & ORGANIZATION MANAGEMENT,https://openalex.org/S192266589,Group & Organization Management,False
Chinese Journal of Natural Medicines,https://openalex.org/S114839437,Chinese Journal of Natural Medicines,False
GLOBAL AND PLANETARY CHANGE,https://openalex.org/S63048404,Global and Planetary Change,False
JOURNAL OF CONSUMER PSYCHOLOGY,https://openalex.org/S163545350,Journal of Consumer Psychology,False
IEEE Systems Journal,https://openalex.org/S95999327,IEEE Systems Journal,False
NAR Genomics and Bioinformatics,https://openalex.org/S4210241000,NAR Genomics and Bioinformatics,True
Microbial Genomics,https://openalex.org/S4210186362,Microbial Genomics,True
Human Resource Development Quarterly,https://openalex.org/S191693275,Human Resource Development Quarterly,False
DRUG SAFETY,https://openalex.org/S49488433,Drug Safety,False
JOURNAL OF PLANT PHYSIOLOGY,https://openalex.org/S148694123,Journal of Plant Physiology,False
COMPUTERS & ELECTRICAL ENGINEERING,https://openalex.org/S121340289,Computers & Electrical Engineering,False
Disease Models & Mechanisms,https://openalex.org/S45087425,Disease Models & Mechanisms,True
European Heart Journal-Acute Cardiovascular Care,https://openalex.org/S2764501950,European Heart Journal Acute Cardiovascular Care,False
Environmental Health and Preventive Medicine,https://openalex.org/S110451752,Environmental Health and Preventive Medicine,True
Eurasian Business Review,https://openalex.org/S2764805720,Eurasian Economic Review,False
International Journal of Health Policy and Management,https://openalex.org/S2765002792,International Journal of Health Policy and Management,True
European Journal of Work and Organizational Psychology,https://openalex.org/S187270080,European Journal of Work and Organizational Psychology,False
IEEE Transactions on Control of Network Systems,https://openalex.org/S2502544478,IEEE Transactions on Control of Network Systems,False
JOURNAL OF PLANNING LITERATURE,https://openalex.org/S92068807,Journal of Planning Literature,False
Space: Science & Technology,https://openalex.org/S4210198803,Space Science & Technology,True
Breast Cancer,https://openalex.org/S37889505,Breast Cancer,False
DIGESTIVE AND LIVER DISEASE,https://openalex.org/S69273698,Digestive and Liver Disease,False
STEM CELLS,https://openalex.org/S65139510,Stem Cells,False
Petroleum,https://openalex.org/S2898593550,Petroleum,True
AUSTRALIAN AND NEW ZEALAND JOURNAL OF PSYCHIATRY,https://openalex.org/S179943861,Australian & New Zealand Journal of Psychiatry,False
BIOCONJUGATE CHEMISTRY,https://openalex.org/S155115410,Bioconjugate Chemistry,False
European Heart Journal - Digital Health,https://openalex.org/S4210220198,European Heart Journal - Digital Health,True
JOURNAL OF THE PERIPHERAL NERVOUS SYSTEM,https://openalex.org/S91695523,Journal of the Peripheral Nervous System,False
STEEL AND COMPOSITE STRUCTURES,https://openalex.org/S85672143,Steel and Composite Structures,False
PLANT AND CELL PHYSIOLOGY,https://openalex.org/S110997964,Plant and Cell Physiology,False
INTERNATIONAL JOURNAL OF DAMAGE MECHANICS,https://openalex.org/S119010594,International Journal of Damage Mechanics,False
Journal of Constructional Steel Research,https://openalex.org/S154695693,Journal of Constructional Steel Research,False
Borderline Personality Disorder and Emotion Dysregulation,https://openalex.org/S4210220560,Borderline Personality Disorder and Emotion Dysregulation,True
Cybersecurity,https://openalex.org/S3035238565,Cybersecurity,True
Neural Development,https://openalex.org/S99482838,Neural Development,True
Translational Lung Cancer Research,https://openalex.org/S2764539079,Translational Lung Cancer Research,True
Infectious Diseases,https://openalex.org/S2764422385,Infectious Diseases,False
BIOCHIMICA ET BIOPHYSICA ACTA-MOLECULAR AND CELL BIOLOGY OF LIPIDS,https://openalex.org/S4210172276,Biochimica et Biophysica Acta (BBA) - Molecular and Cell Biology of Lipids,False
WIND ENERGY,https://openalex.org/S79495670,Wind Energy,True
Geoscience Letters,https://openalex.org/S2736757063,Geoscience Letters,True
Foundations and Trends in Programming Languages,https://openalex.org/S4210233022,Foundations and Trends® in Programming Languages,True
RSF-The Russell Sage Journal of the Social Sciences,https://openalex.org/S2738933148,RSF The Russell Sage Foundation Journal of the Social Sciences,True
CONTEMPORARY EDUCATIONAL PSYCHOLOGY,https://openalex.org/S64506217,Contemporary Educational Psychology,False
INTERNATIONAL AFFAIRS,https://openalex.org/S79519963,International Affairs,False
International Journal of Qualitative Methods,https://openalex.org/S4210182004,International Journal of Qualitative Methods,True
STATISTICAL SCIENCE,https://openalex.org/S12967704,Statistical Science,False
Metacognition and Learning,https://openalex.org/S13069421,Metacognition and Learning,False
GENDER WORK AND ORGANIZATION,https://openalex.org/S172342871,Gender Work and Organization,False
Archives of Disease in Childhood-Fetal and Neonatal Edition,https://openalex.org/S35570472,Archives of Disease in Childhood Fetal & Neonatal,False
READING RESEARCH QUARTERLY,https://openalex.org/S102860129,Reading Research Quarterly,False
Global Environmental Politics,https://openalex.org/S74180279,Global Environmental Politics,False
JOURNAL OF PEDIATRICS,https://openalex.org/S3774022,The Journal of Pediatrics,False
Annals of Physical and Rehabilitation Medicine,https://openalex.org/S47506589,Annals of Physical and Rehabilitation Medicine,False
Journal of Responsible Innovation,https://openalex.org/S2764399430,Journal of Responsible Innovation,True
BEST PRACTICE & RESEARCH CLINICAL OBSTETRICS & GYNAECOLOGY,https://openalex.org/S4394736659,Best Practice & Research Clinical Obstetrics & Gynaecology,False
CLADISTICS,https://openalex.org/S90511721,Cladistics,False
JOURNAL OF LABOR ECONOMICS,https://openalex.org/S8557221,Journal of Labor Economics,False
NEUROSURGERY,https://openalex.org/S111727011,Neurosurgery,False
JOURNAL OF COMMUNITY HEALTH,https://openalex.org/S173554290,Journal of Community Health,False
AQUACULTURE,https://openalex.org/S104261359,Aquaculture,False
Journal of Urban Management,https://openalex.org/S2898527796,Journal of Urban Management,True
CHILD DEVELOPMENT,https://openalex.org/S109723506,Child Development,False
ACM Transactions on Internet Technology,https://openalex.org/S97833917,ACM Transactions on Internet Technology,False
Human Resources for Health,https://openalex.org/S75242794,Human Resources for Health,True
JOURNAL OF VASCULAR SURGERY,https://openalex.org/S104135014,Journal of Vascular Surgery,False
JOURNAL OF ENGINEERING EDUCATION,https://openalex.org/S73400788,Journal of Engineering Education,False
SCIENTIA HORTICULTURAE,https://openalex.org/S193620188,Scientia Horticulturae,False
GEOLOGICAL SOCIETY OF AMERICA BULLETIN,https://openalex.org/S3271665,Geological Society of America Bulletin,False
JOURNAL OF SAFETY RESEARCH,https://openalex.org/S84525459,Journal of Safety Research,False
PHARMACEUTICAL BIOLOGY,https://openalex.org/S130009153,Pharmaceutical Biology,True
COMPARATIVE BIOCHEMISTRY AND PHYSIOLOGY C-TOXICOLOGY & PHARMACOLOGY,https://openalex.org/S76695604,Comparative Biochemistry and Physiology Part C Toxicology & Pharmacology,False
Social Cognitive and Affective Neuroscience,https://openalex.org/S107213193,Social Cognitive and Affective Neuroscience,True
EUROPEAN PSYCHOLOGIST,https://openalex.org/S96839988,European Psychologist,False
JOURNAL OF GEOPHYSICAL RESEARCH-PLANETS,https://openalex.org/S4210222121,Journal of Geophysical Research Planets,False
MATURITAS,https://openalex.org/S127492747,Maturitas,False
Clinical Kidney Journal,https://openalex.org/S117236744,Clinical Kidney Journal,True
Journal of Comparative Policy Analysis,https://openalex.org/S77082647,Journal of Comparative Policy Analysis Research and Practice,False
JOURNAL OF PLANT GROWTH REGULATION,https://openalex.org/S129665955,Journal of Plant Growth Regulation,False
OCCUPATIONAL AND ENVIRONMENTAL MEDICINE,https://openalex.org/S159252376,Occupational and Environmental Medicine,False
Journal of Hospital Infection,https://openalex.org/S87161179,Journal of Hospital Infection,False
PEDIATRIC DIABETES,https://openalex.org/S118758356,Pediatric Diabetes,True
Biogeosciences,https://openalex.org/S13442111,Biogeosciences,True
SCHOOL PSYCHOLOGY REVIEW,https://openalex.org/S117031645,School Psychology Review,False
BMC Medical Research Methodology,https://openalex.org/S185874209,BMC Medical Research Methodology,True
BMJ Open Sport & Exercise Medicine,https://openalex.org/S2764939095,BMJ Open Sport & Exercise Medicine,True
LGBT Health,https://openalex.org/S2764447103,LGBT Health,False
Journal of the European Economic Association,https://openalex.org/S165087003,Journal of the European Economic Association,False
Organizational Psychology Review,https://openalex.org/S2764940387,Organizational Psychology Review,False
PLANT AND SOIL,https://openalex.org/S11781297,Plant and Soil,False
Interdisciplinary Sciences-Computational Life Sciences,https://openalex.org/S188962457,Interdisciplinary Sciences Computational Life Sciences,False
School Psychology,https://openalex.org/S4210194519,School Psychology,False
DRUG AND ALCOHOL DEPENDENCE,https://openalex.org/S109998069,Drug and Alcohol Dependence,False
JOURNAL OF PHOTOCHEMISTRY AND PHOTOBIOLOGY B-BIOLOGY,https://openalex.org/S148303206,Journal of Photochemistry and Photobiology B Biology,False
JOURNAL OF ANTIMICROBIAL CHEMOTHERAPY,https://openalex.org/S124275759,Journal of Antimicrobial Chemotherapy,False
JOURNAL OF GEOPHYSICAL RESEARCH-SOLID EARTH,https://openalex.org/S4210228715,Journal of Geophysical Research Solid Earth,False
WORLDS POULTRY SCIENCE JOURNAL,https://openalex.org/S160392558,World s Poultry Science Journal,False
AMERICAN JOURNAL OF PHYSIOLOGY-GASTROINTESTINAL AND LIVER PHYSIOLOGY,https://openalex.org/S34136372,AJP Gastrointestinal and Liver Physiology,False
FOOD AND CHEMICAL TOXICOLOGY,https://openalex.org/S84231135,Food and Chemical Toxicology,False
HISTOPATHOLOGY,https://openalex.org/S14376486,Histopathology,False
EUROPEAN EATING DISORDERS REVIEW,https://openalex.org/S125585695,European Eating Disorders Review,False
PUBLIC HEALTH,https://openalex.org/S11097115,Public Health,False
JOURNAL OF GEOTECHNICAL AND GEOENVIRONMENTAL ENGINEERING,https://openalex.org/S178493899,Journal of Geotechnical and Geoenvironmental Engineering,False
STOCHASTIC ENVIRONMENTAL RESEARCH AND RISK ASSESSMENT,https://openalex.org/S81024170,Stochastic Environmental Research and Risk Assessment,False
Geomechanics and Geophysics for Geo-Energy and Geo-Resources,https://openalex.org/S4210236237,Geomechanics and Geophysics for Geo-Energy and Geo-Resources,True
Asia Pacific Journal of Human Resources,https://openalex.org/S206927904,Asia Pacific Journal of Human Resources,False
BJPsych Open,https://openalex.org/S2764831659,BJPsych Open,True
Remote Sensing in Ecology and Conservation,https://openalex.org/S2737234030,Remote Sensing in Ecology and Conservation,True
EXPERT REVIEW OF MOLECULAR DIAGNOSTICS,https://openalex.org/S124386304,Expert Review of Molecular Diagnostics,False
IEEE Transactions on Terahertz Science and Technology,https://openalex.org/S202289667,IEEE Transactions on Terahertz Science and Technology,False
WATER RESOURCES MANAGEMENT,https://openalex.org/S17551360,Water Resources Management,False
HEPATOLOGY RESEARCH,https://openalex.org/S110399111,Hepatology Research,False
JOURNAL OF GEODESY,https://openalex.org/S4210204015,Journal of Geodesy,False
PLANT MOLECULAR BIOLOGY,https://openalex.org/S189846775,Plant Molecular Biology,False
Brodogradnja,https://openalex.org/S125438157,Brodogradnja,True
DNA RESEARCH,https://openalex.org/S143387647,DNA Research,True
Journal of Migration and Health,https://openalex.org/S4210207574,Journal of Migration and Health,True
JOURNAL OF NEUROTRAUMA,https://openalex.org/S85864898,Journal of Neurotrauma,False
FUNCTIONAL & INTEGRATIVE GENOMICS,https://openalex.org/S205083708,Functional & Integrative Genomics,False
JOURNAL OF AEROSOL SCIENCE,https://openalex.org/S150548798,Journal of Aerosol Science,False
Journal of Applied Accounting Research,https://openalex.org/S144250037,Journal of Applied Accounting Research,False
Structures,https://openalex.org/S2898442875,Structures,False
BIOGEOCHEMISTRY,https://openalex.org/S195102351,Biogeochemistry,False
Biomedicines,https://openalex.org/S2737005842,Biomedicines,True
CLINICAL AUTONOMIC RESEARCH,https://openalex.org/S134483451,Clinical Autonomic Research,False
Toxins,https://openalex.org/S128990672,Toxins,True
Toxics,https://openalex.org/S2738661068,Toxics,True
Pigment Cell & Melanoma Research,https://openalex.org/S179442820,Pigment Cell & Melanoma Research,False
MITOCHONDRION,https://openalex.org/S140584875,Mitochondrion,False
CURRENT HYPERTENSION REPORTS,https://openalex.org/S114179804,Current Hypertension Reports,False
ECOLOGICAL ENGINEERING,https://openalex.org/S134185576,Ecological Engineering,False
World Journal of Psychiatry,https://openalex.org/S2764369821,World Journal of Psychiatry,True
Therapeutic Advances in Gastroenterology,https://openalex.org/S23481971,Therapeutic Advances in Gastroenterology,True
CURRENT OPINION IN LIPIDOLOGY,https://openalex.org/S203964698,Current Opinion in Lipidology,False
Expert Opinion on Drug Metabolism & Toxicology,https://openalex.org/S102336391,Expert Opinion on Drug Metabolism & Toxicology,False
Journal of Numerical Mathematics,https://openalex.org/S60483245,Journal of Numerical Mathematics,False
JOURNAL OF WORLD PREHISTORY,https://openalex.org/S97630619,Journal of World Prehistory,False
Active Learning in Higher Education,https://openalex.org/S63896471,Active Learning in Higher Education,False
Policy Reviews in Higher Education,https://openalex.org/S4210187510,Policy Reviews in Higher Education,False
JOURNAL OF THE AMERICAN COLLEGE OF SURGEONS,https://openalex.org/S134316426,Journal of the American College of Surgeons,False
International Journal for Educational Integrity,https://openalex.org/S4210203117,International Journal for Educational Integrity,True
INTERNATIONAL NURSING REVIEW,https://openalex.org/S128894006,International Nursing Review,False
BRITISH JOURNAL OF OPHTHALMOLOGY,https://openalex.org/S79587146,British Journal of Ophthalmology,False
Journal of Mixed Methods Research,https://openalex.org/S3162283,Journal of Mixed Methods Research,False
Radiology-Cardiothoracic Imaging,https://openalex.org/S4210218555,Radiology Cardiothoracic Imaging,False
POULTRY SCIENCE,https://openalex.org/S133896805,Poultry Science,True
Revista de Psicodidactica,https://openalex.org/S965846755,Revista de Psicodidáctica,False
CLINICAL CHEMISTRY AND LABORATORY MEDICINE,https://openalex.org/S124948411,Clinical Chemistry and Laboratory Medicine (CCLM),False
Applied Psychology-Health and Well Being,https://openalex.org/S168123707,Applied Psychology Health and Well-Being,False
POLICY SCIENCES,https://openalex.org/S197895017,Policy Sciences,False
JOURNAL OF SCHOOL PSYCHOLOGY,https://openalex.org/S69627091,Journal of School Psychology,False
AMERICAN FAMILY PHYSICIAN,https://openalex.org/S154286738,American family physician,False
Forest Ecosystems,https://openalex.org/S2736342340,Forest Ecosystems,True
NEW POLITICAL ECONOMY,https://openalex.org/S146242404,New Political Economy,False
American Journal of Obstetrics & Gynecology MFM,https://openalex.org/S4210238021,American Journal of Obstetrics & Gynecology MFM,False
JOURNAL OF ADVANCED NURSING,https://openalex.org/S137832324,Journal of Advanced Nursing,False
PEST MANAGEMENT SCIENCE,https://openalex.org/S31777576,Pest Management Science,False
LEARNING AND INDIVIDUAL DIFFERENCES,https://openalex.org/S9267903,Learning and Individual Differences,False
PAKISTAN VETERINARY JOURNAL,https://openalex.org/S12629481,Pakistan Veterinary Journal,True
JOURNAL OF COUNSELING PSYCHOLOGY,https://openalex.org/S135831435,Journal of Counseling Psychology,False
ACADEMIC RADIOLOGY,https://openalex.org/S182038535,Academic Radiology,False
Journal of Epidemiology and Global Health,https://openalex.org/S2764371953,Journal of Epidemiology and Global Health,True
MEDICAL CLINICS OF NORTH AMERICA,https://openalex.org/S33396077,Medical Clinics of North America,False
AQUACULTURE ECONOMICS & MANAGEMENT,https://openalex.org/S90033409,Aquaculture Economics & Management,False
JOURNAL OF DERMATOLOGICAL SCIENCE,https://openalex.org/S186278352,Journal of Dermatological Science,False
LIMNOLOGY AND OCEANOGRAPHY,https://openalex.org/S207705515,Limnology and Oceanography,False
Translational Stroke Research,https://openalex.org/S59392935,Translational Stroke Research,False
ULTRASONICS,https://openalex.org/S168745376,Ultrasonics,False
SLEEP MEDICINE,https://openalex.org/S183718435,Sleep Medicine,False
DEVELOPMENTAL MEDICINE AND CHILD NEUROLOGY,https://openalex.org/S158041768,Developmental Medicine & Child Neurology,False
HEALTH & PLACE,https://openalex.org/S43487215,Health & Place,False
Journal of Ovarian Research,https://openalex.org/S15947008,Journal of Ovarian Research,True
Myrmecological News,https://openalex.org/S185036829,Myrmecological news/Myrmecologische Nachrichten,False
Clinical Research in Cardiology,https://openalex.org/S81098524,Clinical Research in Cardiology,False
NeoBiota,https://openalex.org/S4210215112,NeoBiota,True
Asian Journal of Psychiatry,https://openalex.org/S152361726,Asian Journal of Psychiatry,False
Neurospine,https://openalex.org/S4210204930,Neurospine,True
Bulletin of Earthquake Engineering,https://openalex.org/S144568777,Bulletin of Earthquake Engineering,False
JOURNAL OF COMPUTATIONAL PHYSICS,https://openalex.org/S148709879,Journal of Computational Physics,False
PROCEEDINGS OF THE ROYAL SOCIETY B-BIOLOGICAL SCIENCES,https://openalex.org/S3006207977,Proceedings of the Royal Society B Biological Sciences,False
JOURNAL OF INTERNATIONAL ECONOMICS,https://openalex.org/S198098467,Journal of International Economics,False
JOURNAL OF PROTEOME RESEARCH,https://openalex.org/S74367812,Journal of Proteome Research,False
ACS Synthetic Biology,https://openalex.org/S54167817,ACS Synthetic Biology,False
European Radiology Experimental,https://openalex.org/S3035668652,European Radiology Experimental,True
Sustainable Computing-Informatics & Systems,https://openalex.org/S2764953436,Sustainable Computing Informatics and Systems,False
IEEE JOURNAL OF OCEANIC ENGINEERING,https://openalex.org/S132957497,IEEE Journal of Oceanic Engineering,False
North American Journal of Economics and Finance,https://openalex.org/S155526628,The North American Journal of Economics and Finance,False
ECONOMIC JOURNAL,https://openalex.org/S45992627,The Economic Journal,False
AMERICAN JOURNAL OF INFECTION CONTROL,https://openalex.org/S154451576,American Journal of Infection Control,False
Evolution Letters,https://openalex.org/S4210186268,Evolution Letters,True
Scientific Reports,https://openalex.org/S196734849,Scientific Reports,True
JOURNAL OF SYSTEMS ARCHITECTURE,https://openalex.org/S127660348,Journal of Systems Architecture,False
PLoS Computational Biology,https://openalex.org/S86033158,PLoS Computational Biology,True
Journal of Applied Research on Medicinal and Aromatic Plants,https://openalex.org/S2764636153,Journal of Applied Research on Medicinal and Aromatic Plants,False
Journal of Intensive Care,https://openalex.org/S2764383928,Journal of Intensive Care,True
INFORMATION AND SOFTWARE TECHNOLOGY,https://openalex.org/S205010575,Information and Software Technology,False
OPTICAL MATERIALS,https://openalex.org/S199247034,Optical Materials,False
Climate of the Past,https://openalex.org/S202457705,Climate of the past,True
JMIR Serious Games,https://openalex.org/S4210175137,JMIR Serious Games,True
JOURNAL OF CHROMATOGRAPHY A,https://openalex.org/S176136234,Journal of Chromatography A,False
DM DISEASE-A-MONTH,https://openalex.org/S119300341,Disease-a-Month,False
WOUND REPAIR AND REGENERATION,https://openalex.org/S121715350,Wound Repair and Regeneration,False
AMERICAN JOURNAL OF PHARMACEUTICAL EDUCATION,https://openalex.org/S32993367,American Journal of Pharmaceutical Education,True
ANALYTICAL AND BIOANALYTICAL CHEMISTRY,https://openalex.org/S18188872,Analytical and Bioanalytical Chemistry,False
JOURNAL OF INORGANIC BIOCHEMISTRY,https://openalex.org/S155362585,Journal of Inorganic Biochemistry,False
Journal of Breath Research,https://openalex.org/S58954656,Journal of Breath Research,False
PROGRESS IN OCEANOGRAPHY,https://openalex.org/S9314624,Progress In Oceanography,False
BRITISH JOURNAL OF CLINICAL PSYCHOLOGY,https://openalex.org/S36339387,British Journal of Clinical Psychology,False
Current Heart Failure Reports,https://openalex.org/S87913050,Current Heart Failure Reports,False
COMMENTS ON INORGANIC CHEMISTRY,https://openalex.org/S105067899,Comments on Inorganic Chemistry,False
Journal of Sustainable Finance & Investment,https://openalex.org/S4210206470,Journal of Sustainable Finance & Investment,False
Visual Informatics,https://openalex.org/S2898150413,Visual Informatics,True
ARCHIVES OF BIOCHEMISTRY AND BIOPHYSICS,https://openalex.org/S153476765,Archives of Biochemistry and Biophysics,False
Geoenvironmental Disasters,https://openalex.org/S2737544291,Geoenvironmental Disasters,True
ACTA MECHANICA SINICA,https://openalex.org/S130004147,Acta Mechanica Sinica,False
Biochemia Medica,https://openalex.org/S185467459,Biochemia Medica,True
EXCLI Journal,https://openalex.org/S39273986,EXCLI journal,True
JOINT BONE SPINE,https://openalex.org/S8204489,Joint Bone Spine,False
Journal of Advanced Joining Processes,https://openalex.org/S4210200780,Journal of Advanced Joining Processes,True
JOURNAL OF VINYL & ADDITIVE TECHNOLOGY,https://openalex.org/S162486132,Journal of Vinyl and Additive Technology,False
COLD REGIONS SCIENCE AND TECHNOLOGY,https://openalex.org/S141892599,Cold Regions Science and Technology,False
Polish Archives of Internal Medicine-Polskie Archiwum Medycyny Wewnetrznej,https://openalex.org/S96742272,Polskie Archiwum Medycyny Wewnętrznej,True
One Health Outlook,https://openalex.org/S4210234911,One Health Outlook,True
Actas Dermo-Sifiliograficas,https://openalex.org/S2755888424,Actas Dermo-Sifiliográficas,True
INTERNATIONAL JOURNAL OF TUBERCULOSIS AND LUNG DISEASE,https://openalex.org/S124285728,The International Journal of Tuberculosis and Lung Disease,False
WATER AIR AND SOIL POLLUTION,https://openalex.org/S156652029,Water Air & Soil Pollution,False
Expert Review of Proteomics,https://openalex.org/S96346590,Expert Review of Proteomics,False
IET Nanobiotechnology,https://openalex.org/S97987397,IET Nanobiotechnology,True
Pulse,https://openalex.org/S4210205365,Pulse,True
COMPUTATIONAL LINGUISTICS,https://openalex.org/S155526855,Computational Linguistics,True
Distance Education,https://openalex.org/S104032499,Distance Education,False
Studies in Second Language Learning and Teaching,https://openalex.org/S2764526439,Studies in Second Language Learning and Teaching,True
STUDIES IN HIGHER EDUCATION,https://openalex.org/S162196882,Studies in Higher Education,False
INTERACTIVE LEARNING ENVIRONMENTS,https://openalex.org/S90466346,Interactive Learning Environments,False
VETERINARY RESEARCH,https://openalex.org/S134003780,Veterinary Research,True
Democratization,https://openalex.org/S110268115,Democratization,False
Clinical Implant Dentistry and Related Research,https://openalex.org/S203969195,Clinical Implant Dentistry and Related Research,False
Journal of Nursing Management,https://openalex.org/S172540258,Journal of Nursing Management,True
REVIEW OF INTERNATIONAL POLITICAL ECONOMY,https://openalex.org/S2875300,Review of International Political Economy,False
Nonlinear Analysis-Hybrid Systems,https://openalex.org/S49302835,Nonlinear Analysis Hybrid Systems,False
South European Society and Politics,https://openalex.org/S38590382,South European Society & Politics,False
NEUROREHABILITATION AND NEURAL REPAIR,https://openalex.org/S4873485,Neurorehabilitation and neural repair,False
Disability and Health Journal,https://openalex.org/S182504092,Disability and health journal,False
ARCHIVES OF PATHOLOGY & LABORATORY MEDICINE,https://openalex.org/S139062638,Archives of Pathology & Laboratory Medicine,True
JOURNAL OF YOUTH AND ADOLESCENCE,https://openalex.org/S126644992,Journal of Youth and Adolescence,False
ARTHRITIS CARE & RESEARCH,https://openalex.org/S13698240,Arthritis Care & Research,False
FOREST ECOLOGY AND MANAGEMENT,https://openalex.org/S195255895,Forest Ecology and Management,False
ANNALS OF THORACIC SURGERY,https://openalex.org/S144860794,The Annals of Thoracic Surgery,False
Journal of Commodity Markets,https://openalex.org/S2898531903,Journal of commodity markets,False
BIOLOGICAL CONTROL,https://openalex.org/S161676133,Biological Control,False
JOURNAL OF EPIDEMIOLOGY,https://openalex.org/S82044091,Journal of Epidemiology,True
Journal of Safety Science and Resilience,https://openalex.org/S4210227109,Journal of Safety Science and Resilience,True
ADDICTIVE BEHAVIORS,https://openalex.org/S186215666,Addictive Behaviors,False
BJU INTERNATIONAL,https://openalex.org/S191188855,BJU International,False
JOURNAL OF EXPERIMENTAL PSYCHOLOGY-GENERAL,https://openalex.org/S62013203,Journal of Experimental Psychology General,False
REPRODUCTIVE BIOMEDICINE ONLINE,https://openalex.org/S206719219,Reproductive BioMedicine Online,False
AMERICAN JOURNAL OF PHYSIOLOGY-RENAL PHYSIOLOGY,https://openalex.org/S200780590,AJP Renal Physiology,False
JOURNAL OF SUBSTANCE ABUSE TREATMENT,https://openalex.org/S82881359,Journal of Substance Abuse Treatment,False
AMERICAN JOURNAL OF PHYSIOLOGY-LUNG CELLULAR AND MOLECULAR PHYSIOLOGY,https://openalex.org/S47245711,AJP Lung Cellular and Molecular Physiology,False
JOURNAL OF BUSINESS AND PSYCHOLOGY,https://openalex.org/S61413993,Journal of Business and Psychology,False
JOURNAL OF DAIRY SCIENCE,https://openalex.org/S28349394,Journal of Dairy Science,True
Research in Social & Administrative Pharmacy,https://openalex.org/S50431791,Research in Social and Administrative Pharmacy,False
THROMBOSIS RESEARCH,https://openalex.org/S134546602,Thrombosis Research,False
IEEE INTERNET COMPUTING,https://openalex.org/S205899252,IEEE Internet Computing,False
JOURNAL OF FINANCIAL AND QUANTITATIVE ANALYSIS,https://openalex.org/S193228710,Journal of Financial and Quantitative Analysis,False
European Journal of Ageing,https://openalex.org/S75642130,European Journal of Ageing,False
PSYCHOLOGY AND AGING,https://openalex.org/S55618883,Psychology and Aging,False
AMERICAN HEART JOURNAL,https://openalex.org/S46995015,American Heart Journal,False
CHEMOMETRICS AND INTELLIGENT LABORATORY SYSTEMS,https://openalex.org/S69755223,Chemometrics and Intelligent Laboratory Systems,False
INTERNATIONAL JOURNAL FOR PARASITOLOGY,https://openalex.org/S163169856,International Journal for Parasitology,False
JOURNAL OF AGRONOMY AND CROP SCIENCE,https://openalex.org/S56137335,Journal of Agronomy and Crop Science,False
COMPUTATIONAL MECHANICS,https://openalex.org/S147854436,Computational Mechanics,False
JOURNAL OF PSYCHIATRIC RESEARCH,https://openalex.org/S160879026,Journal of Psychiatric Research,False
DEVELOPMENT,https://openalex.org/S86558740,Development,False
JOURNAL OF THE FRANKLIN INSTITUTE-ENGINEERING AND APPLIED MATHEMATICS,https://openalex.org/S183498172,Journal of the Franklin Institute,False
Dermatologic Therapy,https://openalex.org/S67424211,Dermatologic Therapy,True
Plants People Planet,https://openalex.org/S4210231449,Plants People Planet,True
INTERNATIONAL JOURNAL OF MEDICAL INFORMATICS,https://openalex.org/S53142634,International Journal of Medical Informatics,False
MARINE AND PETROLEUM GEOLOGY,https://openalex.org/S93565542,Marine and Petroleum Geology,False
International Journal of Digital Earth,https://openalex.org/S199162493,International Journal of Digital Earth,True
JOURNAL OF SYSTEMS AND SOFTWARE,https://openalex.org/S37879656,Journal of Systems and Software,False
CLINICAL NEUROPHYSIOLOGY,https://openalex.org/S38337076,Clinical Neurophysiology,False
ACM Transactions on Quantum Computing,https://openalex.org/S4210170170,ACM Transactions on Quantum Computing,False
Anaesthesia Critical Care & Pain Medicine,https://openalex.org/S2765057226,Anaesthesia Critical Care & Pain Medicine,False
BMJ Open Respiratory Research,https://openalex.org/S2736820664,BMJ Open Respiratory Research,True
EUROPEAN JOURNAL OF SOIL BIOLOGY,https://openalex.org/S126894729,European Journal of Soil Biology,False
Sport Management Review,https://openalex.org/S121058368,Sport Management Review,False
JOURNAL OF KING SAUD UNIVERSITY SCIENCE,https://openalex.org/S163784168,Journal of King Saud University - Science,True
DISPLAYS,https://openalex.org/S191329154,Displays,False
Addiction Science & Clinical Practice,https://openalex.org/S152134104,Addiction Science & Clinical Practice,True
Lupus Science & Medicine,https://openalex.org/S2764956401,Lupus Science & Medicine,True
Quantitative InfraRed Thermography Journal,https://openalex.org/S2764409548,Quantitative InfraRed Thermography Journal,False
REPRODUCTION,https://openalex.org/S28473761,Reproduction,False
JOURNAL OF THE NEUROLOGICAL SCIENCES,https://openalex.org/S169054600,Journal of the Neurological Sciences,False
Journal of the Royal Society Interface,https://openalex.org/S129150467,Journal of The Royal Society Interface,False
Big Data and Cognitive Computing,https://openalex.org/S4210238752,Big Data and Cognitive Computing,True
Smart Materials and Structures,https://openalex.org/S11146949,Smart Materials and Structures,False
JOURNAL OF PHYSIOLOGY AND BIOCHEMISTRY,https://openalex.org/S68195922,Journal of Physiology and Biochemistry,False
Bulletin of Engineering Geology and the Environment,https://openalex.org/S184406644,Bulletin of Engineering Geology and the Environment,False
China Economic Journal,https://openalex.org/S204649255,China Economic Journal,False
EUROPEAN JOURNAL OF PUBLIC HEALTH,https://openalex.org/S4210220588,European Journal of Public Health,True
Water Science and Engineering,https://openalex.org/S2764536960,Water Science and Engineering,True
Brain Behavior & Immunity-Health,https://openalex.org/S4210199197,Brain Behavior & Immunity - Health,True
CANCER EPIDEMIOLOGY BIOMARKERS & PREVENTION,https://openalex.org/S8391440,Cancer Epidemiology Biomarkers & Prevention,False
Journal of Geophysical Research-Biogeosciences,https://openalex.org/S4210238840,Journal of Geophysical Research Biogeosciences,False
CYTOTHERAPY,https://openalex.org/S36838616,Cytotherapy,False
Journal of Central South University,https://openalex.org/S2505686813,Journal of Central South University,False
CLINICAL AND EXPERIMENTAL DERMATOLOGY,https://openalex.org/S80252431,Clinical and Experimental Dermatology,False
JOURNAL OF STRUCTURAL ENGINEERING,https://openalex.org/S93312259,Journal of Structural Engineering,False
Romanian Journal of Information Science and Technology,https://openalex.org/S151779546,Romanian Journal of Information Science and Technology,False
Neuro-Oncology Advances,https://openalex.org/S4210237914,Neuro-Oncology Advances,True
Chemosensors,https://openalex.org/S4210174123,Chemosensors,True
Journal of Asthma and Allergy,https://openalex.org/S164068349,Journal of Asthma and Allergy,True
QUARTERLY REVIEW OF BIOLOGY,https://openalex.org/S182717252,The Quarterly Review of Biology,False
INTERNATIONAL REVIEW OF PSYCHIATRY,https://openalex.org/S136737876,International Review of Psychiatry,False
Kardiologia Polska,https://openalex.org/S164277434,Kardiologia Polska,True
BUILDING RESEARCH AND INFORMATION,https://openalex.org/S50885219,Building Research & Information,False
Educational Psychology,https://openalex.org/S43525819,Educational Psychology,False
APPLIED LINGUISTICS,https://openalex.org/S183798913,Applied Linguistics,False
Internet Policy Review,https://openalex.org/S4210177192,Internet Policy Review,True
HIGHER EDUCATION,https://openalex.org/S94908168,Higher Education,False
EUROPEAN JOURNAL OF POLITICAL RESEARCH,https://openalex.org/S135158421,European Journal of Political Research,False
JOURNAL OF RESEARCH IN SCIENCE TEACHING,https://openalex.org/S171036940,Journal of Research in Science Teaching,False
MATHEMATICAL MODELS & METHODS IN APPLIED SCIENCES,https://openalex.org/S24332595,Mathematical Models and Methods in Applied Sciences,False
JOURNAL OF INVERTEBRATE PATHOLOGY,https://openalex.org/S115815424,Journal of Invertebrate Pathology,False
RELC Journal,https://openalex.org/S59133484,RELC Journal,False
DEMOGRAPHY,https://openalex.org/S30543418,Demography,True
Asia-Pacific Education Researcher,https://openalex.org/S61231200,The Asia-Pacific Education Researcher,False
World Journal of Pediatrics,https://openalex.org/S108301449,World Journal of Pediatrics,False
NURSE EDUCATION TODAY,https://openalex.org/S62565178,Nurse Education Today,False
ARCHIVES OF PHYSICAL MEDICINE AND REHABILITATION,https://openalex.org/S110924429,Archives of Physical Medicine and Rehabilitation,False
IEEE-ACM Transactions on Computational Biology and Bioinformatics,https://openalex.org/S36029991,IEEE/ACM Transactions on Computational Biology and Bioinformatics,False
Fractal and Fractional,https://openalex.org/S4210227020,Fractal and Fractional,True
ANTIPODE,https://openalex.org/S47624153,Antipode,False
EUROPEAN JOURNAL OF PERSONALITY,https://openalex.org/S13823553,European Journal of Personality,False
Psychosocial Intervention,https://openalex.org/S2738075545,Psychosocial Intervention,True
Nuclear Science and Techniques,https://openalex.org/S18585137,Nuclear Science and Techniques,False
GENETICS SELECTION EVOLUTION,https://openalex.org/S184365670,Genetics Selection Evolution,True
International Journal of Mental Health Nursing,https://openalex.org/S175683280,International Journal of Mental Health Nursing,False
Crime and Justice-A Review of Research,https://openalex.org/S191292005,Crime and Justice,False
Journal of Organizational and End User Computing,https://openalex.org/S80285584,Journal of Organizational and End User Computing,True
Psychology of Sexual Orientation and Gender Diversity,https://openalex.org/S2764555862,Psychology of Sexual Orientation and Gender Diversity,False
Health Research Policy and Systems,https://openalex.org/S201446958,Health Research Policy and Systems,True
PATHOLOGY,https://openalex.org/S159118581,Pathology,False
HEALTH POLICY,https://openalex.org/S4210209709,Health Policy,False
Tropical Medicine and Health,https://openalex.org/S166421451,Tropical Medicine and Health,True
Neurobiology of Language,https://openalex.org/S4210207772,Neurobiology of Language,True
npj Science of Learning,https://openalex.org/S4210220735,npj Science of Learning,True
ACCOUNTING ORGANIZATIONS AND SOCIETY,https://openalex.org/S198892436,Accounting Organizations and Society,False
Chinese Physics C,https://openalex.org/S959143335,Chinese Physics C,False
Current Pediatrics Reports,https://openalex.org/S2764535896,Current Pediatrics Reports,False
Current Tropical Medicine Reports,https://openalex.org/S2765006397,Current Tropical Medicine Reports,False
Fire Ecology,https://openalex.org/S22619840,Fire Ecology,True
GROUP DECISION AND NEGOTIATION,https://openalex.org/S149709236,Group Decision and Negotiation,False
ANNALS OF BEHAVIORAL MEDICINE,https://openalex.org/S92688875,Annals of Behavioral Medicine,False
MOLECULAR HUMAN REPRODUCTION,https://openalex.org/S4210190516,Molecular Human Reproduction,False
Journal of Management Analytics,https://openalex.org/S4210210207,Journal of Management Analytics,False
JOURNAL OF BANKING & FINANCE,https://openalex.org/S2876017,Journal of Banking & Finance,False
JOURNAL OF FLUID MECHANICS,https://openalex.org/S152000018,Journal of Fluid Mechanics,False
Journal of Grid Computing,https://openalex.org/S140218187,Journal of Grid Computing,False
REVIEW OF GENERAL PSYCHOLOGY,https://openalex.org/S100167944,Review of General Psychology,False
Tourism Economics,https://openalex.org/S201197719,Tourism Economics,False
ANNALS OF BOTANY,https://openalex.org/S2254258,Annals of Botany,False
SSM-Population Health,https://openalex.org/S2764672113,SSM - Population Health,True
CHEMICAL GEOLOGY,https://openalex.org/S141585851,Chemical Geology,False
PALLIATIVE MEDICINE,https://openalex.org/S122377002,Palliative Medicine,False
Business Ethics the Environment & Responsibility,https://openalex.org/S4210218449,Business Ethics the Environment & Responsibility,False
Interface Focus,https://openalex.org/S2485448675,Interface Focus,False
Journal of Outdoor Recreation and Tourism-Research Planning and Management,https://openalex.org/S2764702529,Journal of Outdoor Recreation and Tourism,False
MOLECULAR PHYLOGENETICS AND EVOLUTION,https://openalex.org/S96989847,Molecular Phylogenetics and Evolution,False
Cluster Computing-The Journal of Networks Software Tools and Applications,https://openalex.org/S106148199,Cluster Computing,False
JOURNAL OF PUBLIC HEALTH,https://openalex.org/S27214173,Journal of Public Health,False
AQUACULTURAL ENGINEERING,https://openalex.org/S42973710,Aquacultural Engineering,False
Neurological Research and Practice,https://openalex.org/S4210211355,Neurological Research and Practice,True
Schizophrenia Research,https://openalex.org/S144105592,Schizophrenia Research,False
SOCIAL PSYCHIATRY AND PSYCHIATRIC EPIDEMIOLOGY,https://openalex.org/S189995291,Social Psychiatry and Psychiatric Epidemiology,False
BULLETIN OF VOLCANOLOGY,https://openalex.org/S93545210,Bulletin of Volcanology,False
Neurology-Genetics,https://openalex.org/S2764805357,Neurology Genetics,True
STRUCTURAL AND MULTIDISCIPLINARY OPTIMIZATION,https://openalex.org/S48050435,Structural and Multidisciplinary Optimization,False
PLANTA,https://openalex.org/S193523036,Planta,False
NEUROSCIENTIST,https://openalex.org/S103928886,The Neuroscientist,False
NUCLEAR MEDICINE AND BIOLOGY,https://openalex.org/S24354371,Nuclear Medicine and Biology,False
Review of Accounting and Finance,https://openalex.org/S95074589,Review of Accounting and Finance,False
Transplantation and Cellular Therapy,https://openalex.org/S4363604455,Transplantation and Cellular Therapy,False
INTERNATIONAL JOURNAL OF MULTIPHASE FLOW,https://openalex.org/S18204665,International Journal of Multiphase Flow,False
CLASSICAL AND QUANTUM GRAVITY,https://openalex.org/S171172751,Classical and Quantum Gravity,False
Strategic Change-Briefings in Entrepreneurial Finance,https://openalex.org/S141901250,Strategic Change,False
Journal of Evidence Based Medicine,https://openalex.org/S129676381,Journal of Evidence-Based Medicine,False
GEOGRAPHICAL JOURNAL,https://openalex.org/S54255202,Geographical Journal,False
Journal of Civil Structural Health Monitoring,https://openalex.org/S2764927368,Journal of Civil Structural Health Monitoring,False
Reproductive Health,https://openalex.org/S48212443,Reproductive Health,True
AUSTRALIAN JOURNAL OF PSYCHOLOGY,https://openalex.org/S156219422,Australian Journal of Psychology,True
ECOLOGY AND SOCIETY,https://openalex.org/S148307540,Ecology and Society,True
Journal of Economic Inequality,https://openalex.org/S90873577,The Journal of Economic Inequality,False
Sexual Medicine Reviews,https://openalex.org/S2764906504,Sexual Medicine Reviews,False
CLINICAL MEDICINE,https://openalex.org/S186589310,Clinical Medicine,True
SEMINARS IN THROMBOSIS AND HEMOSTASIS,https://openalex.org/S96726197,Seminars in Thrombosis and Hemostasis,False
Translational Behavioral Medicine,https://openalex.org/S2764609401,Translational Behavioral Medicine,False
European Sport Management Quarterly,https://openalex.org/S112345165,European Sport Management Quarterly,False
POSTGRADUATE MEDICAL JOURNAL,https://openalex.org/S43893605,Postgraduate Medical Journal,False
INTERNATIONAL JOURNAL OF GERIATRIC PSYCHIATRY,https://openalex.org/S77085303,International Journal of Geriatric Psychiatry,False
Emerging Themes in Epidemiology,https://openalex.org/S52073207,Emerging Themes in Epidemiology,True
International Journal of Multimedia Information Retrieval,https://openalex.org/S2496055428,International Journal of Multimedia Information Retrieval,False
Annals of General Psychiatry,https://openalex.org/S196365082,Annals of General Psychiatry,True
Brazilian Journal of Psychiatry,https://openalex.org/S71457257,Brazilian Journal of Psychiatry,True
PHARMACOPSYCHIATRY,https://openalex.org/S4122505,Pharmacopsychiatry,False
Engineering Construction and Architectural Management,https://openalex.org/S120049674,Engineering Construction & Architectural Management,False
MECHANICS OF ADVANCED MATERIALS AND STRUCTURES,https://openalex.org/S87569533,Mechanics of Advanced Materials and Structures,False
International Journal of Concrete Structures and Materials,https://openalex.org/S176808670,International Journal of Concrete Structures and Materials,True
Transplantation Reviews,https://openalex.org/S188185022,Transplantation Reviews,False
Journal of Information Technology in Construction,https://openalex.org/S2764534584,Journal of Information Technology in Construction,True
Frontiers of Agricultural Science and Engineering,https://openalex.org/S2738806978,Frontiers of Agricultural Science and Engineering,True
Schizophrenia Research and Treatment,https://openalex.org/S53930543,Schizophrenia Research and Treatment,True
JOURNAL OF THE AMERICAN MATHEMATICAL SOCIETY,https://openalex.org/S130224168,Journal of the American Mathematical Society,False
HARVARD LAW REVIEW,https://openalex.org/S117766065,Harvard Law Review,False
PUBLIC UNDERSTANDING OF SCIENCE,https://openalex.org/S124907306,Public Understanding of Science,False
APPLIED MATHEMATICS AND COMPUTATION,https://openalex.org/S50372074,Applied Mathematics and Computation,False
JOURNAL OF CULTURAL HERITAGE,https://openalex.org/S1016481467,Journal of Cultural Heritage,False
Criminology & Public Policy,https://openalex.org/S2764941010,Criminology & Public Policy,False
AMERICAN EDUCATIONAL RESEARCH JOURNAL,https://openalex.org/S185455288,American Educational Research Journal,False
JOURNAL FOR RESEARCH IN MATHEMATICS EDUCATION,https://openalex.org/S79038290,Journal for Research in Mathematics Education,False
Thinking Skills and Creativity,https://openalex.org/S42886211,Thinking Skills and Creativity,False
LANGUAGE LEARNING,https://openalex.org/S82334308,Language Learning,False
JOURNAL OF POLITICS,https://openalex.org/S95650557,The Journal of Politics,False
Interactive Technology and Smart Education,https://openalex.org/S43354291,Interactive Technology and Smart Education,False
JOURNAL OF ENDODONTICS,https://openalex.org/S90605627,Journal of Endodontics,False
AERA Open,https://openalex.org/S2738252563,AERA Open,True
AGRICULTURE AND HUMAN VALUES,https://openalex.org/S78512408,Agriculture and Human Values,False
LANGUAGE LEARNING & TECHNOLOGY,https://openalex.org/S86672399,Language learning & technology,True
BRITISH JOURNAL OF HEALTH PSYCHOLOGY,https://openalex.org/S52059345,British Journal of Health Psychology,False
JOURNAL OF METAMORPHIC GEOLOGY,https://openalex.org/S204672714,Journal of Metamorphic Geology,False
Progress in Orthodontics,https://openalex.org/S192792821,Progress in Orthodontics,True
Integrative Zoology,https://openalex.org/S90680744,Integrative Zoology,False
JOURNAL OF ANIMAL ECOLOGY,https://openalex.org/S33456383,Journal of Animal Ecology,False
JOURNAL OF NEUROSURGERY,https://openalex.org/S1995308,Journal of neurosurgery,False
Physical Therapy,https://openalex.org/S4210185354,Physical Therapy,False
JMIR Public Health and Surveillance,https://openalex.org/S2764507669,JMIR Public Health and Surveillance,True
Surgery for Obesity and Related Diseases,https://openalex.org/S197961893,Surgery for Obesity and Related Diseases,False
International Journal of Sports Physiology and Performance,https://openalex.org/S2502187214,International Journal of Sports Physiology and Performance,False
Marine Policy,https://openalex.org/S56205983,Marine Policy,False
TREE PHYSIOLOGY,https://openalex.org/S147008614,Tree Physiology,False
ANNALS OF AGRICULTURAL SCIENCES,https://openalex.org/S2764503192,Annals of Agricultural Sciences,True
JOURNAL OF TELEMEDICINE AND TELECARE,https://openalex.org/S63600306,Journal of Telemedicine and Telecare,False
ACTA OBSTETRICIA ET GYNECOLOGICA SCANDINAVICA,https://openalex.org/S192518766,Acta Obstetricia Et Gynecologica Scandinavica,False
SCANDINAVIAN JOURNAL OF MEDICINE & SCIENCE IN SPORTS,https://openalex.org/S199863227,Scandinavian Journal of Medicine and Science in Sports,False
Transboundary and Emerging Diseases,https://openalex.org/S91749377,Transboundary and Emerging Diseases,True
Biosafety and Health,https://openalex.org/S4210211253,Biosafety and Health,True
International Political Sociology,https://openalex.org/S55069968,International Political Sociology,False
EXPERIMENTAL DERMATOLOGY,https://openalex.org/S158010168,Experimental Dermatology,False
NUCLEAR FUSION,https://openalex.org/S133992056,Nuclear Fusion,False
Journal of Minimally Invasive Gynecology,https://openalex.org/S73678819,Journal of Minimally Invasive Gynecology,False
Education for Chemical Engineers,https://openalex.org/S169515672,Education for Chemical Engineers,False
JMIR Infodemiology,https://openalex.org/S4210171885,JMIR Infodemiology,True
EJSO,https://openalex.org/S158473028,European Journal of Surgical Oncology,False
FINITE ELEMENTS IN ANALYSIS AND DESIGN,https://openalex.org/S145843112,Finite Elements in Analysis and Design,False
PERSONALITY AND INDIVIDUAL DIFFERENCES,https://openalex.org/S151331055,Personality and Individual Differences,False
ASSESSMENT,https://openalex.org/S155907396,Assessment,False
EMPIRICAL SOFTWARE ENGINEERING,https://openalex.org/S109852484,Empirical Software Engineering,False
JOURNAL OF MEDICAL SYSTEMS,https://openalex.org/S37151855,Journal of Medical Systems,False
CONTRIBUTIONS TO MINERALOGY AND PETROLOGY,https://openalex.org/S29251328,Contributions to Mineralogy and Petrology,False
JOURNAL OF SPORT MANAGEMENT,https://openalex.org/S165879012,Journal of Sport Management,False
TRANSPORTATION RESEARCH PART F-TRAFFIC PSYCHOLOGY AND BEHAVIOUR,https://openalex.org/S51141438,Transportation Research Part F Traffic Psychology and Behaviour,False
JOURNAL OF POLICY MODELING,https://openalex.org/S81022070,Journal of Policy Modeling,False
Israel Journal of Health Policy Research,https://openalex.org/S2737283001,Israel Journal of Health Policy Research,True
BMC PUBLIC HEALTH,https://openalex.org/S200437886,BMC Public Health,True
Journal of Clinical Sleep Medicine,https://openalex.org/S48878068,Journal of Clinical Sleep Medicine,False
Dermatology and Therapy,https://openalex.org/S4210222097,Dermatology and Therapy,True
HUMAN BRAIN MAPPING,https://openalex.org/S121666818,Human Brain Mapping,True
Physical Review Research,https://openalex.org/S4210240247,Physical Review Research,True
EUROPEAN ARCHIVES OF PSYCHIATRY AND CLINICAL NEUROSCIENCE,https://openalex.org/S105662685,European Archives of Psychiatry and Clinical Neuroscience,False
EUROPEAN JOURNAL OF PAIN,https://openalex.org/S143744428,European Journal of Pain,False
Global Ecology and Conservation,https://openalex.org/S2765061010,Global Ecology and Conservation,True
npj Systems Biology and Applications,https://openalex.org/S4210213125,npj Systems Biology and Applications,True
SIMULATION MODELLING PRACTICE AND THEORY,https://openalex.org/S114739668,Simulation Modelling Practice and Theory,False
ACTA DERMATO-VENEREOLOGICA,https://openalex.org/S4210210846,Acta Dermato Venereologica,True
CANCER IMAGING,https://openalex.org/S14818408,Cancer Imaging,True
Meditari Accountancy Research,https://openalex.org/S4210222895,Meditari Accountancy Research,False
OUTLOOK ON AGRICULTURE,https://openalex.org/S164183727,Outlook on Agriculture,False
JOURNAL OF SANDWICH STRUCTURES & MATERIALS,https://openalex.org/S102796450,Journal of Sandwich Structures & Materials,False
Ecosystems and People,https://openalex.org/S4210186733,Ecosystems and People,True
JOURNAL OF GEOPHYSICAL RESEARCH-EARTH SURFACE,https://openalex.org/S4210168721,Journal of Geophysical Research Earth Surface,False
REGIONAL SCIENCE AND URBAN ECONOMICS,https://openalex.org/S107631327,Regional Science and Urban Economics,False
HEALTH TECHNOLOGY ASSESSMENT,https://openalex.org/S191206091,Health Technology Assessment,True
Journal of Eating Disorders,https://openalex.org/S4210234357,Journal of Eating Disorders,True
PATHOBIOLOGY,https://openalex.org/S18964055,Pathobiology,False
CHINESE PHYSICS LETTERS,https://openalex.org/S110033974,Chinese Physics Letters,False
Asian Journal of Surgery,https://openalex.org/S111902150,Asian Journal of Surgery,True
PERSPECTIVES IN PLANT ECOLOGY EVOLUTION AND SYSTEMATICS,https://openalex.org/S176275101,Perspectives in Plant Ecology Evolution and Systematics,False
MULTIMEDIA SYSTEMS,https://openalex.org/S112262039,Multimedia Systems,False
TRANSPORTATION,https://openalex.org/S62009534,Transportation,False
VEHICLE SYSTEM DYNAMICS,https://openalex.org/S59320183,Vehicle System Dynamics,False
JOURNAL OF CONTAMINANT HYDROLOGY,https://openalex.org/S20728117,Journal of Contaminant Hydrology,False
PLANT GROWTH REGULATION,https://openalex.org/S3204633,Plant Growth Regulation,False
SCIENTOMETRICS,https://openalex.org/S148561398,Scientometrics,False
Safety and Health at Work,https://openalex.org/S2765035337,Safety and Health at Work,True
Intelligent Systems in Accounting Finance & Management,https://openalex.org/S67471091,Intelligent Systems in Accounting Finance & Management,False
INTERNATIONAL JOURNAL OF REFRIGERATION,https://openalex.org/S186745480,International Journal of Refrigeration,False
International Journal of Sediment Research,https://openalex.org/S74546071,International Journal of Sediment Research,False
International Journal of Structural Integrity,https://openalex.org/S189853587,International Journal of Structural Integrity,False
JOURNAL OF THE AMERICAN CERAMIC SOCIETY,https://openalex.org/S53162366,Journal of the American Ceramic Society,False
NEUROGASTROENTEROLOGY AND MOTILITY,https://openalex.org/S84837402,Neurogastroenterology & Motility,False
Big Data Research,https://openalex.org/S2491565770,Big Data Research,False
PeerJ Computer Science,https://openalex.org/S4210178049,PeerJ Computer Science,True
PRECISION ENGINEERING-JOURNAL OF THE INTERNATIONAL SOCIETIES FOR PRECISION ENGINEERING AND NANOTECHNOLOGY,https://openalex.org/S140928716,Precision Engineering,False
Climate and Development,https://openalex.org/S43379938,Climate and Development,False
PUBLIC HEALTH REVIEWS,https://openalex.org/S2765034686,Public health reviews,True
Frontiers in Agronomy,https://openalex.org/S4210220257,Frontiers in Agronomy,True
GEOTHERMICS,https://openalex.org/S68581467,Geothermics,False
Progress in Earth and Planetary Science,https://openalex.org/S2737866796,Progress in Earth and Planetary Science,True
INTERNATIONAL JOURNAL OF DERMATOLOGY,https://openalex.org/S32635664,International Journal of Dermatology,False
Journal of Structural Biology-X,https://openalex.org/S4210234285,Journal of Structural Biology X,True
Environmental Science-Water Research & Technology,https://openalex.org/S4210190644,Environmental Science Water Research & Technology,False
INTERNATIONAL JOURNAL OF HIGH PERFORMANCE COMPUTING APPLICATIONS,https://openalex.org/S60606485,The International Journal of High Performance Computing Applications,False
EXERCISE IMMUNOLOGY REVIEW,https://openalex.org/S57385450,Exercise immunology review,False
Current Opinion in Critical Care,https://openalex.org/S104459788,Current Opinion in Critical Care,False
Perspectives in Public Health,https://openalex.org/S27883222,Perspectives in Public Health,False
IEEE Transactions on Human-Machine Systems,https://openalex.org/S2476799526,IEEE Transactions on Human-Machine Systems,False
COLUMBIA LAW REVIEW,https://openalex.org/S183770981,Columbia Law Review,False
MEDIA PSYCHOLOGY,https://openalex.org/S97866008,Media Psychology,False
Ethics and Information Technology,https://openalex.org/S13096939,Ethics and Information Technology,False
RIED-Revista Iberoamericana de Educacion a Distancia,https://openalex.org/S2738267768,RIED Revista Iberoamericana de Educación a Distancia,True
Technology Pedagogy and Education,https://openalex.org/S84989246,Technology Pedagogy and Education,False
JOURNAL OF ARTHROPLASTY,https://openalex.org/S48915936,The Journal of Arthroplasty,False
JOURNAL OF PEACE RESEARCH,https://openalex.org/S71119591,Journal of Peace Research,False
CHILD ABUSE & NEGLECT,https://openalex.org/S53055215,Child Abuse & Neglect,False
ACADEMIC EMERGENCY MEDICINE,https://openalex.org/S171705774,Academic Emergency Medicine,False
Health Policy and Technology,https://openalex.org/S2764671021,Health Policy and Technology,False
Policy Insights from the Behavioral and Brain Sciences,https://openalex.org/S2765060141,Policy Insights from the Behavioral and Brain Sciences,False
Journal of Prosthodontics-Implant Esthetic and Reconstructive Dentistry,https://openalex.org/S61661,Journal of Prosthodontics,False
PERSPECTIVES ON SEXUAL AND REPRODUCTIVE HEALTH,https://openalex.org/S182558529,Perspectives on Sexual and Reproductive Health,False
Chinese Political Science Review,https://openalex.org/S4210194389,Chinese Political Science Review,False
JOURNAL OF MOLECULAR DIAGNOSTICS,https://openalex.org/S48180145,Journal of Molecular Diagnostics,False
EMOTION,https://openalex.org/S118198609,Emotion,False
Journal of Dental Sciences,https://openalex.org/S173463841,Journal of Dental Sciences,True
Educational Studies in Mathematics,https://openalex.org/S119483640,Educational Studies in Mathematics,False
JOURNAL OF PERIODONTAL RESEARCH,https://openalex.org/S195000414,Journal of Periodontal Research,False
Worldviews on Evidence-Based Nursing,https://openalex.org/S205870262,Worldviews on Evidence-Based Nursing,False
JOR Spine,https://openalex.org/S4210176766,JOR Spine,True
Communications in Nonlinear Science and Numerical Simulation,https://openalex.org/S39612629,Communications in Nonlinear Science and Numerical Simulation,False
Canadian Journal of Anesthesia-Journal canadien d anesthesie,https://openalex.org/S4210186964,Canadian Journal of Anesthesia/Journal canadien d anesthésie,False
Child and Adolescent Psychiatry and Mental Health,https://openalex.org/S133884896,Child and Adolescent Psychiatry and Mental Health,True
Clinical Simulation in Nursing,https://openalex.org/S204691484,Clinical Simulation in Nursing,False
GEOFORUM,https://openalex.org/S169586356,Geoforum,False
JOURNALISM & MASS COMMUNICATION QUARTERLY,https://openalex.org/S20010350,Journalism & Mass Communication Quarterly,False
Journal of Contextual Behavioral Science,https://openalex.org/S2764949934,Journal of Contextual Behavioral Science,False
JOURNAL OF HEALTH ECONOMICS,https://openalex.org/S166621295,Journal of Health Economics,False
ATOMIC SPECTROSCOPY,https://openalex.org/S159336986,Atomic Spectroscopy,False
ANNALS OF SURGICAL ONCOLOGY,https://openalex.org/S177486402,Annals of Surgical Oncology,False
BJS Open,https://openalex.org/S4210237822,BJS Open,True
ORGANIZATIONAL BEHAVIOR AND HUMAN DECISION PROCESSES,https://openalex.org/S64744539,Organizational Behavior and Human Decision Processes,False
BEHAVIOR THERAPY,https://openalex.org/S56240272,Behavior Therapy,False
APPLIED ACOUSTICS,https://openalex.org/S971171794,Applied Acoustics,False
Cognitive Research-Principles and Implications,https://openalex.org/S3035657644,Cognitive Research Principles and Implications,True
Geochemical Perspectives Letters,https://openalex.org/S4210194391,Geochemical Perspectives Letters,True
BMJ Sexual & Reproductive Health,https://openalex.org/S4210230326,BMJ Sexual & Reproductive Health,False
Journal of Positive Psychology,https://openalex.org/S84268765,The Journal of Positive Psychology,False
AMERICAN JOURNAL OF COMMUNITY PSYCHOLOGY,https://openalex.org/S145410213,American Journal of Community Psychology,False
JOURNAL OF NATURAL PRODUCTS,https://openalex.org/S166799026,Journal of Natural Products,False
JOURNAL OF AGRICULTURAL ECONOMICS,https://openalex.org/S14468722,Journal of Agricultural Economics,False
Journal of Healthcare Leadership,https://openalex.org/S4210195813,Journal of Healthcare Leadership,True
VIRCHOWS ARCHIV,https://openalex.org/S47032817,Virchows Archiv,False
Journal of Gynecologic Oncology,https://openalex.org/S111213320,Journal of Gynecologic Oncology,True
JOURNAL OF PARALLEL AND DISTRIBUTED COMPUTING,https://openalex.org/S157146593,Journal of Parallel and Distributed Computing,False
IEEE AEROSPACE AND ELECTRONIC SYSTEMS MAGAZINE,https://openalex.org/S161080992,IEEE Aerospace and Electronic Systems Magazine,False
AGGRESSION AND VIOLENT BEHAVIOR,https://openalex.org/S80014870,Aggression and Violent Behavior,False
JOURNAL OF RENAL NUTRITION,https://openalex.org/S112180171,Journal of Renal Nutrition,False
PERSONALITY AND SOCIAL PSYCHOLOGY BULLETIN,https://openalex.org/S187348256,Personality and Social Psychology Bulletin,False
JOURNAL OF GEOCHEMICAL EXPLORATION,https://openalex.org/S183209598,Journal of Geochemical Exploration,False
JOURNAL OF ORGANIC CHEMISTRY,https://openalex.org/S205050996,The Journal of Organic Chemistry,False
PLoS Neglected Tropical Diseases,https://openalex.org/S46544255,PLoS neglected tropical diseases,True
British Food Journal,https://openalex.org/S99313352,British Food Journal,False
PEDIATRIC DRUGS,https://openalex.org/S84493273,Pediatric Drugs,False
Rhizosphere,https://openalex.org/S2898510056,Rhizosphere,False
BUSINESS ETHICS QUARTERLY,https://openalex.org/S9702615,Business Ethics Quarterly,False
INTERNATIONAL JOURNAL OF HEALTH SERVICES,https://openalex.org/S120541213,International Journal of Health Services,False
JOURNAL OF BIOGEOGRAPHY,https://openalex.org/S138151673,Journal of Biogeography,False
Journal of Systematics and Evolution,https://openalex.org/S56397279,Journal of Systematics and Evolution,False
New Directions for Child and Adolescent Development,https://openalex.org/S31771912,New Directions for Child and Adolescent Development,True
Patient-Patient Centered Outcomes Research,https://openalex.org/S12699048,Patient,False
Frontiers of Computer Science,https://openalex.org/S4210231404,Frontiers of Computer Science,False
Tourism Recreation Research,https://openalex.org/S2764868064,Tourism Recreation Research,False
Cornell Hospitality Quarterly,https://openalex.org/S140551370,Cornell Hospitality Quarterly,False
Database-The Journal of Biological Databases and Curation,https://openalex.org/S4210201630,Database,True
Industry and Innovation,https://openalex.org/S36209479,Industry and Innovation,False
Clinical Epidemiology,https://openalex.org/S2736481244,Clinical Epidemiology,True
JOURNAL OF FORESTRY RESEARCH,https://openalex.org/S155657358,Journal of Forestry Research,False
Practical Radiation Oncology,https://openalex.org/S2764989788,Practical Radiation Oncology,False
AIDS PATIENT CARE AND STDS,https://openalex.org/S14583120,AIDS Patient Care and STDs,False
Annals of Cardiothoracic Surgery,https://openalex.org/S2764377274,Annals of Cardiothoracic Surgery,True
JOURNAL OF FORECASTING,https://openalex.org/S122161766,Journal of Forecasting,False
JOURNAL OF FLUIDS AND STRUCTURES,https://openalex.org/S160220869,Journal of Fluids and Structures,False
PHYSIOLOGY AND MOLECULAR BIOLOGY OF PLANTS,https://openalex.org/S197197320,Physiology and Molecular Biology of Plants,False
International Journal of Pavement Engineering,https://openalex.org/S113349237,International Journal of Pavement Engineering,False
Journal of Informetrics,https://openalex.org/S205292342,Journal of Informetrics,False
ASTROBIOLOGY,https://openalex.org/S202896352,Astrobiology,False
INTERNATIONAL JOURNAL OF SOLIDS AND STRUCTURES,https://openalex.org/S189344224,International Journal of Solids and Structures,False
Career Development International,https://openalex.org/S182336501,Career Development International,False
FINANCIAL ANALYSTS JOURNAL,https://openalex.org/S162525099,Financial Analysts Journal,False
INTERNATIONAL JOURNAL FOR NUMERICAL AND ANALYTICAL METHODS IN GEOMECHANICS,https://openalex.org/S10012645,International Journal for Numerical and Analytical Methods in Geomechanics,False
INTERNATIONAL JOURNAL OF HUMAN-COMPUTER INTERACTION,https://openalex.org/S165559636,International Journal of Human-Computer Interaction,False
BIOCHIMICA ET BIOPHYSICA ACTA-BIOENERGETICS,https://openalex.org/S4210237460,Biochimica et Biophysica Acta (BBA) - Bioenergetics,False
Journal of Soil Science and Plant Nutrition,https://openalex.org/S2502518375,Journal of soil science and plant nutrition,False
RAPID PROTOTYPING JOURNAL,https://openalex.org/S173500210,Rapid Prototyping Journal,False
Heliyon,https://openalex.org/S2898612692,Heliyon,True
Journal of Space Weather and Space Climate,https://openalex.org/S2502983579,Journal of Space Weather and Space Climate,True
MECHANICS OF MATERIALS,https://openalex.org/S176710131,Mechanics of Materials,False
Wearable Technologies,https://openalex.org/S4210179531,Wearable Technologies,True
Biomimetics,https://openalex.org/S4393916825,Biomimetics,False
Research and Practice in Thrombosis and Haemostasis,https://openalex.org/S4210185368,Research and Practice in Thrombosis and Haemostasis,True
Journal of Zhejiang University-SCIENCE A,https://openalex.org/S4210215848,Journal of Zhejiang University. Science A,False
Current Opinion in Systems Biology,https://openalex.org/S2764941636,Current Opinion in Systems Biology,False
International Journal of Construction Management,https://openalex.org/S2764799587,International Journal of Construction Management,False
MATERIALS AND STRUCTURES,https://openalex.org/S20715302,Materials and Structures,False
ETHNICITY & DISEASE,https://openalex.org/S114550841,Ethnicity & Disease,False
CHEMISTRY AND PHYSICS OF LIPIDS,https://openalex.org/S99078529,Chemistry and Physics of Lipids,False
Road Materials and Pavement Design,https://openalex.org/S31518343,Road Materials and Pavement Design,False
Planning Theory & Practice,https://openalex.org/S132076093,Planning Theory & Practice,False
Journal of Hydrodynamics,https://openalex.org/S149305196,Journal of Hydrodynamics,False
Planning Theory,https://openalex.org/S59780895,Planning Theory,False
CLEVELAND CLINIC JOURNAL OF MEDICINE,https://openalex.org/S20761018,Cleveland Clinic Journal of Medicine,True
Emerging Topics in Life Sciences,https://openalex.org/S4210170546,Emerging Topics in Life Sciences,False
International Journal of Mechanical System Dynamics,https://openalex.org/S4210233466,International journal of mechanical system dynamics,True
Computer Law & Security Review,https://openalex.org/S160346394,Computer Law & Security Review,False
Language Teaching Research,https://openalex.org/S179605291,Language Teaching Research,False
PHILOSOPHY & PUBLIC AFFAIRS,https://openalex.org/S15279844,Philosophy &amp Public Affairs,False
JOURNAL OF CRIMINAL JUSTICE,https://openalex.org/S140176541,Journal of Criminal Justice,False
ETR&D-EDUCATIONAL TECHNOLOGY RESEARCH AND DEVELOPMENT,https://openalex.org/S114840262,Educational Technology Research and Development,False
European Journal of Physical and Rehabilitation Medicine,https://openalex.org/S59840410,European Journal of Physical and Rehabilitation Medicine,False
Journal of Science Education and Technology,https://openalex.org/S158654976,Journal of Science Education and Technology,False
POLITICAL BEHAVIOR,https://openalex.org/S110036823,Political Behavior,False
Australasian Journal of Educational Technology,https://openalex.org/S126947272,Australasian Journal of Educational Technology,True
SOCIOLOGY OF EDUCATION,https://openalex.org/S36718530,Sociology of Education,False
JOURNAL OF POPULATION ECONOMICS,https://openalex.org/S18284184,Journal of Population Economics,False
Applied Economic Perspectives and Policy,https://openalex.org/S4210201861,Applied Economic Perspectives and Policy,False
FRACTALS-COMPLEX GEOMETRY PATTERNS AND SCALING IN NATURE AND SOCIETY,https://openalex.org/S204703277,Fractals,False
JOURNAL OF HEALTH POLITICS POLICY AND LAW,https://openalex.org/S192655146,Journal of Health Politics Policy and Law,False
FEMINIST ECONOMICS,https://openalex.org/S148397273,Feminist Economics,False
MEDICAL TEACHER,https://openalex.org/S135934248,Medical Teacher,False
JOURNAL OF MEDICAL ETHICS,https://openalex.org/S70185877,Journal of Medical Ethics,False
SOCIAL FORCES,https://openalex.org/S130611943,Social Forces,False
International Journal of Distance Education Technologies,https://openalex.org/S103640237,International Journal of Distance Education Technologies,True
Journal of Traditional and Complementary Medicine,https://openalex.org/S2737354210,Journal of Traditional and Complementary Medicine,True
KNEE SURGERY SPORTS TRAUMATOLOGY ARTHROSCOPY,https://openalex.org/S51654951,Knee Surgery Sports Traumatology Arthroscopy,False
Nurse Education in Practice,https://openalex.org/S139566883,Nurse Education in Practice,False
GEOGRAPHICAL ANALYSIS,https://openalex.org/S159894308,Geographical Analysis,False
Progress in Nuclear Energy,https://openalex.org/S201829030,Progress in Nuclear Energy,False
TRANSACTIONS OF THE INSTITUTE OF BRITISH GEOGRAPHERS,https://openalex.org/S31976903,Transactions of the Institute of British Geographers,False
Journal of Applied Physiology,https://openalex.org/S140889577,Journal of Applied Physiology,False
Neurosurgical Focus,https://openalex.org/S149215848,Neurosurgical FOCUS,True
JOURNAL OF GENERAL PHYSIOLOGY,https://openalex.org/S168548653,The Journal of General Physiology,True
DISEASES OF THE COLON & RECTUM,https://openalex.org/S170496595,Diseases of the Colon & Rectum,False
PSYCHOLOGICAL ASSESSMENT,https://openalex.org/S35369596,Psychological Assessment,False
EUROPEAN REVIEW OF AGRICULTURAL ECONOMICS,https://openalex.org/S32361082,European Review of Agricultural Economics,False
PLASMA SOURCES SCIENCE & TECHNOLOGY,https://openalex.org/S57082650,Plasma Sources Science and Technology,False
BMC Complementary Medicine and Therapies,https://openalex.org/S4210199159,BMC Complementary Medicine and Therapies,True
JOURNAL OF ACCOUNTING AND PUBLIC POLICY,https://openalex.org/S86762183,Journal of Accounting and Public Policy,False
JOURNAL OF GEOPHYSICAL RESEARCH-OCEANS,https://openalex.org/S4210200322,Journal of Geophysical Research Oceans,False
PERSONNEL REVIEW,https://openalex.org/S139232146,Personnel Review,False
ANNALS OF EPIDEMIOLOGY,https://openalex.org/S40844199,Annals of Epidemiology,False
JOURNAL OF MAGNETIC RESONANCE IMAGING,https://openalex.org/S132538424,Journal of Magnetic Resonance Imaging,False
JOURNAL OF THE AMERICAN PLANNING ASSOCIATION,https://openalex.org/S79990064,Journal of the American Planning Association,False
Life Science Alliance,https://openalex.org/S4210202458,Life Science Alliance,True
PSYCHIATRIC SERVICES,https://openalex.org/S171176648,Psychiatric Services,False
TECTONICS,https://openalex.org/S6410836,Tectonics,False
CANADIAN JOURNAL OF OPHTHALMOLOGY-JOURNAL CANADIEN D OPHTALMOLOGIE,https://openalex.org/S4210185783,Canadian Journal of Ophthalmology,False
EUROPEAN JOURNAL OF CARDIO-THORACIC SURGERY,https://openalex.org/S10542796,European Journal of Cardio-Thoracic Surgery,False
INTELLIGENCE,https://openalex.org/S3225087,Intelligence,False
JOURNAL OF ECONOMICS AND BUSINESS,https://openalex.org/S145099083,Journal of Economics and Business,False
Journal of Asian Business and Economic Studies,https://openalex.org/S4210240690,Journal of Asian Business and Economic Studies,True
CORTEX,https://openalex.org/S116196263,Cortex,False
ENTREPRENEURSHIP AND REGIONAL DEVELOPMENT,https://openalex.org/S22247924,Entrepreneurship and Regional Development,False
MICROBIAL ECOLOGY,https://openalex.org/S97758720,Microbial Ecology,False
MYCORRHIZA,https://openalex.org/S9565702,Mycorrhiza,False
IMF Economic Review,https://openalex.org/S21260181,IMF Economic Review,False
JOURNAL OF HYPERTENSION,https://openalex.org/S115964404,Journal of Hypertension,False
Journal of Sexual Medicine,https://openalex.org/S159512450,The Journal of Sexual Medicine,False
COMPLEMENTARY THERAPIES IN MEDICINE,https://openalex.org/S7715451,Complementary Therapies in Medicine,True
MEDICAL CARE,https://openalex.org/S79233773,Medical Care,False
Phytobiomes Journal,https://openalex.org/S4210176965,Phytobiomes Journal,True
JOURNAL OF PETROLOGY,https://openalex.org/S110213010,Journal of Petrology,False
Journal of Pharmaceutical Policy and Practice,https://openalex.org/S2737254583,Journal of Pharmaceutical Policy and Practice,True
QUALITY OF LIFE RESEARCH,https://openalex.org/S90347677,Quality of Life Research,False
ATTACHMENT & HUMAN DEVELOPMENT,https://openalex.org/S155594676,Attachment & Human Development,False
INTERNATIONAL JOURNAL OF PSYCHOLOGY,https://openalex.org/S53056752,International Journal of Psychology,False
Physica Medica-European Journal of Medical Physics,https://openalex.org/S138998826,Physica Medica,False
JOURNAL OF THE EGYPTIAN PUBLIC HEALTH ASSOCIATION,https://openalex.org/S3035730399,Journal of the Egyptian Public Health Association,False
Journal of Financial Reporting and Accounting,https://openalex.org/S130164084,Journal of financial reporting & accounting,False
PHARMACOLOGY BIOCHEMISTRY AND BEHAVIOR,https://openalex.org/S59685179,Pharmacology Biochemistry and Behavior,False
Journal of International Accounting Auditing and Taxation,https://openalex.org/S132432621,Journal of International Accounting Auditing and Taxation,False
PHYSICS IN MEDICINE AND BIOLOGY,https://openalex.org/S20241394,Physics in Medicine and Biology,False
Anthropocene,https://openalex.org/S2898452301,Anthropocene,False
Evolution Medicine and Public Health,https://openalex.org/S2734526907,"Evolution, Medicine, and Public Health",False
Journal of Evidence-Based Integrative Medicine,https://openalex.org/S4210203230,Journal of Evidence-Based Integrative Medicine,True
Radiation Oncology,https://openalex.org/S42123126,Radiation Oncology,True
Seminars in Vascular Surgery,https://openalex.org/S154269213,Seminars in Vascular Surgery,False
BIOORGANIC & MEDICINAL CHEMISTRY,https://openalex.org/S10422866,Bioorganic & Medicinal Chemistry,False
International Journal of Agricultural Sustainability,https://openalex.org/S73708723,International Journal of Agricultural Sustainability,True
Canadian Journal of School Psychology,https://openalex.org/S179966576,Canadian Journal of School Psychology,False
JOURNAL OF THE SCIENCE OF FOOD AND AGRICULTURE,https://openalex.org/S206298197,Journal of the Science of Food and Agriculture,False
PSYCHO-ONCOLOGY,https://openalex.org/S13506822,Psycho-Oncology,False
Journal of Physiological Anthropology,https://openalex.org/S116299461,Journal of PHYSIOLOGICAL ANTHROPOLOGY,True
Environmental Epidemiology,https://openalex.org/S4210236793,Environmental Epidemiology,True
Journal of Economic Policy Reform,https://openalex.org/S74096415,Journal of Economic Policy Reform,False
ACTA BIOCHIMICA ET BIOPHYSICA SINICA,https://openalex.org/S145090216,Acta Biochimica et Biophysica Sinica,True
Sexual and Reproductive Health Matters,https://openalex.org/S4210241092,Sexual and Reproductive Health Matters,True
BIOPHYSICAL CHEMISTRY,https://openalex.org/S63395545,Biophysical Chemistry,False
METALS AND MATERIALS INTERNATIONAL,https://openalex.org/S205066066,Metals and Materials International,False
Tourist Studies,https://openalex.org/S165567208,Tourist Studies,False
INFORMATICA,https://openalex.org/S57195646,Informatica,False
Advances in Nonlinear Analysis,https://openalex.org/S2764380143,Advances in Nonlinear Analysis,True
Journal of Critical Realism,https://openalex.org/S54700294,Journal of Critical Realism,False
BRITISH JOURNAL FOR THE PHILOSOPHY OF SCIENCE,https://openalex.org/S107049385,The British Journal for the Philosophy of Science,False
Regulation & Governance,https://openalex.org/S108218269,Regulation & Governance,False
Journal of Experimental Political Science,https://openalex.org/S4210184980,Journal of Experimental Political Science,False
ANNALS OF STATISTICS,https://openalex.org/S119757635,The Annals of Statistics,False
JOURNAL OF ARCHAEOLOGICAL METHOD AND THEORY,https://openalex.org/S42980227,Journal of Archaeological Method and Theory,False
REVIEW OF INTERNATIONAL STUDIES,https://openalex.org/S131264395,Review of International Studies,False
ENGLISH FOR SPECIFIC PURPOSES,https://openalex.org/S152281954,English for Specific Purposes,False
FUZZY SETS AND SYSTEMS,https://openalex.org/S169411308,Fuzzy Sets and Systems,False
Education and Training,https://openalex.org/S2764459744,Education + Training,False
Insect Systematics and Diversity,https://openalex.org/S2735356129,Insect Systematics and Diversity,False
MINERVA,https://openalex.org/S205537954,Minerva,False
Stata Journal,https://openalex.org/S88220793,The Stata Journal Promoting communications on statistics and Stata,False
International Journal of Mental Health and Addiction,https://openalex.org/S47841752,International Journal of Mental Health and Addiction,False
Journal of Prosthodontic Research,https://openalex.org/S4210224484,Journal of Prosthodontic Research,False
Animal Frontiers,https://openalex.org/S2764890660,Animal Frontiers,True
Open Learning,https://openalex.org/S158838388,Open Learning The Journal of Open Distance and e-Learning,False
SOCIOLOGIA RURALIS,https://openalex.org/S66322501,Sociologia Ruralis,False
EARLY CHILDHOOD RESEARCH QUARTERLY,https://openalex.org/S114141255,Early Childhood Research Quarterly,False
Andrology,https://openalex.org/S90729755,Andrology,False
Socio-Economic Review,https://openalex.org/S147547362,Socio-Economic Review,False
SURGERY,https://openalex.org/S4210173306,Surgery,False
Journal of Family Theory & Review,https://openalex.org/S96708334,Journal of Family Theory & Review,False
JOURNAL OF CLINICAL NURSING,https://openalex.org/S180106345,Journal of Clinical Nursing,False
Qualitative Research,https://openalex.org/S136099329,Qualitative Research,False
BMC Family Practice,https://openalex.org/S153257185,BMC Family Practice,True
PLASTIC AND RECONSTRUCTIVE SURGERY,https://openalex.org/S100736837,Plastic & Reconstructive Surgery,False
Cultural Diversity & Ethnic Minority Psychology,https://openalex.org/S13068289,Cultural Diversity & Ethnic Minority Psychology,False
ACM Transactions on Computing Education,https://openalex.org/S2764465379,ACM Transactions on Computing Education,False
INTERNATIONAL DENTAL JOURNAL,https://openalex.org/S143937555,International Dental Journal,True
Forensic Science International-Genetics,https://openalex.org/S18992820,Forensic Science International Genetics,False
SOCIAL SCIENCE RESEARCH,https://openalex.org/S59311786,Social Science Research,False
BRITISH JOURNAL OF SOCIAL PSYCHOLOGY,https://openalex.org/S179906392,British Journal of Social Psychology,False
Global Media and China,https://openalex.org/S4210218940,Global Media and China,True
Italian Journal of Pediatrics,https://openalex.org/S154273993,The Italian Journal of Pediatrics/Italian journal of pediatrics,True
Ophthalmology Science,https://openalex.org/S4210240620,Ophthalmology Science,True
JOURNAL OF PAIN AND SYMPTOM MANAGEMENT,https://openalex.org/S135898356,Journal of Pain and Symptom Management,False
Annals of the American Association of Geographers,https://openalex.org/S2764498735,Annals of the American Association of Geographers,False
Aquaculture Reports,https://openalex.org/S2764883586,Aquaculture Reports,True
BRITISH JOURNAL OF PSYCHOLOGY,https://openalex.org/S179213746,British Journal of Psychology,False
Journal of Esthetic and Restorative Dentistry,https://openalex.org/S148949672,Journal of Esthetic and Restorative Dentistry,False
JMIR Medical Education,https://openalex.org/S4210212741,JMIR Medical Education,True
SPECTROCHIMICA ACTA PART B-ATOMIC SPECTROSCOPY,https://openalex.org/S103398315,Spectrochimica Acta Part B Atomic Spectroscopy,False
INSECT BIOCHEMISTRY AND MOLECULAR BIOLOGY,https://openalex.org/S130917594,Insect Biochemistry and Molecular Biology,False
ORE GEOLOGY REVIEWS,https://openalex.org/S29724373,Ore Geology Reviews,True
Quantitative Finance and Economics,https://openalex.org/S4210226759,Quantitative Finance and Economics,True
Clinical and Experimental Pediatrics,https://openalex.org/S4210173089,Clinical and Experimental Pediatrics,True
Insect Conservation and Diversity,https://openalex.org/S149404603,Insect Conservation and Diversity,False
ENVIRONMENTAL & RESOURCE ECONOMICS,https://openalex.org/S86125002,Environmental and Resource Economics,False
JOURNAL OF PERSONALITY,https://openalex.org/S73786128,Journal of Personality,False
Paleoceanography and Paleoclimatology,https://openalex.org/S4210175021,Paleoceanography and Paleoclimatology,False
PSICOTHEMA,https://openalex.org/S135026488,Psicothema,True
Social Psychology of Education,https://openalex.org/S115248504,Social Psychology of Education,False
Design Studies,https://openalex.org/S152445846,Design Studies,False
Communication & Sport,https://openalex.org/S2764771808,Communication & Sport,False
Health and Quality of Life Outcomes,https://openalex.org/S77368557,Health and Quality of Life Outcomes,True
INTERNATIONAL JOURNAL OF ROBUST AND NONLINEAR CONTROL,https://openalex.org/S156578089,International Journal of Robust and Nonlinear Control,False
POPULATION AND ENVIRONMENT,https://openalex.org/S131032111,Population and Environment,False
SPE JOURNAL,https://openalex.org/S35794861,SPE Journal,False
Kidney Medicine,https://openalex.org/S4210206143,Kidney Medicine,True
PSYCHOLOGY OF ADDICTIVE BEHAVIORS,https://openalex.org/S31064911,Psychology of Addictive Behaviors,False
European Urology Open Science,https://openalex.org/S4210182343,European Urology Open Science,True
JOURNAL OF EXPERIMENTAL SOCIAL PSYCHOLOGY,https://openalex.org/S12410666,Journal of Experimental Social Psychology,False
CONTEMPORARY ACCOUNTING RESEARCH,https://openalex.org/S65924262,Contemporary Accounting Research,False
ULTRASCHALL IN DER MEDIZIN,https://openalex.org/S50260976,Ultraschall in der Medizin - European Journal of Ultrasound,False
MEDICAL PHYSICS,https://openalex.org/S95522064,Medical Physics,False
EUROPEAN JOURNAL OF RADIOLOGY,https://openalex.org/S22285447,European Journal of Radiology,False
PEDIATRIC NEUROLOGY,https://openalex.org/S165686931,Pediatric Neurology,False
ADMINISTRATION & SOCIETY,https://openalex.org/S5465880,Administration & Society,False
Kidney360,https://openalex.org/S4210217782,Kidney360,True
3D Printing in Medicine,https://openalex.org/S4210191256,3D Printing in Medicine,True
Journal of Hepato-Biliary-Pancreatic Sciences,https://openalex.org/S108612764,Journal of Hepato-Biliary-Pancreatic Sciences,False
Quaternary Science Reviews,https://openalex.org/S81424476,Quaternary Science Reviews,False
Solid Earth,https://openalex.org/S203396075,Solid Earth,True
JOURNAL OF ASSISTED REPRODUCTION AND GENETICS,https://openalex.org/S189402472,Journal of Assisted Reproduction and Genetics,False
CRYSTAL GROWTH & DESIGN,https://openalex.org/S16561315,Crystal Growth & Design,False
Grey Systems-Theory and Application,https://openalex.org/S4210188239,Grey Systems Theory and Application,False
Journal of Pregnancy,https://openalex.org/S135448088,Journal of Pregnancy,True
BURNS,https://openalex.org/S133626053,Burns,False
CLINICAL PSYCHOLOGY & PSYCHOTHERAPY,https://openalex.org/S24464885,Clinical Psychology & Psychotherapy,False
Nonprofit Management & Leadership,https://openalex.org/S70709366,Nonprofit Management and Leadership,False
Journal of Accounting in Emerging Economies,https://openalex.org/S4210169731,Journal of Accounting in Emerging Economies,False
Kidney Diseases,https://openalex.org/S4210226509,Kidney Diseases,True
OCEANOGRAPHY,https://openalex.org/S92941125,Oceanography,True
EUROPEAN CELLS & MATERIALS,https://openalex.org/S4210216592,European Cells and Materials,True
Internal and Emergency Medicine,https://openalex.org/S140847651,Internal and Emergency Medicine,False
Economics of Innovation and New Technology,https://openalex.org/S192056284,Economics of Innovation and New Technology,False
Knowledge Management Research & Practice,https://openalex.org/S192723185,Knowledge Management Research & Practice,False
SEMINARS IN PERINATOLOGY,https://openalex.org/S44429022,Seminars in Perinatology,False
International Journal of Medical Sciences,https://openalex.org/S46225466,International Journal of Medical Sciences,True
PSYCHONOMIC BULLETIN & REVIEW,https://openalex.org/S138679565,Psychonomic Bulletin & Review,False
Frontiers in Digital Health,https://openalex.org/S4210170686,Frontiers in Digital Health,True
Journal of Non-Crystalline Solids,https://openalex.org/S59020844,Journal of Non-Crystalline Solids,False
BIOESSAYS,https://openalex.org/S27819959,BioEssays,False
JOURNAL OF REGIONAL SCIENCE,https://openalex.org/S65528657,Journal of Regional Science,False
Wiley Interdisciplinary Reviews-Cognitive Science,https://openalex.org/S130623406,Wiley Interdisciplinary Reviews Cognitive Science,False
National Accounting Review,https://openalex.org/S4210219734,National Accounting Review,True
Presse Medicale,https://openalex.org/S196942124,La Presse Médicale,False
Advances in Difference Equations,https://openalex.org/S169017477,Advances in Difference Equations,True
Crime Science,https://openalex.org/S2495265100,Crime Science,True
Journal of English for Academic Purposes,https://openalex.org/S145743673,Journal of English for Academic Purposes,False
JOURNAL OF THE ROYAL STATISTICAL SOCIETY SERIES B-STATISTICAL METHODOLOGY,https://openalex.org/S145009937,Journal of the Royal Statistical Society Series B (Statistical Methodology),False
ELT Journal,https://openalex.org/S4210170889,ELT Journal,False
COMMUNICATIONS ON PURE AND APPLIED MATHEMATICS,https://openalex.org/S134818455,Communications on Pure and Applied Mathematics,False
COMPARATIVE EDUCATION,https://openalex.org/S109675028,Comparative Education,False
Medical Education Online,https://openalex.org/S112174522,Medical Education Online,True
Research and Practice in Technology Enhanced Learning,https://openalex.org/S119620556,Research and Practice in Technology Enhanced Learning,True
Policy Design and Practice,https://openalex.org/S4210224919,Policy Design and Practice,True
International Studies Review,https://openalex.org/S58664585,International Studies Review,False
SCIENCE EDUCATION,https://openalex.org/S161883588,Science Education,False
Artificial Intelligence and Law,https://openalex.org/S96609033,Artificial Intelligence and Law,False
JOURNAL OF TEACHER EDUCATION,https://openalex.org/S89004459,Journal of Teacher Education,False
Politics & Gender,https://openalex.org/S41158033,Politics & Gender,False
BMC NURSING,https://openalex.org/S107799410,BMC Nursing,True
Mobile Media & Communication,https://openalex.org/S2764848433,Mobile Media & Communication,False
Journal of Happiness Studies,https://openalex.org/S202734349,Journal of Happiness Studies,False
Innovation in Language Learning and Teaching,https://openalex.org/S62186313,Innovation in Language Learning and Teaching,False
JOURNAL OF HUMAN EVOLUTION,https://openalex.org/S83388334,Journal of Human Evolution,False
EUROPEAN SOCIOLOGICAL REVIEW,https://openalex.org/S159327246,European Sociological Review,False
International Journal of Nursing Studies Advances,https://openalex.org/S4210240685,International Journal of Nursing Studies Advances,True
European Journal of Futures Research,https://openalex.org/S2737130822,European Journal of Futures Research,True
JOURNAL OF THE AMERICAN DENTAL ASSOCIATION,https://openalex.org/S116566766,The Journal of the American Dental Association,False
EDUCATIONAL REVIEW,https://openalex.org/S4210176718,Educational Review,False
JOURNAL OF FINANCIAL INTERMEDIATION,https://openalex.org/S5984737,Journal of Financial Intermediation,False
Brazilian Journal of Physical Therapy,https://openalex.org/S25660060,Brazilian Journal of Physical Therapy,False
Clinical Oral Investigations,https://openalex.org/S103663982,Clinical Oral Investigations,False
DEVELOPMENT AND PSYCHOPATHOLOGY,https://openalex.org/S6115874,Development and Psychopathology,False
BRITISH JOURNAL OF EDUCATIONAL PSYCHOLOGY,https://openalex.org/S96095673,British Journal of Educational Psychology,False
Collabra-Psychology,https://openalex.org/S4210175756,Collabra Psychology,True
PEDIATRIC RESEARCH,https://openalex.org/S167664057,Pediatric Research,False
ACTA ASTRONAUTICA,https://openalex.org/S179591353,Acta Astronautica,False
Physiotherapy,https://openalex.org/S111121700,Physiotherapy,False
JOURNAL OF HEALTH COMMUNICATION,https://openalex.org/S27931387,Journal of Health Communication,False
Journal of Psychopathology and Clinical Science,https://openalex.org/S4210191519,Journal of Psychopathology and Clinical Science,False
JCMS-Journal of Common Market Studies,https://openalex.org/S122406424,JCMS Journal of Common Market Studies,False
PUBLIC PERSONNEL MANAGEMENT,https://openalex.org/S38942948,Public Personnel Management,False
Journal of Communication Management,https://openalex.org/S10496491,Journal of Communication Management,False
Sociology Compass,https://openalex.org/S100176667,Sociology Compass,False
Scandinavian Journal of Hospitality and Tourism,https://openalex.org/S127704935,Scandinavian Journal of Hospitality and Tourism,False
DEVELOPMENTAL PSYCHOLOGY,https://openalex.org/S126635229,Developmental Psychology,False
Advances in Developing Human Resources,https://openalex.org/S49321836,Advances in Developing Human Resources,False
INTERNATIONAL JOURNAL OF MODELLING AND SIMULATION,https://openalex.org/S79564839,International Journal of Modelling and Simulation,False
COMMUNICATION MONOGRAPHS,https://openalex.org/S173776643,Communication Monographs,False
International Journal of Implant Dentistry,https://openalex.org/S2737902342,International Journal of Implant Dentistry,True
International Journal of Business Communication,https://openalex.org/S2764759993,International Journal of Business Communication,False
ICES JOURNAL OF MARINE SCIENCE,https://openalex.org/S200038611,ICES Journal of Marine Science,True
JOURNAL OF ORAL REHABILITATION,https://openalex.org/S75186586,Journal of Oral Rehabilitation,False
WOOD SCIENCE AND TECHNOLOGY,https://openalex.org/S102543962,Wood Science and Technology,False
American Journal of Health Economics,https://openalex.org/S4210173595,American Journal of Health Economics,False
DEVELOPMENTAL SCIENCE,https://openalex.org/S154906575,Developmental Science,False
European Journal of Emergency Medicine,https://openalex.org/S170806771,European Journal of Emergency Medicine,False
JOURNAL OF RURAL HEALTH,https://openalex.org/S69340840,The Journal of Rural Health,False
Archives of Osteoporosis,https://openalex.org/S151413946,Archives of Osteoporosis,False
HEALTH PSYCHOLOGY,https://openalex.org/S34137071,Health Psychology,False
PSYCHOLOGY OF SPORT AND EXERCISE,https://openalex.org/S131954271,Psychology of sport and exercise,False
Geography Compass,https://openalex.org/S70424273,Geography Compass,False
HEALTH SERVICES RESEARCH,https://openalex.org/S2228914,Health Services Research,False
JOURNAL OF AUTISM AND DEVELOPMENTAL DISORDERS,https://openalex.org/S181451930,Journal of Autism and Developmental Disorders,False
Horticulturae,https://openalex.org/S2737241975,Horticulturae,True
JOURNAL OF ANALYTICAL ATOMIC SPECTROMETRY,https://openalex.org/S26602194,Journal of Analytical Atomic Spectrometry,False
RENAL FAILURE,https://openalex.org/S159051371,Renal Failure,True
SCIENCE TECHNOLOGY & HUMAN VALUES,https://openalex.org/S2181421,Science Technology & Human Values,False
Eye and Brain,https://openalex.org/S4210229303,Eye and Brain,True
AFRICAN DEVELOPMENT REVIEW-REVUE AFRICAINE DE DEVELOPPEMENT,https://openalex.org/S33443600,African Development Review,False
AMERICAN JOURNAL OF NEURORADIOLOGY,https://openalex.org/S101278519,American Journal of Neuroradiology,False
Applied Health Economics and Health Policy,https://openalex.org/S194514787,Applied Health Economics and Health Policy,False
STRESS AND HEALTH,https://openalex.org/S53429330,Stress and Health,False
European Journal of Health Economics,https://openalex.org/S16530434,The European Journal of Health Economics,False
npj Primary Care Respiratory Medicine,https://openalex.org/S2764412205,npj Primary Care Respiratory Medicine,True
JOURNAL OF ECONOMIC GEOGRAPHY,https://openalex.org/S46039370,Journal of Economic Geography,False
Australian Accounting Review,https://openalex.org/S144747835,Australian Accounting Review,False
IRRIGATION SCIENCE,https://openalex.org/S84263908,Irrigation Science,False
JOURNAL OF COGNITIVE NEUROSCIENCE,https://openalex.org/S123144817,Journal of Cognitive Neuroscience,False
Journal of the Association of Environmental and Resource Economists,https://openalex.org/S2735550652,Journal of the Association of Environmental and Resource Economists,False
APPLIED GEOCHEMISTRY,https://openalex.org/S105929320,Applied Geochemistry,False
EJNMMI Research,https://openalex.org/S2764570898,EJNMMI Research,True
International Braz J Urol,https://openalex.org/S75407890,International braz j urol,True
OCEAN MODELLING,https://openalex.org/S33756829,Ocean Modelling,False
APPLIED ERGONOMICS,https://openalex.org/S94432539,Applied Ergonomics,False
International Journal of Oral Implantology,https://openalex.org/S4393918946,International journal of oral implantology,False
Mindfulness,https://openalex.org/S47477353,Mindfulness,False
ONLINE INFORMATION REVIEW,https://openalex.org/S931548824,Online Information Review,False
JOURNAL OF CHEMICAL PHYSICS,https://openalex.org/S77047749,The Journal of Chemical Physics,False
MEDICAL DECISION MAKING,https://openalex.org/S103359281,Medical Decision Making,False
Critical Public Health,https://openalex.org/S23004866,Critical Public Health,False
Frontiers in Medicine,https://openalex.org/S2597052008,Frontiers in Medicine,True
JOURNAL OF THE AMERICAN SOCIETY FOR MASS SPECTROMETRY,https://openalex.org/S60743949,Journal of the American Society for Mass Spectrometry,False
Ticks and Tick-Borne Diseases,https://openalex.org/S107919129,Ticks and Tick-borne Diseases,True
ALGAE,https://openalex.org/S17783658,ALGAE,True
Journal of Cancer Survivorship,https://openalex.org/S43800363,Journal of Cancer Survivorship,False
Bioinspiration & Biomimetics,https://openalex.org/S87464931,Bioinspiration & Biomimetics,False
ORGANIC PROCESS RESEARCH & DEVELOPMENT,https://openalex.org/S107255770,Organic Process Research & Development,False
Accounting and Finance,https://openalex.org/S4210171597,Accounting and Finance,False
SCIENCE AND TECHNOLOGY OF WELDING AND JOINING,https://openalex.org/S140152165,Science and Technology of Welding & Joining,False
Navigation-Journal of the Institute of Navigation,https://openalex.org/S2765062576,NAVIGATION Journal of the Institute of Navigation,True
Therapeutic Advances in Reproductive Health,https://openalex.org/S4210221285,Therapeutic Advances in Reproductive Health,True
Financial Accountability & Management,https://openalex.org/S178634671,Financial Accountability and Management,False
JOURNAL OF IRON AND STEEL RESEARCH INTERNATIONAL,https://openalex.org/S23655555,Journal of Iron and Steel Research International,False
INTERNATIONAL JOURNAL,https://openalex.org/S86954274,International Journal Canada s Journal of Global Policy Analysis,False
Materials,https://openalex.org/S4306519315,Materials (Web),False
HONG KONG MEDICAL JOURNAL,https://openalex.org/S2736550995,Hong Kong Medical Journal,True
ILAR JOURNAL,https://openalex.org/S7144643,ILAR Journal,False
PHYSICS-USPEKHI,https://openalex.org/S34028136,Physics-Uspekhi,False
SCIENTIFIC AMERICAN,https://openalex.org/S100460328,Scientific American,False
Annual Review of Linguistics,https://openalex.org/S4210191548,Annual Review of Linguistics,False
Journal of Legal Analysis,https://openalex.org/S2735206538,The Journal of Legal Analysis,True
European Journal of Teacher Education,https://openalex.org/S36385850,European Journal of Teacher Education,False
Educacion XX1,https://openalex.org/S1018412103,Educación XX1,True
Society and Mental Health,https://openalex.org/S2764909113,Society and Mental Health,False
SOCIAL PROBLEMS,https://openalex.org/S129389861,Social Problems,False
TESOL QUARTERLY,https://openalex.org/S177238307,TESOL Quarterly,False
ZOOLOGICAL JOURNAL OF THE LINNEAN SOCIETY,https://openalex.org/S126748203,Zoological Journal of the Linnean Society,False
Journal of Human Rights and the Environment,https://openalex.org/S147783800,Journal of Human Rights and the Environment,False
Infectious Disease Modelling,https://openalex.org/S2898427929,Infectious Disease Modelling,True
Technology Knowledge and Learning,https://openalex.org/S2764582272,Technology Knowledge and Learning,False
SIAM JOURNAL ON SCIENTIFIC COMPUTING,https://openalex.org/S165512578,SIAM Journal on Scientific Computing,False
International Journal of Social Research Methodology,https://openalex.org/S125130336,International Journal of Social Research Methodology,False
JOURNAL OF THE AMERICAN STATISTICAL ASSOCIATION,https://openalex.org/S4394736638,Journal of the American Statistical Association,False
PNAS Nexus,https://openalex.org/S4220651275,PNAS Nexus,True
ANGLE ORTHODONTIST,https://openalex.org/S177636448,The Angle Orthodontist,True
Chinese Journal of International Politics,https://openalex.org/S7840540,The Chinese Journal of International Politics,False
GIFTED CHILD QUARTERLY,https://openalex.org/S182001,Gifted Child Quarterly,False
JOURNAL OF THE LEARNING SCIENCES,https://openalex.org/S42640028,Journal of the Learning Sciences,False
Aesthetic Surgery Journal,https://openalex.org/S193626562,Aesthetic Surgery Journal,False
EVALUATION REVIEW,https://openalex.org/S18835586,Evaluation Review,False
EXPERIMENTAL EYE RESEARCH,https://openalex.org/S129637156,Experimental Eye Research,False
EUROPEAN JOURNAL OF PEDIATRICS,https://openalex.org/S48201647,European Journal of Pediatrics,False
Nursing in Critical Care,https://openalex.org/S4210176328,Nursing in Critical Care,False
BRITISH EDUCATIONAL RESEARCH JOURNAL,https://openalex.org/S60281869,British Educational Research Journal,False
PERMAFROST AND PERIGLACIAL PROCESSES,https://openalex.org/S192927201,Permafrost and Periglacial Processes,False
Socius,https://openalex.org/S4210198833,Socius Sociological Research for a Dynamic World,True
Swiss Journal of Palaeontology,https://openalex.org/S2764646309,Swiss Journal of Palaeontology,True
ADVANCES IN HEALTH SCIENCES EDUCATION,https://openalex.org/S129194695,Advances in Health Sciences Education,False
EVOLUTION AND HUMAN BEHAVIOR,https://openalex.org/S148068116,Evolution and Human Behavior,False
HEALTH COMMUNICATION,https://openalex.org/S108453729,Health Communication,False
Porcine Health Management,https://openalex.org/S2737862693,Porcine Health Management,True
Scandinavian Journal of Trauma Resuscitation & Emergency Medicine,https://openalex.org/S108358066,Scandinavian Journal of Trauma Resuscitation and Emergency Medicine,True
Geopolitics,https://openalex.org/S20737860,Geopolitics,False
RESEARCH ON LANGUAGE AND SOCIAL INTERACTION,https://openalex.org/S81152389,Research on Language and Social Interaction,False
Journal of Orthopaedics and Traumatology,https://openalex.org/S71015530,Journal of Orthopaedics and Traumatology,True
JOURNAL OF SCIENCE AND MEDICINE IN SPORT,https://openalex.org/S150894996,Journal of science and medicine in sport,False
Journal of Primary Care and Community Health,https://openalex.org/S59821943,Journal of Primary Care & Community Health,True
SEX ROLES,https://openalex.org/S73388012,Sex Roles,False
Computer Science Education,https://openalex.org/S97147119,Computer Science Education,False
MINNESOTA LAW REVIEW,https://openalex.org/S120024774,Minnesota law review,False
JOURNAL OF VESTIBULAR RESEARCH-EQUILIBRIUM & ORIENTATION,https://openalex.org/S4210214825,Journal of Vestibular Research,False
Academic Pediatrics,https://openalex.org/S141855577,Academic Pediatrics,False
Health & Justice,https://openalex.org/S2739321926,Health & Justice,True
EPJ Data Science,https://openalex.org/S2504380752,EPJ Data Science,True
REGULATORY TOXICOLOGY AND PHARMACOLOGY,https://openalex.org/S87719511,Regulatory Toxicology and Pharmacology,False
ENVIRONMENTAL AND ECOLOGICAL STATISTICS,https://openalex.org/S43170165,Environmental and Ecological Statistics,False
JOURNAL OF WOMENS HEALTH,https://openalex.org/S191117624,Journal of Women s Health,False
Revista Latina de Comunicacion Social,https://openalex.org/S4210190514,Revista Latina de Comunicación Social,True
AQUACULTURE NUTRITION,https://openalex.org/S126023004,Aquaculture Nutrition,True
Men and Masculinities,https://openalex.org/S96072387,Men and Masculinities,False
ASIAN JOURNAL OF ANDROLOGY,https://openalex.org/S78604184,Asian Journal of Andrology,True
PLACENTA,https://openalex.org/S171513543,Placenta,False
Econometrics Journal,https://openalex.org/S33519306,Econometrics Journal,False
SOCIAL SCIENCE COMPUTER REVIEW,https://openalex.org/S127118166,Social Science Computer Review,False
CLINICAL NEUROPSYCHOLOGIST,https://openalex.org/S25741891,The Clinical Neuropsychologist,False
Current Problems in Pediatric and Adolescent Health Care,https://openalex.org/S150570842,Current problems in pediatric and adolescent health care,False
Journal of Public Budgeting Accounting & Financial Management,https://openalex.org/S2912564958,Journal of Public Budgeting Accounting & Financial Management,False
ACTA OPHTHALMOLOGICA,https://openalex.org/S21165490,Acta Ophthalmologica,False
Emotion Review,https://openalex.org/S47098207,Emotion Review,False
INTERNATIONAL JOURNAL OF SPORT NUTRITION AND EXERCISE METABOLISM,https://openalex.org/S54215592,International Journal of Sport Nutrition and Exercise Metabolism,False
FORESTRY,https://openalex.org/S152552278,Forestry An International Journal of Forest Research,False
International Journal of Sustainability in Higher Education,https://openalex.org/S129922104,International Journal of Sustainability in Higher Education,False
Journal of Trauma and Acute Care Surgery,https://openalex.org/S4210177186,Journal of Trauma and Acute Care Surgery,False
Parasites & Vectors,https://openalex.org/S80413395,Parasites & Vectors,True
Personality Disorders-Theory Research and Treatment,https://openalex.org/S158413896,Personality Disorders Theory Research and Treatment,False
INFORMATION SOCIETY,https://openalex.org/S144363146,The Information Society,False
RISK ANALYSIS,https://openalex.org/S161248890,Risk Analysis,False
Journal of Personalized Medicine,https://openalex.org/S2736780684,Journal of Personalized Medicine,True
BMC Medical Ethics,https://openalex.org/S17537316,BMC Medical Ethics,True
IEEE TRANSACTIONS ON ULTRASONICS FERROELECTRICS AND FREQUENCY CONTROL,https://openalex.org/S120877133,IEEE Transactions on Ultrasonics Ferroelectrics and Frequency Control,False
Environment and Planning E-Nature and Space,https://openalex.org/S4210198423,Environment and Planning E Nature and Space,False
COGNITIVE PSYCHOLOGY,https://openalex.org/S36783443,Cognitive Psychology,False
Fire-Switzerland,https://openalex.org/S4210172554,Fire,True
PROBABILISTIC ENGINEERING MECHANICS,https://openalex.org/S189810516,Probabilistic Engineering Mechanics,False
DEVELOPMENT AND CHANGE,https://openalex.org/S137192870,Development and Change,False
JOURNAL OF KOREAN MEDICAL SCIENCE,https://openalex.org/S11290066,Journal of Korean Medical Science,True
Turkish Journal of Agriculture and Forestry,https://openalex.org/S148591575,TURKISH JOURNAL OF AGRICULTURE AND FORESTRY,False
Motivation Science,https://openalex.org/S4210169014,Motivation Science,False
Competition & Change,https://openalex.org/S187200255,Competition & Change,False
European Journal of Investigation in Health Psychology and Education,https://openalex.org/S2739472552,European Journal of Investigation in Health Psychology and Education,True
NEW LEFT REVIEW,https://openalex.org/S83938913,New left review,False
Environmental Communication-A Journal of Nature and Culture,https://openalex.org/S46483713,Environmental Communication,False
Journal of Clinical Medicine,https://openalex.org/S2737969411,Journal of Clinical Medicine,True
Frontiers in Oral Health,https://openalex.org/S4210201735,Frontiers in Oral Health,True
Mineral Economics,https://openalex.org/S4210197456,Mineral Economics,False
Journal of Plant Ecology,https://openalex.org/S2735987199,Journal of Plant Ecology,False
INTERNATIONAL JOURNAL OF PRESSURE VESSELS AND PIPING,https://openalex.org/S14064848,International Journal of Pressure Vessels and Piping,False
MARINE ENVIRONMENTAL RESEARCH,https://openalex.org/S205788060,Marine Environmental Research,False
Diagnostics,https://openalex.org/S4210172076,Diagnostics,True
Geophysics,https://openalex.org/S106174089,Geophysics,False
Eating Disorders,https://openalex.org/S60315679,Eating Disorders,False
Annals of Coloproctology,https://openalex.org/S4210194619,Annals of Coloproctology,True
ANNALS OF THE ENTOMOLOGICAL SOCIETY OF AMERICA,https://openalex.org/S79992667,Annals of the Entomological Society of America,False
Futures,https://openalex.org/S130638383,Futures,False
MARINE CHEMISTRY,https://openalex.org/S1650486,Marine Chemistry,False
CURRENT OPINION IN OPHTHALMOLOGY,https://openalex.org/S145244763,Current Opinion in Ophthalmology,False
International Journal of Economic Sciences,https://openalex.org/S4210219127,International Journal of Economic Sciences,True
INTERNATIONAL JOURNAL OF URBAN SCIENCES,https://openalex.org/S2764671211,International Journal of Urban Sciences,False
BIODIVERSITY AND CONSERVATION,https://openalex.org/S5043789,Biodiversity and Conservation,False
Archives of Medical Science,https://openalex.org/S30890154,Archives of Medical Science,True
Journal of Global Information Technology Management,https://openalex.org/S194615914,Journal of Global Information Technology Management,False
Hague Journal on the Rule of Law,https://openalex.org/S159153988,Hague Journal on the Rule of Law,False
SOCIAL STUDIES OF SCIENCE,https://openalex.org/S68632876,Social Studies of Science,False
Applied Mathematics Letters,https://openalex.org/S7571225,Applied Mathematics Letters,False
Research in Developmental Disabilities,https://openalex.org/S132320204,Research in Developmental Disabilities,False
SOCIAL NETWORKS,https://openalex.org/S26186134,Social Networks,False
Journal of Learning Analytics,https://openalex.org/S2764890288,Journal of Learning Analytics,False
GOVERNMENT AND OPPOSITION,https://openalex.org/S29411750,Government and Opposition,False
COMPUTERS & MATHEMATICS WITH APPLICATIONS,https://openalex.org/S4210205691,Computers & Mathematics with Applications,False
International Journal of Nursing Sciences,https://openalex.org/S2764778172,International Journal of Nursing Sciences,True
Physical Education and Sport Pedagogy,https://openalex.org/S4210188992,Physical Education and Sport Pedagogy,False
JOURNAL OF MEMORY AND LANGUAGE,https://openalex.org/S53787413,Journal of Memory and Language,False
Insect Science,https://openalex.org/S77581241,Insect Science,False
Clinical and Experimental Otorhinolaryngology,https://openalex.org/S172772906,Clinical and Experimental Otorhinolaryngology,True
PUBLIC OPINION QUARTERLY,https://openalex.org/S135539873,Public Opinion Quarterly,False
International Environmental Agreements-Politics Law and Economics,https://openalex.org/S54467454,International Environmental Agreements Politics Law and Economics,False
Police Quarterly,https://openalex.org/S167107504,Police Quarterly,False
NURSING ETHICS,https://openalex.org/S150985620,Nursing Ethics,False
Current Reviews in Musculoskeletal Medicine,https://openalex.org/S82625836,Current Reviews in Musculoskeletal Medicine,False
EUROPEAN UNION POLITICS,https://openalex.org/S67398210,European Union Politics,False
ILR Review,https://openalex.org/S192274990,ILR Review,False
ARCHIVES OF SEXUAL BEHAVIOR,https://openalex.org/S28964699,Archives of Sexual Behavior,False
Archives of Academic Emergency Medicine,https://openalex.org/S4306502826,Archives of Academic Emergency Medicine,False
International Breastfeeding Journal,https://openalex.org/S155604799,International Breastfeeding Journal,True
JOURNAL OF REFRACTIVE SURGERY,https://openalex.org/S69264623,Journal of Refractive Surgery,False
SCIENTIFIC STUDIES OF READING,https://openalex.org/S128978809,Scientific Studies of Reading,False
JOURNAL OF SHOULDER AND ELBOW SURGERY,https://openalex.org/S146952083,Journal of Shoulder and Elbow Surgery,False
Ophthalmology Glaucoma,https://openalex.org/S2898297012,Ophthalmology Glaucoma,False
REVIEW OF HIGHER EDUCATION,https://openalex.org/S186832212,Review of higher education/The review of higher education,False
OBESITY SURGERY,https://openalex.org/S12098962,Obesity Surgery,False
Food and Waterborne Parasitology,https://openalex.org/S2898529774,Food and Waterborne Parasitology,True
Transfer-European Review of Labour and Research,https://openalex.org/S111163843,Transfer European Review of Labour and Research,False
PATIENT EDUCATION AND COUNSELING,https://openalex.org/S39041608,Patient Education and Counseling,False
Public Policy and Administration,https://openalex.org/S17185278,Public Policy and Administration,False
Seminars in Fetal & Neonatal Medicine,https://openalex.org/S4210205002,Seminars in Fetal and Neonatal Medicine,False
JOURNAL OF NEUROSURGERY-SPINE,https://openalex.org/S4210167578,Journal of Neurosurgery Spine,False
JOURNAL OF THERMAL BIOLOGY,https://openalex.org/S39195600,Journal of Thermal Biology,False
CANADIAN PSYCHOLOGY-PSYCHOLOGIE CANADIENNE,https://openalex.org/S39440278,Canadian Psychology/Psychologie canadienne,False
ORAL DISEASES,https://openalex.org/S144270092,Oral Diseases,False
CARIES RESEARCH,https://openalex.org/S23327923,Caries Research,False
ELECTORAL STUDIES,https://openalex.org/S124584455,Electoral Studies,False
DENTOMAXILLOFACIAL RADIOLOGY,https://openalex.org/S32481061,Dentomaxillofacial Radiology,False
JOURNAL OF ETHNOBIOLOGY,https://openalex.org/S72250933,Journal of Ethnobiology,False
IEEE Transactions on Learning Technologies,https://openalex.org/S130363450,IEEE Transactions on Learning Technologies,False
Journal of Cybersecurity,https://openalex.org/S2735156331,Journal of Cybersecurity,True
INTERNATIONAL JOURNAL OF WILDLAND FIRE,https://openalex.org/S65166364,International Journal of Wildland Fire,False
URBAN GEOGRAPHY,https://openalex.org/S153445956,Urban Geography,False
Journal of Applied Research in Memory and Cognition,https://openalex.org/S2764634622,Journal of Applied Research in Memory and Cognition,False
PAIN MEDICINE,https://openalex.org/S191903559,Pain Medicine,False
IUCrJ,https://openalex.org/S2737064587,IUCrJ,True
Topics in Cognitive Science,https://openalex.org/S22283869,Topics in Cognitive Science,False
Journal of Ophthalmic Inflammation and Infection,https://openalex.org/S2738472438,Journal of Ophthalmic Inflammation and Infection,True
Hematology-American Society of Hematology Education Program,https://openalex.org/S4210206817,Hematology,False
Indian Journal of Anaesthesia,https://openalex.org/S174280328,Indian Journal of Anaesthesia,True
Journal of Asian Economics,https://openalex.org/S69458508,Journal of Asian Economics,False
JOURNAL OF ENDOUROLOGY,https://openalex.org/S182300451,Journal of Endourology,False
QUARTERLY REVIEW OF ECONOMICS AND FINANCE,https://openalex.org/S125273398,The Quarterly Review of Economics and Finance,False
ENVIRONMENT AND PLANNING D-SOCIETY & SPACE,https://openalex.org/S4210219814,Environment and Planning D Society and Space,False
LITHOS,https://openalex.org/S107629180,Lithos,False
PSYCHOMETRIKA,https://openalex.org/S186480540,Psychometrika,False
PSYCHOPHYSIOLOGY,https://openalex.org/S167723465,Psychophysiology,False
China & World Economy,https://openalex.org/S48661868,China & World Economy,False
Research on Child and Adolescent Psychopathology,https://openalex.org/S4210208661,Research on Child and Adolescent Psychopathology,False
Colorectal Disease,https://openalex.org/S91064148,Colorectal Disease,False
Performance Enhancement & Health,https://openalex.org/S2764777161,Performance Enhancement & Health,False
CLINICS IN PERINATOLOGY,https://openalex.org/S7604852,Clinics in Perinatology,False
JOURNAL OF MEDICAL ECONOMICS,https://openalex.org/S155267287,Journal of Medical Economics,True
PSYCHOSOMATIC MEDICINE,https://openalex.org/S78750095,Psychosomatic Medicine,False
Journal of Contemporary Accounting & Economics,https://openalex.org/S142725411,Journal of Contemporary Accounting & Economics,False
Journal of Agricultural Education & Extension,https://openalex.org/S18483251,The Journal of Agricultural Education and Extension,False
JOURNAL OF APPLIED BEHAVIOR ANALYSIS,https://openalex.org/S125122479,Journal of Applied Behavior Analysis,False
JOURNAL OF POLITICAL PHILOSOPHY,https://openalex.org/S81746323,Journal of Political Philosophy,False
COGNITIVE AND BEHAVIORAL PRACTICE,https://openalex.org/S75230894,Cognitive and Behavioral Practice,False
PEDIATRIC INFECTIOUS DISEASE JOURNAL,https://openalex.org/S109369870,The Pediatric Infectious Disease Journal,False
Royal Society Open Science,https://openalex.org/S2737558550,Royal Society Open Science,True
Journal of Ethnobiology and Ethnomedicine,https://openalex.org/S83197289,Journal of Ethnobiology and Ethnomedicine,True
Kidney Research and Clinical Practice,https://openalex.org/S2764663065,Kidney Research and Clinical Practice,True
European Journal of Cardiovascular Nursing,https://openalex.org/S178548257,European Journal of Cardiovascular Nursing,False
HUMAN FACTORS,https://openalex.org/S83386566,Human Factors The Journal of the Human Factors and Ergonomics Society,False
PLoS One,https://openalex.org/S202381698,PLoS ONE,True
PROCEEDINGS OF THE ROYAL SOCIETY A-MATHEMATICAL PHYSICAL AND ENGINEERING SCIENCES,https://openalex.org/S3006183880,Proceedings of the Royal Society A Mathematical Physical and Engineering Sciences,False
COGNITIVE THERAPY AND RESEARCH,https://openalex.org/S47649111,Cognitive Therapy and Research,False
CLIMACTERIC,https://openalex.org/S110024640,Climacteric,False
CELLS TISSUES ORGANS,https://openalex.org/S127220685,Cells Tissues Organs,False
Facets,https://openalex.org/S4210213787,FACETS,True
MATCH-COMMUNICATIONS IN MATHEMATICAL AND IN COMPUTER CHEMISTRY,https://openalex.org/S4210170887,match Communications in Mathematical and in Computer Chemistry,False
Geographical Research,https://openalex.org/S173349649,Geographical Research,False
Mobilities,https://openalex.org/S81124448,Mobilities,False
RESEARCH EVALUATION,https://openalex.org/S16793705,Research Evaluation,False
JOURNAL OF BUSINESS & ECONOMIC STATISTICS,https://openalex.org/S18095783,Journal of Business and Economic Statistics,False
ORGANIC & BIOMOLECULAR CHEMISTRY,https://openalex.org/S179810352,Organic & Biomolecular Chemistry,False
BMC BIOINFORMATICS,https://openalex.org/S19032547,BMC Bioinformatics,True
Journal of Mental Health,https://openalex.org/S112414500,Journal of Mental Health,False
Minerva Anestesiologica,https://openalex.org/S80724002,Minerva Anestesiologica,False
GROWTH AND CHANGE,https://openalex.org/S100141487,Growth and Change,False
JOURNAL OF EXPERIMENTAL EDUCATION,https://openalex.org/S143721676,The Journal of Experimental Education,False
MEDICAL PRINCIPLES AND PRACTICE,https://openalex.org/S54128167,Medical Principles and Practice,True
Journal of Environmental Policy & Planning,https://openalex.org/S20798355,Journal of Environmental Policy & Planning,False
PHYSICAL CHEMISTRY CHEMICAL PHYSICS,https://openalex.org/S181332294,Physical Chemistry Chemical Physics,False
Spanish Journal of Psychology,https://openalex.org/S54899181,The Spanish Journal of Psychology,False
JOURNAL OF THE MEDICAL LIBRARY ASSOCIATION,https://openalex.org/S146304353,Journal of the Medical Library Association JMLA,True
Plasma Processes and Polymers,https://openalex.org/S17577527,Plasma Processes and Polymers,False
Advanced Theory and Simulations,https://openalex.org/S4210193742,Advanced Theory and Simulations,False
Advances in Aerodynamics,https://openalex.org/S3034236846,Advances in Aerodynamics,True
MICROSCOPY AND MICROANALYSIS,https://openalex.org/S98208149,Microscopy and Microanalysis,False
Open Ceramics,https://openalex.org/S4210174163,Open Ceramics,True
FEDERAL RESERVE BANK OF ST LOUIS REVIEW,https://openalex.org/S43156200,Review,True
Journal of Infusion Nursing,https://openalex.org/S63785217,Journal of Infusion Nursing,False
Annual Review of Applied Linguistics,https://openalex.org/S108074651,Annual Review of Applied Linguistics,False
Forum of Mathematics Pi,https://openalex.org/S2911503828,Forum of Mathematics Pi,True
Annual Review of Anthropology,https://openalex.org/S195167216,Annual Review of Anthropology,False
Online Learning,https://openalex.org/S4210168624,Online Learning,True
Jornal de Pediatria,https://openalex.org/S66095140,Jornal de Pediatria,True
Applied Research in Quality of Life,https://openalex.org/S108875122,Applied Research in Quality of Life,False
Educational Assessment Evaluation and Accountability,https://openalex.org/S4210228968,Educational Assessment Evaluation and Accountability,False
JOURNAL OF QUANTITATIVE CRIMINOLOGY,https://openalex.org/S25809236,Journal of Quantitative Criminology,False
JOURNAL OF ETHNIC AND MIGRATION STUDIES,https://openalex.org/S149872823,Journal of Ethnic and Migration Studies,False
SIAM JOURNAL ON NUMERICAL ANALYSIS,https://openalex.org/S203348814,SIAM Journal on Numerical Analysis,False
SCHOOL EFFECTIVENESS AND SCHOOL IMPROVEMENT,https://openalex.org/S186751577,School Effectiveness and School Improvement,False
SOCIAL INDICATORS RESEARCH,https://openalex.org/S112952035,Social Indicators Research,False
JOURNAL OF SCIENTIFIC COMPUTING,https://openalex.org/S151550017,Journal of Scientific Computing,False
INTERNATIONAL JOURNAL OF EDUCATIONAL DEVELOPMENT,https://openalex.org/S20152851,International Journal of Educational Development,False
JOURNAL OF EDUCATION POLICY,https://openalex.org/S47924309,Journal of Education Policy,False
EMERGING MARKETS FINANCE AND TRADE,https://openalex.org/S166264140,Emerging Markets Finance and Trade,False
JOURNAL OF PROFESSIONAL NURSING,https://openalex.org/S162826810,Journal of Professional Nursing,False
Race and Social Problems,https://openalex.org/S46482365,Race and Social Problems,False
Journal of Marketing Education,https://openalex.org/S153861934,Journal of Marketing Education,False
Bone & Joint Open,https://openalex.org/S4210195717,Bone & Joint Open,True
School Leadership & Management,https://openalex.org/S99844693,School Leadership and Management,False
European Journal of Education,https://openalex.org/S71191459,European Journal of Education,False
Journal of Studies in International Education,https://openalex.org/S50258942,Journal of Studies in International Education,False
Journalism Studies,https://openalex.org/S119437531,Journalism Studies,False
SECURITY DIALOGUE,https://openalex.org/S132665167,Security Dialogue,False
EMERGENCY MEDICINE JOURNAL,https://openalex.org/S127305661,Emergency Medicine Journal,False
BIRTH-ISSUES IN PERINATAL CARE,https://openalex.org/S179726395,Birth,False
Science and Medicine in Football,https://openalex.org/S4210170053,Science and Medicine in Football,False
EUROPEAN JOURNAL OF ORTHODONTICS,https://openalex.org/S64889221,European Journal of Orthodontics,False
WOMENS HEALTH ISSUES,https://openalex.org/S81455456,Women s Health Issues,False
Journal of Orthopaedic Surgery and Research,https://openalex.org/S160567915,Journal of Orthopaedic Surgery and Research,True
BMC Pregnancy and Childbirth,https://openalex.org/S123732490,BMC Pregnancy and Childbirth,True
MENOPAUSE-THE JOURNAL OF THE NORTH AMERICAN MENOPAUSE SOCIETY,https://openalex.org/S95311925,Menopause The Journal of The North American Menopause Society,False
HIGHER EDUCATION QUARTERLY,https://openalex.org/S184445340,Higher Education Quarterly,False
Journal of Vascular Surgery-Venous and Lymphatic Disorders,https://openalex.org/S2764537351,Journal of Vascular Surgery Venous and Lymphatic Disorders,False
Journal of Geographical Systems,https://openalex.org/S144150890,Journal of Geographical Systems,False
Psychology Research and Behavior Management,https://openalex.org/S2764728225,Psychology Research and Behavior Management,True
CONTRACEPTION,https://openalex.org/S82319153,Contraception,False
International Journal of Veterinary Science and Medicine,https://openalex.org/S2898220704,International Journal of Veterinary Science and Medicine,True
Cognition,https://openalex.org/S88198767,Cognition,False
INTERNATIONAL LABOUR REVIEW,https://openalex.org/S50174339,International Labour Review,False
JOURNAL OF PHYSICAL OCEANOGRAPHY,https://openalex.org/S162372621,Journal of Physical Oceanography,False
Journal of Intelligence,https://openalex.org/S2737368440,Journal of Intelligence,True
Molecular Oral Microbiology,https://openalex.org/S34700584,Molecular Oral Microbiology,False
Journal of Nuclear Materials,https://openalex.org/S149516416,Journal of Nuclear Materials,False
EUROPEAN JOURNAL OF APPLIED PHYSIOLOGY,https://openalex.org/S205145379,European Journal of Applied Physiology,False
Journal of Natural Fibers,https://openalex.org/S29409266,Journal of Natural Fibers,True
SUPPORTIVE CARE IN CANCER,https://openalex.org/S50055314,Supportive Care in Cancer,False
JOURNAL OF COMPARATIVE ECONOMICS,https://openalex.org/S138645024,Journal of Comparative Economics,False
Maternal and Child Nutrition,https://openalex.org/S162636843,Maternal and Child Nutrition,True
Economic Systems,https://openalex.org/S206007305,Economic Systems,False
BIOLOGICAL PSYCHOLOGY,https://openalex.org/S3694117,Biological Psychology,False
JOURNAL OF APPLIED PHYCOLOGY,https://openalex.org/S4121844,Journal of Applied Phycology,False
CHEMICAL SENSES,https://openalex.org/S8722945,Chemical Senses,False
Pediatric Rheumatology,https://openalex.org/S121831025,Pediatric Rheumatology,True
RADIATION PHYSICS AND CHEMISTRY,https://openalex.org/S147871266,Radiation Physics and Chemistry,False
Accountability in Research-Ethics Integrity and Policy,https://openalex.org/S36233454,Accountability in Research,False
JOURNAL OF PHYCOLOGY,https://openalex.org/S164789166,Journal of Phycology,False
EXPERIMENTAL THERMAL AND FLUID SCIENCE,https://openalex.org/S130017051,Experimental Thermal and Fluid Science,False
Computational Particle Mechanics,https://openalex.org/S2765036585,Computational Particle Mechanics,False
EUROPEAN ECONOMIC REVIEW,https://openalex.org/S69338747,European Economic Review,False
FRESHWATER BIOLOGY,https://openalex.org/S162100826,Freshwater Biology,False
ANIMAL CONSERVATION,https://openalex.org/S144146645,Animal Conservation,False
CONNECTIVE TISSUE RESEARCH,https://openalex.org/S3113591,Connective Tissue Research,False
HOUSING POLICY DEBATE,https://openalex.org/S52853039,Housing Policy Debate,False
RAND JOURNAL OF ECONOMICS,https://openalex.org/S34139249,The RAND Journal of Economics,False
Annals of Pediatric Endocrinology & Metabolism,https://openalex.org/S2764536087,Annals of Pediatric Endocrinology & Metabolism,True
BIOLOGICAL INVASIONS,https://openalex.org/S207083915,Biological Invasions,False
Conservation Science and Practice,https://openalex.org/S4210240746,Conservation Science and Practice,True
Frontiers in Marine Science,https://openalex.org/S2596539584,Frontiers in Marine Science,True
JOURNAL OF LOW FREQUENCY NOISE VIBRATION AND ACTIVE CONTROL,https://openalex.org/S182773888,"Journal of low frequency noise, vibration and active control",True
Journal of Pacific Rim Psychology,https://openalex.org/S33876618,Journal of Pacific Rim Psychology,True
Tropical Medicine and Infectious Disease,https://openalex.org/S2737916383,Tropical Medicine and Infectious Disease,True
JOURNAL OF PLANNING EDUCATION AND RESEARCH,https://openalex.org/S200299299,Journal of Planning Education and Research,False
Mathematical Geosciences,https://openalex.org/S4210237802,Mathematical Geosciences,False
Journal of Choice Modelling,https://openalex.org/S2764690196,Journal of Choice Modelling,False
ADVANCES IN SPACE RESEARCH,https://openalex.org/S113313948,Advances in Space Research,False
Mining of Mineral Deposits,https://openalex.org/S2764734164,Mining of Mineral Deposits,False
EUROPEAN URBAN AND REGIONAL STUDIES,https://openalex.org/S126499095,European Urban and Regional Studies,False
Journal of the Association for Information Science and Technology,https://openalex.org/S4210197613,Journal of the Association for Information Science and Technology,False
INDUSTRIAL AND CORPORATE CHANGE,https://openalex.org/S145507837,Industrial and Corporate Change,False
DATA BASE FOR ADVANCES IN INFORMATION SYSTEMS,https://openalex.org/S199280970,ACM SIGMIS Database the DATABASE for Advances in Information Systems,False
Asian Journal of Organic Chemistry,https://openalex.org/S2491942749,Asian Journal of Organic Chemistry,False
CHEMICAL PHYSICS LETTERS,https://openalex.org/S44567922,Chemical Physics Letters,False
Flow,https://openalex.org/S4306510603,FLOW,False
CHIRALITY,https://openalex.org/S67976470,Chirality,False
Economia Politica,https://openalex.org/S26598852,Economia Politica,False
SCIENCE AND ENGINEERING ETHICS,https://openalex.org/S14881475,Science and Engineering Ethics,False
JOURNAL OF MULTILINGUAL AND MULTICULTURAL DEVELOPMENT,https://openalex.org/S177839238,Journal of Multilingual and Multicultural Development,False
AMERICAN ANTIQUITY,https://openalex.org/S34864311,American Antiquity,False
THEORY CULTURE & SOCIETY,https://openalex.org/S77333486,Theory Culture & Society,False
JOURNAL OF MARRIAGE AND FAMILY,https://openalex.org/S146344,Journal of Marriage and Family,False
European Security,https://openalex.org/S29557850,European Security,False
European Policy Analysis,https://openalex.org/S4210228320,European Policy Analysis,False
Research in Social Stratification and Mobility,https://openalex.org/S159612214,Research in Social Stratification and Mobility,False
LEARNING ENVIRONMENTS RESEARCH,https://openalex.org/S103647685,Learning Environments Research,False
ECNU Review of Education,https://openalex.org/S4210224864,ECNU Review of Education,True
Assessment in Education-Principles Policy & Practice,https://openalex.org/S190677702,Assessment in Education Principles Policy and Practice,False
EUROPEAN JOURNAL OF INTERNATIONAL RELATIONS,https://openalex.org/S40975480,European Journal of International Relations,False
BMC Medical Education,https://openalex.org/S144187503,BMC Medical Education,True
European Political Science Review,https://openalex.org/S202288906,European Political Science Review,False
Sociological Science,https://openalex.org/S2739021930,Sociological Science,True
Journalism,https://openalex.org/S111964278,Journalism,False
Media and Communication,https://openalex.org/S2764971081,Media and Communication,True
OTOLARYNGOLOGY-HEAD AND NECK SURGERY,https://openalex.org/S200877091,Otolaryngology,False
AMERICAN JOURNAL OF EMERGENCY MEDICINE,https://openalex.org/S172125442,The American Journal of Emergency Medicine,False
Pediatric Obesity,https://openalex.org/S4210203454,Pediatric Obesity,False
Educational Management Administration & Leadership,https://openalex.org/S185116427,Educational Management Administration & Leadership,False
CLINICAL SOCIAL WORK JOURNAL,https://openalex.org/S412057,Clinical Social Work Journal,False
PHYSICA D-NONLINEAR PHENOMENA,https://openalex.org/S4210235043,Physica D Nonlinear Phenomena,False
Mass Communication and Society,https://openalex.org/S153570774,Mass Communication & Society,False
Animals,https://openalex.org/S4210168508,Animals,True
CHAOS,https://openalex.org/S187806540,Chaos An Interdisciplinary Journal of Nonlinear Science,False
Journal of Interactive Media in Education,https://openalex.org/S2764787909,Journal of Interactive Media in Education,True
SEDIMENTARY GEOLOGY,https://openalex.org/S85417211,Sedimentary Geology,False
Equity & Excellence in Education,https://openalex.org/S55110324,Equity & Excellence in Education,False
JOURNAL OF STORED PRODUCTS RESEARCH,https://openalex.org/S85016161,Journal of Stored Products Research,False
BROOKINGS PAPERS ON ECONOMIC ACTIVITY,https://openalex.org/S4210173904,Brookings Papers on Economic Activity,False
Insects,https://openalex.org/S28057480,Insects,True
BRITISH JOURNAL OF SOCIOLOGY,https://openalex.org/S173252385,British Journal of Sociology,False
Nurse Educator,https://openalex.org/S203226007,Nurse Educator,False
AMERICAN JOURNAL OF ORTHODONTICS AND DENTOFACIAL ORTHOPEDICS,https://openalex.org/S67147237,American Journal of Orthodontics and Dentofacial Orthopedics,False
Cartilage,https://openalex.org/S97680518,Cartilage,False
AMERICAN JOURNAL OF SURGERY,https://openalex.org/S101510409,The American Journal of Surgery,False
JOURNAL OF SEX RESEARCH,https://openalex.org/S177222959,The Journal of Sex Research,False
Brain Structure & Function,https://openalex.org/S172319488,Brain Structure and Function,False
WORK EMPLOYMENT AND SOCIETY,https://openalex.org/S60510972,Work Employment and Society,False
Journal of Advanced Prosthodontics,https://openalex.org/S51937049,The Journal of Advanced Prosthodontics,True
JOURNAL OF ANIMAL SCIENCE,https://openalex.org/S72684844,Journal of Animal Science,False
Journal of Higher Education Policy and Management,https://openalex.org/S104568202,Journal of Higher Education Policy and Management,False
ACM TRANSACTIONS ON MATHEMATICAL SOFTWARE,https://openalex.org/S163326656,ACM Transactions on Mathematical Software,False
APPLIED NURSING RESEARCH,https://openalex.org/S144851420,Applied Nursing Research,False
INTERNATIONAL JOURNAL OF CONFLICT MANAGEMENT,https://openalex.org/S78280016,International Journal of Conflict Management,False
SPINE,https://openalex.org/S4026894,Spine,False
DEVELOPMENTAL AND COMPARATIVE IMMUNOLOGY,https://openalex.org/S81563257,Developmental & Comparative Immunology,False
Astrodynamics,https://openalex.org/S4210175904,Astrodynamics,False
CORAL REEFS,https://openalex.org/S130807758,Coral Reefs,False
IRISH VETERINARY JOURNAL,https://openalex.org/S177695016,Irish veterinary journal,False
JOURNAL OF FAMILY VIOLENCE,https://openalex.org/S53301456,Journal of Family Violence,False
Dental and Medical Problems,https://openalex.org/S2764459393,Dental and Medical Problems,True
JOURNAL OF EUROPEAN SOCIAL POLICY,https://openalex.org/S187013691,Journal of European Social Policy,False
JOURNAL OF ORAL PATHOLOGY & MEDICINE,https://openalex.org/S86809486,Journal of Oral Pathology and Medicine,False
SOCIOLOGY OF HEALTH & ILLNESS,https://openalex.org/S123166236,Sociology of Health & Illness,False
Annals of GIS,https://openalex.org/S4210199948,Annals of GIS,True
BMC Psychology,https://openalex.org/S2764871139,BMC Psychology,True
TRANSPLANT INTERNATIONAL,https://openalex.org/S121647140,Transplant International,True
Public Relations Inquiry,https://openalex.org/S2010360,Public Relations Inquiry,False
PAEDIATRIC AND PERINATAL EPIDEMIOLOGY,https://openalex.org/S134018196,Paediatric and Perinatal Epidemiology,False
Inland Waters,https://openalex.org/S2475729051,Inland Waters,False
European Journal of Oncology Nursing,https://openalex.org/S198387837,European Journal of Oncology Nursing,False
Croatian Journal of Forest Engineering,https://openalex.org/S129123307,Croatian journal of forest engineering,True
HPB,https://openalex.org/S185605772,HPB,False
SHOCK,https://openalex.org/S174819509,Shock,False
Trees Forests and People,https://openalex.org/S4210201025,Trees Forests and People,True
EDUCATIONAL RESEARCH,https://openalex.org/S147352759,Educational Research,False
DENDROCHRONOLOGIA,https://openalex.org/S75371934,Dendrochronologia,False
INTERNATIONAL JOURNAL OF URBAN AND REGIONAL RESEARCH,https://openalex.org/S118082279,International Journal of Urban and Regional Research,False
MEDICAL MYCOLOGY,https://openalex.org/S93288122,Medical Mycology,False
TISSUE & CELL,https://openalex.org/S165572755,Tissue and Cell,False
AGGRESSIVE BEHAVIOR,https://openalex.org/S45897893,Aggressive Behavior,False
Frontiers in Forests and Global Change,https://openalex.org/S4210178346,Frontiers in Forests and Global Change,True
INTERNATIONAL JOURNAL FOR NUMERICAL METHODS IN ENGINEERING,https://openalex.org/S165651092,International Journal for Numerical Methods in Engineering,False
Educational Measurement-Issues and Practice,https://openalex.org/S82984449,Educational Measurement Issues and Practice,False
Sports Health-A Multidisciplinary Approach,https://openalex.org/S86871763,Sports Health A Multidisciplinary Approach,False
JOURNAL OF APPLIED SPORT PSYCHOLOGY,https://openalex.org/S15510884,Journal of Applied Sport Psychology,False
Journal of Land Use Science,https://openalex.org/S195013635,Journal of Land Use Science,True
SUICIDE AND LIFE-THREATENING BEHAVIOR,https://openalex.org/S50059124,Suicide and Life-Threatening Behavior,False
AMERICAN JOURNAL OF CRITICAL CARE,https://openalex.org/S76904441,American Journal of Critical Care,False
PEDIATRIC PULMONOLOGY,https://openalex.org/S144578311,Pediatric Pulmonology,False
Techniques in Coloproctology,https://openalex.org/S83451902,Techniques in Coloproctology,False
JOURNAL OF MOLECULAR GRAPHICS & MODELLING,https://openalex.org/S76694907,Journal of Molecular Graphics and Modelling,False
NMR IN BIOMEDICINE,https://openalex.org/S45012897,NMR in Biomedicine,False
JOURNAL OF ANIMAL SCIENCE AND TECHNOLOGY,https://openalex.org/S40007765,Journal of Animal Science and Technology,True
Journal of Marine Science and Engineering,https://openalex.org/S2736865057,Journal of Marine Science and Engineering,True
BOLETIN DE LA SOCIEDAD ESPANOLA DE CERAMICA Y VIDRIO,https://openalex.org/S37073569,Boletín de la Sociedad Española de Cerámica y Vidrio,True
Health Economics Review,https://openalex.org/S2738551320,Health Economics Review,True
JOURNAL OF MARINE SYSTEMS,https://openalex.org/S195909765,Journal of Marine Systems,False
Journal of Urban Mobility,https://openalex.org/S4210216941,Journal of Urban Mobility,True
Analytical Methods,https://openalex.org/S170358085,Analytical Methods,False
MEASUREMENT SCIENCE and TECHNOLOGY,https://openalex.org/S109302362,Measurement Science and Technology,False
International Journal of Emerging Markets,https://openalex.org/S116345831,International Journal of Emerging Markets,False
PSYCHOLOGICA BELGICA,https://openalex.org/S114278030,Psychologica Belgica,True
JBI Evidence Implementation,https://openalex.org/S4210222285,JBI Evidence Implementation,False
GRASS AND FORAGE SCIENCE,https://openalex.org/S74357050,Grass and Forage Science,False
Laboratory Animal Research,https://openalex.org/S2764970905,Laboratory Animal Research,True
VIBRATIONAL SPECTROSCOPY,https://openalex.org/S169472558,Vibrational Spectroscopy,False
Journal of ISAKOS Joint Disorders & Orthopaedic Sports Medicine,https://openalex.org/S4210197731,Journal of ISAKOS Joint Disorders & Orthopaedic Sports Medicine,False
JOURNAL OF MARINE SCIENCE AND TECHNOLOGY,https://openalex.org/S4210231370,Journal of Marine Science and Technology,False
INDIAN JOURNAL OF MEDICAL RESEARCH,https://openalex.org/S147245081,The Indian Journal of Medical Research,True
Journal of the Korean Ceramic Society,https://openalex.org/S38732884,Journal of the Korean Ceramic Society,False
Review of Education,https://openalex.org/S4210183019,Review of Education,False
Ceramics-Switzerland,https://openalex.org/S4210235895,Ceramics,True
International Data Privacy Law,https://openalex.org/S2736259308,International Data Privacy Law,False
JOURNAL OF INTERNATIONAL ECONOMIC LAW,https://openalex.org/S197191252,Journal of International Economic Law,False
Transnational Environmental Law,https://openalex.org/S2764385509,Transnational Environmental Law,False
INVENTIONES MATHEMATICAE,https://openalex.org/S98347115,Inventiones mathematicae,False
Ornithological Applications,https://openalex.org/S188482970,Ornithological Applications,False
Family Medicine and Community Health,https://openalex.org/S2764498025,Family Medicine and Community Health,True
EAR AND HEARING,https://openalex.org/S42775958,Ear and Hearing,False
European Journal of Higher Education,https://openalex.org/S2764359860,European Journal of Higher Education,False
European Journal of Special Needs Education,https://openalex.org/S136622136,European Journal of Special Needs Education,False
JOURNAL OF ARCHAEOLOGICAL SCIENCE,https://openalex.org/S190270160,Journal of Archaeological Science,False
EXPLORATIONS IN ECONOMIC HISTORY,https://openalex.org/S145471836,Explorations in Economic History,False
SEDIMENTOLOGY,https://openalex.org/S42573498,Sedimentology,False
APPLIED AND COMPUTATIONAL HARMONIC ANALYSIS,https://openalex.org/S71199174,Applied and Computational Harmonic Analysis,False
SIAM JOURNAL ON OPTIMIZATION,https://openalex.org/S928796702,SIAM Journal on Optimization,False
Physical Review Physics Education Research,https://openalex.org/S4210190682,Physical Review Physics Education Research,True
Journal of Neurologic Physical Therapy,https://openalex.org/S2505192299,Journal of Neurologic Physical Therapy,False
E-Learning and Digital Media,https://openalex.org/S49410111,E-Learning and Digital Media,False
European Physical Education Review,https://openalex.org/S14775208,European Physical Education Review,False
Higher Education Research & Development,https://openalex.org/S4210176587,Higher Education Research & Development,False
Journal of Contemporary East Asia Studies,https://openalex.org/S4210169264,Journal of Contemporary East Asia Studies,True
AMERICAN ANTHROPOLOGIST,https://openalex.org/S102499938,American Anthropologist,False
JUSTICE QUARTERLY,https://openalex.org/S149422333,Justice Quarterly,False
Chemistry Education Research and Practice,https://openalex.org/S4210194418,Chemistry Education Research and Practice,False
Frontiers in Zoology,https://openalex.org/S166185052,Frontiers in Zoology,True
JOURNAL OF HIGHER EDUCATION,https://openalex.org/S71326023,The Journal of Higher Education,False
International Journal of Educational Research,https://openalex.org/S156367897,International Journal of Educational Research,False
Journal of Surgical Education,https://openalex.org/S74622277,Journal of surgical education,False
Nuclear Engineering and Technology,https://openalex.org/S82136278,Nuclear Engineering and Technology,True
STUDIES IN APPLIED MATHEMATICS,https://openalex.org/S6556808,Studies in Applied Mathematics,False
JOURNAL OF CATARACT AND REFRACTIVE SURGERY,https://openalex.org/S107025856,Journal of Cataract & Refractive Surgery,False
Studies in Educational Evaluation,https://openalex.org/S126127421,Studies In Educational Evaluation,False
Large-Scale Assessments in Education,https://openalex.org/S2736464149,Large-scale Assessments in Education,True
Frontiers in Veterinary Science,https://openalex.org/S2594976040,Frontiers in Veterinary Science,True
JOURNAL OF THE AMERICAN ACADEMY OF ORTHOPAEDIC SURGEONS,https://openalex.org/S4393916888,Journal of the American Academy of Orthopaedic Surgeons,False
BMC Oral Health,https://openalex.org/S60760007,BMC Oral Health,True
Nursing Philosophy,https://openalex.org/S129250341,Nursing Philosophy,False
INSTRUCTIONAL SCIENCE,https://openalex.org/S143778727,Instructional Science,False
Journal of Family Nursing,https://openalex.org/S35677870,Journal of Family Nursing,False
Trends in Hearing,https://openalex.org/S2764595184,Trends in Hearing,True
FAMILY PROCESS,https://openalex.org/S167491010,Family Process,False
MIDWIFERY,https://openalex.org/S183131812,Midwifery,False
Journal of Information Technology & Politics,https://openalex.org/S104369171,Journal of Information Technology & Politics,False
ETHNICITY & HEALTH,https://openalex.org/S109232058,Ethnicity and Health,False
GOVERNANCE-AN INTERNATIONAL JOURNAL OF POLICY ADMINISTRATION AND INSTITUTIONS,https://openalex.org/S62375027,Governance,False
HARVARD EDUCATIONAL REVIEW,https://openalex.org/S129458801,Harvard Educational Review,False
JOURNAL OF INTERPERSONAL VIOLENCE,https://openalex.org/S45333638,Journal of Interpersonal Violence,False
Profesional de la Informacion,https://openalex.org/S180455664,El Profesional de la Informacion,False
JOURNAL OF NONLINEAR SCIENCE,https://openalex.org/S131276044,Journal of Nonlinear Science,False
SOCIAL POLICY & ADMINISTRATION,https://openalex.org/S31120751,Social Policy and Administration,False
Journal of Genocide Research,https://openalex.org/S59071098,Journal of Genocide Research,False
JOURNAL OF THE JAPANESE AND INTERNATIONAL ECONOMIES,https://openalex.org/S160393188,Journal of the Japanese and International Economies,False
Australian Critical Care,https://openalex.org/S149987840,Australian Critical Care,False
CLINICAL REHABILITATION,https://openalex.org/S126555207,Clinical Rehabilitation,False
Journal of the World Federation of Orthodontists,https://openalex.org/S2764635754,Journal of the World Federation of Orthodontists,False
POPULATION RESEARCH AND POLICY REVIEW,https://openalex.org/S190460170,Population Research and Policy Review,False
International Wound Journal,https://openalex.org/S118780703,International Wound Journal,True
AMERICAN JOURNAL OF PHYSICAL ANTHROPOLOGY,https://openalex.org/S126146781,American Journal of Physical Anthropology,False
Comparative European Politics,https://openalex.org/S33190353,Comparative European Politics,False
Neonatology,https://openalex.org/S168252155,Neonatology,False
Neuroethics,https://openalex.org/S112842941,Neuroethics,False
Journal of Athletic Training,https://openalex.org/S143305869,Journal of Athletic Training,True
Patient Safety in Surgery,https://openalex.org/S138701282,Patient Safety in Surgery,True
ARCHIVE FOR RATIONAL MECHANICS AND ANALYSIS,https://openalex.org/S136982523,Archive for Rational Mechanics and Analysis,False
Population Space and Place,https://openalex.org/S79946630,Population Space and Place,False
Entrepreneurial Business and Economics Review,https://openalex.org/S2736601860,Entrepreneurial Business and Economics Review,True
Environmental Education Research,https://openalex.org/S94060836,Environmental Education Research,False
Korean Journal of Orthodontics,https://openalex.org/S122593575,The Korean Journal of Orthodontics,False
Mathematical Modelling of Natural Phenomena,https://openalex.org/S15090102,Mathematical Modelling of Natural Phenomena,False
QUALITATIVE HEALTH RESEARCH,https://openalex.org/S32648145,Qualitative Health Research,False
Nonlinear Analysis-Modelling and Control,https://openalex.org/S2506315973,Nonlinear Analysis Modelling and Control,True
PALAEOGEOGRAPHY PALAEOCLIMATOLOGY PALAEOECOLOGY,https://openalex.org/S159210951,Palaeogeography Palaeoclimatology Palaeoecology,False
Hernia,https://openalex.org/S126530969,Hernia,False
JOURNAL OF POLICY ANALYSIS AND MANAGEMENT,https://openalex.org/S25370267,Journal of Policy Analysis and Management,False
EUROPEAN JOURNAL OF FOREST RESEARCH,https://openalex.org/S71976930,European Journal of Forest Research,False
Journal of Otolaryngology-Head & Neck Surgery,https://openalex.org/S4210233012,Journal of Otolaryngology - Head and Neck Surgery,True
Primary Care Diabetes,https://openalex.org/S67695068,Primary care diabetes,False
Emerging Adulthood,https://openalex.org/S2764542025,Emerging Adulthood,False
PALEOBIOLOGY,https://openalex.org/S173708173,Paleobiology,False
PEDIATRIC NEPHROLOGY,https://openalex.org/S25178087,Pediatric Nephrology,False
AUSTRALIAN JOURNAL OF AGRICULTURAL AND RESOURCE ECONOMICS,https://openalex.org/S3593595,Australian Journal of Agricultural and Resource Economics,False
ESTUARINE COASTAL AND SHELF SCIENCE,https://openalex.org/S43867544,Estuarine Coastal and Shelf Science,False
EUROPEAN SPINE JOURNAL,https://openalex.org/S100227592,European Spine Journal,False
Journal of Physics-Complexity,https://openalex.org/S4210184083,Journal of Physics Complexity,True
World Journal Of Emergency Medicine,https://openalex.org/S2764653636,World Journal of Emergency Medicine,False
Journal of Political Power,https://openalex.org/S2764779358,Journal of Political Power,False
JOURNAL OF THE FORMOSAN MEDICAL ASSOCIATION,https://openalex.org/S2755764997,Journal of the Formosan Medical Association,True
CRYSTENGCOMM,https://openalex.org/S95865439,CrystEngComm,False
Cartography and Geographic Information Science,https://openalex.org/S189706386,Cartography and Geographic Information Science,False
Sexual Medicine,https://openalex.org/S2739331564,Sexual Medicine,True
Journal of Functional Morphology and Kinesiology,https://openalex.org/S2737250551,Journal of Functional Morphology and Kinesiology,True
Journal of Oral Biosciences,https://openalex.org/S33990022,Journal of Oral Biosciences,False
Communications in Computational Physics,https://openalex.org/S34010870,Communications in Computational Physics,False
Global Spine Journal,https://openalex.org/S2739034459,Global Spine Journal,True
Folia Geographica,https://openalex.org/S4210177822,Folia Geographica,True
MARINE BIOTECHNOLOGY,https://openalex.org/S55645480,Marine Biotechnology,False
WORLD ECONOMY,https://openalex.org/S45372229,World Economy,False
Journal of Engineering Design and Technology,https://openalex.org/S11934891,Journal of Engineering Design and Technology,False
MOLECULAR BREEDING,https://openalex.org/S114992436,Molecular Breeding,False
in silico Plants,https://openalex.org/S4210236532,in silico Plants,True
Environment and Planning B-Urban Analytics and City Science,https://openalex.org/S4210191690,Environment and Planning B Urban Analytics and City Science,False
Acta Crystallographica Section D-Structural Biology,https://openalex.org/S4393918103,Acta Crystallographica Section D Structural Biology,False
Journal of Psychiatric and Mental Health Nursing,https://openalex.org/S92129386,Journal of Psychiatric and Mental Health Nursing,False
EUROPEAN PLANNING STUDIES,https://openalex.org/S175414165,European Planning Studies,False
Hormone Research in Paediatrics,https://openalex.org/S159506102,Hormone Research in Paediatrics,False
Journal of Systems Science & Complexity,https://openalex.org/S45848134,Journal of Systems Science and Complexity,False
BIOFOULING,https://openalex.org/S56828788,Biofouling,False
JOURNAL OF QUALITY TECHNOLOGY,https://openalex.org/S166831694,Journal of Quality Technology,False
JOURNAL OF PLANT NUTRITION AND SOIL SCIENCE,https://openalex.org/S159786734,Journal of Plant Nutrition and Soil Science,False
POSTGRADUATE MEDICINE,https://openalex.org/S11800902,Postgraduate Medicine,False
Italian Journal of Agronomy,https://openalex.org/S2738046312,Italian Journal of Agronomy,True
Portuguese Economic Journal,https://openalex.org/S112983894,Portuguese Economic Journal,False
Amfiteatru Economic,https://openalex.org/S1027187413,Amfiteatru Economic,True
RESOURCE AND ENERGY ECONOMICS,https://openalex.org/S165058066,Resource and Energy Economics,False
YONSEI MEDICAL JOURNAL,https://openalex.org/S107862393,Yonsei Medical Journal,True
INTERNATIONAL JOURNAL OF MODERN PHYSICS B,https://openalex.org/S130197424,International Journal of Modern Physics B,False
MEDICINA CLINICA,https://openalex.org/S207544546,Medicina Clínica,False
JOURNAL OF GEOGRAPHY,https://openalex.org/S4210191796,Journal of Geography,False
JOURNAL OF ECONOMIC HISTORY,https://openalex.org/S122073985,The Journal of Economic History,False
CHINA QUARTERLY,https://openalex.org/S12189451,The China Quarterly,False
International Journal of Bilingual Education and Bilingualism,https://openalex.org/S199390258,International Journal of Bilingual Education and Bilingualism,False
CORNELL LAW REVIEW,https://openalex.org/S194663980,Cornell law review/The Cornell law quarterly,False
Journal of Law and the Biosciences,https://openalex.org/S2734699278,Journal of Law and the Biosciences,True
SCIENCE AS CULTURE,https://openalex.org/S190143089,Science as Culture,False
JOURNAL OF THE EUROPEAN MATHEMATICAL SOCIETY,https://openalex.org/S88235189,Journal of the European Mathematical Society,True
Journal of Nonlinear and Variational Analysis,https://openalex.org/S4210197509,Journal of Nonlinear and Variational Analysis,False
Political Science Research and Methods,https://openalex.org/S2764571748,Political Science Research and Methods,False
FOUNDATIONS OF COMPUTATIONAL MATHEMATICS,https://openalex.org/S151639445,Foundations of Computational Mathematics,False
POST-SOVIET AFFAIRS,https://openalex.org/S79712050,Post-Soviet Affairs,False
Fractional Calculus and Applied Analysis,https://openalex.org/S113036218,Fractional Calculus and Applied Analysis,False
International Review of Research in Open and Distributed Learning,https://openalex.org/S2764977688,The International Review of Research in Open and Distributed Learning,True
COMPUTATIONAL & APPLIED MATHEMATICS,https://openalex.org/S4210195884,Computational and Applied Mathematics,False
THEORY AND RESEARCH IN SOCIAL EDUCATION,https://openalex.org/S51267760,Theory & Research in Social Education,False
Education Sciences,https://openalex.org/S2738008561,Education Sciences,True
Bilingualism-Language and Cognition,https://openalex.org/S24095051,Bilingualism Language and Cognition,False
Journal of Educational Change,https://openalex.org/S70206144,Journal of Educational Change,False
Knowledge Management & E-Learning-An International Journal,https://openalex.org/S2736525002,Knowledge Management & E-Learning An International Journal,True
American Journal of Rhinology & Allergy,https://openalex.org/S141445603,American Journal of Rhinology and Allergy,False
STRUCTURAL EQUATION MODELING-A MULTIDISCIPLINARY JOURNAL,https://openalex.org/S78020522,Structural Equation Modeling A Multidisciplinary Journal,False
ANNALS OF THE AMERICAN ACADEMY OF POLITICAL AND SOCIAL SCIENCE,https://openalex.org/S150314616,The Annals of the American Academy of Political and Social Science,False
Social Movement Studies,https://openalex.org/S135892541,Social movement studies,False
Sexuality Research and Social Policy,https://openalex.org/S148049300,Sexuality Research and Social Policy,False
GLOBAL NETWORKS-A JOURNAL OF TRANSNATIONAL AFFAIRS,https://openalex.org/S135713760,Global Networks,False
PSYCHOLOGY OF WOMEN QUARTERLY,https://openalex.org/S30211177,Psychology of Women Quarterly,False
PALAEONTOLOGY,https://openalex.org/S205194082,Palaeontology,False
POLITICAL STUDIES,https://openalex.org/S90283396,Political Studies,False
Autism & Developmental Language Impairments,https://openalex.org/S4210236790,Autism & Developmental Language Impairments,True
International Journal of Telerehabilitation,https://openalex.org/S93688902,International Journal of Telerehabilitation,True
Journal of Hospitality & Tourism Education,https://openalex.org/S4210230881,Journal of Hospitality & Tourism Education,False
Politics and Governance,https://openalex.org/S2764872494,Politics and Governance,True
ANIMAL FEED SCIENCE AND TECHNOLOGY,https://openalex.org/S171407314,Animal Feed Science and Technology,False
Health Sociology Review,https://openalex.org/S50321101,Health Sociology Review,False
HEARING RESEARCH,https://openalex.org/S82774605,Hearing Research,False
THEORY INTO PRACTICE,https://openalex.org/S9733372,Theory Into Practice,False
Acta Orthopaedica,https://openalex.org/S58634475,Acta Orthopaedica,True
Journal of Diversity in Higher Education,https://openalex.org/S48143771,Journal of Diversity in Higher Education,False
Journal of Foot and Ankle Research,https://openalex.org/S85146155,Journal of Foot and Ankle Research,True
JOURNAL OF VOICE,https://openalex.org/S15409311,Journal of Voice,False
European Journal of International Security,https://openalex.org/S4210168251,European Journal of International Security,False
MICRON,https://openalex.org/S141109035,Micron,False
AVIAN PATHOLOGY,https://openalex.org/S101755860,Avian Pathology,False
Journal of Policy and Practice in Intellectual Disabilities,https://openalex.org/S89928119,Journal of Policy and Practice in Intellectual Disabilities,False
POPULATION STUDIES-A JOURNAL OF DEMOGRAPHY,https://openalex.org/S202512192,Population Studies,False
ANNALS OF FOREST SCIENCE,https://openalex.org/S144119614,Annals of Forest Science,True
Journal of the Pediatric Infectious Diseases Society,https://openalex.org/S2912147776,Journal of the Pediatric Infectious Diseases Society,False
Young,https://openalex.org/S39250910,Young,False
PRIMARY CARE,https://openalex.org/S69718200,Primary Care Clinics in Office Practice,False
JOURNAL OF REHABILITATION MEDICINE,https://openalex.org/S188577799,Journal of Rehabilitation Medicine,True
JOURNAL OF LEISURE RESEARCH,https://openalex.org/S92592804,Journal of Leisure Research,False
Transcultural Psychiatry,https://openalex.org/S15609493,Transcultural Psychiatry,False
Journal of Pediatric Health Care,https://openalex.org/S78878675,Journal of Pediatric Health Care,False
World Journal of Surgical Oncology,https://openalex.org/S180997207,World Journal of Surgical Oncology,True
Journal of Palaeogeography-English,https://openalex.org/S2764884913,Journal of Palaeogeography,True
BEHAVIORAL ECOLOGY,https://openalex.org/S121360315,Behavioral Ecology,False
Crop Protection,https://openalex.org/S98430239,Crop Protection,False
Animal Cells and Systems,https://openalex.org/S90343918,Animal Cells and Systems,True
ASSISTIVE TECHNOLOGY,https://openalex.org/S145845289,Assistive Technology,False
International Review for the Sociology of Sport,https://openalex.org/S144178814,International Review for the Sociology of Sport,False
JOURNAL OF ENGINEERING DESIGN,https://openalex.org/S2912548,Journal of Engineering Design,False
Scandinavian Journal of Surgery,https://openalex.org/S38148070,Scandinavian Journal of Surgery,False
Geriatric Nursing,https://openalex.org/S70907202,Geriatric Nursing,False
FISH PHYSIOLOGY AND BIOCHEMISTRY,https://openalex.org/S188633547,Fish Physiology and Biochemistry,False
JOURNAL OF THE NATIONAL MEDICAL ASSOCIATION,https://openalex.org/S4210222641,Journal of the National Medical Association,False
NEUROSURGICAL REVIEW,https://openalex.org/S98437390,Neurosurgical Review,False
DERMATOLOGIC SURGERY,https://openalex.org/S153994436,Dermatologic Surgery,False
INTERNATIONAL JOURNAL OF COLORECTAL DISEASE,https://openalex.org/S164699263,International Journal of Colorectal Disease,False
Horticulture Environment and Biotechnology,https://openalex.org/S47343090,Horticulture Environment and Biotechnology,False
AMERICAN JOURNAL OF NURSING,https://openalex.org/S187216704,AJN American Journal of Nursing,False
Journal of Management Education,https://openalex.org/S190363454,Organizational Behavior Teaching Review,False
AMERICAN JOURNAL OF MANAGED CARE,https://openalex.org/S57989705,The American Journal of Managed Care,False
Osteoporosis and Sarcopenia,https://openalex.org/S2764664432,Osteoporosis and Sarcopenia,True
AUSTRALIAN JOURNAL OF GRAPE AND WINE RESEARCH,https://openalex.org/S62863702,Australian Journal of Grape and Wine Research,True
JOURNAL OF SPORT & SOCIAL ISSUES,https://openalex.org/S4723672,Journal of Sport and Social Issues,False
AQUATIC CONSERVATION-MARINE AND FRESHWATER ECOSYSTEMS,https://openalex.org/S97382565,Aquatic Conservation Marine and Freshwater Ecosystems,False
ULTRASONIC IMAGING,https://openalex.org/S202027287,Ultrasonic Imaging,False
MANAGEMENT IN EDUCATION,https://openalex.org/S160333218,Management in Education,False
JOURNAL OF INVESTIGATIVE MEDICINE,https://openalex.org/S104415515,Journal of Investigative Medicine,False
NAIS-Native American and Indigenous Studies Association,https://openalex.org/S2764931408,Native American and Indigenous Studies,False
WATER ENVIRONMENT RESEARCH,https://openalex.org/S130511131,Water Environment Research,False
SOCIOLOGY OF RELIGION,https://openalex.org/S136778369,Sociology of Religion,False
Journal of Contemporary China,https://openalex.org/S102994345,Journal of Contemporary China,False
Television & New Media,https://openalex.org/S35909690,Television & New Media,False
JOURNAL OF RISK RESEARCH,https://openalex.org/S129686714,Journal of Risk Research,False
VIRGINIA LAW REVIEW,https://openalex.org/S67391710,Virginia Law Review,False
VANDERBILT LAW REVIEW,https://openalex.org/S120000808,Vanderbilt law review,False
Journal of Differential Equations,https://openalex.org/S200871675,Journal of Differential Equations,False
Review of Research in Education,https://openalex.org/S79610357,Review of Research in Education,False
Language Culture and Curriculum,https://openalex.org/S77883392,Language Culture and Curriculum,False
GEOMETRIC AND FUNCTIONAL ANALYSIS,https://openalex.org/S84214272,Geometric and Functional Analysis,False
LAW AND HUMAN BEHAVIOR,https://openalex.org/S117927158,Law and Human Behavior,False
Annual Review of Law and Social Science,https://openalex.org/S59069355,Annual Review of Law and Social Science,False
Journal of Consumer Culture,https://openalex.org/S10063912,Journal of Consumer Culture,False
JOURNAL OF LEARNING DISABILITIES,https://openalex.org/S26220619,Journal of Learning Disabilities,False
Journal of Applied Mathematics and Computing,https://openalex.org/S199913245,Journal of Applied Mathematics and Computing,False
Games and Culture,https://openalex.org/S186921036,Games and Culture,False
EDUCATIONAL ADMINISTRATION QUARTERLY,https://openalex.org/S124394548,Educational Administration Quarterly,False
Journal of Current Southeast Asian Affairs,https://openalex.org/S16770927,Journal of Current Southeast Asian Affairs,True
EDUCATIONAL EVALUATION AND POLICY ANALYSIS,https://openalex.org/S138127711,Educational Evaluation and Policy Analysis,False
Contemporary Educational Technology,https://openalex.org/S2764356416,Contemporary Educational Technology,False
Annals of PDE,https://openalex.org/S4210183302,Annals of PDE,False
BRITISH JOURNAL OF CRIMINOLOGY,https://openalex.org/S27273401,The British Journal of Criminology,False
TEACHING IN HIGHER EDUCATION,https://openalex.org/S135873401,Teaching in Higher Education,False
International Journal of Leadership in Education,https://openalex.org/S172926897,International Journal of Leadership in Education,False
Journal of the American Board of Family Medicine,https://openalex.org/S147444837,The Journal of the American Board of Family Medicine,True
HEAD AND NECK-JOURNAL FOR THE SCIENCES AND SPECIALTIES OF THE HEAD AND NECK,https://openalex.org/S4210201749,Head & Neck,False
Vertebrate Zoology,https://openalex.org/S2498846612,Vertebrate Zoology,True
JOURNAL OF NURSING SCHOLARSHIP,https://openalex.org/S205285807,Journal of Nursing Scholarship,False
CHILDREN AND YOUTH SERVICES REVIEW,https://openalex.org/S10873304,Children and Youth Services Review,False
INTERNATIONAL STUDIES QUARTERLY,https://openalex.org/S91639875,International Studies Quarterly,False
DISASTERS,https://openalex.org/S172483627,Disasters,False
JOURNAL OF PUBLIC AFFAIRS EDUCATION,https://openalex.org/S2914543899,Journal of Public Affairs Education,False
SURGICAL ENDOSCOPY AND OTHER INTERVENTIONAL TECHNIQUES,https://openalex.org/S47192491,Surgical Endoscopy,False
Electronic Journal of e-Learning,https://openalex.org/S2737697848,The Electronic Journal of e-Learning,True
Race Ethnicity and Education,https://openalex.org/S88096769,Race Ethnicity and Education,False
Convergence-The International Journal of Research into New Media Technologies,https://openalex.org/S46576051,Convergence The International Journal of Research into New Media Technologies,False
Journal of Occupational Science,https://openalex.org/S2765020922,Journal of Occupational Science,False
PARTY POLITICS,https://openalex.org/S6959732,Party Politics,False
Psychology of Violence,https://openalex.org/S101245202,Psychology of Violence,False
SOCIOLOGY-THE JOURNAL OF THE BRITISH SOCIOLOGICAL ASSOCIATION,https://openalex.org/S79135273,Sociology,False
Journal of Nursing Research,https://openalex.org/S2498278311,Journal of Nursing Research,True
EQUINE VETERINARY JOURNAL,https://openalex.org/S144352947,Equine Veterinary Journal,False
International Journal of Intercultural Relations,https://openalex.org/S174538591,International Journal of Intercultural Relations,False
Journal of Chinese Governance,https://openalex.org/S4210183829,Journal of Chinese Governance,False
Journal of Tissue Viability,https://openalex.org/S103059793,Journal of Tissue Viability,False
THERIOGENOLOGY,https://openalex.org/S43044067,Theriogenology,False
Animal Bioscience,https://openalex.org/S4210214709,Animal Bioscience,True
Journal of Pediatric Surgery,https://openalex.org/S39924113,Journal of Pediatric Surgery,False
Sociological Methodology,https://openalex.org/S181883320,Sociological Methodology,False
Nursing Reports,https://openalex.org/S4210184543,Nursing Reports,True
ACTA PAEDIATRICA,https://openalex.org/S178469169,Acta Paediatrica,False
APPLIED PSYCHOLINGUISTICS,https://openalex.org/S38427009,Applied Psycholinguistics,False
European Educational Research Journal,https://openalex.org/S83170543,European Educational Research Journal,False
JOURNAL OF HEAD TRAUMA REHABILITATION,https://openalex.org/S48790426,Journal of Head Trauma Rehabilitation,False
NURSING CLINICS OF NORTH AMERICA,https://openalex.org/S111525073,Nursing Clinics of North America,False
VETERINARY MICROBIOLOGY,https://openalex.org/S91748803,Veterinary Microbiology,False
Asian American Journal of Psychology,https://openalex.org/S82137956,Asian American Journal of Psychology,False
FAMILY PRACTICE,https://openalex.org/S52165136,Family Practice,False
APIDOLOGIE,https://openalex.org/S126796143,Apidologie,False
CANCER NURSING,https://openalex.org/S41599636,Cancer Nursing,False
Journal of Integrated Pest Management,https://openalex.org/S2734996914,Journal of Integrated Pest Management,True
Cyberpsychology-Journal of Psychosocial Research on Cyberspace,https://openalex.org/S4210231826,Cyberpsychology Journal of Psychosocial Research on Cyberspace,True
Evaluation,https://openalex.org/S13632289,Evaluation,False
Journal of Perinatology,https://openalex.org/S18455948,Journal of Perinatology,False
Updates in Surgery,https://openalex.org/S86633019,Updates in Surgery,False
Forests,https://openalex.org/S71324801,Forests,True
DISCOURSE & SOCIETY,https://openalex.org/S192935290,Discourse & Society,False
JOURNAL OF HOMOSEXUALITY,https://openalex.org/S102140811,Journal of Homosexuality,False
Journal of Marketing for Higher Education,https://openalex.org/S40814766,Journal of Marketing for HIGHER EDUCATION,False
BIOMETRIKA,https://openalex.org/S172180718,Biometrika,False
Asia-Pacific Journal of Oncology Nursing,https://openalex.org/S2737730191,Asia-Pacific Journal of Oncology Nursing,True
European Journal of Wood and Wood Products,https://openalex.org/S61428987,European Journal of Wood and Wood Products,False
SOCIAL & CULTURAL GEOGRAPHY,https://openalex.org/S139754560,Social & Cultural Geography,False
Topics in Spinal Cord Injury Rehabilitation,https://openalex.org/S202638507,Topics in Spinal Cord Injury Rehabilitation,False
JARO-JOURNAL OF THE ASSOCIATION FOR RESEARCH IN OTOLARYNGOLOGY,https://openalex.org/S21788410,Journal of the Association for Research in Otolaryngology,False
Gesunde Pflanzen,https://openalex.org/S70673737,Gesunde Pflanzen,False
NEUROLOGIA MEDICO-CHIRURGICA,https://openalex.org/S170822592,Neurologia medico-chirurgica,True
Molecular and Cellular Pediatrics,https://openalex.org/S2764482269,Molecular and Cellular Pediatrics,True
FISHERIES,https://openalex.org/S55970647,Fisheries,False
Current Transplantation Reports,https://openalex.org/S2764576120,Current Transplantation Reports,False
HEART & LUNG,https://openalex.org/S85505639,Heart & Lung,False
City & Community,https://openalex.org/S161221444,City and Community,False
JOURNAL OF PEDIATRIC GASTROENTEROLOGY AND NUTRITION,https://openalex.org/S197964821,Journal of Pediatric Gastroenterology and Nutrition,False
Zoonoses and Public Health,https://openalex.org/S46899502,Zoonoses and Public Health,False
CANADIAN FAMILY PHYSICIAN,https://openalex.org/S72111607,Canadian Family Physician,True
Frontiers in Insect Science,https://openalex.org/S4210210584,Frontiers in Insect Science,True
JOURNAL OF GREAT LAKES RESEARCH,https://openalex.org/S132336575,Journal of Great Lakes Research,False
ZFW-Advances in Economic Geography,https://openalex.org/S4210235882,ZFW – Advances in Economic Geography,False
Animal Biotelemetry,https://openalex.org/S2764740675,Animal Biotelemetry,True
Surgical Oncology Clinics of North America,https://openalex.org/S83884447,Surgical Oncology Clinics of North America,False
Environment and Planning C-Politics and Space,https://openalex.org/S4210204712,Environment and Planning C Politics and Space,False
BMJ Open,https://openalex.org/S79054089,BMJ Open,True
Journal of Hospital Medicine,https://openalex.org/S193300644,Journal of Hospital Medicine,False
Medicina-Lithuania,https://openalex.org/S1008817457,Medicina,True
PEDIATRIC BLOOD & CANCER,https://openalex.org/S119714264,Pediatric Blood & Cancer,False
Clothing and Textiles Research Journal,https://openalex.org/S968878802,Clothing and Textiles Research Journal,False
Wellbeing Space and Society,https://openalex.org/S4210197372,Wellbeing Space and Society,True
Local Environment,https://openalex.org/S82902237,Local Environment,False
PAPERS IN REGIONAL SCIENCE,https://openalex.org/S101788309,Papers of the Regional Science Association,False
ACS Agricultural Science & Technology,https://openalex.org/S4210201395,ACS Agricultural Science & Technology,False
Agroecology and Sustainable Food Systems,https://openalex.org/S4210197466,Agroecology and Sustainable Food Systems,False
Seminars in Pediatric Neurology,https://openalex.org/S8713311,Seminars in Pediatric Neurology,False
CURRENT MEDICAL RESEARCH AND OPINION,https://openalex.org/S206643269,Current Medical Research and Opinion,False
CURRENT HISTORY,https://openalex.org/S4210167480,Current History,False
UCLA LAW REVIEW,https://openalex.org/S38213919,UCLA law review,False
LAW & SOCIETY REVIEW,https://openalex.org/S44706263,Law & Society Review,False
Mathematics,https://openalex.org/S4387278323,Journal of Science of the Hiroshima University Series A-I (Mathematics),False
CONSTRUCTIVE APPROXIMATION,https://openalex.org/S35440848,Constructive Approximation,False
DUKE MATHEMATICAL JOURNAL,https://openalex.org/S171170845,Duke Mathematical Journal,False
China Information,https://openalex.org/S193230027,China Information,False
Advances in Continuous and Discrete Models,https://openalex.org/S4210218429,Advances in Continuous and Discrete Models,False
Asian Education and Development Studies,https://openalex.org/S2765030381,Asian Education and Development Studies,False
PACIFIC REVIEW,https://openalex.org/S136982956,The Pacific Review,False
Business and Human Rights Journal,https://openalex.org/S4210229067,Business and Human Rights Journal,False
REMEDIAL AND SPECIAL EDUCATION,https://openalex.org/S193250556,Remedial and Special Education,False
PSYCHOLOGY PUBLIC POLICY AND LAW,https://openalex.org/S996012213,Psychology Public Policy and Law,False
INTERNATIONAL MIGRATION REVIEW,https://openalex.org/S90857023,International Migration Review,False
Natural Language Engineering,https://openalex.org/S18088403,Natural Language Engineering,False
Systems,https://openalex.org/S4306425581,Theory and Practice of Algorithms in (Computer) Systems,False
AMERICAN JOURNAL OF SPEECH-LANGUAGE PATHOLOGY,https://openalex.org/S50443188,American Journal of Speech-Language Pathology,False
Journal of Intervention and Statebuilding,https://openalex.org/S67907510,Journal of Intervention and Statebuilding,False
CLINICAL ANATOMY,https://openalex.org/S192539729,Clinical Anatomy,False
CROSS-CULTURAL RESEARCH,https://openalex.org/S40362259,Cross-Cultural Research,False
MEDIA CULTURE & SOCIETY,https://openalex.org/S18522216,Media Culture & Society,False
INTERNATIONAL REVIEW OF EDUCATION,https://openalex.org/S64594800,International Review of Education,False
IMA JOURNAL OF NUMERICAL ANALYSIS,https://openalex.org/S201897549,IMA Journal of Numerical Analysis,False
BMC Veterinary Research,https://openalex.org/S197820984,BMC Veterinary Research,True
Medicine Health Care and Philosophy,https://openalex.org/S121541055,Medicine Health Care and Philosophy,False
Asia Pacific Education Review,https://openalex.org/S184932276,Asia Pacific Education Review,False
OXFORD REVIEW OF EDUCATION,https://openalex.org/S55586218,Oxford Review of Education,False
Papers in Palaeontology,https://openalex.org/S4210224816,Papers in Palaeontology,False
Early Childhood Education Journal,https://openalex.org/S22313829,Early Childhood Education Journal,False
INTERNATIONAL POLITICAL SCIENCE REVIEW,https://openalex.org/S9856456,International Political Science Review,False
JOURNAL OF CURRICULUM STUDIES,https://openalex.org/S198786835,Journal of Curriculum Studies,False
CALICO Journal,https://openalex.org/S2764458360,CALICO Journal,False
JOURNAL OF INSECT PHYSIOLOGY,https://openalex.org/S98276404,Journal of Insect Physiology,False
TECHNOMETRICS,https://openalex.org/S985303,Technometrics,False
AMERICAN JOURNAL OF ORTHOPSYCHIATRY,https://openalex.org/S84156235,American Journal of Orthopsychiatry,False
JOURNAL OF FURTHER AND HIGHER EDUCATION,https://openalex.org/S206068638,Journal of Further and Higher Education,False
Affilia-Feminist Inquiry in Social Work,https://openalex.org/S190691735,Affilia,False
SOCIAL WORK,https://openalex.org/S961603,Social Work,False
ANIMAL BEHAVIOUR,https://openalex.org/S157690423,Animal Behaviour,False
BMC EMERGENCY MEDICINE,https://openalex.org/S260102,BMC Emergency Medicine,True
TERRORISM AND POLITICAL VIOLENCE,https://openalex.org/S141724154,Terrorism and Political Violence,False
Nuclear Materials and Energy,https://openalex.org/S2764871868,Nuclear Materials and Energy,True
Contemporary Politics,https://openalex.org/S4460519,Contemporary Politics,False
Review of Policy Research,https://openalex.org/S54913114,Review of Policy Research,False
Workplace Health & Safety,https://openalex.org/S169813748,Workplace Health & Safety,False
HASTINGS CENTER REPORT,https://openalex.org/S33843192,The Hastings Center Report,False
European Journal of Politics and Gender,https://openalex.org/S4210186092,European Journal of Politics and Gender,False
EUROPEAN JOURNAL OF APPLIED MATHEMATICS,https://openalex.org/S8839896,European Journal of Applied Mathematics,False
Frontiers in Global Womens Health,https://openalex.org/S4210241136,Frontiers in Global Women s Health,True
Discourse Context & Media,https://openalex.org/S2764413953,Discourse Context & Media,False
PUNISHMENT & SOCIETY-INTERNATIONAL JOURNAL OF PENOLOGY,https://openalex.org/S126531881,Punishment & Society,False
Veterinary and Comparative Oncology,https://openalex.org/S200673814,Veterinary and Comparative Oncology,False
Educational Research and Evaluation,https://openalex.org/S186234238,Educational Research and Evaluation,False
Journal of Youth Studies,https://openalex.org/S44090634,Journal of Youth Studies,False
ZOOLOGICA SCRIPTA,https://openalex.org/S4078192,Zoologica Scripta,False
CRITICAL SOCIAL POLICY,https://openalex.org/S187261251,Critical Social Policy,False
Fudan Journal of the Humanities and Social Sciences,https://openalex.org/S2764471594,Fudan Journal of the Humanities and Social Sciences,False
International Journal of Strategic Communication,https://openalex.org/S136172864,International Journal of Strategic Communication,False
SPORT EDUCATION AND SOCIETY,https://openalex.org/S58769659,Sport Education and Society,False
VETERINARY JOURNAL,https://openalex.org/S86367086,The Veterinary Journal,False
Allergy & Rhinology,https://openalex.org/S4210196022,Allergy & Rhinology,True
JOURNAL OF CRYPTOLOGY,https://openalex.org/S190936789,Journal of Cryptology,False
JOURNAL OF COMPARATIVE NEUROLOGY,https://openalex.org/S4210186231,The Journal of Comparative Neurology,False
Journal of School Violence,https://openalex.org/S139488499,Journal of School Violence,False
Social Policy and Society,https://openalex.org/S111656376,Social Policy and Society,False
VIOLENCE AGAINST WOMEN,https://openalex.org/S180657665,Violence Against Women,False
JOURNAL OF SOCIAL AND PERSONAL RELATIONSHIPS,https://openalex.org/S12430390,Journal of Social and Personal Relationships,False
Journal of Progressive Human Services,https://openalex.org/S71663709,Journal of Progressive Human Services,False
Frontiers in Political Science,https://openalex.org/S4210231853,Frontiers in Political Science,True
Gender in Management,https://openalex.org/S175013504,Gender in Management An International Journal,False
Journal of International Relations and Development,https://openalex.org/S205460245,Journal of International Relations and Development,False
VETERINARY PATHOLOGY,https://openalex.org/S195318895,Veterinary Pathology,False
European Journal of Political Economy,https://openalex.org/S100134864,European Journal of Political Economy,False
International Journal of Art Therapy,https://openalex.org/S125527928,International Journal of Art Therapy,False
REICE-Revista Iberoamericana sobre Calidad Eficacia y Cambio en Educacion,https://openalex.org/S2737081042,REICE Revista Iberoamericana sobre Calidad Eficacia y Cambio en Educación,True
MEDITERRANEAN MARINE SCIENCE,https://openalex.org/S207270806,Mediterranean Marine Science,True
NONPROFIT AND VOLUNTARY SECTOR QUARTERLY,https://openalex.org/S168572994,Nonprofit and Voluntary Sector Quarterly,False
Voluntas,https://openalex.org/S80347152,VOLUNTAS International Journal of Voluntary and Nonprofit Organizations,False
ZAMM-Zeitschrift fur Angewandte Mathematik und Mechanik,https://openalex.org/S67807940,ZAMM ‐ Journal of Applied Mathematics and Mechanics / Zeitschrift für Angewandte Mathematik und Mechanik,False
Espiral-Cuadernos del Profesorado,https://openalex.org/S4210234024,ESPIRAL CUADERNOS DEL PROFESORADO,True
Quality Technology and Quantitative Management,https://openalex.org/S2475542964,Quality Technology & Quantitative Management,False
Fashion and Textiles,https://openalex.org/S2737146171,Fashion and Textiles,True
POTATO RESEARCH,https://openalex.org/S52251279,Potato Research,False
AMERICAN BEHAVIORAL SCIENTIST,https://openalex.org/S20589029,American Behavioral Scientist,False
PLANT SOIL AND ENVIRONMENT,https://openalex.org/S933983379,Plant Soil and Environment,True
INSECT MOLECULAR BIOLOGY,https://openalex.org/S137961447,Insect Molecular Biology,False
JOURNAL OF GUIDANCE CONTROL AND DYNAMICS,https://openalex.org/S25157213,Journal of Guidance Control and Dynamics,False
JOURNAL OF APPLIED ECONOMETRICS,https://openalex.org/S85739584,Journal of Applied Econometrics,False
Seminars in Oncology Nursing,https://openalex.org/S195969795,Seminars in Oncology Nursing,False
Estuaries and Coasts,https://openalex.org/S109872917,Estuaries and Coasts,False
International Journal of Wine Business Research,https://openalex.org/S187179583,International Journal of Wine Business Research,False
PLANT PATHOLOGY,https://openalex.org/S63107127,Plant Pathology,False
JOURNAL OF PRODUCTIVITY ANALYSIS,https://openalex.org/S34280410,Journal of Productivity Analysis,False
Rehabilitation Process and Outcome,https://openalex.org/S4210230124,Rehabilitation Process and Outcome,True
Archives of Agronomy and Soil Science,https://openalex.org/S50537447,Archives of Agronomy and Soil Science,True
R Journal,https://openalex.org/S2489169438,The R Journal,True
Agricultural & Environmental Letters,https://openalex.org/S2737313858,Agricultural & Environmental Letters,True
CALIFORNIA LAW REVIEW,https://openalex.org/S172107878,California Law Review,False
Language Testing,https://openalex.org/S10038439,Language Testing,False
EXCEPTIONAL CHILDREN,https://openalex.org/S93932044,Exceptional Children,False
International Theory,https://openalex.org/S129176075,International Theory,False
JASSS-THE JOURNAL OF ARTIFICIAL SOCIETIES AND SOCIAL SIMULATION,https://openalex.org/S131312518,Journal of Artificial Societies and Social Simulation,True
METAPHOR AND SYMBOL,https://openalex.org/S78638136,Metaphor and Symbol,False
LEGAL AND CRIMINOLOGICAL PSYCHOLOGY,https://openalex.org/S93656081,Legal and Criminological Psychology,False
INTEGRATIVE AND COMPARATIVE BIOLOGY,https://openalex.org/S103356783,Integrative and Comparative Biology,False
Journal of European Integration,https://openalex.org/S171011604,Journal of European Integration,False
Applied Numerical Mathematics,https://openalex.org/S24251679,Applied Numerical Mathematics,False
TEXAS LAW REVIEW,https://openalex.org/S105204244,Texas law review,False
JOURNAL OF RESEARCH IN CRIME AND DELINQUENCY,https://openalex.org/S173027916,Journal of Research in Crime and Delinquency,False
JOURNAL OF CONFLICT RESOLUTION,https://openalex.org/S20177303,Journal of Conflict Resolution,False
Globalisation Societies and Education,https://openalex.org/S187925018,Globalisation Societies and Education,False
PREVENTIVE VETERINARY MEDICINE,https://openalex.org/S178566096,Preventive Veterinary Medicine,False
RESEARCH IN SCIENCE EDUCATION,https://openalex.org/S52057175,Research in Science Education,False
INTERNATIONAL JOURNAL OF LEGAL MEDICINE,https://openalex.org/S4210211635,International Journal of Legal Medicine,False
SECURITY STUDIES,https://openalex.org/S200906791,Security Studies,False
JOURNAL OF LAW & ECONOMICS,https://openalex.org/S998097505,The Journal of Law and Economics,False
Language Learning Journal,https://openalex.org/S140751389,Language Learning Journal,False
LANGUAGE SPEECH AND HEARING SERVICES IN SCHOOLS,https://openalex.org/S62317556,Language Speech and Hearing Services in Schools,False
MATHEMATICS OF COMPUTATION,https://openalex.org/S102439543,Mathematics of Computation,False
Current Research in Insect Science,https://openalex.org/S4210218026,Current Research in Insect Science,True
JOURNAL OF SPEECH LANGUAGE AND HEARING RESEARCH,https://openalex.org/S110744938,Journal of Speech Language and Hearing Research,False
RESEARCH IN VETERINARY SCIENCE,https://openalex.org/S196403249,Research in Veterinary Science,False
INTERNATIONAL JOURNAL OF SCIENCE EDUCATION,https://openalex.org/S54332258,International Journal of Science Education,False
SIAM JOURNAL ON MATHEMATICAL ANALYSIS,https://openalex.org/S74141806,SIAM Journal on Mathematical Analysis,False
World Trade Review,https://openalex.org/S182519303,World Trade Review,False
Journal of LGBT Youth,https://openalex.org/S141599056,Journal of LGBT Youth,False
DYSPHAGIA,https://openalex.org/S152176358,Dysphagia,False
Forensic Science International,https://openalex.org/S15336283,Forensic Science International,False
HUMAN NATURE-AN INTERDISCIPLINARY BIOSOCIAL PERSPECTIVE,https://openalex.org/S67524285,Human Nature,False
Journal of Refugee Studies,https://openalex.org/S80058157,Journal of Refugee Studies,False
Musculoskeletal Science and Practice,https://openalex.org/S4210206556,Musculoskeletal Science and Practice,False
NURSING FORUM,https://openalex.org/S98834204,Nursing Forum,True
NURSING RESEARCH,https://openalex.org/S57227388,Nursing Research,False
TechTrends,https://openalex.org/S4210230434,TechTrends,False
AMERICAN JOURNAL OF PHYSICAL MEDICINE & REHABILITATION,https://openalex.org/S137284937,American Journal of Physical Medicine & Rehabilitation,False
Innovative Higher Education,https://openalex.org/S53132383,Innovative Higher Education,False
Research in Autism Spectrum Disorders,https://openalex.org/S87781914,Research in autism spectrum disorders,False
Migration Studies,https://openalex.org/S2735101957,Migration Studies,False
Nursing Research and Practice,https://openalex.org/S202725144,Nursing Research and Practice,True
TIME & SOCIETY,https://openalex.org/S16648056,Time & Society,False
APPLIED ANIMAL BEHAVIOUR SCIENCE,https://openalex.org/S179500637,Applied Animal Behaviour Science,False
Global Qualitative Nursing Research,https://openalex.org/S4210230350,Global Qualitative Nursing Research,True
Italian Journal of Animal Science,https://openalex.org/S19154483,Italian Journal of Animal Science,True
JOURNAL OF ECONOMIC ENTOMOLOGY,https://openalex.org/S146976949,Journal of Economic Entomology,False
Nursing Inquiry,https://openalex.org/S26958175,Nursing Inquiry,False
BIOCONTROL,https://openalex.org/S141531615,BioControl,False
FEMINISM & PSYCHOLOGY,https://openalex.org/S62416990,Feminism & Psychology,False
Global Policy,https://openalex.org/S17594912,Global Policy,False
JOURNAL OF MIDWIFERY & WOMENS HEALTH,https://openalex.org/S11324131,Journal of Midwifery & Women s Health,False
BRITISH JOURNAL OF SOCIOLOGY OF EDUCATION,https://openalex.org/S187274487,British Journal of Sociology of Education,False
JOURNAL OF ANIMAL PHYSIOLOGY AND ANIMAL NUTRITION,https://openalex.org/S77728970,Journal of Animal Physiology and Animal Nutrition,False
Journalism Practice,https://openalex.org/S194402510,Journalism Practice,False
EXPERIMENTAL ANIMALS,https://openalex.org/S4210168996,EXPERIMENTAL ANIMALS,True
Physical Therapy in Sport,https://openalex.org/S27861859,Physical Therapy in Sport,False
Topics in Stroke Rehabilitation,https://openalex.org/S55148250,Topics in Stroke Rehabilitation,False
ANIMAL REPRODUCTION SCIENCE,https://openalex.org/S162627789,Animal Reproduction Science,False
JOURNAL OF FAMILY COMMUNICATION,https://openalex.org/S88239621,Journal of Family Communication,False
MATHEMATICAL PROGRAMMING,https://openalex.org/S193920097,Mathematical Programming,False
JOURNAL OF SYSTEMATIC PALAEONTOLOGY,https://openalex.org/S159281433,Journal of Systematic Palaeontology,False
Australian Journal of Environmental Education,https://openalex.org/S2764670897,Australian Journal of Environmental Education,False
JOURNAL OF WOOD SCIENCE,https://openalex.org/S49393431,Journal of Wood Science,True
Games for Health Journal,https://openalex.org/S2765004898,Games for Health Journal,False
JOURNAL OF FISH DISEASES,https://openalex.org/S25518365,Journal of Fish Diseases,False
Egyptian Journal of Aquatic Research,https://openalex.org/S2764850074,The Egyptian Journal of Aquatic Research,True
JOURNAL OF AGRICULTURAL & ENVIRONMENTAL ETHICS,https://openalex.org/S199978699,Journal of Agricultural and Environmental Ethics,False
LARYNGOSCOPE,https://openalex.org/S86387881,The Laryngoscope,False
PM&R,https://openalex.org/S46247591,PM&R,False
COMMUNICATIONS IN MATHEMATICAL PHYSICS,https://openalex.org/S100601982,Communications in Mathematical Physics,False
ENVIRONMENTAL VALUES,https://openalex.org/S127318573,Environmental Values,False
Evolutionary Human Sciences,https://openalex.org/S4210210912,Evolutionary Human Sciences,True
PHYSICAL REVIEW E,https://openalex.org/S4210235286,Physical review. E,False
ARCHIVES OF PSYCHIATRIC NURSING,https://openalex.org/S69840963,Archives of Psychiatric Nursing,False
International Journal of Optimization and Control-Theories & Applications-IJOCTA,https://openalex.org/S2738277457,An International Journal of Optimization and Control Theories & Applications (IJOCTA),True
JOURNAL OF GENDER STUDIES,https://openalex.org/S77556226,Journal of Gender Studies,False
Nordic Journal of Digital Literacy,https://openalex.org/S4210234769,Nordic Journal of Digital Literacy,True
Wood Material Science & Engineering,https://openalex.org/S37840076,Wood Material Science and Engineering,False
HOLZFORSCHUNG,https://openalex.org/S202705189,Holzforschung,False
SIAM JOURNAL ON CONTROL AND OPTIMIZATION,https://openalex.org/S897311980,SIAM Journal on Control and Optimization,False
Aquaculture Environment Interactions,https://openalex.org/S131334151,Aquaculture Environment Interactions,True
HYDROBIOLOGIA,https://openalex.org/S4210238371,Hydrobiologia,False
MARINE ECOLOGY PROGRESS SERIES,https://openalex.org/S96743589,Marine Ecology Progress Series,False
Integrative Organismal Biology,https://openalex.org/S4210201203,Integrative Organismal Biology,True
Journal of Industrial Textiles,https://openalex.org/S154255560,Journal of Industrial Textiles,False
Human Service Organizations Management Leadership & Governance,https://openalex.org/S4210226981,Human Services Organizations Management Leadership & Governance,False
International Journal of Sexual Health,https://openalex.org/S120498177,International Journal of Sexual Health,False
Journal of Academic Ethics,https://openalex.org/S196414289,Journal of Academic Ethics,False
Aquatic Invasions,https://openalex.org/S67121968,Aquatic Invasions,True
JOURNAL OF STATISTICAL MECHANICS-THEORY AND EXPERIMENT,https://openalex.org/S167943036,Journal of Statistical Mechanics Theory and Experiment,False
Translation Studies,https://openalex.org/S202681640,Translation Studies,False
ACADEMIC PSYCHIATRY,https://openalex.org/S156058904,Academic Psychiatry,False
Quantum Information Processing,https://openalex.org/S92819544,Quantum Information Processing,False
Journal of Engineered Fibers and Fabrics,https://openalex.org/S29890325,Journal of Engineered Fibers and Fabrics,True
International Journal of Dynamics and Control,https://openalex.org/S2764889581,International Journal of Dynamics and Control,False
FIBERS AND POLYMERS,https://openalex.org/S60519989,Fibers and Polymers,False
Current Developmental Disorders Reports,https://openalex.org/S2764553756,Current Developmental Disorders Reports,False
Frontiers in Human Dynamics,https://openalex.org/S4210235152,Frontiers in Human Dynamics,True
Fish and Shellfish Immunology Reports,https://openalex.org/S4210235429,Fish and Shellfish Immunology Reports,True
SOUTH ATLANTIC QUARTERLY,https://openalex.org/S161559975,South Atlantic Quarterly,False
Biosemiotics,https://openalex.org/S25965273,Biosemiotics,False
DAEDALUS,https://openalex.org/S107749620,Daedalus,False
Applied Linguistics Review,https://openalex.org/S2764411549,Applied Linguistics Review,False
MICHIGAN LAW REVIEW,https://openalex.org/S69429964,Michigan Law Review,False
NEW YORK UNIVERSITY LAW REVIEW,https://openalex.org/S40812874,New York University law review,False
ITL-International Journal of Applied Linguistics,https://openalex.org/S1040397408,ITL - International Journal of Applied Linguistics,False
Language Testing in Asia,https://openalex.org/S2736419388,Language Testing in Asia,True
Ornithology,https://openalex.org/S152904045,Ornithology,False
European Business Organization Law Review,https://openalex.org/S9871798,European Business Organization Law Review,False
ANNALS OF DYSLEXIA,https://openalex.org/S139806068,Annals of Dyslexia,False
Science & Education,https://openalex.org/S4210167823,Science & Education,False
NUMERICAL METHODS FOR PARTIAL DIFFERENTIAL EQUATIONS,https://openalex.org/S19633754,Numerical Methods for Partial Differential Equations,False
CURRENT ANTHROPOLOGY,https://openalex.org/S165709033,Current Anthropology,False
JOURNAL DE MATHEMATIQUES PURES ET APPLIQUEES,https://openalex.org/S61246407,Journal de Mathématiques Pures et Appliquées,False
Contemporary Social Science,https://openalex.org/S2764708137,Contemporary Social Science,False
Language and Education,https://openalex.org/S40212398,Language and Education,False
CALCULUS OF VARIATIONS AND PARTIAL DIFFERENTIAL EQUATIONS,https://openalex.org/S138240904,Calculus of Variations and Partial Differential Equations,False
JOURNAL OF COMPUTATIONAL AND APPLIED MATHEMATICS,https://openalex.org/S165473669,Journal of Computational and Applied Mathematics,False
MATHEMATICAL METHODS IN THE APPLIED SCIENCES,https://openalex.org/S89452420,Mathematical Methods in the Applied Sciences,False
NEWSLETTERS ON STRATIGRAPHY,https://openalex.org/S114466708,Newsletters on Stratigraphy,False
Informatics in Education,https://openalex.org/S2764653341,Informatics in Education,True
Race and Justice,https://openalex.org/S2764408298,Race and Justice,False
Archaeological and Anthropological Sciences,https://openalex.org/S160634688,Archaeological and Anthropological Sciences,False
CONTRIBUTIONS TO ZOOLOGY,https://openalex.org/S4210204291,Contributions to Zoology,True
COMMUNICATIONS IN PARTIAL DIFFERENTIAL EQUATIONS,https://openalex.org/S185232611,Communications in Partial Differential Equations,False
ADVANCED NONLINEAR STUDIES,https://openalex.org/S207995962,Advanced Nonlinear Studies,True
JOURNAL OF INTELLECTUAL DISABILITY RESEARCH,https://openalex.org/S67377460,Journal of Intellectual Disability Research,False
NUMERISCHE MATHEMATIK,https://openalex.org/S4210205683,Numerische Mathematik,False
JOURNAL OF VETERINARY INTERNAL MEDICINE,https://openalex.org/S69093139,Journal of Veterinary Internal Medicine,True
JOURNAL OF FLUENCY DISORDERS,https://openalex.org/S157553855,Journal of Fluency Disorders,False
ETHNIC AND RACIAL STUDIES,https://openalex.org/S96629499,Ethnic and Racial Studies,False
ANNALS OF PROBABILITY,https://openalex.org/S40212770,The Annals of Probability,False
Journal of Science Teacher Education,https://openalex.org/S99987044,Journal of Science Teacher Education,False
Journal of Workplace Learning,https://openalex.org/S161695446,Journal of Workplace Learning,False
Journal of Children and Media,https://openalex.org/S199141608,Journal of Children and Media,False
RIE-Revista de Investigacion Educativa,https://openalex.org/S4210172987,Revista de Investigación Educativa,True
JOURNAL OF MEDICAL ENTOMOLOGY,https://openalex.org/S80921037,Journal of Medical Entomology,False
British Journal of Politics & International Relations,https://openalex.org/S161552967,The British Journal of Politics and International Relations,False
Politics,https://openalex.org/S195776158,Politics,False
Augmentative and Alternative Communication,https://openalex.org/S147155939,Augmentative and Alternative Communication,False
SOCIAL WORK IN HEALTH CARE,https://openalex.org/S4082524,Social Work in Health Care,False
Journal of Mathematics Teacher Education,https://openalex.org/S64545302,Journal of Mathematics Teacher Education,False
Professional Development in Education,https://openalex.org/S169659577,Professional Development in Education,False
BMC Sports Science Medicine and Rehabilitation,https://openalex.org/S4210191135,BMC Sports Science Medicine and Rehabilitation,True
Educational Assessment,https://openalex.org/S129210194,Educational Assessment,False
ESAIM-Mathematical Modelling and Numerical Analysis,https://openalex.org/S4220651181,ESAIM. Mathematical modelling and numerical analysis,False
INTERNATIONAL GEOLOGY REVIEW,https://openalex.org/S65039790,International Geology Review,False
Research Papers in Education,https://openalex.org/S4210217010,Research Papers in Education,False
GENERAL AND COMPARATIVE ENDOCRINOLOGY,https://openalex.org/S12418545,General and Comparative Endocrinology,False
BRAIN AND LANGUAGE,https://openalex.org/S61781353,Brain and Language,False
JOURNAL OF EDUCATIONAL ADMINISTRATION,https://openalex.org/S88066655,Journal of Educational Administration,False
Journal of Hand Therapy,https://openalex.org/S27091128,Journal of Hand Therapy,False
JOURNAL OF OCCUPATIONAL REHABILITATION,https://openalex.org/S147243735,Journal of Occupational Rehabilitation,False
BEHAVIORAL DISORDERS,https://openalex.org/S106555721,Behavioral Disorders,False
JOURNAL OF THE AMERICAN ACADEMY OF PSYCHIATRY AND THE LAW,https://openalex.org/S71178850,Journal of the American Academy of Psychiatry and the Law online/The journal of the American Academy of Psychiatry and the Law,False
Archives of Physiotherapy,https://openalex.org/S4210231741,Archives of Physiotherapy,True
Egyptian Journal of Biological Pest Control,https://openalex.org/S130435576,Egyptian Journal of Biological Pest Control,True
Early Education and Development,https://openalex.org/S111552811,Early Education and Development,False
JOURNAL OF THE ACOUSTICAL SOCIETY OF AMERICA,https://openalex.org/S11296630,The Journal of the Acoustical Society of America,False
Wiley Interdisciplinary Reviews: Forensic Science,https://openalex.org/S4210204057,Wiley Interdisciplinary Reviews Forensic Science,False
JOURNAL OF INSECT SCIENCE,https://openalex.org/S4306515663,Journal of Insect Science (Ludhiana),False
Audiology Research,https://openalex.org/S2765033720,Audiology Research,True
Frontiers in Neuroanatomy,https://openalex.org/S171382541,Frontiers in Neuroanatomy,True
COMPARATIVE BIOCHEMISTRY AND PHYSIOLOGY A-MOLECULAR & INTEGRATIVE PHYSIOLOGY,https://openalex.org/S193677276,Comparative Biochemistry and Physiology Part A Molecular & Integrative Physiology,False
HEALTH EDUCATION RESEARCH,https://openalex.org/S81330422,Health Education Research,False
SEXUAL ABUSE-A JOURNAL OF RESEARCH AND TREATMENT,https://openalex.org/S172084117,Sexual Abuse,False
AMERICAN JOURNAL OF OCCUPATIONAL THERAPY,https://openalex.org/S205451775,American Journal of Occupational Therapy,False
VEGETATION HISTORY AND ARCHAEOBOTANY,https://openalex.org/S161874445,Vegetation History and Archaeobotany,False
DISABILITY AND REHABILITATION,https://openalex.org/S12843020,Disability and Rehabilitation,False
CRIMINAL JUSTICE AND BEHAVIOR,https://openalex.org/S74425203,Criminal Justice and Behavior,False
Spatial Statistics,https://openalex.org/S2765037494,Spatial Statistics,False
JOURNAL OF APPLIED RESEARCH IN INTELLECTUAL DISABILITIES,https://openalex.org/S173117069,Journal of Applied Research in Intellectual Disabilities,False
Linguistic Landscape-An International Journal,https://openalex.org/S4210171114,Linguistic Landscape An international journal,False
Frontiers in Animal Science,https://openalex.org/S4210230110,Frontiers in Animal Science,True
SPINAL CORD,https://openalex.org/S95854419,Spinal Cord,False
INTERNATIONAL JOURNAL OF RADIATION BIOLOGY,https://openalex.org/S44383424,International Journal of Radiation Biology,False
Journal of Criminal Psychology,https://openalex.org/S2765063712,Journal of Criminal Psychology,False
SIAM Journal on Imaging Sciences,https://openalex.org/S152600803,SIAM Journal on Imaging Sciences,False
BRAIN BEHAVIOR AND EVOLUTION,https://openalex.org/S141720782,Brain Behavior and Evolution,False
Statistical Analysis and Data Mining,https://openalex.org/S40788348,Statistical Analysis and Data Mining The ASA Data Science Journal,False
Journal of Financial Regulation,https://openalex.org/S2734559656,Journal of Financial Regulation,False
International Journal of Heritage Studies,https://openalex.org/S115783906,International Journal of Heritage Studies,False
BULLETIN OF INDONESIAN ECONOMIC STUDIES,https://openalex.org/S203364070,Bulletin of Indonesian Economic Studies,False
JOURNAL OF CONTEMPORARY ASIA,https://openalex.org/S182993579,Journal of Contemporary Asia,False
East European Politics,https://openalex.org/S2764536841,East European Politics,False
NORTHWESTERN UNIVERSITY LAW REVIEW,https://openalex.org/S15963141,Northwestern University law review,False
Journal of Mathematics and Computer Science-JMCS,https://openalex.org/S4210216717,Journal of Mathematics and Computer Science,True
BULLETIN OF THE AMERICAN MATHEMATICAL SOCIETY,https://openalex.org/S71584477,Bulletin of the American Mathematical Society,True
CRITICAL INQUIRY,https://openalex.org/S121755651,Critical Inquiry,False
Demonstratio Mathematica,https://openalex.org/S4210182362,Demonstratio Mathematica,True
Analysis and Applications,https://openalex.org/S44811899,Analysis and Applications,False
Review of European Comparative & International Environmental Law,https://openalex.org/S2764823390,Review of European Comparative & International Environmental Law,False
JOURNAL OF ANTHROPOLOGICAL ARCHAEOLOGY,https://openalex.org/S34740387,Journal of Anthropological Archaeology,False
International Journal of Multilingualism,https://openalex.org/S116265073,International Journal of Multilingualism,False
Journal of Semantics,https://openalex.org/S146447972,Journal of Semantics,False
Trends in Organized Crime,https://openalex.org/S118096098,Trends in Organized Crime,False
RESEARCH AND PRACTICE FOR PERSONS WITH SEVERE DISABILITIES,https://openalex.org/S4210171619,Research and Practice for Persons with Severe Disabilities,False
Supreme Court Review,https://openalex.org/S94195887,The Supreme Court Review,False
TOPICS IN EARLY CHILDHOOD SPECIAL EDUCATION,https://openalex.org/S204415528,Topics in Early Childhood Special Education,False
Feminist Legal Studies,https://openalex.org/S74983385,Feminist Legal Studies,False
LANGUAGE IN SOCIETY,https://openalex.org/S123019783,Language in Society,False
Child Indicators Research,https://openalex.org/S55835182,Child Indicators Research,False
Palaeontographica Abteilung B-Palaeophytologie Palaeobotany-Palaeophytology,https://openalex.org/S953895714,Palaeontographica Abteilung B,False
ECONOMIC DEVELOPMENT AND CULTURAL CHANGE,https://openalex.org/S71670289,Economic Development and Cultural Change,False
MEMOIRS OF THE AMERICAN MATHEMATICAL SOCIETY,https://openalex.org/S104585175,Memoirs of the American Mathematical Society,False
African Archaeological Review,https://openalex.org/S203792648,African Archaeological Review,False
Policing & Society,https://openalex.org/S23604231,Policing & Society,False
AMERICAN JOURNAL OF PRIMATOLOGY,https://openalex.org/S194752149,American Journal of Primatology,False
JOURNAL OF LANGUAGE AND SOCIAL PSYCHOLOGY,https://openalex.org/S111893742,Journal of Language and Social Psychology,False
SAGE Open,https://openalex.org/S148277943,SAGE Open,True
Engineering Studies,https://openalex.org/S200914213,Engineering Studies,False
JOURNAL OF ENVIRONMENTAL LAW,https://openalex.org/S129774924,Journal of Environmental Law,False
INVERSE PROBLEMS,https://openalex.org/S1393328,Inverse Problems,False
MEDICAL ANTHROPOLOGY QUARTERLY,https://openalex.org/S71057445,Medical Anthropology Quarterly,False
JOURNAL OF SEDIMENTARY RESEARCH,https://openalex.org/S147293822,Journal of Sedimentary Research,False
World,https://openalex.org/S4393917493,World,False
YOUTH & SOCIETY,https://openalex.org/S189466069,Youth & Society,False
European Journal of Criminology,https://openalex.org/S161173318,European Journal of Criminology,False
MARINE MAMMAL SCIENCE,https://openalex.org/S199286587,Marine Mammal Science,False
ARCHIVES OF ANIMAL NUTRITION,https://openalex.org/S101518821,Archives of Animal Nutrition,False
International Journal of Legal Discourse,https://openalex.org/S4210207385,International Journal of Legal Discourse,False
SPACE POLICY,https://openalex.org/S134585236,Space Policy,False
GEUS Bulletin,https://openalex.org/S4210180054,GEUS Bulletin,True
Econometrics and Statistics,https://openalex.org/S2898363556,Econometrics and Statistics,False
JOURNAL OF COMMUNITY PSYCHOLOGY,https://openalex.org/S72553257,Journal of Community Psychology,False
Neotropical Ichthyology,https://openalex.org/S101991353,Neotropical Ichthyology,True
HEALTH & SOCIAL CARE IN THE COMMUNITY,https://openalex.org/S176659572,Health & Social Care in the Community,True
JOURNAL OF ZOOLOGICAL SYSTEMATICS AND EVOLUTIONARY RESEARCH,https://openalex.org/S36756304,Journal of Zoological Systematics & Evolutionary Research,True
Trends and Issues in Crime and Criminal Justice,https://openalex.org/S2764966318,Trends and issues in crime and criminal justice,False
OPTIMAL CONTROL APPLICATIONS & METHODS,https://openalex.org/S92282528,Optimal Control Applications and Methods,False
RADICAL PHILOSOPHY,https://openalex.org/S128727557,Radical philosophy,False
AMERICAN HISTORICAL REVIEW,https://openalex.org/S197437610,The American Historical Review,False
Africa Spectrum,https://openalex.org/S84895730,Africa Spectrum,True
UNIVERSITY OF CHICAGO LAW REVIEW,https://openalex.org/S21339052,The University of Chicago Law Review,False
AFRICAN AFFAIRS,https://openalex.org/S33869021,African Affairs,False
European Journal of Cultural Studies,https://openalex.org/S44753038,European Journal of Cultural Studies,False
SIAM Journal on Mathematics of Data Science,https://openalex.org/S4210229561,SIAM Journal on Mathematics of Data Science,True
LANGUAGE,https://openalex.org/S176347361,Language,False
JOURNAL OF PHONETICS,https://openalex.org/S42504509,Journal of Phonetics,False
CULTURAL ANTHROPOLOGY,https://openalex.org/S22506700,Cultural Anthropology,True
Journal of Function Spaces,https://openalex.org/S4210230070,Journal of Function Spaces,True
Advances in Life Course Research,https://openalex.org/S4394735480,Advances in Life Course Research,False
Iranian Journal of Fuzzy Systems,https://openalex.org/S30613177,Iranian journal of fuzzy systems,False
ANTIQUITY,https://openalex.org/S173880072,Antiquity,False
Mathematical Sciences,https://openalex.org/S4210211665,Mathematical sciences,False
Qualitative Theory of Dynamical Systems,https://openalex.org/S47823441,Qualitative Theory of Dynamical Systems,False
Biological Theory,https://openalex.org/S131583313,Biological Theory,False
Target-International Journal of Translation Studies,https://openalex.org/S45653059,Target International Journal of Translation Studies,False
AJIDD-American Journal on Intellectual and Developmental Disabilities,https://openalex.org/S4210192384,American Journal on Intellectual and Developmental Disabilities,False
Axioms,https://openalex.org/S4210173132,Axioms,True
IDENTITIES-GLOBAL STUDIES IN CULTURE AND POWER,https://openalex.org/S128487343,Identities,False
INTERNATIONAL JOURNAL OF PRIMATOLOGY,https://openalex.org/S139016016,International Journal of Primatology,False
Learning Disabilities Research & Practice,https://openalex.org/S179996988,Learning Disabilities Research and Practice,False
Globalizations,https://openalex.org/S203532909,Globalizations,False
DYSLEXIA,https://openalex.org/S148607363,Dyslexia,False
AMERICAN ETHNOLOGIST,https://openalex.org/S114801684,American Ethnologist,False
JOURNAL OF INTELLECTUAL & DEVELOPMENTAL DISABILITY,https://openalex.org/S19769454,Journal of Intellectual & Developmental Disability,False
Numerical Mathematics-Theory Methods and Applications,https://openalex.org/S63467722,Numerical Mathematics Theory Methods and Applications,False
Journal of Experimental Zoology Part A-Ecological and Integrative Physiology,https://openalex.org/S4210175218,Journal of Experimental Zoology Part A Ecological and Integrative Physiology,False
SIAM JOURNAL ON APPLIED MATHEMATICS,https://openalex.org/S77200987,SIAM Journal on Applied Mathematics,False
MAMMALIAN BIOLOGY,https://openalex.org/S28739527,Mammalian Biology,False
Fossil Record,https://openalex.org/S4210170920,Fossil Record,False
JOURNAL OF SOCIAL POLICY,https://openalex.org/S178021067,Journal of Social Policy,False
CRETACEOUS RESEARCH,https://openalex.org/S48852984,Cretaceous Research,False
Science and Technology Studies,https://openalex.org/S2764652270,Science & Technology Studies,True
Journal of Cultural Economy,https://openalex.org/S206312523,Journal of Cultural Economy,False
SECOND LANGUAGE RESEARCH,https://openalex.org/S201294665,Second language Research,False
Palaeoentomology,https://openalex.org/S4210233173,Palaeoentomology,False
ANIMAL COGNITION,https://openalex.org/S173545869,Animal Cognition,True
DISABILITY & SOCIETY,https://openalex.org/S24435420,Disability & Society,False
JOURNAL OF ZOOLOGY,https://openalex.org/S44571845,Journal of Zoology,False
ANNALS OF NUCLEAR ENERGY,https://openalex.org/S197743716,Annals of Nuclear Energy,False
BEHAVIORAL ECOLOGY AND SOCIOBIOLOGY,https://openalex.org/S136529485,Behavioral Ecology and Sociobiology,False
FUSION ENGINEERING AND DESIGN,https://openalex.org/S191935395,Fusion Engineering and Design,False
PalZ,https://openalex.org/S141502683,PalZ,False
RACE & CLASS,https://openalex.org/S180716411,Race & Class,False
JOURNAL OF WILDLIFE MANAGEMENT,https://openalex.org/S72902805,Journal of Wildlife Management,False
NUCLEAR ENGINEERING AND DESIGN,https://openalex.org/S102681701,Nuclear Engineering and Design,False
Emotion Space and Society,https://openalex.org/S150370431,"Emotion, space and society",False
ORGANISMS DIVERSITY & EVOLUTION,https://openalex.org/S190011727,Organisms Diversity & Evolution,False
Communications in Applied Mathematics and Computational Science,https://openalex.org/S4210211657,Communications in Applied Mathematics and Computational Science,False
INSURANCE MATHEMATICS & ECONOMICS,https://openalex.org/S198325475,Insurance Mathematics and Economics,False
NEW ZEALAND JOURNAL OF GEOLOGY AND GEOPHYSICS,https://openalex.org/S14626285,New Zealand Journal of Geology and Geophysics,False
COMPARATIVE BIOCHEMISTRY AND PHYSIOLOGY B-BIOCHEMISTRY & MOLECULAR BIOLOGY,https://openalex.org/S102889028,Comparative Biochemistry and Physiology Part B Biochemistry and Molecular Biology,False
LETHAIA,https://openalex.org/S162783176,Lethaia,False
JOURNAL OF COMPARATIVE PHYSIOLOGY A-NEUROETHOLOGY SENSORY NEURAL AND BEHAVIORAL PHYSIOLOGY,https://openalex.org/S69822372,Journal of Comparative Physiology A,False
IEEE TRANSACTIONS ON NUCLEAR SCIENCE,https://openalex.org/S14279044,IEEE Transactions on Nuclear Science,False
JOURNAL OF FUSION ENERGY,https://openalex.org/S125685628,Journal of Fusion Energy,False
JOURNAL OF MOLLUSCAN STUDIES,https://openalex.org/S151641874,Journal of Molluscan Studies,False
SOCIAL SCIENCE INFORMATION SUR LES SCIENCES SOCIALES,https://openalex.org/S50876694,Social Science Information,False
JOURNAL OF CHEMOMETRICS,https://openalex.org/S61773069,Journal of Chemometrics,False
LEARNING & BEHAVIOR,https://openalex.org/S16559285,Learning & Behavior,False
PAST & PRESENT,https://openalex.org/S42922845,Past & Present,False
European Journal of Risk Regulation,https://openalex.org/S2764512282,European Journal of Risk Regulation,False
GEORGETOWN LAW JOURNAL,https://openalex.org/S54227673,The Georgetown law journal,False
Revista de la Real Academia de Ciencias Exactas Fisicas y Naturales Serie A-Matematicas,https://openalex.org/S129511265,Revista de la Real Academia de Ciencias Exactas Físicas y Naturales Serie A Matemáticas,False
DUKE LAW JOURNAL,https://openalex.org/S120433428,Duke Law Journal,False
Cambridge Journal of Mathematics,https://openalex.org/S4210174564,Cambridge Journal of Mathematics,False
AMERICAN JOURNAL OF INTERNATIONAL LAW,https://openalex.org/S160097506,American Journal of International Law,False
Journal of Paleolithic Archaeology,https://openalex.org/S4210218161,Journal of Paleolithic Archaeology,False
Intercultural Pragmatics,https://openalex.org/S195768125,Intercultural Pragmatics,False
AIMS Mathematics,https://openalex.org/S4210179087,AIMS Mathematics,True
Japanese Journal of Mathematics,https://openalex.org/S156728337,Japanese journal of mathematics,False
Linguistic Approaches to Bilingualism,https://openalex.org/S2764987832,Linguistic Approaches to Bilingualism,False
Interpreting,https://openalex.org/S167197906,Interpreting International Journal of Research and Practice in Interpreting,False
JOURNAL OF PRAGMATICS,https://openalex.org/S186034587,Journal of Pragmatics,False
Information & Communications Technology Law,https://openalex.org/S144709864,Information & Communications Technology Law,False
Language and Intercultural Communication,https://openalex.org/S110015799,Language and Intercultural Communication,False
Asia Pacific Viewpoint,https://openalex.org/S186613059,Asia Pacific Viewpoint,False
Medical Law Review,https://openalex.org/S167467917,Medical Law Review,False
IBIS,https://openalex.org/S4147745,Ibis,False
Analysis & PDE,https://openalex.org/S2477993565,Analysis & PDE,False
COGNITIVE LINGUISTICS,https://openalex.org/S207053439,Cognitive Linguistics,False
European Journal of International Law,https://openalex.org/S175405714,European Journal of International Law,False
Interpreter and Translator Trainer,https://openalex.org/S935239960,The Interpreter and Translator Trainer,False
Differential and Integral Equations,https://openalex.org/S184577771,Differential and Integral Equations,False
Journal of Linguistic Anthropology,https://openalex.org/S161848700,Journal of Linguistic Anthropology,False
Foundations of Chemistry,https://openalex.org/S20055979,Foundations of Chemistry,False
TOPICS IN LANGUAGE DISORDERS,https://openalex.org/S5838215,Topics in Language Disorders,False
NONLINEAR ANALYSIS-REAL WORLD APPLICATIONS,https://openalex.org/S114104845,Nonlinear Analysis Real World Applications,False
NUMERICAL LINEAR ALGEBRA WITH APPLICATIONS,https://openalex.org/S60324941,Numerical Linear Algebra with Applications,False
ANNALES DE L INSTITUT HENRI POINCARE-ANALYSE NON LINEAIRE,https://openalex.org/S2898435970,Annales de l Institut Henri Poincaré C Analyse Non Linéaire,True
JOURNAL OF COMPLEXITY,https://openalex.org/S42286584,Journal of Complexity,False
BRITISH JOURNAL OF SOCIAL WORK,https://openalex.org/S202740514,The British Journal of Social Work,False
BIOSTATISTICS,https://openalex.org/S190140075,Biostatistics,False
PHYSIOLOGICAL AND BIOCHEMICAL ZOOLOGY,https://openalex.org/S127706618,Physiological and Biochemical Zoology,False
JOURNAL OF COMMUNICATION DISORDERS,https://openalex.org/S145707319,Journal of Communication Disorders,False
INVERTEBRATE SYSTEMATICS,https://openalex.org/S190005928,Invertebrate Systematics,False
Lithosphere,https://openalex.org/S20077085,Lithosphere,True
MIND & LANGUAGE,https://openalex.org/S13012152,Mind & Language,False
FACIES,https://openalex.org/S197058623,Facies,False
AMERICAN STATISTICIAN,https://openalex.org/S4179095,The American Statistician,False
HUMAN ECOLOGY,https://openalex.org/S82712235,Human Ecology,False
EUROPEAN JOURNAL OF WILDLIFE RESEARCH,https://openalex.org/S195743144,European Journal of Wildlife Research,False
HYSTRIX-Italian Journal of Mammalogy,https://openalex.org/S20766698,Hystrix,True
JOURNAL OF EXPERIMENTAL ZOOLOGY PART B-MOLECULAR AND DEVELOPMENTAL EVOLUTION,https://openalex.org/S4210222104,Journal of Experimental Zoology Part B Molecular and Developmental Evolution,False
REPRODUCTION FERTILITY AND DEVELOPMENT,https://openalex.org/S199941106,Reproduction Fertility and Development,False
MATHEMATICAL AND COMPUTER MODELLING OF DYNAMICAL SYSTEMS,https://openalex.org/S86547361,Mathematical and Computer Modelling of Dynamical Systems,True
STATISTICS IN MEDICINE,https://openalex.org/S55189604,Statistics in Medicine,False
Journal of Global History,https://openalex.org/S171627239,Journal of Global History,False
Cultural Trends,https://openalex.org/S132706615,Cultural Trends,False
EURASIAN GEOGRAPHY AND ECONOMICS,https://openalex.org/S32191110,Eurasian Geography and Economics,False
Netherlands Quarterly of Human Rights,https://openalex.org/S158082692,Netherlands Quarterly of Human Rights,False
CRITICAL ASIAN STUDIES,https://openalex.org/S145066639,Critical Asian Studies,False
BIOLOGY & PHILOSOPHY,https://openalex.org/S75346102,Biology & Philosophy,False
Linguistic Typology,https://openalex.org/S97247071,Linguistic Typology,False
Journal of Language and Politics,https://openalex.org/S24964065,Journal of Language and Politics,False
AMERICAN JOURNAL OF MATHEMATICS,https://openalex.org/S114406506,American Journal of Mathematics,False
GEOMETRY & TOPOLOGY,https://openalex.org/S50220091,Geometry & Topology,False
Philosophy Ethics and Humanities in Medicine,https://openalex.org/S43494779,Philosophy Ethics and Humanities in Medicine,True
Current Issues in Language Planning,https://openalex.org/S143927757,Current Issues in Language Planning,False
JOURNAL OF FUNCTIONAL ANALYSIS,https://openalex.org/S54953690,Journal of Functional Analysis,False
COMMON MARKET LAW REVIEW,https://openalex.org/S127459061,Common Market Law Review,False
LATIN AMERICAN POLITICS AND SOCIETY,https://openalex.org/S195250056,Latin American Politics and Society,False
International Journal of Transitional Justice,https://openalex.org/S163979956,International Journal of Transitional Justice,False
New Perspectives on Turkey,https://openalex.org/S34010420,New Perspectives on Turkey,False
NUMERICAL ALGORITHMS,https://openalex.org/S117494069,Numerical Algorithms,False
ZEITSCHRIFT FUR ANGEWANDTE MATHEMATIK UND PHYSIK,https://openalex.org/S34928686,Zeitschrift für angewandte Mathematik und Physik,False
American Journal of Biological Anthropology,https://openalex.org/S4394736957,American Journal of Biological Anthropology,False
ADVANCES IN COMPUTATIONAL MATHEMATICS,https://openalex.org/S57050787,Advances in Computational Mathematics,False
SIAM JOURNAL ON APPLIED DYNAMICAL SYSTEMS,https://openalex.org/S161160597,SIAM Journal on Applied Dynamical Systems,False
FAMILY RELATIONS,https://openalex.org/S166157821,Family Relations,False
INTERNATIONAL JOURNAL OF COMPUTER MATHEMATICS,https://openalex.org/S124867444,International Journal of Computer Mathematics,False
JOURNAL OF CHILD LANGUAGE,https://openalex.org/S31497010,Journal of Child Language,False
Foundations of Data Science,https://openalex.org/S4210212798,Foundations of Data Science,True
RESEARCH ON SOCIAL WORK PRACTICE,https://openalex.org/S188440287,Research on Social Work Practice,False
Bilingual Research Journal,https://openalex.org/S104586334,Bilingual Research Journal,False
INTERNATIONAL STATISTICAL REVIEW,https://openalex.org/S17395904,International Statistical Review,False
Journal of Child & Adolescent Trauma,https://openalex.org/S128056823,Journal of Child & Adolescent Trauma,False
Qualitative Social Work,https://openalex.org/S156637263,Qualitative Social Work,False
Social Work in Public Health,https://openalex.org/S47190238,Social Work in Public Health,False
Astin Bulletin-The Journal of the International Actuarial Association,https://openalex.org/S92223472,Astin Bulletin,False
HEALTH & SOCIAL WORK,https://openalex.org/S95127448,Health & Social Work,False
Linguistica Antverpiensia New Series-Themes in Translation Studies,https://openalex.org/S2764898092,Linguistica Antverpiensia New Series – Themes in Translation Studies,False
HISTORICAL METHODS,https://openalex.org/S4210205351,Historical Methods A Journal of Quantitative and Interdisciplinary History,False
International & Comparative Law Quarterly,https://openalex.org/S156235965,International and Comparative Law Quarterly,False
Journal of Legal Affairs and Dispute Resolution in Engineering and Construction,https://openalex.org/S25972796,Journal of Legal Affairs and Dispute Resolution in Engineering and Construction,False
BOSTON UNIVERSITY LAW REVIEW,https://openalex.org/S85562951,Boston University law review,False
European Constitutional Law Review,https://openalex.org/S127320246,European Constitutional Law Review,False
International Journal of Law and Information Technology,https://openalex.org/S193514341,International Journal of Law and Information Technology,False
Social Semiotics,https://openalex.org/S70675402,Social Semiotics,False
Journal of Language and Sexuality,https://openalex.org/S4210186151,Journal of Language and Sexuality,False
GEORGE WASHINGTON LAW REVIEW,https://openalex.org/S13956896,The George Washington law review,False
Human Rights Law Review,https://openalex.org/S84944781,Human Rights Law Review,False
Avian Research,https://openalex.org/S4210204301,Avian Research,True
Mathematical Modelling and Analysis,https://openalex.org/S177394553,Mathematical Modelling and Analysis,True
JOURNAL OF LAW MEDICINE & ETHICS,https://openalex.org/S171945920,The Journal of Law Medicine & Ethics,False
Linguistics and Education,https://openalex.org/S16782977,Linguistics and Education,False
HISTORY AND PHILOSOPHY OF THE LIFE SCIENCES,https://openalex.org/S120468566,History & Philosophy of the Life Sciences,False
PaleoAmerica,https://openalex.org/S4210197810,PaleoAmerica,False
CULTURAL STUDIES,https://openalex.org/S25593863,Cultural Studies,False
International Journal of Corpus Linguistics,https://openalex.org/S126481815,International Journal of Corpus Linguistics,False
Journal of Energy & Natural Resources Law,https://openalex.org/S2764688988,Journal of Energy & Natural Resources Law,False
LINGUISTIC INQUIRY,https://openalex.org/S8506441,Linguistic Inquiry,False
JOURNAL OF GEOMETRY AND PHYSICS,https://openalex.org/S105977992,Journal of Geometry and Physics,False
JOURNAL OF SOCIAL ARCHAEOLOGY,https://openalex.org/S184546072,Journal of Social Archaeology,False
Asian Englishes,https://openalex.org/S2764401919,Asian Englishes,False
Transforming Anthropology,https://openalex.org/S202664421,Transforming Anthropology,False
Journal of Survey Statistics and Methodology,https://openalex.org/S4210204360,Journal of Survey Statistics and Methodology,False
AMERICAN JOURNAL OF HUMAN BIOLOGY,https://openalex.org/S179381287,American Journal of Human Biology,False
JOURNAL OF PSYCHOLINGUISTIC RESEARCH,https://openalex.org/S148653594,Journal of Psycholinguistic Research,False
Language Cognition and Neuroscience,https://openalex.org/S2765072596,Language Cognition and Neuroscience,False
STATISTICS AND COMPUTING,https://openalex.org/S5437875,Statistics and Computing,False
STATISTICAL METHODS IN MEDICAL RESEARCH,https://openalex.org/S150263959,Statistical Methods in Medical Research,False
Scandinavian Actuarial Journal,https://openalex.org/S125980181,Scandinavian Actuarial Journal,False
Journal of Anthropological Sciences,https://openalex.org/S104358966,Journal of anthropological sciences,False
Statistica,https://openalex.org/S53032298,Statistica,True
Theory and Practice of Legislation,https://openalex.org/S2764937290,The Theory and Practice of Legislation,False
Nations and Nationalism,https://openalex.org/S155963401,Nations and Nationalism,False
Journal of Asian Public Policy,https://openalex.org/S143207802,Journal of Asian Public Policy,False
Cliometrica,https://openalex.org/S7241030,Cliometrica,False
German Law Journal,https://openalex.org/S117224066,German Law Journal,True
International Journal of Cultural Studies,https://openalex.org/S186255157,International Journal of Cultural Studies,False
MODERN LAW REVIEW,https://openalex.org/S82119083,Modern Law Review,False
ADVANCES IN MATHEMATICS,https://openalex.org/S122441808,Advances in Mathematics,False
PROCEEDINGS OF THE LONDON MATHEMATICAL SOCIETY,https://openalex.org/S2898222998,Proceedings of the London Mathematical Society,False
Cambridge Law Journal,https://openalex.org/S206866588,The Cambridge Law Journal,False
INDIANA LAW JOURNAL,https://openalex.org/S189310978,Indiana law journal,False
JOURNAL OF AVIAN BIOLOGY,https://openalex.org/S79449806,Journal of Avian Biology,True
European Journal for Philosophy of Science,https://openalex.org/S2764495318,European Journal for Philosophy of Science,False
Journal of International Criminal Justice,https://openalex.org/S89112254,Journal of International Criminal Justice,False
Dissertationes Mathematicae,https://openalex.org/S26255099,Dissertationes Mathematicae,False
EUROPEAN JOURNAL OF MIGRATION AND LAW,https://openalex.org/S12960076,European Journal of Migration and Law,False
JOURNAL OF INEQUALITIES AND APPLICATIONS,https://openalex.org/S51920167,Journal of Inequalities and Applications,True
Birds,https://openalex.org/S4210237514,Birds,True
Journal for Cultural Research,https://openalex.org/S190286112,Journal for Cultural Research,False
BIRD CONSERVATION INTERNATIONAL,https://openalex.org/S194129668,Bird Conservation International,False
Advances in Differential Equations,https://openalex.org/S7748972,Advances in Differential Equations,False
MEDICINE SCIENCE AND THE LAW,https://openalex.org/S163308530,Medicine Science and the Law,False
Memory Studies,https://openalex.org/S144836642,Memory Studies,False
ECONOMIC HISTORY REVIEW,https://openalex.org/S165492527,The Economic History Review,False
European Law Journal,https://openalex.org/S117125115,European Law Journal,False
LAW AND SOCIAL INQUIRY-JOURNAL OF THE AMERICAN BAR FOUNDATION,https://openalex.org/S129275725,Law & Social Inquiry,False
Asia & the Pacific Policy Studies,https://openalex.org/S2738535301,Asia & the Pacific Policy Studies,True
Oxford Journal of Legal Studies,https://openalex.org/S34110867,Oxford Journal of Legal Studies,False
SOCIAL & LEGAL STUDIES,https://openalex.org/S206808405,Social & Legal Studies,False
INTERNATIONAL JOURNAL OF LAW AND PSYCHIATRY,https://openalex.org/S44052652,International Journal of Law and Psychiatry,False
Social Epistemology,https://openalex.org/S113020877,Social Epistemology,False
Current Legal Problems,https://openalex.org/S2735488580,Current Legal Problems,False
PHILOSOPHY OF SCIENCE,https://openalex.org/S147691735,Philosophy of Science,False
STUDIES IN HISTORY AND PHILOSOPHY OF SCIENCE,https://openalex.org/S21220828,Studies in History and Philosophy of Science Part A,False
China Perspectives,https://openalex.org/S4210171771,China Perspectives,False
PACIFIC AFFAIRS,https://openalex.org/S22496335,Pacific Affairs,False
Analysis and Mathematical Physics,https://openalex.org/S2764455708,Analysis and Mathematical Physics,False
Journal of Fixed Point Theory and Applications,https://openalex.org/S177115271,Journal of Fixed Point Theory and Applications,False
Review of African Political Economy,https://openalex.org/S36169284,Review of African Political Economy,False
Carpathian Journal of Mathematics,https://openalex.org/S14240099,Carpathian Journal of Mathematics,False
Legal Ethics,https://openalex.org/S178520001,Legal Ethics,False
Science China-Mathematics,https://openalex.org/S18344391,Science China Mathematics,False
CALCOLO,https://openalex.org/S21314667,CALCOLO,False
THEORY AND PRACTICE OF LOGIC PROGRAMMING,https://openalex.org/S59670734,Theory and Practice of Logic Programming,False
Journal of Dynamics and Differential Equations,https://openalex.org/S176689137,Journal of Dynamics and Differential Equations,False
JOURNAL OF THE AMERICAN PSYCHOANALYTIC ASSOCIATION,https://openalex.org/S203799486,Journal of the American Psychoanalytic Association,False
RUSSIAN MATHEMATICAL SURVEYS,https://openalex.org/S132681663,Russian Mathematical Surveys,False
LAW PROBABILITY & RISK,https://openalex.org/S174752802,Law Probability and Risk,False
Chinese Journal of International Law,https://openalex.org/S59397192,Chinese Journal of International Law,False
Mathematical Modelling and Control,https://openalex.org/S4210192649,Mathematical Modelling and Control,True
Revista Matematica Complutense,https://openalex.org/S114435421,Revista Matemática Complutense,False
Psychiatry Psychology and Law,https://openalex.org/S94954469,Psychiatry Psychology and Law,False
Region,https://openalex.org/S4210218659,Region Regional Studies of Russia Eastern Europe and Central Asia,False
JOURNAL OF ASIAN STUDIES,https://openalex.org/S114691300,The Journal of Asian Studies,False
Nationalities Papers-The Journal of Nationalism and Ethnicity,https://openalex.org/S4210178631,Nationalities Papers,False
SYNTHESE,https://openalex.org/S255146,Synthese,False
Laws,https://openalex.org/S2737540407,Laws,True
Millennial Asia,https://openalex.org/S2765039173,Millennial Asia,False
International Journal of Marine and Coastal Law,https://openalex.org/S20683218,The International Journal of Marine and Coastal Law,False
Leiden Journal of International Law,https://openalex.org/S154337186,Leiden Journal of International Law,False
Journal of World Investment & Trade,https://openalex.org/S4210226457,The Journal of World Investment & Trade,False
JOURNAL OF DIFFERENTIAL GEOMETRY,https://openalex.org/S23326474,Journal of Differential Geometry,False
SLAVIC REVIEW,https://openalex.org/S3127539,Slavic Review,False
International Journal of Law and Management,https://openalex.org/S161389873,International Journal of Law and Management,False
Griffith Law Review,https://openalex.org/S2764362924,Griffith Law Review,False
International Sports Law Journal,https://openalex.org/S2764973561,The International Sports Law Journal,False
Netherlands International Law Review,https://openalex.org/S31056637,Netherlands International Law Review,False
ANNALES SCIENTIFIQUES DE L ECOLE NORMALE SUPERIEURE,https://openalex.org/S182617021,Annales Scientifiques de l École Normale Supérieure,False
Advances in Calculus of Variations,https://openalex.org/S71657983,Advances in Calculus of Variations,False
COMPOSITIO MATHEMATICA,https://openalex.org/S66563395,Compositio Mathematica,False
International Journal of Refugee Law,https://openalex.org/S59956449,International Journal of Refugee Law,False
Mediterranean Politics,https://openalex.org/S69526605,Mediterranean Politics,False
JOURNAL OF MODERN AFRICAN STUDIES,https://openalex.org/S40252047,The Journal of Modern African Studies,False
European Company and Financial Law Review,https://openalex.org/S94967567,European Company and Financial Law Review,False
ASIAN SURVEY,https://openalex.org/S194011547,Asian Survey,False
JOURNAL OF LAW AND SOCIETY,https://openalex.org/S113600414,Journal of Law and Society,False
EMS Surveys in Mathematical Sciences,https://openalex.org/S4210233088,EMS Surveys in Mathematical Sciences,True
REVISTA MATEMATICA IBEROAMERICANA,https://openalex.org/S16719760,Revista Matemática Iberoamericana,True
AMERICAN JOURNAL OF COMPARATIVE LAW,https://openalex.org/S167039476,The American Journal of Comparative Law,False
INTERNATIONAL JOURNAL OF MIDDLE EAST STUDIES,https://openalex.org/S87435064,International Journal Middle East Studies,False
MATHEMATISCHE ANNALEN,https://openalex.org/S192217950,Mathematische Annalen,False
OCEAN DEVELOPMENT AND INTERNATIONAL LAW,https://openalex.org/S64132169,Ocean Development & International Law,False
Journal de l Ecole Polytechnique-Mathematiques,https://openalex.org/S4210188819,Journal de l’École polytechnique — Mathématiques,True
Journal of Mathematics,https://openalex.org/S2764668616,Journal of Mathematics,True
Critical African Studies,https://openalex.org/S2764881429,Critical African Studies,False
Election Law Journal,https://openalex.org/S151257747,Election Law Journal Rules Politics and Policy,False
NONLINEAR ANALYSIS-THEORY METHODS & APPLICATIONS,https://openalex.org/S70695507,Nonlinear Analysis,False
Journal of Competition Law & Economics,https://openalex.org/S4210186350,Journal of Competition Law & Economics,False
Evolution Equations and Control Theory,https://openalex.org/S2764620180,Evolution equations and control theory,False
PROCEEDINGS OF THE ROYAL SOCIETY OF EDINBURGH SECTION A-MATHEMATICS,https://openalex.org/S4210171405,Proceedings of the Royal Society of Edinburgh Section A Mathematics,False
JOURNAL OF LAW ECONOMICS & ORGANIZATION,https://openalex.org/S4210168091,The Journal of Law Economics and Organization,False
JOURNAL OF HISTORICAL GEOGRAPHY,https://openalex.org/S202848731,Journal of Historical Geography,False
International Journal of Numerical Analysis and Modeling,https://openalex.org/S119844295,International Journal of Numerical Analysis and Modeling,False
AMERICAN BUSINESS LAW JOURNAL,https://openalex.org/S105700240,American Business Law Journal,False
BUSINESS HISTORY REVIEW,https://openalex.org/S88020226,The Business History Review,False
NEW GENETICS AND SOCIETY,https://openalex.org/S144076420,New Genetics and Society,True
Journal of the History of Economic Thought,https://openalex.org/S4210168092,Journal of the History of Economic Thought,False
Yale Journal on Regulation,https://openalex.org/S46771824,Yale journal on regulation,False
AMERICAN INDIAN CULTURE AND RESEARCH JOURNAL,https://openalex.org/S32628711,American Indian Culture and Research Journal,False
Postcolonial Studies,https://openalex.org/S165820259,Postcolonial Studies,False
Asian Studies Review,https://openalex.org/S80367638,Asian Studies Review,False
China Review-An Interdisciplinary Journal on Greater China,https://openalex.org/S55323383,China review,False
Law & Policy,https://openalex.org/S43719661,Law & Policy,False
Journal of Empirical Legal Studies,https://openalex.org/S124682778,Journal of Empirical Legal Studies,False
Turkish Studies,https://openalex.org/S77485876,Turkish Studies,False
Human Rights Review,https://openalex.org/S31204768,Human Rights Review,False
Psychoanalytic Psychotherapy,https://openalex.org/S151718985,Psychoanalytic Psychotherapy,False
WASHINGTON QUARTERLY,https://openalex.org/S162391821,The Washington Quarterly,False
AJIL Unbound,https://openalex.org/S4210207098,AJIL Unbound,True
International Journal of Discrimination and the Law,https://openalex.org/S94138880,International Journal of Discrimination and the Law,False
UNIVERSITY OF NEW SOUTH WALES LAW JOURNAL,https://openalex.org/S4210230634,University of New South Wales Law Journal,False
Journal of Corporate Law Studies,https://openalex.org/S2764848976,Journal of Corporate Law Studies,False
JOURNAL FUR DIE REINE UND ANGEWANDTE MATHEMATIK,https://openalex.org/S62223294,Journal für die reine und angewandte Mathematik (Crelles Journal),False
JOURNAL OF COMBINATORIAL THEORY SERIES B,https://openalex.org/S2939117604,Journal of Combinatorial Theory Series B,False
Journal for European Environmental & Planning Law,https://openalex.org/S95923023,Journal for European Environmental & Planning Law,False
ACTA MATHEMATICA SCIENTIA,https://openalex.org/S53533488,Acta Mathematica Scientia,False
Research in the Mathematical Sciences,https://openalex.org/S2737856571,Research in the Mathematical Sciences,False
Algebraic Geometry,https://openalex.org/S4210177002,Algebraic geometry,True
IIC-INTERNATIONAL REVIEW OF INTELLECTUAL PROPERTY AND COMPETITION LAW,https://openalex.org/S1002663397,"GRURRR. Gewerblicher Rechtsschutz und Urheberrecht, Rechtsprechungs-Report/GRUR-DVD/GRUR-CD/IIC/Gewerblicher Rechtsschutz und Urheberrecht/Gewerblicher Rechtsschutz und Urheberrecht. Internationaler Teil",False
Legal Theory,https://openalex.org/S139242520,Legal Theory,False
COMMUNICATIONS IN CONTEMPORARY MATHEMATICS,https://openalex.org/S51811661,Communications in Contemporary Mathematics,False
INTERNATIONAL JOURNAL OF PSYCHOANALYSIS,https://openalex.org/S19117828,The International Journal of Psychoanalysis,False
JOURNAL OF GEOMETRIC ANALYSIS,https://openalex.org/S6775291,Journal of Geometric Analysis,False
TRANSACTIONS OF THE AMERICAN MATHEMATICAL SOCIETY,https://openalex.org/S60030702,Transactions of the American Mathematical Society,False
East Asia,https://openalex.org/S51788407,East Asia,False
Milan Journal of Mathematics,https://openalex.org/S66303039,Milan Journal of Mathematics,False
JOURNAL OF PALESTINE STUDIES,https://openalex.org/S88529193,Journal of Palestine Studies,False
European Review of Economic History,https://openalex.org/S176820844,European Review of Economic History,False
Social Science Japan Journal,https://openalex.org/S156748156,Social Science Japan Journal,False
INDIANA UNIVERSITY MATHEMATICS JOURNAL,https://openalex.org/S196210972,Indiana University Mathematics Journal,False
Forum of Mathematics Sigma,https://openalex.org/S2914224842,Forum of Mathematics Sigma,True
JOURNAL OF MATHEMATICAL ANALYSIS AND APPLICATIONS,https://openalex.org/S151579836,Journal of Mathematical Analysis and Applications,False
Journal of Contemporary European Studies,https://openalex.org/S62730910,Journal of Contemporary European Studies,False
ANNALI DELLA SCUOLA NORMALE SUPERIORE DI PISA-CLASSE DI SCIENZE,https://openalex.org/S4210213170,ANNALI SCUOLA NORMALE SUPERIORE - CLASSE DI SCIENZE,False
Selecta Mathematica-New Series,https://openalex.org/S112041929,Selecta Mathematica,False
AFRICA,https://openalex.org/S128375914,Africa,False
Communications in Number Theory and Physics,https://openalex.org/S2492112811,Communications in Number Theory and Physics,False
EUROPE-ASIA STUDIES,https://openalex.org/S115434995,Europe Asia Studies,False
FINITE FIELDS AND THEIR APPLICATIONS,https://openalex.org/S925225069,Finite Fields and Their Applications,False
Annals of Functional Analysis,https://openalex.org/S37340297,Annals of Functional Analysis,False
INTERFACES AND FREE BOUNDARIES,https://openalex.org/S90065678,Interfaces and Free Boundaries Mathematical Analysis Computation and Applications,True
COLUMBIA JOURNAL OF TRANSNATIONAL LAW,https://openalex.org/S29188901,Columbia journal of transnational law,False
Juridicas CUC,https://openalex.org/S2737354461,Jurídicas CUC,True
HISTORY OF POLITICAL ECONOMY,https://openalex.org/S83145862,History of Political Economy,False
HISTORY AND THEORY,https://openalex.org/S92608454,History and Theory,False
JOURNAL OF AMERICAN HISTORY,https://openalex.org/S95667342,Journal of American History,False
WILLIAM AND MARY QUARTERLY,https://openalex.org/S86102577,The William and Mary Quarterly,False
SOCIAL HISTORY,https://openalex.org/S182308971,Social History,False
Twentieth Century British History,https://openalex.org/S69147851,Twentieth Century British History,False
COMPARATIVE STUDIES IN SOCIETY AND HISTORY,https://openalex.org/S21304105,Comparative Studies in Society and History,False
Journal of Mathematical Inequalities,https://openalex.org/S2480022913,Journal of Mathematical Inequalities,True
JOURNAL OF INTERDISCIPLINARY MATHEMATICS,https://openalex.org/S2764429975,Journal of Interdisciplinary Mathematics,False
Bulletin of Mathematical Sciences,https://openalex.org/S4210216696,Bulletin of Mathematical Sciences,True
Journal of the Institute of Mathematics of Jussieu,https://openalex.org/S147002351,Journal of the Institute of Mathematics of Jussieu,False
Journal of Nonlinear Functional Analysis,https://openalex.org/S4210217371,Journal of Nonlinear Functional Analysis,False
Results in Mathematics,https://openalex.org/S939935174,Results in Mathematics,False
Mediterranean Journal of Mathematics,https://openalex.org/S28615201,Mediterranean Journal of Mathematics,False
Constructive Mathematical Analysis,https://openalex.org/S4210221332,Constructive Mathematical Analysis,True
Journal of Fractal Geometry,https://openalex.org/S4210206932,Journal of Fractal Geometry Mathematics of Fractals and Related Topics,True
COMMENTARII MATHEMATICI HELVETICI,https://openalex.org/S175700853,Commentarii Mathematici Helvetici,True
Communications in Mathematics and Statistics,https://openalex.org/S4210185107,Communications in Mathematics and Statistics,False
JOURNAL OF EVOLUTION EQUATIONS,https://openalex.org/S44870929,Journal of Evolution Equations,False
RICERCHE DI MATEMATICA,https://openalex.org/S141413535,Ricerche di Matematica,False
Banach Journal of Mathematical Analysis,https://openalex.org/S90281530,Banach Journal of Mathematical Analysis,False
DISCRETE AND CONTINUOUS DYNAMICAL SYSTEMS,https://openalex.org/S19392275,Discrete and Continuous Dynamical Systems,True
PUBLICATIONS OF THE RESEARCH INSTITUTE FOR MATHEMATICAL SCIENCES,https://openalex.org/S40062587,Publications of the Research Institute for Mathematical Sciences,False
Transactions of the London Mathematical Society,https://openalex.org/S4210219495,Transactions of the London Mathematical Society,True
Electronic Journal of Qualitative Theory of Differential Equations,https://openalex.org/S52621960,Electronic journal of qualitative theory of differential equations,True
History of Psychology,https://openalex.org/S32968970,History of Psychology,False
Research in Mathematics,https://openalex.org/S4210213664,Research in Mathematics,False
History and Technology,https://openalex.org/S124167300,History and Technology,False
Global Sixties,https://openalex.org/S4387281323,The Global Sixties,False
JOURNAL OF AFRICAN HISTORY,https://openalex.org/S3091228,The Journal of African History,False
HISTORY WORKSHOP JOURNAL,https://openalex.org/S4210216037,History Workshop Journal,False
Slavery & Abolition,https://openalex.org/S137016846,Slavery and Abolition,False
BULLETIN OF THE MENNINGER CLINIC,https://openalex.org/S136057031,Bulletin of the Menninger Clinic,False
Open Mathematics,https://openalex.org/S44620559,Open Mathematics,True
Bulletin of the Malaysian Mathematical Sciences Society,https://openalex.org/S2488590709,Bulletin of the Malaysian Mathematical Sciences Society,False
Boundary Value Problems,https://openalex.org/S61795452,Boundary Value Problems,True
PSYCHOANALYTIC PSYCHOLOGY,https://openalex.org/S70609798,Psychoanalytic Psychology,False
COMBINATORICA,https://openalex.org/S72366220,COMBINATORICA,False
Electronic Research Archive,https://openalex.org/S4210240239,Electronic Research Archive,True
JOURNAL OF THE LONDON MATHEMATICAL SOCIETY-SECOND SERIES,https://openalex.org/S4210207695,Journal of the London Mathematical Society,False
Kragujevac Journal of Mathematics,https://openalex.org/S2764856153,Kragujevac Journal of Mathematics,True
POTENTIAL ANALYSIS,https://openalex.org/S71596206,Potential Analysis,False
MATHEMATISCHE ZEITSCHRIFT,https://openalex.org/S104894821,Mathematische Zeitschrift,False
EUROPEAN JOURNAL OF COMBINATORICS,https://openalex.org/S204851967,European Journal of Combinatorics,False
LINEAR ALGEBRA AND ITS APPLICATIONS,https://openalex.org/S159544283,Linear Algebra and its Applications,False
Applicable Analysis and Discrete Mathematics,https://openalex.org/S5502893,Applicable Analysis and Discrete Mathematics,True
Opuscula Mathematica,https://openalex.org/S189998195,Opuscula Mathematica,True
Formalized Mathematics,https://openalex.org/S179241345,Formalized Mathematics,True
Journal of Spectral Theory,https://openalex.org/S4210171271,Journal of Spectral Theory,True
Mathematical Control and Related Fields,https://openalex.org/S2492071052,Mathematical Control and Related Fields,True
Journal of Computational Dynamics,https://openalex.org/S4210222410,Journal of Computational Dynamics,True
European Journal of Pure and Applied Mathematics,https://openalex.org/S2764475867,European Journal of Pure and Applied Mathematics,True
Discrete Analysis,https://openalex.org/S4210181101,Discrete Analysis,True
COMMUNICATIONS ON PURE AND APPLIED ANALYSIS,https://openalex.org/S170381558,Communications on Pure &amp Applied Analysis,True
Kinetic and Related Models,https://openalex.org/S145400011,Kinetic and Related Models,True
ANNALI DI MATEMATICA PURA ED APPLICATA,https://openalex.org/S177770778,Annali di Matematica Pura ed Applicata (1923 -),False
FORUM MATHEMATICUM,https://openalex.org/S64527569,Forum Mathematicum,False
Discrete Mathematics Letters,https://openalex.org/S4210212609,Discrete Mathematics Letters,True
Carpathian Mathematical Publications,https://openalex.org/S2764783225,Carpathian Mathematical Publications,True
AKCE International Journal of Graphs and Combinatorics,https://openalex.org/S2764899362,AKCE International Journal of Graphs and Combinatorics,True
Quantum Topology,https://openalex.org/S71154276,Quantum Topology,True
INTERNATIONAL JOURNAL OF MATHEMATICS AND MATHEMATICAL SCIENCES,https://openalex.org/S151851439,International Journal of Mathematics and Mathematical Sciences,True
ASTERISQUE,https://openalex.org/S50818479,Astérisque,False
Economic History of Developing Regions,https://openalex.org/S2764654660,Economic History of Developing Regions,False
Historical Social Research-Historische Sozialforschung,https://openalex.org/S192729060,Historical social research,False
Review of Symbolic Logic,https://openalex.org/S24077076,The Review of Symbolic Logic,False
Journal of Mathematical Logic,https://openalex.org/S29890666,Journal of Mathematical Logic,False
HISTORICAL JOURNAL,https://openalex.org/S205284143,The Historical Journal,False
Contemporary European History,https://openalex.org/S92417479,Contemporary European History,False
INTERNATIONAL REVIEW OF SOCIAL HISTORY,https://openalex.org/S30322847,International Review of Social History,False
Journal of the Civil War Era,https://openalex.org/S2764616258,The Journal of the Civil War Era,False
JOURNAL OF SOUTHERN HISTORY,https://openalex.org/S119035484,The Journal of Southern History,False
JOURNAL OF THE EARLY REPUBLIC,https://openalex.org/S7010830,Journal of the Early Republic,False
Journal of Transport History,https://openalex.org/S4210222384,The Journal of Transport History,False
ENVIRONMENT AND HISTORY,https://openalex.org/S134321629,Environment and History,False
Planning Perspectives,https://openalex.org/S32664174,Planning Perspectives,False
New Global Studies,https://openalex.org/S88455037,New Global Studies,False
Law and History Review,https://openalex.org/S197491701,Law and History Review,False
Childhood in the Past,https://openalex.org/S4210194470,Childhood in the Past,False
Management & Organizational History,https://openalex.org/S168697966,Management & Organizational History,False
INTELLIGENCE AND NATIONAL SECURITY,https://openalex.org/S4210168073,Intelligence & National Security,False
International Journal of the History of Sport,https://openalex.org/S18307414,The International Journal of the History of Sport,False
Modern Intellectual History,https://openalex.org/S156476036,Modern Intellectual History,False
NUMEN-INTERNATIONAL REVIEW FOR THE HISTORY OF RELIGIONS,https://openalex.org/S16595306,Numen,False
JOURNAL OF WORLD HISTORY,https://openalex.org/S52423121,Journal of world history,False
JOURNAL OF BRITISH STUDIES,https://openalex.org/S197577296,Journal of British Studies,False
JOURNAL OF MODERN HISTORY,https://openalex.org/S125270255,The Journal of Modern History,False
Oral History Review,https://openalex.org/S7005137,The Oral History Review,False
Politics Religion & Ideology,https://openalex.org/S26764904,Politics Religion & Ideology,False
JOURNAL OF CONTEMPORARY HISTORY,https://openalex.org/S161550498,Journal of Contemporary History,False
SCANDINAVIAN JOURNAL OF HISTORY,https://openalex.org/S94074959,Scandinavian Journal of History,False
RADICAL HISTORY REVIEW,https://openalex.org/S119692824,Radical History Review,False
Journal of Korean Studies,https://openalex.org/S945374760,The journal of Korean studies,False
Labour History Review,https://openalex.org/S66037779,Labour History Review,False
AFRICAN ECONOMIC HISTORY,https://openalex.org/S81146794,African Economic History,False
Journal of Cold War Studies,https://openalex.org/S200077084,Journal of Cold War Studies,False
AJS Review-The Journal of the Association for Jewish Studies,https://openalex.org/S173948692,AJS Review The Journal of the Association for Jewish Studies,False
LABOR HISTORY,https://openalex.org/S176330965,Labor History,False
Journal of Logical and Algebraic Methods in Programming,https://openalex.org/S4210169521,Journal of Logical and Algebraic Methods in Programming,False
ACM Transactions on Computational Logic,https://openalex.org/S117153874,ACM Transactions on Computational Logic,False
JOURNAL OF LOGIC AND COMPUTATION,https://openalex.org/S47057106,Journal of Logic and Computation,False
BULLETIN OF SYMBOLIC LOGIC,https://openalex.org/S130801046,Bulletin of Symbolic Logic,False
Journal of Logic Language and Information,https://openalex.org/S197419112,Journal of Logic Language and Information,False
JOURNAL OF MULTIPLE-VALUED LOGIC AND SOFT COMPUTING,https://openalex.org/S49741531,Journal of multiple-valued logic and soft computing,False
JOURNAL OF SOCIAL HISTORY,https://openalex.org/S74845278,Journal of Social History,False
Contemporary British History,https://openalex.org/S49917718,Contemporary British History,False
JOURNAL OF IMPERIAL AND COMMONWEALTH HISTORY,https://openalex.org/S112911512,The Journal of Imperial & Commonwealth History,False
Journal of Chinese History,https://openalex.org/S4210236016,Journal of Chinese History,False
AUSTRALIAN HISTORICAL STUDIES,https://openalex.org/S199561357,Australian Historical Studies,False
HAHR-Hispanic American Historical Review,https://openalex.org/S25748888,Hispanic American Historical Review,False
Journal of Legal History,https://openalex.org/S54775333,The Journal of Legal History,False
HISTORY,https://openalex.org/S85727404,History,False
JOURNAL OF MODERN ITALIAN STUDIES,https://openalex.org/S22127372,Journal of Modern Italian Studies,False
AGRICULTURAL HISTORY REVIEW,https://openalex.org/S114153816,Agricultural history review,False
LATE IMPERIAL CHINA,https://openalex.org/S144953016,Late imperial China,False
British Journal of Middle Eastern Studies,https://openalex.org/S199726014,British Journal of Middle Eastern Studies,False
HISTORICAL RESEARCH,https://openalex.org/S20135873,Historical Research,False
SOCIAL HISTORY OF MEDICINE,https://openalex.org/S4210193276,Social History of Medicine,False
RUSSIAN REVIEW,https://openalex.org/S117819788,The Russian Review,False
AMERICAS,https://openalex.org/S4210193830,The Americas A Quarterly Review of Latin American History,False
History and Anthropology,https://openalex.org/S151470275,History and Anthropology,False
Journal of Global Slavery,https://openalex.org/S4210212544,Journal of Global Slavery,False
Revista de Historia Economica,https://openalex.org/S50758683,Revista de Historia Económica / Journal of Iberian and Latin American Economic History,False
Journal for the Study of Judaism,https://openalex.org/S4210171161,Journal for the Study of Judaism,False
ENVIRONMENTAL HISTORY,https://openalex.org/S76796937,Environmental History,False
Information & Culture,https://openalex.org/S1002854943,Information & Culture,False
Palestine Exploration Quarterly,https://openalex.org/S35124825,Palestine Exploration Quarterly,False
Diplomatica,https://openalex.org/S4210192599,Diplomatica,False
AUSTRALIAN JOURNAL OF POLITICS AND HISTORY,https://openalex.org/S68037046,Australian Journal of Politics & History,False
JOURNAL OF WOMENS HISTORY,https://openalex.org/S104733706,Journal of women's history,False
French Colonial History,https://openalex.org/S57848831,French Colonial History,False
Journal of the Economic and Social History of the Orient,https://openalex.org/S160669930,Journal of the Economic and Social History of the Orient,False
History & Memory,https://openalex.org/S184094801,History and Memory,False
ENGLISH HISTORICAL REVIEW,https://openalex.org/S56601287,The English Historical Review,False
Bylye Gody,https://openalex.org/S4210195015,Bylye Gody,True
Cultural & Social History,https://openalex.org/S65216291,Cultural and Social History,False
European Review of History-Revue Europeenne d Histoire,https://openalex.org/S113898567,European Review of History Revue européenne d histoire,False
SOUTH ASIA-JOURNAL OF SOUTH ASIAN STUDIES,https://openalex.org/S120889147,South Asia Journal of South Asian Studies,False
Historical Encounters-A Journal of Historical Consciousness Historical Cultures and History Education,https://openalex.org/S2737420567,Historical Encounters A journal of historical consciousness historical cultures and history education,True
WOMENS HISTORY REVIEW,https://openalex.org/S109077999,Women s History Review,False
RETHINKING HISTORY,https://openalex.org/S38956679,Rethinking History,False
History Compass,https://openalex.org/S201325571,History Compass,False
Twentieth-Century China,https://openalex.org/S115032874,Twentieth-Century China,False
SOCIAL SCIENCE HISTORY,https://openalex.org/S61028752,Social Science History,False
HISTORY OF POLITICAL THOUGHT,https://openalex.org/S88864742,History of Political Thought,False
INTERNATIONAL HISTORY REVIEW,https://openalex.org/S120387555,The International History Review,False
German History,https://openalex.org/S29682561,German History,False
Acta Histriae,https://openalex.org/S64331569,Acta Histriae,True
Historia y Comunicacion Social,https://openalex.org/S1000944648,Historia y Comunicación Social,True
Journal of Israeli History,https://openalex.org/S123332067,The Journal of Israeli History,False
Journal of Early Modern History,https://openalex.org/S102386206,Journal of Early Modern History,False
Public History Review,https://openalex.org/S2764681858,Public history review,True
Interventions-International Journal of Postcolonial Studies,https://openalex.org/S17227813,Interventions,False
Panta Rei-Digital Journal of History and Didactics of History,https://openalex.org/S2738898419,Panta Rei,True
Colonial Latin American Review,https://openalex.org/S19834704,Colonial Latin American Review,False
JOURNAL OF EARLY CHRISTIAN STUDIES,https://openalex.org/S53605168,Journal of early Christian studies,False
Terrae Incognitae-The Journal of the Society for the History of Discoveries,https://openalex.org/S4408225,Terrae Incognitae,False
Mediterranean Historical Review,https://openalex.org/S3500396,Mediterranean Historical Review,False
HARVARD JOURNAL OF ASIATIC STUDIES,https://openalex.org/S98062933,Harvard Journal of Asiatic Studies,False
URBAN HISTORY REVIEW-REVUE D HISTOIRE URBAINE,https://openalex.org/S950613446,Urban History Review,False
Book History,https://openalex.org/S149807985,Book history,False
INTERNATIONAL LABOR AND WORKING-CLASS HISTORY,https://openalex.org/S109108137,International Labor and Working-Class History,False
JOURNAL OF URBAN HISTORY,https://openalex.org/S19713811,Journal of Urban History,False
Anuario de Estudios Americanos,https://openalex.org/S82884602,Anuario de Estudios Americanos,True
Zeitschrift fur Assyriologie und Vorderasiatische Archaologie,https://openalex.org/S163255482,Zeitschrift für Assyriologie und Vorderasiatische Archäologie,False
Journal of Ancient Near Eastern History,https://openalex.org/S4210196569,Journal of Ancient Near Eastern History,False
LABOUR-LE TRAVAIL,https://openalex.org/S140564781,Labour / Le Travail,False
Estudios Atacamenos,https://openalex.org/S4210200000,Estudios Atacameños Arqueología y antropología surandinas,True
Urban History,https://openalex.org/S1743546,Urban History,False
DIPLOMATIC HISTORY,https://openalex.org/S154084123,Diplomatic History,False
Cold War History,https://openalex.org/S93928036,Cold War History,False
Journal of the Philosophy of History,https://openalex.org/S36278917,Journal of the Philosophy of History,False
JOURNAL OF PACIFIC HISTORY,https://openalex.org/S149151609,Journal of Pacific History,False
PACIFIC HISTORICAL REVIEW,https://openalex.org/S20987325,Pacific Historical Review,False
Critical Historical Studies,https://openalex.org/S2736050076,Critical Historical Studies,False
SOUTH AFRICAN HISTORICAL JOURNAL,https://openalex.org/S105288734,South African Historical Journal,False
Ab Imperio-Studies of New Imperial History and Nationalism in the Post-Soviet Space,https://openalex.org/S4210172608,Ab imperio,False
Modern Italy,https://openalex.org/S75796200,Modern Italy,False
Sport History Review,https://openalex.org/S70737821,Sport History Review,False
HOLOCAUST AND GENOCIDE STUDIES,https://openalex.org/S452692,Holocaust and Genocide Studies,False
HISTORIA-ZEITSCHRIFT FUR ALTE GESCHICHTE,https://openalex.org/S86873097,Historia,False
JOURNAL OF HISTORICAL SOCIOLOGY,https://openalex.org/S49831879,Journal of Historical Sociology,False
CENTRAL EUROPEAN HISTORY,https://openalex.org/S198731068,Central European History,False
RHETORICA-A JOURNAL OF THE HISTORY OF RHETORIC,https://openalex.org/S118431517,Rhetorica,False
Transfers-Interdisciplinary Journal of Mobility Studies,https://openalex.org/S4210216310,Transfers,False
Journal of the Gilded Age and Progressive Era,https://openalex.org/S36911653,The Journal of the Gilded Age and Progressive Era,False
SOUTHERN CULTURES,https://openalex.org/S134342477,Southern cultures,False
WESTERN HISTORICAL QUARTERLY,https://openalex.org/S21578668,Western Historical Quarterly,False
Journal of Australian Studies,https://openalex.org/S39427579,Journal of Australian Studies,False
Dutch Crossing-Journal of Low Countries Studies,https://openalex.org/S201345032,Dutch Crossing,False
Historia Agraria,https://openalex.org/S87211547,Historia Agraria Revista de agricultura e historia rural,True
Contributions to the History of Concepts,https://openalex.org/S81732331,Contributions to the History of Concepts,False
Skhidnoievropeiskyi Istorychnyi Visnyk-East European Historical Bulletin,https://openalex.org/S4210188108,Східноєвропейський історичний вісник,True
VSWG-Vierteljahrschrift fur Sozial-und Wirtschaftsgeschichte,https://openalex.org/S4210217805,Vierteljahrschrift für Sozial- und Wirtschaftsgeschichte,False
AGRICULTURAL HISTORY,https://openalex.org/S12513068,Agricultural History,False
MEXICAN STUDIES-ESTUDIOS MEXICANOS,https://openalex.org/S159053462,Mexican Studies/Estudios Mexicanos,False
JOURNAL OF FAMILY HISTORY,https://openalex.org/S22422391,Journal of Family History,False
JOURNAL OF THE HISTORY OF SEXUALITY,https://openalex.org/S72761507,Journal of the History of Sexuality,False
Aboriginal History,https://openalex.org/S78712790,Aboriginal History Journal,True
Culture & History Digital Journal,https://openalex.org/S2764565310,Culture & History Digital Journal,True
Journal of Policy History,https://openalex.org/S26640692,Journal of Policy History,False
JOURNAL OF AMERICAN ETHNIC HISTORY,https://openalex.org/S32764878,Journal of American Ethnic History,False
EUROPEAN HISTORY QUARTERLY,https://openalex.org/S78093190,European History Quarterly,False
Investigaciones de Historia Economica,https://openalex.org/S2898476603,Investigaciones de Historia Económica,True
Estudos Historicos,https://openalex.org/S2736783777,Estudos Históricos (Rio de Janeiro),True
Anuario de Historia de la Iglesia,https://openalex.org/S89446832,Anuario de Historia de la Iglesia,False
Sixties-A Journal of History Politics and Culture,https://openalex.org/S156918706,The Sixties,False
Obradoiro de Historia Moderna,https://openalex.org/S4210211706,Ohm Obradoiro de Historia Moderna,True
Revista de Historia Industrial,https://openalex.org/S48393686,Revista de historia industrial,True
Historia y Politica,https://openalex.org/S158604138,Historia y Política Ideas Procesos y Movimientos Sociales,True
AL-QANTARA,https://openalex.org/S170652729,Al-Qanṭara,True
REVUE HISTORIQUE,https://openalex.org/S3595435,Revue historique,False
ANNALS ACADEMY OF MEDICINE SINGAPORE,https://openalex.org/S134891020,Annals of the Academy of Medicine Singapore,True
Agriculture-Basel,https://openalex.org/S2737720053,Agriculture,False
Agronomy-Basel,https://openalex.org/S2738977497,Agronomy,True
Annals of Rehabilitation Medicine-ARM,https://openalex.org/S2754925757,Annals of Rehabilitation Medicine,True
Appeal,https://openalex.org/S4306502613,Appeal: Review of Current Law and Law Reform,False
Applied Sciences-Basel,https://openalex.org/S4306502639,Applied Sciences (Web),False
Australian Journal of Administrative Law,https://openalex.org/S128357121,Australian Journal of Public Administration,False
BMJ-British Medical Journal,https://openalex.org/S4363604940,British medical journal (Clinical research ed.),False
Bereavement-Journal of Grief and Responses to Death,https://openalex.org/S178923243,Bereavement Care,False
Biology-Basel,https://openalex.org/S153489431,Biology,True
Biosafety and Health,https://openalex.org/S4210211253,Biosafety and Health,True
Biosensors-Basel,https://openalex.org/S150925516,Biosensors,True
Business Strategy and Development,https://openalex.org/S4210179146,Business Strategy & Development,False
CABI Agriculture & Bioscience,https://openalex.org/S4210206712,CABI Agriculture and Bioscience,True
Cell and Bioscience,https://openalex.org/S14303005,Cell & Bioscience,True
Depositional Record,https://openalex.org/S4210194606,The Depositional Record,True
Energy & Environmental Materials,https://openalex.org/S4210219471,Energy & environment materials,True
Environmental Sciences Europe,https://openalex.org/S100566859,Environmental Sciences Europe,True
European Journal of Psychotraumatology,https://openalex.org/S2737785665,European journal of psychotraumatology,True
Experimental Hematology & Oncology,https://openalex.org/S2765007564,Experimental Hematology and Oncology,True
Eye and Vision,https://openalex.org/S4210190797,Eye and Vision,True
Folia Geographica,https://openalex.org/S4210177822,Folia Geographica,True
Humanities & Social Sciences Communications,https://openalex.org/S4210206302,Humanities and Social Sciences Communications,True
IEEE Communications Surveys and Tutorials,https://openalex.org/S23688054,IEEE Communications Surveys & Tutorials,False
Internet Interventions-The Application of Information Technology in Mental and Behavioural Health,https://openalex.org/S4210232579,Internet Interventions,True
JFR-Journal of Family Research,https://openalex.org/S4210205219,Journal of Family Research,True
Journal of Bioresources and Bioproducts,https://openalex.org/S4210174242,Journal of Bioresources and Bioproducts,True
Journal of Pathology Clinical Research,https://openalex.org/S4210226208,The Journal of Pathology Clinical Research,True
Knee Surgery & Related Research,https://openalex.org/S2765024871,Knee Surgery and Related Research,False
Lancet Digital Health,https://openalex.org/S4210237014,The Lancet Digital Health,True
Lancet Gastroenterology & Hepatology,https://openalex.org/S2530914053,The Lancet. Gastroenterology & hepatology,False
Lancet Microbe,https://openalex.org/S4210190705,The Lancet Microbe,True
Lancet Planetary Health,https://openalex.org/S2898182138,The Lancet Planetary Health,True
Lancet Regional Health-Western Pacific,https://openalex.org/S4210225048,The Lancet Regional Health - Western Pacific,True
Life-Basel,https://openalex.org/S4210200765,Life,True
Living Reviews in Relativity,https://openalex.org/S110783047,Living Reviews in Relativity,True
NEW CARBON MATERIALS,https://openalex.org/S131385101,New Carbon Materials,False
NPJ Schizophrenia,https://openalex.org/S4210229438,Schizophrenia,True
Physics & Imaging in Radiation Oncology,https://openalex.org/S2898405426,Physics and Imaging in Radiation Oncology,True
Plant Genome,https://openalex.org/S84695101,The Plant Genome,True
Plants-Basel,https://openalex.org/S4210230202,Plants,True
REVISTA ESPANOLA DE CARDIOLOGIA,https://openalex.org/S4210221393,Revista Española de Cardiología (English Edition),False
Research,https://openalex.org/S4210199742,Research,True
SPACE WEATHER-THE INTERNATIONAL JOURNAL OF RESEARCH AND APPLICATIONS,https://openalex.org/S166492742,Space Weather,False
TWMS Journal of Pure and Applied Mathematics,https://openalex.org/S4306533592,TWMS Journal of Applied and Engineering Mathematics [SISTER],True
Transplantation and Cellular Therapy,https://openalex.org/S4386621754,Transplantation and Cellular Therapy,False
Ultrasound Journal,https://openalex.org/S3035383220,The Ultrasound Journal,True
